strategy,symbol,timeframe,dir,reason,entryTime,exitTime,holdBars,rMultiple,mfeR,maeR,pnl,fees,session,regime
scalp_fade_3m,ETHUSDT,3m,-1,STOP,2025-08-07T18:54:00.000Z,2025-08-07T19:17:59.999Z,7,-1.154489,0.0000,1.0701,-115.4489,25.4321,NY,-1
scalp_fade_3m,ETHUSDT,3m,-1,STOP,2025-08-07T21:48:00.000Z,2025-08-07T21:50:59.999Z,0,-1.135421,0.0843,0.9097,-113.5421,22.4388,LATE,1
scalp_fade_3m,ETHUSDT,3m,-1,STOP,2025-08-07T21:54:00.000Z,2025-08-07T22:47:59.999Z,17,-1.105966,0.5436,1.5516,-110.5966,17.2251,LATE,1
scalp_fade_3m,ETHUSDT,3m,-1,STOP,2025-08-07T23:09:00.000Z,2025-08-07T23:59:59.999Z,16,-1.088902,0.1633,0.9099,-108.8902,14.4450,LATE,-1
scalp_fade_3m,ETHUSDT,3m,-1,TIME,2025-08-08T00:39:00.000Z,2025-08-08T01:41:59.999Z,20,0.979523,1.2850,0.1854,97.9523,10.9525,ASIA,-1
scalp_fade_3m,ETHUSDT,3m,-1,STOP,2025-08-08T02:45:00.000Z,2025-08-08T02:47:59.999Z,0,-1.154076,0.0000,0.8379,-115.4076,25.5484,ASIA,1
scalp_fade_3m,ETHUSDT,3m,-1,TIME,2025-08-08T06:15:00.000Z,2025-08-08T07:17:59.999Z,20,-0.604333,0.8582,0.3811,-60.4333,24.0342,ASIA,1
scalp_fade_3m,ETHUSDT,3m,-1,STOP,2025-08-08T07:18:00.000Z,2025-08-08T07:20:59.999Z,0,-1.145138,0.0000,0.8062,-114.5138,24.0586,LONDON,-1
scalp_fade_3m,ETHUSDT,3m,-1,STOP,2025-08-08T13:36:00.000Z,2025-08-08T13:41:59.999Z,1,-1.122355,0.1771,0.9595,-112.2355,20.2399,NY,1
scalp_fade_3m,ETHUSDT,3m,-1,TIME,2025-08-08T14:15:00.000Z,2025-08-08T15:17:59.999Z,20,0.159063,0.5096,0.5913,15.9063,9.4376,NY,1
scalp_fade_3m,ETHUSDT,3m,-1,STOP,2025-08-08T16:06:00.000Z,2025-08-08T17:05:59.999Z,19,-1.094834,0.2759,1.1024,-109.4834,15.3704,NY,1
scalp_fade_3m,ETHUSDT,3m,-1,STOP,2025-08-08T18:48:00.000Z,2025-08-08T19:02:59.999Z,4,-1.104714,0.0057,1.0576,-110.4714,17.2489,NY,1
scalp_fade_3m,ETHUSDT,3m,-1,STOP,2025-08-09T03:12:00.000Z,2025-08-09T03:44:59.999Z,10,-1.165739,0.2869,1.1094,-116.5739,27.2094,ASIA,-1
scalp_fade_3m,ETHUSDT,3m,-1,STOP,2025-08-09T08:54:00.000Z,2025-08-09T09:47:59.999Z,17,-1.095094,0.3340,2.4882,-109.5094,15.4444,LONDON,1
scalp_fade_3m,ETHUSDT,3m,-1,TARGET,2025-08-09T13:27:00.000Z,2025-08-09T13:50:59.999Z,7,1.033600,1.3601,0.1276,103.3600,14.7902,NY,-1
scalp_fade_3m,ETHUSDT,3m,-1,STOP,2025-08-09T19:39:00.000Z,2025-08-09T19:44:59.999Z,1,-1.141923,0.0000,1.0869,-114.1923,23.4981,NY,1
scalp_fade_3m,ETHUSDT,3m,-1,STOP,2025-08-09T21:21:00.000Z,2025-08-09T22:23:59.999Z,20,-1.085242,0.5453,1.4650,-108.5242,13.7887,LATE,1
scalp_fade_3m,ETHUSDT,3m,-1,TARGET,2025-08-09T22:33:00.000Z,2025-08-09T22:50:59.999Z,5,1.215794,1.6331,0.0946,121.5794,9.0097,LATE,1
scalp_fade_3m,ETHUSDT,3m,-1,STOP,2025-08-10T00:36:00.000Z,2025-08-10T00:41:59.999Z,1,-1.136713,0.0000,0.8255,-113.6713,22.6308,ASIA,-1
scalp_fade_3m,ETHUSDT,3m,1,STOP,2025-08-10T11:51:00.000Z,2025-08-10T11:59:59.999Z,2,-1.103915,0.0000,1.1976,-110.3915,17.3783,LONDON,1
scalp_fade_3m,ETHUSDT,3m,1,STOP,2025-08-10T13:18:00.000Z,2025-08-10T13:32:59.999Z,4,-1.152104,0.1789,0.8607,-115.2104,25.3232,NY,1
scalp_fade_3m,ETHUSDT,3m,1,STOP,2025-08-10T13:57:00.000Z,2025-08-10T13:59:59.999Z,0,-1.136245,0.0030,0.8124,-113.6245,22.7911,NY,1
scalp_fade_3m,ETHUSDT,3m,-1,STOP,2025-08-11T00:03:00.000Z,2025-08-11T00:17:59.999Z,4,-1.163555,0.5763,1.0488,-116.3555,27.0160,ASIA,1
scalp_fade_3m,ETHUSDT,3m,-1,STOP,2025-08-11T00:39:00.000Z,2025-08-11T01:20:59.999Z,13,-1.092725,0.0426,0.8630,-109.2725,15.1182,ASIA,1
scalp_fade_3m,ETHUSDT,3m,-1,TIME,2025-08-11T02:18:00.000Z,2025-08-11T03:20:59.999Z,20,0.309003,0.7255,0.1571,30.9003,11.4643,ASIA,1
scalp_fade_3m,ETHUSDT,3m,-1,TARGET,2025-08-11T04:54:00.000Z,2025-08-11T05:44:59.999Z,16,1.027406,1.2517,0.2214,102.7406,14.9487,ASIA,1
scalp_fade_3m,ETHUSDT,3m,1,STOP,2025-08-11T09:33:00.000Z,2025-08-11T09:41:59.999Z,2,-1.157317,0.0000,0.8766,-115.7317,26.2408,LONDON,1
scalp_fade_3m,ETHUSDT,3m,1,STOP,2025-08-11T10:33:00.000Z,2025-08-11T10:47:59.999Z,4,-1.094734,0.0000,0.8604,-109.4734,15.8216,LONDON,-1
scalp_fade_3m,ETHUSDT,3m,1,TIME,2025-08-11T22:03:00.000Z,2025-08-11T23:05:59.999Z,20,0.178748,0.6520,0.7261,17.8748,12.6346,LATE,-1
scalp_fade_3m,ETHUSDT,3m,-1,TIME,2025-08-12T06:42:00.000Z,2025-08-12T07:44:59.999Z,20,-0.901097,0.6161,0.6991,-90.1097,18.9839,ASIA,1
scalp_fade_3m,ETHUSDT,3m,-1,STOP,2025-08-12T08:21:00.000Z,2025-08-12T08:41:59.999Z,6,-1.157749,0.7146,1.1522,-115.7749,25.9984,LONDON,1
scalp_fade_3m,ETHUSDT,3m,-1,TARGET,2025-08-12T08:42:00.000Z,2025-08-12T09:23:59.999Z,13,1.063785,1.2158,0.6714,106.3785,13.8081,LONDON,-1
scalp_fade_3m,ETHUSDT,3m,-1,TARGET,2025-08-12T10:27:00.000Z,2025-08-12T11:11:59.999Z,14,1.013643,1.9371,0.2399,101.3643,15.3934,LONDON,-1
scalp_fade_3m,ETHUSDT,3m,1,TARGET,2025-08-12T11:42:00.000Z,2025-08-12T12:26:59.999Z,14,0.979816,1.9008,0.4448,97.9816,16.4967,LONDON,-1
scalp_fade_3m,ETHUSDT,3m,-1,STOP,2025-08-12T17:30:00.000Z,2025-08-12T17:59:59.999Z,9,-1.091566,0.1846,1.0104,-109.1566,14.9889,NY,-1
scalp_fade_3m,ETHUSDT,3m,-1,STOP,2025-08-12T19:18:00.000Z,2025-08-12T19:59:59.999Z,13,-1.121724,0.2476,0.9727,-112.1724,19.8871,NY,1
scalp_fade_3m,ETHUSDT,3m,-1,STOP,2025-08-12T23:03:00.000Z,2025-08-12T23:29:59.999Z,8,-1.111764,0.0123,0.8669,-111.1764,18.3432,LATE,-1
scalp_fade_3m,ETHUSDT,3m,-1,STOP,2025-08-13T00:03:00.000Z,2025-08-13T00:26:59.999Z,7,-1.106267,0.0000,0.8647,-110.6267,17.4525,ASIA,1
scalp_fade_3m,ETHUSDT,3m,-1,STOP,2025-08-13T00:27:00.000Z,2025-08-13T00:41:59.999Z,4,-1.122255,0.3469,0.9976,-112.2255,20.1605,ASIA,1
scalp_fade_3m,ETHUSDT,3m,-1,STOP,2025-08-13T08:03:00.000Z,2025-08-13T08:14:59.999Z,3,-1.144395,0.0000,0.7864,-114.4395,23.8603,LONDON,1
scalp_fade_3m,ETHUSDT,3m,-1,STOP,2025-08-13T09:18:00.000Z,2025-08-13T09:23:59.999Z,1,-1.160902,0.0000,1.0606,-116.0902,26.6584,LONDON,1
scalp_fade_3m,ETHUSDT,3m,-1,TIME,2025-08-13T11:15:00.000Z,2025-08-13T12:17:59.999Z,20,-0.403596,1.0461,0.1810,-40.3596,21.6316,LONDON,1
scalp_fade_3m,ETHUSDT,3m,-1,TARGET,2025-08-13T14:45:00.000Z,2025-08-13T15:08:59.999Z,7,1.282107,1.3668,0.0767,128.2107,6.8988,NY,-1
scalp_fade_3m,ETHUSDT,3m,-1,STOP,2025-08-14T02:27:00.000Z,2025-08-14T02:35:59.999Z,2,-1.126871,0.0000,1.2165,-112.6871,20.9702,ASIA,-1
scalp_fade_3m,ETHUSDT,3m,-1,STOP,2025-08-14T03:42:00.000Z,2025-08-14T04:20:59.999Z,12,-1.119648,0.2427,0.8463,-111.9648,19.5657,ASIA,1
scalp_fade_3m,ETHUSDT,3m,1,STOP,2025-08-14T12:18:00.000Z,2025-08-14T12:32:59.999Z,4,-1.105906,0.5316,3.1854,-110.5906,17.6720,LONDON,-1
scalp_fade_3m,ETHUSDT,3m,1,STOP,2025-08-14T12:33:00.000Z,2025-08-14T12:35:59.999Z,0,-1.056948,0.2118,2.8910,-105.6948,9.6037,LONDON,1
scalp_fade_3m,ETHUSDT,3m,1,TIME,2025-08-14T21:51:00.000Z,2025-08-14T22:53:59.999Z,20,0.613062,0.9183,0.7885,61.3062,10.2869,LATE,1
scalp_fade_3m,ETHUSDT,3m,1,TARGET,2025-08-14T23:57:00.000Z,2025-08-15T00:47:59.999Z,16,1.099503,1.9810,0.2015,109.9503,12.6986,LATE,1
scalp_fade_3m,ETHUSDT,3m,-1,STOP,2025-08-15T03:03:00.000Z,2025-08-15T03:32:59.999Z,9,-1.118315,0.1624,1.0112,-111.8315,19.4061,ASIA,1
scalp_fade_3m,ETHUSDT,3m,-1,TIME,2025-08-15T03:42:00.000Z,2025-08-15T04:44:59.999Z,20,0.197201,0.5960,0.5057,19.7201,19.8680,ASIA,-1
scalp_fade_3m,ETHUSDT,3m,-1,TIME,2025-08-15T07:06:00.000Z,2025-08-15T08:08:59.999Z,20,-0.113309,0.8298,0.5460,-11.3309,23.2735,LONDON,1
scalp_fade_3m,ETHUSDT,3m,-1,TARGET,2025-08-15T12:33:00.000Z,2025-08-15T13:35:59.999Z,20,1.268179,1.3855,0.1922,126.8179,7.3140,LONDON,-1
scalp_fade_3m,ETHUSDT,3m,1,STOP,2025-08-15T13:36:00.000Z,2025-08-15T13:44:59.999Z,2,-1.075267,0.0920,1.0138,-107.5267,12.6238,NY,-1
scalp_fade_3m,ETHUSDT,3m,1,TIME,2025-08-15T20:45:00.000Z,2025-08-15T21:47:59.999Z,20,0.030651,0.8918,0.5367,3.0651,16.1559,NY,-1
scalp_fade_3m,ETHUSDT,3m,1,STOP,2025-08-16T09:00:00.000Z,2025-08-16T09:50:59.999Z,16,-1.165065,0.8278,0.7874,-116.5065,27.1321,LONDON,1
scalp_fade_3m,ETHUSDT,3m,1,STOP,2025-08-16T11:27:00.000Z,2025-08-16T11:53:59.999Z,8,-1.140876,0.2575,1.2317,-114.0876,23.3667,LONDON,-1
scalp_fade_3m,ETHUSDT,3m,1,TIME,2025-08-16T13:42:00.000Z,2025-08-16T14:44:59.999Z,20,-0.270601,0.4913,0.7685,-27.0601,17.9377,NY,1
scalp_fade_3m,ETHUSDT,3m,-1,TARGET,2025-08-17T00:36:00.000Z,2025-08-17T01:08:59.999Z,10,0.894169,1.5869,0.3090,89.4169,19.2015,ASIA,1
scalp_fade_3m,ETHUSDT,3m,1,TIME,2025-08-17T01:45:00.000Z,2025-08-17T02:47:59.999Z,20,0.302342,0.6804,0.3952,30.2342,20.1390,ASIA,1
scalp_fade_3m,ETHUSDT,3m,1,STOP,2025-08-17T23:45:00.000Z,2025-08-17T23:53:59.999Z,2,-1.123058,0.0000,1.4168,-112.3058,20.5552,LATE,1
scalp_fade_3m,ETHUSDT,3m,1,TIME,2025-08-18T10:54:00.000Z,2025-08-18T11:56:59.999Z,20,-0.223525,0.1278,0.8041,-22.3525,15.9302,LONDON,-1
scalp_fade_3m,ETHUSDT,3m,-1,TIME,2025-08-18T14:27:00.000Z,2025-08-18T15:29:59.999Z,20,-0.158885,0.8432,0.6089,-15.8885,10.8169,NY,-1
scalp_fade_3m,ETHUSDT,3m,-1,TIME,2025-08-18T17:51:00.000Z,2025-08-18T18:53:59.999Z,20,-0.906921,0.7392,0.7068,-90.6921,14.5721,NY,1
scalp_fade_3m,ETHUSDT,3m,-1,TIME,2025-08-18T19:21:00.000Z,2025-08-18T20:23:59.999Z,20,0.350828,0.8161,0.1914,35.0828,14.8408,NY,1
scalp_fade_3m,ETHUSDT,3m,-1,STOP,2025-08-18T21:15:00.000Z,2025-08-18T22:02:59.999Z,15,-1.112112,0.8638,1.1979,-111.2112,18.2689,LATE,1
scalp_fade_3m,ETHUSDT,3m,-1,TARGET,2025-08-18T22:39:00.000Z,2025-08-18T22:56:59.999Z,5,1.093801,1.2466,0.1111,109.3801,12.8858,LATE,1
scalp_fade_3m,ETHUSDT,3m,1,STOP,2025-08-19T00:24:00.000Z,2025-08-19T00:32:59.999Z,2,-1.098216,0.0000,1.4929,-109.8216,16.4325,ASIA,1
scalp_fade_3m,ETHUSDT,3m,1,STOP,2025-08-19T02:18:00.000Z,2025-08-19T03:05:59.999Z,15,-1.109294,0.3715,0.9880,-110.9294,18.0273,ASIA,-1
scalp_fade_3m,ETHUSDT,3m,1,STOP,2025-08-19T07:03:00.000Z,2025-08-19T07:20:59.999Z,5,-1.130536,0.3956,0.8444,-113.0536,21.7285,LONDON,1
scalp_fade_3m,ETHUSDT,3m,1,TARGET,2025-08-19T08:09:00.000Z,2025-08-19T08:50:59.999Z,13,1.060611,1.2797,0.2911,106.0611,13.9416,LONDON,1
scalp_fade_3m,ETHUSDT,3m,-1,STOP,2025-08-19T13:24:00.000Z,2025-08-19T13:32:59.999Z,2,-1.142417,0.0000,1.9915,-114.2417,23.5559,NY,-1
scalp_fade_3m,ETHUSDT,3m,-1,TARGET,2025-08-19T13:39:00.000Z,2025-08-19T14:17:59.999Z,12,1.208828,1.4535,0.3048,120.8828,9.2127,NY,1
scalp_fade_3m,ETHUSDT,3m,1,STOP,2025-08-19T18:39:00.000Z,2025-08-19T18:50:59.999Z,3,-1.100310,0.1160,1.0228,-110.0310,16.7626,NY,1
scalp_fade_3m,ETHUSDT,3m,1,STOP,2025-08-19T21:21:00.000Z,2025-08-19T22:08:59.999Z,15,-1.102094,0.3119,0.9412,-110.2094,16.8483,LATE,1
scalp_fade_3m,ETHUSDT,3m,1,STOP,2025-08-19T22:24:00.000Z,2025-08-19T23:08:59.999Z,14,-1.082740,0.2245,0.8653,-108.2740,13.6930,LATE,-1
scalp_fade_3m,ETHUSDT,3m,1,STOP,2025-08-19T23:24:00.000Z,2025-08-19T23:29:59.999Z,1,-1.095915,0.0000,0.9190,-109.5915,16.0674,LATE,-1
scalp_fade_3m,ETHUSDT,3m,1,STOP,2025-08-20T01:12:00.000Z,2025-08-20T01:32:59.999Z,6,-1.092195,0.4826,1.0786,-109.2195,15.3693,ASIA,1
scalp_fade_3m,ETHUSDT,3m,-1,STOP,2025-08-20T06:21:00.000Z,2025-08-20T07:02:59.999Z,13,-1.142426,0.5770,1.1237,-114.2426,23.2917,ASIA,1
scalp_fade_3m,ETHUSDT,3m,-1,STOP,2025-08-20T07:33:00.000Z,2025-08-20T08:17:59.999Z,14,-1.138944,1.0810,1.1139,-113.8944,22.6958,LONDON,1
scalp_fade_3m,ETHUSDT,3m,-1,TIME,2025-08-20T12:03:00.000Z,2025-08-20T13:05:59.999Z,20,0.481039,1.1926,0.0708,48.1039,11.7609,LONDON,-1
scalp_fade_3m,ETHUSDT,3m,-1,TARGET,2025-08-20T13:39:00.000Z,2025-08-20T13:47:59.999Z,2,1.253867,1.3632,0.0967,125.3867,7.8067,NY,-1
scalp_fade_3m,ETHUSDT,3m,-1,TIME,2025-08-20T21:42:00.000Z,2025-08-20T22:44:59.999Z,20,-0.578291,0.3678,0.6490,-57.8291,14.7512,LATE,-1
scalp_fade_3m,ETHUSDT,3m,-1,TARGET,2025-08-21T00:39:00.000Z,2025-08-21T01:17:59.999Z,12,1.062534,1.3533,0.2419,106.2534,13.8517,ASIA,-1
scalp_fade_3m,ETHUSDT,3m,1,STOP,2025-08-21T04:33:00.000Z,2025-08-21T05:08:59.999Z,11,-1.135087,0.4921,0.8085,-113.5087,22.3427,ASIA,-1
scalp_fade_3m,ETHUSDT,3m,1,TIME,2025-08-21T06:06:00.000Z,2025-08-21T07:08:59.999Z,20,0.280381,0.7803,0.6657,28.0381,21.5148,ASIA,1
scalp_fade_3m,ETHUSDT,3m,1,STOP,2025-08-21T08:21:00.000Z,2025-08-21T09:02:59.999Z,13,-1.120478,0.4001,1.1828,-112.0478,19.8995,LONDON,1
scalp_fade_3m,ETHUSDT,3m,1,TIME,2025-08-21T21:03:00.000Z,2025-08-21T22:05:59.999Z,20,0.258729,1.0794,0.5447,25.8729,14.9409,LATE,1
scalp_fade_3m,ETHUSDT,3m,1,STOP,2025-08-21T22:42:00.000Z,2025-08-21T23:17:59.999Z,11,-1.150830,0.4973,0.8251,-115.0830,24.9312,LATE,1
scalp_fade_3m,ETHUSDT,3m,-1,STOP,2025-08-22T16:03:00.000Z,2025-08-22T16:08:59.999Z,1,-1.064477,0.1024,2.2030,-106.4477,10.6027,NY,1
scalp_fade_3m,ETHUSDT,3m,-1,TIME,2025-08-22T17:45:00.000Z,2025-08-22T18:47:59.999Z,20,0.086650,1.1420,0.1163,8.6650,9.4888,NY,1
scalp_fade_3m,ETHUSDT,3m,-1,STOP,2025-08-22T20:03:00.000Z,2025-08-22T20:47:59.999Z,14,-1.082373,0.4746,1.0833,-108.2373,13.4019,NY,1
scalp_fade_3m,ETHUSDT,3m,-1,TIME,2025-08-22T21:15:00.000Z,2025-08-22T22:17:59.999Z,20,0.397289,0.9422,0.7447,39.7289,10.6389,LATE,1
scalp_fade_3m,ETHUSDT,3m,1,TIME,2025-08-23T06:12:00.000Z,2025-08-23T07:14:59.999Z,20,-0.231213,0.5972,0.3796,-23.1213,20.8691,ASIA,1
scalp_fade_3m,ETHUSDT,3m,1,STOP,2025-08-23T11:24:00.000Z,2025-08-23T11:38:59.999Z,4,-1.157303,0.0000,0.7402,-115.7303,26.1841,LONDON,1
scalp_fade_3m,ETHUSDT,3m,1,TARGET,2025-08-23T13:36:00.000Z,2025-08-23T14:17:59.999Z,13,1.031510,1.2844,0.3209,103.1510,14.8636,NY,-1
scalp_fade_3m,ETHUSDT,3m,1,TIME,2025-08-23T14:39:00.000Z,2025-08-23T15:41:59.999Z,20,0.511702,0.8055,0.4473,51.1702,16.0733,NY,1
scalp_fade_3m,ETHUSDT,3m,-1,TARGET,2025-08-23T20:33:00.000Z,2025-08-23T20:38:59.999Z,1,0.601612,0.9113,0.4006,60.1612,28.5567,NY,1
scalp_fade_3m,ETHUSDT,3m,-1,TARGET,2025-08-23T20:57:00.000Z,2025-08-23T21:29:59.999Z,10,0.699985,0.9839,0.3093,69.9985,25.3627,NY,-1
scalp_fade_3m,ETHUSDT,3m,-1,STOP,2025-08-23T21:48:00.000Z,2025-08-23T22:02:59.999Z,4,-1.234412,0.1846,0.7737,-123.4412,38.7775,LATE,-1
scalp_fade_3m,ETHUSDT,3m,-1,TIME,2025-08-24T04:12:00.000Z,2025-08-24T05:14:59.999Z,20,-0.710510,0.1692,0.6481,-71.0510,22.8021,ASIA,-1
scalp_fade_3m,ETHUSDT,3m,1,STOP,2025-08-24T09:18:00.000Z,2025-08-24T10:17:59.999Z,19,-1.181810,0.7821,1.0330,-118.1810,29.7798,LONDON,1
scalp_fade_3m,ETHUSDT,3m,-1,STOP,2025-08-24T16:03:00.000Z,2025-08-24T16:41:59.999Z,12,-1.114246,0.3601,0.9749,-111.4246,18.6764,NY,-1
scalp_fade_3m,ETHUSDT,3m,1,STOP,2025-08-25T00:18:00.000Z,2025-08-25T00:29:59.999Z,3,-1.106617,0.1582,0.8344,-110.6617,17.8081,ASIA,-1
scalp_fade_3m,ETHUSDT,3m,1,STOP,2025-08-25T03:15:00.000Z,2025-08-25T03:32:59.999Z,5,-1.110969,0.1446,1.0238,-111.0969,18.4912,ASIA,1
scalp_fade_3m,ETHUSDT,3m,1,STOP,2025-08-25T05:51:00.000Z,2025-08-25T06:02:59.999Z,3,-1.111279,0.0013,0.8550,-111.1279,18.5810,ASIA,1
scalp_fade_3m,ETHUSDT,3m,1,TARGET,2025-08-25T13:33:00.000Z,2025-08-25T14:11:59.999Z,12,1.215879,1.4555,0.8665,121.5879,9.0248,NY,-1
scalp_fade_3m,ETHUSDT,3m,1,STOP,2025-08-25T15:27:00.000Z,2025-08-25T15:38:59.999Z,3,-1.083247,0.0000,0.8972,-108.3247,13.9338,NY,-1
scalp_fade_3m,ETHUSDT,3m,1,STOP,2025-08-25T16:09:00.000Z,2025-08-25T16:59:59.999Z,16,-1.087683,0.6313,0.9747,-108.7683,14.4736,NY,-1
scalp_fade_3m,ETHUSDT,3m,1,STOP,2025-08-25T23:03:00.000Z,2025-08-25T23:14:59.999Z,3,-1.092732,0.0000,0.8468,-109.2732,15.5062,LATE,1
scalp_fade_3m,ETHUSDT,3m,1,STOP,2025-08-26T00:06:00.000Z,2025-08-26T00:11:59.999Z,1,-1.086934,0.0515,0.9092,-108.6934,14.5753,ASIA,1
scalp_fade_3m,ETHUSDT,3m,1,STOP,2025-08-26T00:51:00.000Z,2025-08-26T00:53:59.999Z,0,-1.056584,0.0000,1.0303,-105.6584,9.5431,ASIA,1
scalp_fade_3m,ETHUSDT,3m,1,TARGET,2025-08-26T00:54:00.000Z,2025-08-26T01:47:59.999Z,17,1.317357,1.6348,0.3283,131.7357,5.8006,ASIA,1
scalp_fade_3m,ETHUSDT,3m,1,STOP,2025-08-26T02:27:00.000Z,2025-08-26T02:56:59.999Z,9,-1.084554,0.3380,0.8805,-108.4554,14.0626,ASIA,1
scalp_fade_3m,ETHUSDT,3m,1,STOP,2025-08-26T06:03:00.000Z,2025-08-26T06:23:59.999Z,6,-1.139416,0.5101,1.3751,-113.9416,23.1737,ASIA,-1
scalp_fade_3m,ETHUSDT,3m,1,STOP,2025-08-26T06:33:00.000Z,2025-08-26T06:50:59.999Z,5,-1.107202,0.1187,0.8905,-110.7202,17.8680,ASIA,-1
scalp_fade_3m,ETHUSDT,3m,1,TIME,2025-08-26T08:57:00.000Z,2025-08-26T09:59:59.999Z,20,-0.250937,1.0505,0.4611,-25.0937,19.6375,LONDON,-1
scalp_fade_3m,ETHUSDT,3m,-1,TARGET,2025-08-26T11:09:00.000Z,2025-08-26T11:17:59.999Z,2,1.113062,1.2423,0.1056,111.3062,12.2843,LONDON,1
scalp_fade_3m,ETHUSDT,3m,-1,TIME,2025-08-26T12:57:00.000Z,2025-08-26T13:59:59.999Z,20,-0.078494,0.8614,0.6653,-7.8494,8.1283,LONDON,-1
scalp_fade_3m,ETHUSDT,3m,-1,STOP,2025-08-26T18:03:00.000Z,2025-08-26T18:29:59.999Z,8,-1.097339,0.0996,0.8923,-109.7339,15.9588,NY,1
scalp_fade_3m,ETHUSDT,3m,-1,STOP,2025-08-26T19:18:00.000Z,2025-08-26T19:23:59.999Z,1,-1.110562,0.0000,0.9675,-111.0562,18.2764,NY,1
scalp_fade_3m,ETHUSDT,3m,-1,STOP,2025-08-26T19:48:00.000Z,2025-08-26T19:59:59.999Z,3,-1.100026,0.0000,0.9392,-110.0026,16.4878,NY,1
scalp_fade_3m,ETHUSDT,3m,-1,TIME,2025-08-26T21:36:00.000Z,2025-08-26T22:38:59.999Z,20,0.096043,0.5761,0.7084,9.6043,17.3301,LATE,-1
scalp_fade_3m,ETHUSDT,3m,-1,STOP,2025-08-26T22:57:00.000Z,2025-08-26T23:08:59.999Z,3,-1.133884,0.0000,1.9651,-113.3884,22.1138,LATE,-1
scalp_fade_3m,ETHUSDT,3m,-1,TARGET,2025-08-26T23:45:00.000Z,2025-08-27T00:47:59.999Z,20,1.058845,1.5365,0.1202,105.8845,13.9371,LATE,1
scalp_fade_3m,ETHUSDT,3m,-1,STOP,2025-08-27T01:54:00.000Z,2025-08-27T02:23:59.999Z,9,-1.121000,0.5941,0.8962,-112.1000,19.8495,ASIA,-1
scalp_fade_3m,ETHUSDT,3m,-1,STOP,2025-08-27T03:33:00.000Z,2025-08-27T03:47:59.999Z,4,-1.124048,0.1288,0.9348,-112.4048,20.4582,ASIA,-1
scalp_fade_3m,ETHUSDT,3m,-1,STOP,2025-08-27T10:03:00.000Z,2025-08-27T10:20:59.999Z,5,-1.130606,0.0000,0.9147,-113.0606,21.5244,LONDON,1
scalp_fade_3m,ETHUSDT,3m,-1,STOP,2025-08-27T13:42:00.000Z,2025-08-27T13:44:59.999Z,0,-1.081682,0.0000,1.5411,-108.1682,13.4816,NY,-1
scalp_fade_3m,ETHUSDT,3m,-1,STOP,2025-08-27T13:54:00.000Z,2025-08-27T14:32:59.999Z,12,-1.063081,0.5840,1.2213,-106.3081,10.2535,NY,-1
scalp_fade_3m,ETHUSDT,3m,-1,TIME,2025-08-27T15:42:00.000Z,2025-08-27T16:44:59.999Z,20,0.355162,1.0669,0.6115,35.5162,14.1961,NY,-1
scalp_fade_3m,ETHUSDT,3m,1,TIME,2025-08-27T20:24:00.000Z,2025-08-27T21:26:59.999Z,20,-0.024800,0.8050,0.2066,-2.4800,7.4269,NY,-1
scalp_fade_3m,ETHUSDT,3m,1,STOP,2025-08-27T23:18:00.000Z,2025-08-27T23:23:59.999Z,1,-1.115048,0.0625,1.0721,-111.5048,19.2460,LATE,1
scalp_fade_3m,ETHUSDT,3m,1,STOP,2025-08-28T00:21:00.000Z,2025-08-28T00:23:59.999Z,0,-1.104749,0.0000,0.8486,-110.4749,17.5533,ASIA,-1
scalp_fade_3m,ETHUSDT,3m,-1,STOP,2025-08-28T06:00:00.000Z,2025-08-28T06:56:59.999Z,18,-1.136481,0.6167,0.9429,-113.6481,22.2001,ASIA,-1
scalp_fade_3m,ETHUSDT,3m,-1,STOP,2025-08-28T10:24:00.000Z,2025-08-28T10:32:59.999Z,2,-1.156782,0.1475,1.0301,-115.6782,25.9454,LONDON,-1
scalp_fade_3m,ETHUSDT,3m,-1,STOP,2025-08-28T12:33:00.000Z,2025-08-28T12:44:59.999Z,3,-1.126595,0.2045,0.8991,-112.6595,20.9026,LONDON,-1
scalp_fade_3m,ETHUSDT,3m,-1,TIME,2025-08-28T14:06:00.000Z,2025-08-28T15:08:59.999Z,20,0.552396,1.2389,0.2654,55.2396,14.0359,NY,-1
scalp_fade_3m,ETHUSDT,3m,1,STOP,2025-08-28T18:48:00.000Z,2025-08-28T19:17:59.999Z,9,-1.120393,0.3818,0.9408,-112.0393,19.9677,NY,1
scalp_fade_3m,ETHUSDT,3m,1,STOP,2025-08-28T19:33:00.000Z,2025-08-28T19:44:59.999Z,3,-1.105859,0.0000,0.9590,-110.5859,17.6825,NY,-1
scalp_fade_3m,ETHUSDT,3m,1,TIME,2025-08-28T23:15:00.000Z,2025-08-29T00:17:59.999Z,20,-0.650084,0.6858,0.6703,-65.0084,25.7985,LATE,-1
scalp_fade_3m,ETHUSDT,3m,1,STOP,2025-08-29T00:33:00.000Z,2025-08-29T00:47:59.999Z,4,-1.105393,0.0000,0.9885,-110.5393,17.5870,ASIA,-1
scalp_fade_3m,ETHUSDT,3m,1,STOP,2025-08-29T06:39:00.000Z,2025-08-29T06:41:59.999Z,0,-1.152203,0.5594,1.3796,-115.2203,25.4451,ASIA,1
scalp_fade_3m,ETHUSDT,3m,1,STOP,2025-08-29T06:42:00.000Z,2025-08-29T07:02:59.999Z,6,-1.107731,0.5526,2.4306,-110.7731,17.9370,ASIA,1
scalp_fade_3m,ETHUSDT,3m,1,TIME,2025-08-29T10:51:00.000Z,2025-08-29T11:53:59.999Z,20,-0.428456,0.8270,0.5576,-42.8456,23.4639,LONDON,1
scalp_fade_3m,ETHUSDT,3m,1,STOP,2025-08-29T13:33:00.000Z,2025-08-29T13:41:59.999Z,2,-1.078387,0.0000,1.3156,-107.8387,13.1416,NY,-1
scalp_fade_3m,ETHUSDT,3m,1,TIME,2025-08-29T16:00:00.000Z,2025-08-29T17:02:59.999Z,20,0.325237,1.0360,0.6468,32.5237,12.2305,NY,1
scalp_fade_3m,ETHUSDT,3m,1,TIME,2025-08-29T17:18:00.000Z,2025-08-29T18:20:59.999Z,20,-0.789871,1.2423,0.6597,-78.9871,15.6246,NY,-1
scalp_fade_3m,ETHUSDT,3m,1,TARGET,2025-08-29T19:06:00.000Z,2025-08-29T19:17:59.999Z,3,1.121476,1.3738,0.1292,112.1476,12.0472,NY,-1
scalp_fade_3m,ETHUSDT,3m,1,STOP,2025-08-29T20:00:00.000Z,2025-08-29T20:53:59.999Z,17,-1.094336,0.1816,1.1013,-109.4336,15.5460,NY,1
scalp_fade_3m,ETHUSDT,3m,-1,TIME,2025-08-29T23:00:00.000Z,2025-08-30T00:02:59.999Z,20,0.256838,0.8913,0.6422,25.6838,25.1655,LATE,1
scalp_fade_3m,ETHUSDT,3m,-1,STOP,2025-08-30T04:42:00.000Z,2025-08-30T05:11:59.999Z,9,-1.162920,0.4518,0.8316,-116.2920,26.7719,ASIA,1
scalp_fade_3m,ETHUSDT,3m,-1,STOP,2025-08-30T07:21:00.000Z,2025-08-30T07:44:59.999Z,7,-1.147845,0.2347,0.9307,-114.7845,24.3326,LONDON,1
scalp_fade_3m,ETHUSDT,3m,-1,STOP,2025-08-30T09:51:00.000Z,2025-08-30T10:17:59.999Z,8,-1.169900,0.3435,0.9563,-116.9900,27.9533,LONDON,-1
scalp_fade_3m,ETHUSDT,3m,1,STOP,2025-08-30T17:36:00.000Z,2025-08-30T17:44:59.999Z,2,-1.176650,0.0000,0.7597,-117.6650,29.4494,NY,1
scalp_fade_3m,ETHUSDT,3m,1,STOP,2025-08-30T17:54:00.000Z,2025-08-30T18:23:59.999Z,9,-1.170402,0.3821,0.8000,-117.0402,28.2074,NY,1
scalp_fade_3m,ETHUSDT,3m,1,STOP,2025-08-30T19:33:00.000Z,2025-08-30T20:35:59.999Z,20,-1.157524,0.5183,0.7419,-115.7524,25.7929,NY,-1
scalp_fade_3m,ETHUSDT,3m,1,TIME,2025-08-30T21:21:00.000Z,2025-08-30T22:23:59.999Z,20,-0.426070,0.3239,0.4713,-42.6070,27.9438,LATE,1
scalp_fade_3m,ETHUSDT,3m,-1,STOP,2025-08-31T03:03:00.000Z,2025-08-31T03:11:59.999Z,2,-1.203154,0.0000,0.8586,-120.3154,33.6587,ASIA,1
scalp_fade_3m,ETHUSDT,3m,-1,STOP,2025-08-31T03:36:00.000Z,2025-08-31T03:38:59.999Z,0,-1.179831,0.0000,0.9918,-117.9831,29.8413,ASIA,1
scalp_fade_3m,ETHUSDT,3m,-1,STOP,2025-08-31T03:39:00.000Z,2025-08-31T03:56:59.999Z,5,-1.159221,0.2445,1.5321,-115.9221,26.2693,ASIA,1
scalp_fade_3m,ETHUSDT,3m,-1,TARGET,2025-08-31T05:57:00.000Z,2025-08-31T06:35:59.999Z,12,0.798088,1.2083,0.3972,79.8088,22.2374,ASIA,1
scalp_fade_3m,ETHUSDT,3m,-1,TARGET,2025-08-31T09:51:00.000Z,2025-08-31T10:14:59.999Z,7,0.942090,1.2373,0.2330,94.2090,17.6961,LONDON,-1
scalp_fade_3m,ETHUSDT,3m,-1,STOP,2025-08-31T11:21:00.000Z,2025-08-31T11:29:59.999Z,2,-1.156019,0.0000,1.3735,-115.6019,25.8185,LONDON,-1
scalp_fade_3m,ETHUSDT,3m,-1,TARGET,2025-08-31T13:18:00.000Z,2025-08-31T14:05:59.999Z,15,1.083684,1.4015,0.2791,108.3684,13.1699,NY,1
scalp_fade_3m,ETHUSDT,3m,-1,STOP,2025-08-31T15:03:00.000Z,2025-08-31T15:05:59.999Z,0,-1.161322,0.0000,0.7478,-116.1322,26.7561,NY,1
scalp_fade_3m,ETHUSDT,3m,-1,TIME,2025-08-31T16:09:00.000Z,2025-08-31T17:11:59.999Z,20,-0.373509,0.9840,0.3387,-37.3509,23.9282,NY,1
scalp_fade_3m,ETHUSDT,3m,-1,TARGET,2025-08-31T18:51:00.000Z,2025-08-31T19:17:59.999Z,8,0.867093,1.1375,0.1966,86.7093,20.0720,NY,1
scalp_fade_3m,ETHUSDT,3m,1,STOP,2025-08-31T22:03:00.000Z,2025-08-31T22:44:59.999Z,13,-1.156856,0.6719,1.3110,-115.6856,25.8687,LATE,1
scalp_fade_3m,ETHUSDT,3m,1,STOP,2025-09-01T04:21:00.000Z,2025-09-01T04:38:59.999Z,5,-1.117139,0.0854,0.8702,-111.7139,19.5120,ASIA,1
scalp_fade_3m,ETHUSDT,3m,1,TARGET,2025-09-01T07:09:00.000Z,2025-09-01T07:29:59.999Z,6,0.976844,1.8782,0.6362,97.6844,16.6284,LONDON,1
scalp_fade_3m,ETHUSDT,3m,1,STOP,2025-09-01T13:33:00.000Z,2025-09-01T13:47:59.999Z,4,-1.107797,0.1111,1.2338,-110.7797,17.9852,NY,1
scalp_fade_3m,ETHUSDT,3m,1,STOP,2025-09-01T15:09:00.000Z,2025-09-01T15:26:59.999Z,5,-1.112906,0.0000,1.1443,-111.2906,18.8117,NY,-1
scalp_fade_3m,ETHUSDT,3m,1,STOP,2025-09-01T17:12:00.000Z,2025-09-01T17:14:59.999Z,0,-1.106129,0.0000,0.9266,-110.6129,17.7827,NY,-1
scalp_fade_3m,ETHUSDT,3m,1,STOP,2025-09-01T20:09:00.000Z,2025-09-01T20:17:59.999Z,2,-1.154094,0.2550,0.7499,-115.4094,25.7060,NY,1
scalp_fade_3m,ETHUSDT,3m,1,STOP,2025-09-01T20:18:00.000Z,2025-09-01T20:32:59.999Z,4,-1.144080,0.0000,0.8746,-114.4080,23.9941,NY,-1
scalp_fade_3m,ETHUSDT,3m,1,TARGET,2025-09-02T01:12:00.000Z,2025-09-02T01:44:59.999Z,10,1.070818,1.4913,0.6078,107.0818,13.6297,ASIA,1
scalp_fade_3m,ETHUSDT,3m,-1,STOP,2025-09-02T06:03:00.000Z,2025-09-02T06:08:59.999Z,1,-1.186002,0.0000,1.3193,-118.6002,30.8377,ASIA,1
scalp_fade_3m,ETHUSDT,3m,-1,TIME,2025-09-02T09:03:00.000Z,2025-09-02T10:05:59.999Z,20,-0.435009,0.2881,0.7373,-43.5009,23.2973,LONDON,1
scalp_fade_3m,ETHUSDT,3m,1,TARGET,2025-09-02T13:33:00.000Z,2025-09-02T13:38:59.999Z,1,1.222264,1.4881,0.1824,122.2264,8.8499,NY,1
scalp_fade_3m,ETHUSDT,3m,1,STOP,2025-09-02T15:18:00.000Z,2025-09-02T15:35:59.999Z,5,-1.077971,0.0000,0.9745,-107.7971,13.0319,NY,-1
scalp_fade_3m,ETHUSDT,3m,1,STOP,2025-09-02T17:39:00.000Z,2025-09-02T18:11:59.999Z,10,-1.110395,1.1684,0.9194,-111.0395,18.3014,NY,1
scalp_fade_3m,ETHUSDT,3m,1,TIME,2025-09-02T19:15:00.000Z,2025-09-02T20:17:59.999Z,20,0.410128,0.7758,0.5429,41.0128,12.0146,NY,1
scalp_fade_3m,ETHUSDT,3m,1,TIME,2025-09-02T22:03:00.000Z,2025-09-02T23:05:59.999Z,20,-0.029282,0.7725,0.2715,-2.9282,18.5784,LATE,1
scalp_fade_3m,ETHUSDT,3m,-1,TARGET,2025-09-03T00:27:00.000Z,2025-09-03T00:56:59.999Z,9,0.997440,1.1948,0.3307,99.7440,15.9294,ASIA,-1
scalp_fade_3m,ETHUSDT,3m,-1,STOP,2025-09-03T04:27:00.000Z,2025-09-03T04:53:59.999Z,8,-1.150311,0.0000,0.8536,-115.0311,24.7152,ASIA,-1
scalp_fade_3m,ETHUSDT,3m,1,TIME,2025-09-03T07:09:00.000Z,2025-09-03T08:11:59.999Z,20,0.531535,1.0404,0.7464,53.1535,22.7989,LONDON,-1
scalp_fade_3m,ETHUSDT,3m,1,STOP,2025-09-03T08:57:00.000Z,2025-09-03T09:11:59.999Z,4,-1.151438,0.2413,0.7590,-115.1438,25.2128,LONDON,-1
scalp_fade_3m,ETHUSDT,3m,-1,TARGET,2025-09-03T12:03:00.000Z,2025-09-03T12:44:59.999Z,13,0.945328,1.1827,0.3273,94.5328,17.5634,LONDON,1
scalp_fade_3m,ETHUSDT,3m,-1,STOP,2025-09-03T13:06:00.000Z,2025-09-03T13:17:59.999Z,3,-1.125322,0.1878,1.3174,-112.5322,20.6910,NY,-1
scalp_fade_3m,ETHUSDT,3m,-1,STOP,2025-09-03T13:39:00.000Z,2025-09-03T13:44:59.999Z,1,-1.101431,0.0000,1.7228,-110.1431,16.7559,NY,-1
scalp_fade_3m,ETHUSDT,3m,-1,TIME,2025-09-03T17:48:00.000Z,2025-09-03T18:50:59.999Z,20,0.543589,0.9497,0.4051,54.3589,20.2051,NY,1
scalp_fade_3m,ETHUSDT,3m,-1,STOP,2025-09-03T19:48:00.000Z,2025-09-03T19:56:59.999Z,2,-1.189368,0.2713,0.7000,-118.9368,31.3656,NY,1
scalp_fade_3m,ETHUSDT,3m,-1,STOP,2025-09-03T21:57:00.000Z,2025-09-03T22:05:59.999Z,2,-1.165791,0.0000,0.8425,-116.5791,27.4440,LATE,-1
scalp_fade_3m,ETHUSDT,3m,-1,TARGET,2025-09-03T23:09:00.000Z,2025-09-03T23:41:59.999Z,10,0.847894,1.1444,0.1781,84.7894,20.6698,LATE,-1
scalp_fade_3m,ETHUSDT,3m,-1,STOP,2025-09-04T00:15:00.000Z,2025-09-04T00:20:59.999Z,1,-1.152445,0.1767,0.8968,-115.2445,25.2502,ASIA,-1
scalp_fade_3m,ETHUSDT,3m,-1,TARGET,2025-09-04T01:33:00.000Z,2025-09-04T02:26:59.999Z,17,1.029598,1.2519,0.1278,102.9598,14.8750,ASIA,-1
scalp_fade_3m,ETHUSDT,3m,1,STOP,2025-09-04T04:09:00.000Z,2025-09-04T05:02:59.999Z,17,-1.116607,0.4451,1.2798,-111.6607,19.1854,ASIA,-1
scalp_fade_3m,ETHUSDT,3m,1,TIME,2025-09-04T06:57:00.000Z,2025-09-04T07:59:59.999Z,20,-0.252562,0.9029,0.3321,-25.2562,25.6281,ASIA,1
scalp_fade_3m,ETHUSDT,3m,-1,TARGET,2025-09-04T12:15:00.000Z,2025-09-04T12:38:59.999Z,7,1.005031,1.4904,0.7405,100.5031,15.6974,LONDON,-1
scalp_fade_3m,ETHUSDT,3m,1,STOP,2025-09-04T18:21:00.000Z,2025-09-04T18:26:59.999Z,1,-1.120288,0.0000,0.9385,-112.0288,20.1165,NY,1
scalp_fade_3m,ETHUSDT,3m,1,TARGET,2025-09-04T19:57:00.000Z,2025-09-04T20:17:59.999Z,6,1.042479,1.2312,0.3223,104.2479,14.5448,NY,-1
scalp_fade_3m,ETHUSDT,3m,1,TARGET,2025-09-04T22:42:00.000Z,2025-09-04T22:59:59.999Z,5,0.828023,2.3068,0.2506,82.8023,21.3589,LATE,1
scalp_fade_3m,ETHUSDT,3m,1,STOP,2025-09-05T02:18:00.000Z,2025-09-05T02:20:59.999Z,0,-1.128825,0.0000,1.0115,-112.8825,21.5572,ASIA,1
scalp_fade_3m,ETHUSDT,3m,1,STOP,2025-09-05T02:39:00.000Z,2025-09-05T03:23:59.999Z,14,-1.116863,0.3399,0.9721,-111.6863,19.2865,ASIA,1
scalp_fade_3m,ETHUSDT,3m,-1,STOP,2025-09-05T06:12:00.000Z,2025-09-05T07:05:59.999Z,17,-1.186642,0.8433,1.4868,-118.6642,30.4383,ASIA,1
scalp_fade_3m,ETHUSDT,3m,-1,STOP,2025-09-05T09:42:00.000Z,2025-09-05T10:08:59.999Z,8,-1.139311,0.0315,1.2470,-113.9311,22.8968,LONDON,-1
scalp_fade_3m,ETHUSDT,3m,-1,STOP,2025-09-05T11:06:00.000Z,2025-09-05T11:11:59.999Z,1,-1.158669,0.0580,0.7793,-115.8669,26.2866,LONDON,1
scalp_fade_3m,ETHUSDT,3m,-1,STOP,2025-09-05T11:15:00.000Z,2025-09-05T11:23:59.999Z,2,-1.141154,0.0097,0.8645,-114.1154,23.3459,LONDON,-1
scalp_fade_3m,ETHUSDT,3m,-1,TIME,2025-09-05T12:33:00.000Z,2025-09-05T13:35:59.999Z,20,-0.386393,0.8586,0.4892,-38.6393,9.7662,LONDON,-1
scalp_fade_3m,ETHUSDT,3m,1,STOP,2025-09-05T17:06:00.000Z,2025-09-05T17:44:59.999Z,12,-1.132314,0.3609,0.8225,-113.2314,21.8642,NY,1
scalp_fade_3m,ETHUSDT,3m,1,TARGET,2025-09-05T18:15:00.000Z,2025-09-05T18:50:59.999Z,11,1.015879,1.4129,0.1570,101.5879,15.3675,NY,1
scalp_fade_3m,ETHUSDT,3m,1,STOP,2025-09-05T21:06:00.000Z,2025-09-05T21:17:59.999Z,3,-1.164039,0.2058,2.7261,-116.4039,27.3280,LATE,1
scalp_fade_3m,ETHUSDT,3m,1,STOP,2025-09-05T21:18:00.000Z,2025-09-05T21:53:59.999Z,11,-1.098474,0.7671,0.8472,-109.8474,16.3225,LATE,1
scalp_fade_3m,ETHUSDT,3m,1,TARGET,2025-09-05T23:39:00.000Z,2025-09-06T00:35:59.999Z,18,0.810606,1.0764,0.4278,81.0606,21.8316,LATE,-1
scalp_fade_3m,ETHUSDT,3m,1,STOP,2025-09-06T01:54:00.000Z,2025-09-06T02:08:59.999Z,4,-1.208726,0.0876,0.7833,-120.8726,34.7006,ASIA,-1
scalp_fade_3m,ETHUSDT,3m,1,STOP,2025-09-06T03:33:00.000Z,2025-09-06T04:08:59.999Z,11,-1.215964,0.0744,0.6486,-121.5964,35.6408,ASIA,1
scalp_fade_3m,ETHUSDT,3m,1,STOP,2025-09-06T08:12:00.000Z,2025-09-06T09:11:59.999Z,19,-1.251940,0.4356,1.0252,-125.1940,41.2170,LONDON,1
scalp_fade_3m,ETHUSDT,3m,1,TIME,2025-09-06T12:36:00.000Z,2025-09-06T13:38:59.999Z,20,-1.024921,0.5807,0.5460,-102.4921,39.2802,LONDON,1
scalp_fade_3m,ETHUSDT,3m,1,STOP,2025-09-06T16:09:00.000Z,2025-09-06T16:20:59.999Z,3,-1.119945,0.0656,0.8433,-111.9945,20.0178,NY,-1
scalp_fade_3m,ETHUSDT,3m,1,TARGET,2025-09-06T21:57:00.000Z,2025-09-06T21:59:59.999Z,0,0.703692,0.9987,0.2178,70.3692,25.3429,LATE,-1
scalp_fade_3m,ETHUSDT,3m,1,STOP,2025-09-06T22:12:00.000Z,2025-09-06T23:08:59.999Z,18,-1.166844,0.2803,0.7494,-116.6844,27.3671,LATE,1
scalp_fade_3m,ETHUSDT,3m,1,STOP,2025-09-07T00:21:00.000Z,2025-09-07T00:32:59.999Z,3,-1.262940,0.0000,0.7648,-126.2940,43.7247,ASIA,1
scalp_fade_3m,ETHUSDT,3m,-1,TIME,2025-09-07T04:51:00.000Z,2025-09-07T05:53:59.999Z,20,-0.198491,0.7476,0.4711,-19.8491,44.0003,ASIA,-1
scalp_fade_3m,ETHUSDT,3m,-1,TARGET,2025-09-07T12:39:00.000Z,2025-09-07T13:23:59.999Z,14,0.610486,1.0802,0.3036,61.0486,28.1704,LONDON,-1
scalp_fade_3m,ETHUSDT,3m,-1,STOP,2025-09-07T13:30:00.000Z,2025-09-07T13:35:59.999Z,1,-1.225240,0.0000,1.1074,-122.5240,37.3713,NY,-1
scalp_fade_3m,ETHUSDT,3m,-1,STOP,2025-09-07T14:12:00.000Z,2025-09-07T14:44:59.999Z,10,-1.199969,0.2450,0.9070,-119.9969,32.8560,NY,1
scalp_fade_3m,ETHUSDT,3m,-1,TIME,2025-09-07T14:48:00.000Z,2025-09-07T15:50:59.999Z,20,-0.418886,0.3250,0.2356,-41.8886,26.9369,NY,1
scalp_fade_3m,ETHUSDT,3m,-1,TARGET,2025-09-07T16:03:00.000Z,2025-09-07T16:17:59.999Z,4,0.588785,0.9524,0.3312,58.8785,28.9401,NY,1
scalp_fade_3m,ETHUSDT,3m,1,STOP,2025-09-07T18:33:00.000Z,2025-09-07T18:41:59.999Z,2,-1.234038,0.0000,0.8179,-123.4038,38.9736,NY,1
scalp_fade_3m,ETHUSDT,3m,1,TARGET,2025-09-07T18:45:00.000Z,2025-09-07T19:41:59.999Z,18,0.706446,1.4494,0.3467,70.6446,25.1270,NY,-1
scalp_fade_3m,ETHUSDT,3m,-1,TARGET,2025-09-08T00:30:00.000Z,2025-09-08T01:17:59.999Z,15,1.092001,1.3794,0.2051,109.2001,12.9063,ASIA,-1
scalp_fade_3m,ETHUSDT,3m,1,TARGET,2025-09-08T02:21:00.000Z,2025-09-08T02:38:59.999Z,5,0.953233,1.4753,0.2819,95.3233,17.3829,ASIA,-1
scalp_fade_3m,ETHUSDT,3m,-1,TIME,2025-09-08T03:48:00.000Z,2025-09-08T04:50:59.999Z,20,0.323146,0.7429,0.4928,32.3146,23.3144,ASIA,1
scalp_fade_3m,ETHUSDT,3m,1,TIME,2025-09-08T06:03:00.000Z,2025-09-08T07:05:59.999Z,20,-0.575199,0.5320,0.6197,-57.5199,33.9140,ASIA,-1
scalp_fade_3m,ETHUSDT,3m,1,TIME,2025-09-08T07:39:00.000Z,2025-09-08T08:41:59.999Z,20,-0.076367,0.5012,0.5557,-7.6367,24.9045,LONDON,1
scalp_fade_3m,ETHUSDT,3m,-1,TARGET,2025-09-08T10:42:00.000Z,2025-09-08T11:29:59.999Z,15,0.904454,1.7559,0.6298,90.4454,18.8485,LONDON,1
scalp_fade_3m,ETHUSDT,3m,-1,TIME,2025-09-08T13:33:00.000Z,2025-09-08T14:35:59.999Z,20,-0.922795,0.8567,0.6730,-92.2795,17.5832,NY,1
scalp_fade_3m,ETHUSDT,3m,-1,TIME,2025-09-08T15:39:00.000Z,2025-09-08T16:41:59.999Z,20,0.757334,1.0539,0.4668,75.7334,18.3797,NY,1
scalp_fade_3m,ETHUSDT,3m,1,STOP,2025-09-08T22:39:00.000Z,2025-09-08T23:29:59.999Z,16,-1.176677,0.2529,1.3651,-117.6677,29.0316,LATE,1
scalp_fade_3m,ETHUSDT,3m,1,STOP,2025-09-09T00:21:00.000Z,2025-09-09T00:32:59.999Z,3,-1.144240,0.0554,0.9092,-114.4240,24.0457,ASIA,-1
scalp_fade_3m,ETHUSDT,3m,1,TIME,2025-09-09T02:21:00.000Z,2025-09-09T03:23:59.999Z,20,0.029912,0.9251,0.6983,2.9912,29.7318,ASIA,-1
scalp_fade_3m,ETHUSDT,3m,-1,TARGET,2025-09-09T10:18:00.000Z,2025-09-09T10:29:59.999Z,3,0.696739,1.0388,0.2818,69.6739,25.5163,LONDON,-1
scalp_fade_3m,ETHUSDT,3m,-1,TIME,2025-09-09T10:42:00.000Z,2025-09-09T11:44:59.999Z,20,-0.243865,0.8402,0.2908,-24.3865,28.8837,LONDON,-1
scalp_fade_3m,ETHUSDT,3m,-1,STOP,2025-09-09T12:09:00.000Z,2025-09-09T12:29:59.999Z,6,-1.148579,0.0000,0.8802,-114.8579,24.4793,LONDON,1
scalp_fade_3m,ETHUSDT,3m,-1,TARGET,2025-09-09T13:33:00.000Z,2025-09-09T14:02:59.999Z,9,1.096336,1.2643,0.7380,109.6336,12.7907,NY,-1
scalp_fade_3m,ETHUSDT,3m,1,TIME,2025-09-09T17:21:00.000Z,2025-09-09T18:23:59.999Z,20,-0.289362,0.2061,0.5058,-28.9362,28.6757,NY,-1
scalp_fade_3m,ETHUSDT,3m,1,STOP,2025-09-09T20:03:00.000Z,2025-09-09T20:05:59.999Z,0,-1.208361,0.0000,0.6594,-120.8361,34.7844,NY,1
scalp_fade_3m,ETHUSDT,3m,1,TIME,2025-09-09T21:30:00.000Z,2025-09-09T22:32:59.999Z,20,0.247943,0.7763,0.3037,24.7943,23.6474,LATE,1
scalp_fade_3m,ETHUSDT,3m,-1,TIME,2025-09-09T23:09:00.000Z,2025-09-10T00:11:59.999Z,20,0.028918,0.9563,0.2574,2.8918,33.7349,LATE,1
scalp_fade_3m,ETHUSDT,3m,-1,TARGET,2025-09-10T00:15:00.000Z,2025-09-10T00:32:59.999Z,5,0.811753,1.0877,0.1876,81.1753,21.8474,ASIA,1
scalp_fade_3m,ETHUSDT,3m,-1,TIME,2025-09-10T03:48:00.000Z,2025-09-10T04:50:59.999Z,20,-0.105179,0.4752,0.3768,-10.5179,28.6574,ASIA,-1
scalp_fade_3m,ETHUSDT,3m,-1,TARGET,2025-09-10T05:24:00.000Z,2025-09-10T05:56:59.999Z,10,0.852435,1.0767,0.5550,85.2435,20.5257,ASIA,-1
scalp_fade_3m,ETHUSDT,3m,-1,STOP,2025-09-10T10:27:00.000Z,2025-09-10T10:32:59.999Z,1,-1.197416,0.0081,0.8018,-119.7416,32.7383,LONDON,1
scalp_fade_3m,ETHUSDT,3m,-1,STOP,2025-09-10T12:15:00.000Z,2025-09-10T12:20:59.999Z,1,-1.223164,0.0000,0.8021,-122.3164,37.0255,LONDON,-1
scalp_fade_3m,ETHUSDT,3m,1,TIME,2025-09-10T22:24:00.000Z,2025-09-10T23:26:59.999Z,20,-0.180572,0.6634,0.5687,-18.0572,28.5790,LATE,1
scalp_fade_3m,ETHUSDT,3m,1,TIME,2025-09-11T00:03:00.000Z,2025-09-11T01:05:59.999Z,20,0.387007,0.9993,0.5659,38.7007,30.2608,ASIA,1
scalp_fade_3m,ETHUSDT,3m,-1,STOP,2025-09-11T02:18:00.000Z,2025-09-11T02:38:59.999Z,6,-1.169890,0.4303,0.7865,-116.9890,28.0094,ASIA,1
scalp_fade_3m,ETHUSDT,3m,-1,STOP,2025-09-11T05:18:00.000Z,2025-09-11T05:41:59.999Z,7,-1.171725,0.5810,1.2316,-117.1725,28.2842,ASIA,-1
scalp_fade_3m,ETHUSDT,3m,-1,STOP,2025-09-11T06:12:00.000Z,2025-09-11T06:14:59.999Z,0,-1.171626,0.0000,0.8032,-117.1626,28.4736,ASIA,-1
scalp_fade_3m,ETHUSDT,3m,-1,STOP,2025-09-11T07:06:00.000Z,2025-09-11T07:08:59.999Z,0,-1.151356,0.0000,1.2121,-115.1356,25.0950,LONDON,1
scalp_fade_3m,ETHUSDT,3m,-1,TIME,2025-09-11T07:09:00.000Z,2025-09-11T08:11:59.999Z,20,0.259493,0.6611,0.3912,25.9493,21.2044,LONDON,1
scalp_fade_3m,ETHUSDT,3m,-1,STOP,2025-09-11T11:36:00.000Z,2025-09-11T12:14:59.999Z,12,-1.163483,0.7097,1.8618,-116.3483,26.7821,LONDON,1
scalp_fade_3m,ETHUSDT,3m,-1,TIME,2025-09-11T12:51:00.000Z,2025-09-11T13:53:59.999Z,20,0.344597,1.1582,0.0705,34.4597,8.6637,LONDON,1
scalp_fade_3m,ETHUSDT,3m,-1,TIME,2025-09-11T14:00:00.000Z,2025-09-11T15:02:59.999Z,20,-0.073062,1.1389,0.1127,-7.3062,12.9070,NY,1
scalp_fade_3m,ETHUSDT,3m,-1,TARGET,2025-09-11T18:12:00.000Z,2025-09-11T18:35:59.999Z,7,0.877508,1.2193,0.1695,87.7508,19.7470,NY,-1
scalp_fade_3m,ETHUSDT,3m,-1,TIME,2025-09-11T20:36:00.000Z,2025-09-11T21:38:59.999Z,20,-0.656038,0.2450,0.4154,-65.6038,31.8584,NY,-1
scalp_fade_3m,ETHUSDT,3m,-1,STOP,2025-09-11T21:51:00.000Z,2025-09-11T21:53:59.999Z,0,-1.266466,0.0000,0.6648,-126.6466,44.2817,LATE,1
scalp_fade_3m,ETHUSDT,3m,-1,STOP,2025-09-12T00:03:00.000Z,2025-09-12T00:23:59.999Z,6,-1.185770,0.3762,1.0726,-118.5770,30.6398,ASIA,-1
scalp_fade_3m,ETHUSDT,3m,-1,STOP,2025-09-12T00:24:00.000Z,2025-09-12T00:44:59.999Z,6,-1.149022,0.1829,2.9771,-114.9022,24.5528,ASIA,-1
scalp_fade_3m,ETHUSDT,3m,-1,TARGET,2025-09-12T07:06:00.000Z,2025-09-12T07:50:59.999Z,14,0.928163,1.1162,0.4074,92.8163,18.1024,LONDON,-1
scalp_fade_3m,ETHUSDT,3m,-1,TARGET,2025-09-12T09:33:00.000Z,2025-09-12T09:53:59.999Z,6,0.710977,1.4056,0.5500,71.0977,25.0423,LONDON,1
scalp_fade_3m,ETHUSDT,3m,-1,STOP,2025-09-12T11:09:00.000Z,2025-09-12T11:11:59.999Z,0,-1.213568,0.0000,0.6897,-121.3568,35.4646,LONDON,1
scalp_fade_3m,ETHUSDT,3m,-1,STOP,2025-09-12T12:30:00.000Z,2025-09-12T12:53:59.999Z,7,-1.171310,0.3026,0.9067,-117.1310,28.2155,LONDON,-1
scalp_fade_3m,ETHUSDT,3m,-1,STOP,2025-09-12T13:57:00.000Z,2025-09-12T14:08:59.999Z,3,-1.120061,0.1120,0.9669,-112.0061,19.8168,NY,-1
scalp_fade_3m,ETHUSDT,3m,-1,STOP,2025-09-12T19:18:00.000Z,2025-09-12T19:29:59.999Z,3,-1.149373,0.0000,0.7958,-114.9373,24.6873,NY,1
scalp_fade_3m,ETHUSDT,3m,-1,STOP,2025-09-12T19:36:00.000Z,2025-09-12T19:50:59.999Z,4,-1.139751,0.0000,0.8059,-113.9751,23.0647,NY,-1
scalp_fade_3m,ETHUSDT,3m,-1,TIME,2025-09-12T21:03:00.000Z,2025-09-12T22:05:59.999Z,20,-0.392438,0.5932,0.4732,-39.2438,18.1729,LATE,-1
scalp_fade_3m,ETHUSDT,3m,-1,STOP,2025-09-12T23:18:00.000Z,2025-09-12T23:29:59.999Z,3,-1.114190,0.2621,0.9823,-111.4190,18.8412,LATE,1
scalp_fade_3m,ETHUSDT,3m,-1,TIME,2025-09-13T01:30:00.000Z,2025-09-13T02:32:59.999Z,20,-0.053978,0.8593,0.6534,-5.3978,22.3545,ASIA,1
scalp_fade_3m,ETHUSDT,3m,-1,TARGET,2025-09-13T06:12:00.000Z,2025-09-13T06:29:59.999Z,5,0.767720,1.2528,0.2551,76.7720,23.2465,ASIA,-1
scalp_fade_3m,ETHUSDT,3m,-1,TARGET,2025-09-13T10:09:00.000Z,2025-09-13T10:32:59.999Z,7,0.789493,1.2254,0.4435,78.9493,22.5419,LONDON,1
scalp_fade_3m,ETHUSDT,3m,-1,STOP,2025-09-13T12:00:00.000Z,2025-09-13T12:32:59.999Z,10,-1.264267,0.2302,0.6650,-126.4267,43.4628,LONDON,1
scalp_fade_3m,ETHUSDT,3m,1,STOP,2025-09-13T15:24:00.000Z,2025-09-13T15:29:59.999Z,1,-1.142808,0.0000,0.9824,-114.2808,23.8577,NY,-1
scalp_fade_3m,ETHUSDT,3m,1,TARGET,2025-09-13T19:12:00.000Z,2025-09-13T20:05:59.999Z,17,0.807061,1.2537,0.3371,80.7061,21.9500,NY,1
scalp_fade_3m,ETHUSDT,3m,1,TARGET,2025-09-13T23:30:00.000Z,2025-09-14T00:08:59.999Z,12,0.695874,1.0254,0.5230,69.5874,25.5047,LATE,-1
scalp_fade_3m,ETHUSDT,3m,-1,STOP,2025-09-14T00:24:00.000Z,2025-09-14T00:32:59.999Z,2,-1.214944,0.0000,0.6700,-121.4944,35.6198,ASIA,1
scalp_fade_3m,ETHUSDT,3m,-1,STOP,2025-09-14T01:48:00.000Z,2025-09-14T02:14:59.999Z,8,-1.157023,0.2244,0.9246,-115.7023,25.8246,ASIA,-1
scalp_fade_3m,ETHUSDT,3m,-1,TARGET,2025-09-14T06:06:00.000Z,2025-09-14T06:47:59.999Z,13,0.665411,0.9547,0.3402,66.5411,26.4372,ASIA,1
scalp_fade_3m,ETHUSDT,3m,1,TARGET,2025-09-14T09:06:00.000Z,2025-09-14T09:23:59.999Z,5,0.619792,1.1289,0.2918,61.9792,27.9713,LONDON,1
scalp_fade_3m,ETHUSDT,3m,1,STOP,2025-09-14T11:18:00.000Z,2025-09-14T11:20:59.999Z,0,-1.229417,0.0000,1.5142,-122.9417,38.2861,LONDON,1
scalp_fade_3m,ETHUSDT,3m,1,STOP,2025-09-14T13:54:00.000Z,2025-09-14T13:56:59.999Z,0,-1.132264,0.0000,0.7852,-113.2264,22.1291,NY,1
scalp_fade_3m,ETHUSDT,3m,1,STOP,2025-09-14T14:21:00.000Z,2025-09-14T14:38:59.999Z,5,-1.112108,0.0057,1.6153,-111.2108,18.6797,NY,-1
scalp_fade_3m,ETHUSDT,3m,1,TIME,2025-09-14T22:06:00.000Z,2025-09-14T23:08:59.999Z,20,-0.515916,0.9812,0.5526,-51.5916,27.1677,LATE,-1
scalp_fade_3m,ETHUSDT,3m,-1,STOP,2025-09-15T06:03:00.000Z,2025-09-15T06:05:59.999Z,0,-1.209331,0.0000,0.8230,-120.9331,34.7583,ASIA,-1
scalp_fade_3m,ETHUSDT,3m,-1,TARGET,2025-09-15T06:18:00.000Z,2025-09-15T06:32:59.999Z,4,0.820513,1.2715,0.1852,82.0513,21.5752,ASIA,1
scalp_fade_3m,ETHUSDT,3m,1,TIME,2025-09-15T11:09:00.000Z,2025-09-15T12:11:59.999Z,20,-0.714424,0.6714,0.5858,-71.4424,26.8604,LONDON,-1
scalp_fade_3m,ETHUSDT,3m,1,STOP,2025-09-15T13:39:00.000Z,2025-09-15T13:41:59.999Z,0,-1.116075,0.0000,0.8715,-111.6075,19.4368,NY,-1
scalp_fade_3m,ETHUSDT,3m,-1,TARGET,2025-09-16T00:18:00.000Z,2025-09-16T00:29:59.999Z,3,0.621144,1.1812,0.4119,62.1144,27.9196,ASIA,-1
scalp_fade_3m,ETHUSDT,3m,-1,STOP,2025-09-16T01:03:00.000Z,2025-09-16T01:05:59.999Z,0,-1.175117,0.0000,0.7774,-117.5117,29.0555,ASIA,-1
scalp_fade_3m,ETHUSDT,3m,-1,TIME,2025-09-16T02:06:00.000Z,2025-09-16T03:08:59.999Z,20,0.154115,0.6082,0.4143,15.4115,24.2657,ASIA,-1
scalp_fade_3m,ETHUSDT,3m,-1,TARGET,2025-09-16T03:33:00.000Z,2025-09-16T04:11:59.999Z,12,0.749963,1.0921,0.5924,74.9963,23.7635,ASIA,-1
scalp_fade_3m,ETHUSDT,3m,1,STOP,2025-09-16T10:06:00.000Z,2025-09-16T10:35:59.999Z,9,-1.195408,0.0578,0.7194,-119.5408,32.3275,LONDON,1
scalp_fade_3m,ETHUSDT,3m,1,STOP,2025-09-16T10:36:00.000Z,2025-09-16T10:47:59.999Z,3,-1.197449,0.1585,0.9813,-119.7449,32.8671,LONDON,1
scalp_fade_3m,ETHUSDT,3m,1,TIME,2025-09-16T11:57:00.000Z,2025-09-16T12:59:59.999Z,20,-0.798974,0.1259,0.6342,-79.8974,29.8135,LONDON,-1
scalp_fade_3m,ETHUSDT,3m,1,STOP,2025-09-16T13:12:00.000Z,2025-09-16T13:38:59.999Z,8,-1.165652,0.5259,1.4762,-116.5652,27.4531,NY,1
scalp_fade_3m,ETHUSDT,3m,1,STOP,2025-09-16T13:39:00.000Z,2025-09-16T13:41:59.999Z,0,-1.119725,0.0000,0.8049,-111.9725,20.0437,NY,1
scalp_fade_3m,ETHUSDT,3m,1,TARGET,2025-09-16T16:24:00.000Z,2025-09-16T17:02:59.999Z,12,1.032460,1.2087,0.1274,103.2460,14.8377,NY,1
scalp_fade_3m,ETHUSDT,3m,-1,STOP,2025-09-16T22:39:00.000Z,2025-09-16T22:50:59.999Z,3,-1.172811,0.0000,0.8789,-117.2811,28.5820,LATE,-1
scalp_fade_3m,ETHUSDT,3m,-1,TIME,2025-09-17T01:21:00.000Z,2025-09-17T02:23:59.999Z,20,-0.074782,0.8733,0.2323,-7.4782,27.7322,ASIA,-1
scalp_fade_3m,ETHUSDT,3m,1,TARGET,2025-09-17T05:48:00.000Z,2025-09-17T05:56:59.999Z,2,0.899788,2.0549,0.1640,89.9788,19.0963,ASIA,-1
scalp_fade_3m,ETHUSDT,3m,-1,TARGET,2025-09-17T07:30:00.000Z,2025-09-17T08:14:59.999Z,14,0.964531,1.1909,0.3764,96.4531,16.9498,LONDON,1
scalp_fade_3m,ETHUSDT,3m,1,TIME,2025-09-17T11:12:00.000Z,2025-09-17T12:14:59.999Z,20,-0.470239,0.6581,0.4621,-47.0239,33.7059,LONDON,-1
scalp_fade_3m,ETHUSDT,3m,1,TIME,2025-09-17T12:42:00.000Z,2025-09-17T13:44:59.999Z,20,-0.784755,0.8183,0.7547,-78.4755,24.0239,LONDON,1
scalp_fade_3m,ETHUSDT,3m,1,TIME,2025-09-17T16:33:00.000Z,2025-09-17T17:35:59.999Z,20,-0.194072,0.6385,0.6338,-19.4072,27.9708,NY,-1
scalp_fade_3m,ETHUSDT,3m,1,TARGET,2025-09-17T18:00:00.000Z,2025-09-17T18:02:59.999Z,0,1.315931,1.7300,0.4635,131.5931,5.8738,NY,1
scalp_fade_3m,ETHUSDT,3m,1,TIME,2025-09-17T18:03:00.000Z,2025-09-17T19:05:59.999Z,20,-0.148323,0.2851,0.8330,-14.8323,5.7764,NY,1
scalp_fade_3m,ETHUSDT,3m,-1,STOP,2025-09-17T21:15:00.000Z,2025-09-17T21:47:59.999Z,10,-1.112855,0.0470,0.9112,-111.2855,18.4854,LATE,-1
scalp_fade_3m,ETHUSDT,3m,-1,STOP,2025-09-18T01:06:00.000Z,2025-09-18T01:32:59.999Z,8,-1.127661,0.0000,1.2922,-112.7661,20.9710,ASIA,1
scalp_fade_3m,ETHUSDT,3m,-1,STOP,2025-09-18T03:06:00.000Z,2025-09-18T03:11:59.999Z,1,-1.160060,0.0000,1.1440,-116.0060,26.5182,ASIA,1
scalp_fade_3m,ETHUSDT,3m,-1,TARGET,2025-09-18T04:57:00.000Z,2025-09-18T05:29:59.999Z,10,0.874142,1.1396,0.1752,87.4142,19.8370,ASIA,-1
scalp_fade_3m,ETHUSDT,3m,1,TIME,2025-09-18T12:12:00.000Z,2025-09-18T13:14:59.999Z,20,0.089257,0.9840,0.6587,8.9257,30.0637,LONDON,1
scalp_fade_3m,ETHUSDT,3m,1,STOP,2025-09-18T13:45:00.000Z,2025-09-18T13:47:59.999Z,0,-1.117805,0.0000,0.8437,-111.7805,19.7245,NY,1
scalp_fade_3m,ETHUSDT,3m,-1,STOP,2025-09-18T16:18:00.000Z,2025-09-18T16:23:59.999Z,1,-1.143681,0.0000,0.8257,-114.3681,23.7909,NY,-1
scalp_fade_3m,ETHUSDT,3m,-1,TIME,2025-09-18T20:39:00.000Z,2025-09-18T21:41:59.999Z,20,-0.154280,0.4977,0.4169,-15.4280,28.3443,NY,1
scalp_fade_3m,ETHUSDT,3m,1,STOP,2025-09-18T22:27:00.000Z,2025-09-18T22:56:59.999Z,9,-1.224477,0.4574,0.6563,-122.4477,37.1169,LATE,-1
scalp_fade_3m,ETHUSDT,3m,-1,TARGET,2025-09-19T03:12:00.000Z,2025-09-19T03:29:59.999Z,5,0.802950,1.7204,0.3966,80.2950,22.1271,ASIA,-1
scalp_fade_3m,ETHUSDT,3m,1,STOP,2025-09-19T05:18:00.000Z,2025-09-19T05:26:59.999Z,2,-1.187708,0.0416,0.7281,-118.7708,31.2847,ASIA,1
scalp_fade_3m,ETHUSDT,3m,1,STOP,2025-09-19T06:03:00.000Z,2025-09-19T06:50:59.999Z,15,-1.193752,0.4229,1.0686,-119.3752,31.8574,ASIA,-1
scalp_fade_3m,ETHUSDT,3m,1,STOP,2025-09-19T08:33:00.000Z,2025-09-19T09:29:59.999Z,18,-1.212880,0.4775,0.7385,-121.2880,34.8826,LONDON,1
scalp_fade_3m,ETHUSDT,3m,1,TARGET,2025-09-19T13:33:00.000Z,2025-09-19T14:05:59.999Z,10,0.877595,1.1399,0.6882,87.7595,19.7568,NY,1
scalp_fade_3m,ETHUSDT,3m,1,STOP,2025-09-19T14:45:00.000Z,2025-09-19T14:47:59.999Z,0,-1.149810,0.0000,1.7733,-114.9810,25.0470,NY,1
scalp_fade_3m,ETHUSDT,3m,1,STOP,2025-09-19T17:03:00.000Z,2025-09-19T17:05:59.999Z,0,-1.188131,0.0000,0.8211,-118.8131,31.4200,NY,1
scalp_fade_3m,ETHUSDT,3m,1,STOP,2025-09-19T17:24:00.000Z,2025-09-19T17:41:59.999Z,5,-1.159553,0.0082,1.0144,-115.9553,26.5294,NY,1
scalp_fade_3m,ETHUSDT,3m,1,TIME,2025-09-19T18:48:00.000Z,2025-09-19T19:50:59.999Z,20,-0.591885,0.7703,0.4621,-59.1885,24.1216,NY,-1
scalp_fade_3m,ETHUSDT,3m,1,TIME,2025-09-20T00:27:00.000Z,2025-09-20T01:29:59.999Z,20,-0.128644,0.9050,0.3130,-12.8644,35.6771,ASIA,1
scalp_fade_3m,ETHUSDT,3m,1,STOP,2025-09-20T01:33:00.000Z,2025-09-20T01:35:59.999Z,0,-1.240876,0.0000,0.9041,-124.0876,40.1918,ASIA,1
scalp_fade_3m,ETHUSDT,3m,1,TIME,2025-09-20T02:24:00.000Z,2025-09-20T03:26:59.999Z,20,-0.599719,0.3673,0.5675,-59.9719,32.9366,ASIA,-1
scalp_fade_3m,ETHUSDT,3m,1,STOP,2025-09-20T03:54:00.000Z,2025-09-20T03:56:59.999Z,0,-1.289628,0.0000,0.5194,-128.9628,48.2996,ASIA,1
scalp_fade_3m,ETHUSDT,3m,1,TARGET,2025-09-20T05:06:00.000Z,2025-09-20T05:35:59.999Z,9,0.616756,1.4521,0.2400,61.6756,28.0359,ASIA,1
scalp_fade_3m,ETHUSDT,3m,-1,STOP,2025-09-20T07:42:00.000Z,2025-09-20T07:53:59.999Z,3,-1.286388,0.0122,0.5984,-128.6388,47.4542,LONDON,-1
scalp_fade_3m,ETHUSDT,3m,1,STOP,2025-09-20T11:09:00.000Z,2025-09-20T11:26:59.999Z,5,-1.268486,0.1548,0.5668,-126.8486,44.5517,LONDON,1
scalp_fade_3m,ETHUSDT,3m,1,STOP,2025-09-20T13:12:00.000Z,2025-09-20T13:14:59.999Z,0,-1.319156,0.0000,0.5339,-131.9156,53.2102,NY,-1
scalp_fade_3m,ETHUSDT,3m,1,STOP,2025-09-20T13:42:00.000Z,2025-09-20T14:02:59.999Z,6,-1.317552,0.2394,0.5373,-131.7552,52.6151,NY,-1
scalp_fade_3m,ETHUSDT,3m,1,STOP,2025-09-20T14:03:00.000Z,2025-09-20T14:08:59.999Z,1,-1.305664,0.0000,0.5279,-130.5664,50.9135,NY,1
scalp_fade_3m,ETHUSDT,3m,-1,STOP,2025-09-20T16:33:00.000Z,2025-09-20T16:41:59.999Z,2,-1.207150,0.0000,0.9999,-120.7150,34.3234,NY,-1
scalp_fade_3m,ETHUSDT,3m,-1,TARGET,2025-09-20T18:24:00.000Z,2025-09-20T19:05:59.999Z,13,0.619966,0.9227,0.5053,61.9966,27.8778,NY,1
scalp_fade_3m,ETHUSDT,3m,-1,STOP,2025-09-20T21:00:00.000Z,2025-09-20T21:02:59.999Z,0,-1.286549,0.0000,0.5588,-128.6549,47.6292,LATE,1
scalp_fade_3m,ETHUSDT,3m,-1,TARGET,2025-09-21T00:12:00.000Z,2025-09-21T00:29:59.999Z,5,0.363199,0.7809,0.3408,36.3199,36.0995,ASIA,-1
scalp_fade_3m,ETHUSDT,3m,1,TARGET,2025-09-21T00:42:00.000Z,2025-09-21T00:56:59.999Z,4,0.392548,0.9014,0.3025,39.2548,35.1973,ASIA,1
scalp_fade_3m,ETHUSDT,3m,1,STOP,2025-09-21T02:18:00.000Z,2025-09-21T02:20:59.999Z,0,-1.243751,0.0000,1.2488,-124.3751,40.6699,ASIA,-1
scalp_fade_3m,ETHUSDT,3m,1,TARGET,2025-09-21T05:36:00.000Z,2025-09-21T05:50:59.999Z,4,0.301805,0.7337,0.3261,30.1805,38.0796,ASIA,1
scalp_fade_3m,ETHUSDT,3m,1,STOP,2025-09-21T09:15:00.000Z,2025-09-21T09:17:59.999Z,0,-1.239706,0.0000,0.7018,-123.9706,39.9972,LONDON,-1
scalp_fade_3m,ETHUSDT,3m,1,TIME,2025-09-21T11:27:00.000Z,2025-09-21T12:29:59.999Z,20,-0.062175,0.7605,0.3608,-6.2175,42.8817,LONDON,-1
scalp_fade_3m,ETHUSDT,3m,1,STOP,2025-09-21T12:42:00.000Z,2025-09-21T12:47:59.999Z,1,-1.250173,0.0000,0.6810,-125.0173,41.6945,LONDON,1
scalp_fade_3m,ETHUSDT,3m,-1,STOP,2025-09-21T14:45:00.000Z,2025-09-21T14:47:59.999Z,0,-1.225129,0.0000,0.6457,-122.5129,37.3916,NY,1
scalp_fade_3m,ETHUSDT,3m,-1,TARGET,2025-09-21T15:45:00.000Z,2025-09-21T16:41:59.999Z,18,0.728447,1.2105,0.6425,72.8447,24.4043,NY,1
scalp_fade_3m,ETHUSDT,3m,-1,TARGET,2025-09-21T20:24:00.000Z,2025-09-21T20:59:59.999Z,11,0.572424,1.0712,0.5513,57.2424,29.4016,NY,1
scalp_fade_3m,ETHUSDT,3m,1,STOP,2025-09-21T22:06:00.000Z,2025-09-21T22:08:59.999Z,0,-1.219381,0.0000,0.8778,-121.9381,36.6171,LATE,1
scalp_fade_3m,ETHUSDT,3m,1,STOP,2025-09-21T22:09:00.000Z,2025-09-21T22:11:59.999Z,0,-1.199641,0.0000,0.7307,-119.9641,33.3342,LATE,1
scalp_fade_3m,ETHUSDT,3m,1,STOP,2025-09-21T23:33:00.000Z,2025-09-22T00:02:59.999Z,9,-1.177904,0.4497,0.7894,-117.7904,29.4434,LATE,-1
scalp_fade_3m,ETHUSDT,3m,1,STOP,2025-09-22T00:21:00.000Z,2025-09-22T00:26:59.999Z,1,-1.145223,0.0000,0.8474,-114.5223,24.2589,ASIA,-1
scalp_fade_3m,ETHUSDT,3m,1,STOP,2025-09-22T05:33:00.000Z,2025-09-22T05:59:59.999Z,8,-1.156943,0.0116,4.6003,-115.6943,26.0167,ASIA,1
scalp_fade_3m,ETHUSDT,3m,1,STOP,2025-09-22T06:00:00.000Z,2025-09-22T06:02:59.999Z,0,-1.079517,0.1416,6.9670,-107.9517,13.3569,ASIA,1
scalp_fade_3m,ETHUSDT,3m,1,TIME,2025-09-22T11:18:00.000Z,2025-09-22T12:20:59.999Z,20,-0.217036,0.6847,0.5214,-21.7036,21.7215,LONDON,1
scalp_fade_3m,ETHUSDT,3m,1,STOP,2025-09-22T13:33:00.000Z,2025-09-22T13:47:59.999Z,4,-1.103036,0.0000,0.9269,-110.3036,17.1966,NY,1
scalp_fade_3m,ETHUSDT,3m,1,STOP,2025-09-22T19:27:00.000Z,2025-09-22T19:35:59.999Z,2,-1.119558,0.0000,0.9408,-111.9558,19.9744,NY,-1
scalp_fade_3m,ETHUSDT,3m,-1,TARGET,2025-09-23T00:03:00.000Z,2025-09-23T01:02:59.999Z,19,0.864550,1.2329,0.4685,86.4550,20.0900,ASIA,-1
scalp_fade_3m,ETHUSDT,3m,-1,TIME,2025-09-23T08:03:00.000Z,2025-09-23T09:05:59.999Z,20,-0.690650,0.9115,0.5272,-69.0650,29.2887,LONDON,-1
scalp_fade_3m,ETHUSDT,3m,-1,STOP,2025-09-23T12:15:00.000Z,2025-09-23T12:47:59.999Z,10,-1.191120,0.6841,0.9042,-119.1120,31.3963,LONDON,1
scalp_fade_3m,ETHUSDT,3m,-1,STOP,2025-09-23T12:54:00.000Z,2025-09-23T13:35:59.999Z,13,-1.163189,0.3635,1.0882,-116.3189,26.7061,LONDON,1
scalp_fade_3m,ETHUSDT,3m,-1,STOP,2025-09-23T13:39:00.000Z,2025-09-23T14:11:59.999Z,10,-1.121712,0.6336,0.8730,-112.1712,19.9466,NY,-1
scalp_fade_3m,ETHUSDT,3m,-1,TARGET,2025-09-23T14:15:00.000Z,2025-09-23T14:35:59.999Z,6,1.135841,1.2863,0.1304,113.5841,11.5468,NY,1
scalp_fade_3m,ETHUSDT,3m,1,TARGET,2025-09-23T14:36:00.000Z,2025-09-23T15:26:59.999Z,16,1.128741,1.2666,0.5143,112.8741,11.7731,NY,-1
scalp_fade_3m,ETHUSDT,3m,1,TARGET,2025-09-23T16:36:00.000Z,2025-09-23T16:53:59.999Z,5,1.052956,1.6096,0.5399,105.2956,14.2163,NY,-1
scalp_fade_3m,ETHUSDT,3m,-1,TARGET,2025-09-23T22:48:00.000Z,2025-09-23T23:23:59.999Z,11,0.871532,1.2288,0.1710,87.1532,19.9141,LATE,-1
scalp_fade_3m,ETHUSDT,3m,-1,STOP,2025-09-23T23:39:00.000Z,2025-09-24T00:20:59.999Z,13,-1.166224,1.0718,0.8531,-116.6224,27.2054,LATE,-1
scalp_fade_3m,ETHUSDT,3m,-1,STOP,2025-09-24T07:15:00.000Z,2025-09-24T07:20:59.999Z,1,-1.208459,0.0000,0.7070,-120.8459,34.5770,LONDON,-1
scalp_fade_3m,ETHUSDT,3m,-1,STOP,2025-09-24T09:30:00.000Z,2025-09-24T09:32:59.999Z,0,-1.226231,0.0000,0.7948,-122.6231,37.5752,LONDON,-1
scalp_fade_3m,ETHUSDT,3m,-1,STOP,2025-09-24T11:00:00.000Z,2025-09-24T11:11:59.999Z,3,-1.230838,0.0279,0.9676,-123.0838,38.2238,LONDON,-1
scalp_fade_3m,ETHUSDT,3m,-1,TARGET,2025-09-24T13:36:00.000Z,2025-09-24T13:38:59.999Z,0,0.910688,1.1583,0.3142,91.0688,18.7305,NY,-1
scalp_fade_3m,ETHUSDT,3m,-1,TARGET,2025-09-24T13:42:00.000Z,2025-09-24T13:59:59.999Z,5,1.089196,1.2832,0.2809,108.9196,13.0321,NY,-1
scalp_fade_3m,ETHUSDT,3m,1,TARGET,2025-09-24T17:24:00.000Z,2025-09-24T17:41:59.999Z,5,0.912954,1.1751,0.1603,91.2954,18.6620,NY,1
scalp_fade_3m,ETHUSDT,3m,1,STOP,2025-09-25T00:21:00.000Z,2025-09-25T00:26:59.999Z,1,-1.164356,0.0000,0.8532,-116.4356,27.4377,ASIA,-1
scalp_fade_3m,ETHUSDT,3m,1,STOP,2025-09-25T00:42:00.000Z,2025-09-25T00:47:59.999Z,1,-1.134613,0.0371,1.0152,-113.4613,22.4963,ASIA,-1
scalp_fade_3m,ETHUSDT,3m,1,STOP,2025-09-25T01:15:00.000Z,2025-09-25T01:26:59.999Z,3,-1.108506,0.0298,1.3742,-110.8506,18.1214,ASIA,-1
scalp_fade_3m,ETHUSDT,3m,1,TARGET,2025-09-25T07:09:00.000Z,2025-09-25T08:11:59.999Z,20,1.177024,1.2840,0.0874,117.7024,10.2331,LONDON,-1
scalp_fade_3m,ETHUSDT,3m,1,TARGET,2025-09-25T08:45:00.000Z,2025-09-25T09:17:59.999Z,10,0.996489,1.8859,0.6596,99.6489,15.9867,LONDON,1
scalp_fade_3m,ETHUSDT,3m,1,TARGET,2025-09-25T12:30:00.000Z,2025-09-25T12:35:59.999Z,1,1.292614,1.4266,0.4318,129.2614,6.6134,LONDON,-1
scalp_fade_3m,ETHUSDT,3m,1,TIME,2025-09-25T12:39:00.000Z,2025-09-25T13:41:59.999Z,20,-0.384690,0.5060,0.4476,-38.4690,7.1571,LONDON,-1
scalp_fade_3m,ETHUSDT,3m,1,STOP,2025-09-25T23:27:00.000Z,2025-09-25T23:35:59.999Z,2,-1.106293,0.3370,1.1097,-110.6293,17.7730,LATE,-1
scalp_fade_3m,ETHUSDT,3m,1,TARGET,2025-09-26T00:45:00.000Z,2025-09-26T00:53:59.999Z,2,1.160203,1.6297,0.3694,116.0203,10.8198,ASIA,1
scalp_fade_3m,ETHUSDT,3m,-1,TARGET,2025-09-26T04:18:00.000Z,2025-09-26T04:41:59.999Z,7,1.020395,1.1914,0.7634,102.0395,15.2095,ASIA,1
scalp_fade_3m,ETHUSDT,3m,1,TARGET,2025-09-26T07:09:00.000Z,2025-09-26T07:26:59.999Z,5,1.072229,1.2511,0.2390,107.2229,13.6042,LONDON,-1
scalp_fade_3m,ETHUSDT,3m,1,TIME,2025-09-26T07:33:00.000Z,2025-09-26T08:35:59.999Z,20,0.563656,1.1165,0.4156,56.3656,16.3274,LONDON,-1
scalp_fade_3m,ETHUSDT,3m,-1,STOP,2025-09-26T15:18:00.000Z,2025-09-26T16:20:59.999Z,20,-1.078944,0.3715,0.9118,-107.8944,12.7604,NY,1
scalp_fade_3m,ETHUSDT,3m,-1,TARGET,2025-09-26T19:18:00.000Z,2025-09-26T19:32:59.999Z,4,1.050662,1.3821,0.2888,105.0662,14.2605,NY,-1
scalp_fade_3m,ETHUSDT,3m,-1,STOP,2025-09-26T21:51:00.000Z,2025-09-26T22:11:59.999Z,6,-1.154930,0.3430,0.8298,-115.4930,25.5314,LATE,1
scalp_fade_3m,ETHUSDT,3m,-1,STOP,2025-09-26T23:33:00.000Z,2025-09-26T23:56:59.999Z,7,-1.182138,0.0000,0.7404,-118.2138,30.0073,LATE,-1
scalp_fade_3m,ETHUSDT,3m,-1,STOP,2025-09-27T03:51:00.000Z,2025-09-27T04:32:59.999Z,13,-1.184129,0.2959,0.7234,-118.4129,30.1499,ASIA,-1
scalp_fade_3m,ETHUSDT,3m,1,TARGET,2025-09-27T09:33:00.000Z,2025-09-27T10:35:59.999Z,20,0.864383,1.4548,0.3328,86.4383,20.1189,LONDON,-1
scalp_fade_3m,ETHUSDT,3m,-1,TARGET,2025-09-27T16:24:00.000Z,2025-09-27T17:02:59.999Z,12,0.829452,1.7788,0.1824,82.9452,21.2429,NY,-1
scalp_fade_3m,ETHUSDT,3m,1,TIME,2025-09-27T17:33:00.000Z,2025-09-27T18:35:59.999Z,20,-0.661586,0.2653,0.4439,-66.1586,19.3138,NY,-1
scalp_fade_3m,ETHUSDT,3m,-1,STOP,2025-09-28T00:06:00.000Z,2025-09-28T00:29:59.999Z,7,-1.204838,0.9749,1.2412,-120.4838,33.7635,ASIA,-1
scalp_fade_3m,ETHUSDT,3m,-1,TARGET,2025-09-28T00:36:00.000Z,2025-09-28T01:38:59.999Z,20,0.940042,1.2365,0.6871,94.0042,17.6959,ASIA,1
scalp_fade_3m,ETHUSDT,3m,1,TIME,2025-09-28T02:09:00.000Z,2025-09-28T03:11:59.999Z,20,-0.398833,0.4704,0.6246,-39.8833,28.8281,ASIA,-1
scalp_fade_3m,ETHUSDT,3m,1,TIME,2025-09-28T03:33:00.000Z,2025-09-28T04:35:59.999Z,20,-0.631997,0.3826,0.4888,-63.1997,37.6656,ASIA,1
scalp_fade_3m,ETHUSDT,3m,1,TIME,2025-09-28T06:42:00.000Z,2025-09-28T07:44:59.999Z,20,0.198929,0.7151,0.3173,19.8929,27.3321,ASIA,1
scalp_fade_3m,ETHUSDT,3m,1,STOP,2025-09-28T11:21:00.000Z,2025-09-28T11:23:59.999Z,0,-1.253138,0.0000,0.7947,-125.3138,42.2310,LONDON,1
scalp_fade_3m,ETHUSDT,3m,1,STOP,2025-09-28T11:36:00.000Z,2025-09-28T12:38:59.999Z,20,-1.201123,0.2351,0.7556,-120.1123,32.8959,LONDON,1
scalp_fade_3m,ETHUSDT,3m,-1,STOP,2025-09-28T15:48:00.000Z,2025-09-28T16:02:59.999Z,4,-1.222187,0.0282,0.9350,-122.2187,36.7483,NY,-1
scalp_fade_3m,ETHUSDT,3m,-1,STOP,2025-09-28T17:30:00.000Z,2025-09-28T17:44:59.999Z,4,-1.146631,0.1628,0.8082,-114.6631,24.2067,NY,1
scalp_fade_3m,ETHUSDT,3m,-1,STOP,2025-09-28T20:06:00.000Z,2025-09-28T20:20:59.999Z,4,-1.277668,0.2488,0.6909,-127.7668,45.9575,NY,-1
scalp_fade_3m,ETHUSDT,3m,-1,STOP,2025-09-28T20:21:00.000Z,2025-09-28T20:23:59.999Z,0,-1.244749,0.0000,0.9538,-124.4749,40.6620,NY,1
scalp_fade_3m,ETHUSDT,3m,-1,TIME,2025-09-29T00:24:00.000Z,2025-09-29T01:26:59.999Z,20,0.190274,0.8770,0.5371,19.0274,21.3412,ASIA,1
scalp_fade_3m,ETHUSDT,3m,-1,TARGET,2025-09-29T02:27:00.000Z,2025-09-29T03:05:59.999Z,12,0.917175,1.2169,0.3136,91.7175,18.4611,ASIA,-1
scalp_fade_3m,ETHUSDT,3m,-1,TIME,2025-09-29T03:51:00.000Z,2025-09-29T04:53:59.999Z,20,-0.731278,0.1518,0.6745,-73.1278,32.0234,ASIA,1
scalp_fade_3m,ETHUSDT,3m,-1,STOP,2025-09-29T09:03:00.000Z,2025-09-29T09:29:59.999Z,8,-1.158575,0.3105,0.8998,-115.8575,26.0812,LONDON,1
scalp_fade_3m,ETHUSDT,3m,-1,STOP,2025-09-29T19:18:00.000Z,2025-09-29T19:41:59.999Z,7,-1.147440,0.0000,1.0722,-114.7440,24.2656,NY,1
scalp_fade_3m,ETHUSDT,3m,-1,STOP,2025-09-29T22:33:00.000Z,2025-09-29T22:56:59.999Z,7,-1.187715,0.5335,0.7389,-118.7715,30.9300,LATE,1
scalp_fade_3m,ETHUSDT,3m,-1,TIME,2025-09-29T22:57:00.000Z,2025-09-29T23:59:59.999Z,20,0.202367,0.7676,0.3389,20.2367,27.0006,LATE,-1
scalp_fade_3m,ETHUSDT,3m,-1,TARGET,2025-09-30T00:12:00.000Z,2025-09-30T00:17:59.999Z,1,0.823961,1.5239,0.1844,82.3961,21.4839,ASIA,-1
scalp_fade_3m,ETHUSDT,3m,-1,STOP,2025-09-30T00:36:00.000Z,2025-09-30T00:50:59.999Z,4,-1.133980,0.1619,1.8026,-113.3980,22.1068,ASIA,-1
scalp_fade_3m,ETHUSDT,3m,-1,TIME,2025-09-30T02:54:00.000Z,2025-09-30T03:56:59.999Z,20,-0.271096,0.7409,0.3892,-27.1096,23.4092,ASIA,1
scalp_fade_3m,ETHUSDT,3m,1,STOP,2025-09-30T07:33:00.000Z,2025-09-30T07:41:59.999Z,2,-1.175672,0.0000,0.7245,-117.5672,29.2870,LONDON,1
scalp_fade_3m,ETHUSDT,3m,1,STOP,2025-09-30T08:39:00.000Z,2025-09-30T09:14:59.999Z,11,-1.150952,0.2254,1.0059,-115.0952,24.9512,LONDON,-1
scalp_fade_3m,ETHUSDT,3m,1,STOP,2025-09-30T12:51:00.000Z,2025-09-30T12:59:59.999Z,2,-1.181344,0.0000,0.9011,-118.1344,30.2284,LONDON,1
scalp_fade_3m,ETHUSDT,3m,1,STOP,2025-09-30T13:33:00.000Z,2025-09-30T13:56:59.999Z,7,-1.144175,0.8966,1.1110,-114.4175,23.9355,NY,1
scalp_fade_3m,ETHUSDT,3m,1,STOP,2025-09-30T14:27:00.000Z,2025-09-30T15:26:59.999Z,19,-1.086723,0.7667,1.2223,-108.6723,14.2725,NY,-1
scalp_fade_3m,ETHUSDT,3m,1,TIME,2025-09-30T17:39:00.000Z,2025-09-30T18:41:59.999Z,20,-0.121649,0.7281,0.4970,-12.1649,20.2100,NY,1
scalp_fade_3m,ETHUSDT,3m,1,STOP,2025-10-01T00:24:00.000Z,2025-10-01T00:29:59.999Z,1,-1.175886,0.0000,0.7735,-117.5886,29.3531,ASIA,1
scalp_fade_3m,ETHUSDT,3m,-1,STOP,2025-10-01T11:06:00.000Z,2025-10-01T11:20:59.999Z,4,-1.171900,0.0000,0.7601,-117.1900,28.4011,LONDON,-1
scalp_fade_3m,ETHUSDT,3m,-1,STOP,2025-10-01T12:18:00.000Z,2025-10-01T12:23:59.999Z,1,-1.152458,0.0148,1.1337,-115.2458,25.2523,LONDON,1
scalp_fade_3m,ETHUSDT,3m,-1,STOP,2025-10-01T13:15:00.000Z,2025-10-01T14:05:59.999Z,16,-1.136765,0.6706,1.4870,-113.6765,22.2920,NY,-1
scalp_fade_3m,ETHUSDT,3m,-1,STOP,2025-10-01T14:09:00.000Z,2025-10-01T14:29:59.999Z,6,-1.086198,0.0000,0.8880,-108.6198,14.1462,NY,1
scalp_fade_3m,ETHUSDT,3m,-1,TIME,2025-10-01T16:30:00.000Z,2025-10-01T17:32:59.999Z,20,0.294075,1.0095,0.4698,29.4075,24.2980,NY,-1
scalp_fade_3m,ETHUSDT,3m,-1,STOP,2025-10-01T18:57:00.000Z,2025-10-01T19:20:59.999Z,7,-1.160373,0.1680,0.9412,-116.0373,26.4057,NY,1
scalp_fade_3m,ETHUSDT,3m,-1,TIME,2025-10-01T20:12:00.000Z,2025-10-01T21:14:59.999Z,20,-0.233554,0.8690,0.3988,-23.3554,24.2043,NY,1
scalp_fade_3m,ETHUSDT,3m,-1,STOP,2025-10-01T22:18:00.000Z,2025-10-01T23:20:59.999Z,20,-1.127238,0.4227,0.9170,-112.7238,20.6457,LATE,-1
scalp_fade_3m,ETHUSDT,3m,-1,STOP,2025-10-02T01:24:00.000Z,2025-10-02T01:47:59.999Z,7,-1.132800,0.2403,1.3457,-113.2800,21.8430,ASIA,1
scalp_fade_3m,ETHUSDT,3m,-1,STOP,2025-10-02T06:30:00.000Z,2025-10-02T06:32:59.999Z,0,-1.127205,0.0000,1.1388,-112.7205,21.0694,ASIA,-1
scalp_fade_3m,ETHUSDT,3m,-1,STOP,2025-10-02T09:51:00.000Z,2025-10-02T10:02:59.999Z,3,-1.180145,0.0000,0.7081,-118.0145,29.8006,LONDON,1
scalp_fade_3m,ETHUSDT,3m,-1,TIME,2025-10-02T10:36:00.000Z,2025-10-02T11:38:59.999Z,20,-0.630347,0.7455,0.3022,-63.0347,28.9295,LONDON,-1
scalp_fade_3m,ETHUSDT,3m,-1,STOP,2025-10-02T11:57:00.000Z,2025-10-02T12:17:59.999Z,6,-1.218735,0.5219,0.8330,-121.8735,36.1004,LONDON,1
scalp_fade_3m,ETHUSDT,3m,-1,STOP,2025-10-02T12:39:00.000Z,2025-10-02T12:59:59.999Z,6,-1.166569,0.1863,0.9137,-116.6569,27.4592,LONDON,1
scalp_fade_3m,ETHUSDT,3m,-1,STOP,2025-10-02T13:39:00.000Z,2025-10-02T13:47:59.999Z,2,-1.115771,0.3762,0.9996,-111.5771,19.1238,NY,1
scalp_fade_3m,ETHUSDT,3m,-1,TARGET,2025-10-02T13:48:00.000Z,2025-10-02T14:50:59.999Z,20,1.144774,1.5430,0.4361,114.4774,11.2184,NY,-1
scalp_fade_3m,ETHUSDT,3m,-1,TIME,2025-10-02T20:45:00.000Z,2025-10-02T21:47:59.999Z,20,-0.128395,0.5285,0.5670,-12.8395,22.5668,NY,1
scalp_fade_3m,ETHUSDT,3m,-1,TARGET,2025-10-02T22:06:00.000Z,2025-10-02T22:26:59.999Z,6,0.902023,1.3992,0.1629,90.2023,18.9739,LATE,-1
scalp_fade_3m,ETHUSDT,3m,-1,STOP,2025-10-02T23:06:00.000Z,2025-10-02T23:53:59.999Z,15,-1.163102,0.2280,0.9403,-116.3102,26.6372,LATE,-1
scalp_fade_3m,ETHUSDT,3m,-1,TIME,2025-10-03T00:06:00.000Z,2025-10-03T01:08:59.999Z,20,-0.105973,0.6004,0.4876,-10.5973,29.9599,ASIA,1
scalp_fade_3m,ETHUSDT,3m,-1,STOP,2025-10-03T01:12:00.000Z,2025-10-03T02:11:59.999Z,19,-1.171120,0.4995,1.6048,-117.1120,27.8391,ASIA,-1
scalp_fade_3m,ETHUSDT,3m,-1,STOP,2025-10-03T02:36:00.000Z,2025-10-03T02:38:59.999Z,0,-1.142536,0.0350,1.2575,-114.2536,23.6248,ASIA,1
scalp_fade_3m,ETHUSDT,3m,1,TARGET,2025-10-03T08:33:00.000Z,2025-10-03T09:26:59.999Z,17,0.970128,1.4756,0.2222,97.0128,16.7894,LONDON,-1
scalp_fade_3m,ETHUSDT,3m,-1,TARGET,2025-10-03T12:33:00.000Z,2025-10-03T13:05:59.999Z,10,0.956122,1.9687,0.3620,95.6122,17.2359,LONDON,-1
scalp_fade_3m,ETHUSDT,3m,-1,TARGET,2025-10-03T13:39:00.000Z,2025-10-03T14:02:59.999Z,7,1.100616,1.2389,0.3470,110.0616,12.6621,NY,-1
scalp_fade_3m,ETHUSDT,3m,1,TARGET,2025-10-03T15:06:00.000Z,2025-10-03T15:35:59.999Z,9,1.111188,1.3313,0.6177,111.1188,12.3531,NY,1
scalp_fade_3m,ETHUSDT,3m,-1,TARGET,2025-10-03T16:51:00.000Z,2025-10-03T17:02:59.999Z,3,1.234789,1.9933,0.2204,123.4789,8.4109,NY,1
scalp_fade_3m,ETHUSDT,3m,-1,TIME,2025-10-03T22:03:00.000Z,2025-10-03T23:05:59.999Z,20,-0.070056,0.3696,0.3856,-7.0056,27.2298,LATE,-1
scalp_fade_3m,ETHUSDT,3m,1,TARGET,2025-10-04T05:45:00.000Z,2025-10-04T06:17:59.999Z,10,0.776606,1.2637,0.3167,77.6606,22.9591,ASIA,1
scalp_fade_3m,ETHUSDT,3m,-1,TIME,2025-10-04T06:45:00.000Z,2025-10-04T07:47:59.999Z,20,-0.073266,0.5493,0.5371,-7.3266,32.1451,ASIA,1
scalp_fade_3m,ETHUSDT,3m,1,TARGET,2025-10-04T12:21:00.000Z,2025-10-04T13:05:59.999Z,14,0.813325,1.0939,0.5597,81.3325,21.7702,LONDON,-1
scalp_fade_3m,ETHUSDT,3m,1,STOP,2025-10-04T17:36:00.000Z,2025-10-04T17:44:59.999Z,2,-1.171513,0.0000,0.8947,-117.1513,28.5969,NY,1
scalp_fade_3m,ETHUSDT,3m,1,TIME,2025-10-04T18:21:00.000Z,2025-10-04T19:23:59.999Z,20,-0.198737,0.3282,0.6646,-19.8737,30.2599,NY,-1
scalp_fade_3m,ETHUSDT,3m,-1,STOP,2025-10-04T21:39:00.000Z,2025-10-04T22:08:59.999Z,9,-1.224987,0.3490,0.7930,-122.4987,37.0212,LATE,-1
scalp_fade_3m,ETHUSDT,3m,-1,STOP,2025-10-04T23:33:00.000Z,2025-10-04T23:41:59.999Z,2,-1.299345,0.0000,0.5160,-129.9345,49.6587,LATE,1
scalp_fade_3m,ETHUSDT,3m,-1,STOP,2025-10-05T00:03:00.000Z,2025-10-05T00:23:59.999Z,6,-1.314976,0.4637,0.8051,-131.4976,52.0423,ASIA,1
scalp_fade_3m,ETHUSDT,3m,-1,STOP,2025-10-05T02:27:00.000Z,2025-10-05T02:29:59.999Z,0,-1.281611,0.0000,1.3042,-128.1611,46.8061,ASIA,-1
scalp_fade_3m,ETHUSDT,3m,-1,STOP,2025-10-05T02:30:00.000Z,2025-10-05T02:32:59.999Z,0,-1.229044,0.0000,2.7929,-122.9044,38.0442,ASIA,-1
scalp_fade_3m,ETHUSDT,3m,-1,TIME,2025-10-05T05:09:00.000Z,2025-10-05T06:11:59.999Z,20,-0.181545,0.3938,0.3043,-18.1545,15.2735,ASIA,1
scalp_fade_3m,ETHUSDT,3m,-1,STOP,2025-10-05T07:06:00.000Z,2025-10-05T07:11:59.999Z,1,-1.174966,0.0000,0.9707,-117.4966,29.0002,LONDON,1
scalp_fade_3m,ETHUSDT,3m,1,TIME,2025-10-05T12:39:00.000Z,2025-10-05T13:41:59.999Z,20,-0.375379,0.2948,0.5640,-37.5379,27.2469,LONDON,-1
scalp_fade_3m,ETHUSDT,3m,1,TIME,2025-10-05T13:54:00.000Z,2025-10-05T14:56:59.999Z,20,-0.537740,0.9624,0.3944,-53.7740,30.4618,NY,1
scalp_fade_3m,ETHUSDT,3m,1,STOP,2025-10-05T16:21:00.000Z,2025-10-05T16:47:59.999Z,8,-1.211200,0.2271,2.2659,-121.1200,34.9655,NY,-1
scalp_fade_3m,ETHUSDT,3m,1,STOP,2025-10-05T17:00:00.000Z,2025-10-05T17:35:59.999Z,11,-1.108784,0.2745,1.0208,-110.8784,18.0177,NY,-1
scalp_fade_3m,ETHUSDT,3m,1,STOP,2025-10-05T18:27:00.000Z,2025-10-05T19:11:59.999Z,14,-1.149037,0.6153,1.1143,-114.9037,24.5604,NY,-1
scalp_fade_3m,ETHUSDT,3m,1,STOP,2025-10-06T00:03:00.000Z,2025-10-06T00:08:59.999Z,1,-1.224406,0.0000,0.6554,-122.4406,37.4138,ASIA,-1
scalp_fade_3m,ETHUSDT,3m,1,STOP,2025-10-06T00:27:00.000Z,2025-10-06T00:56:59.999Z,9,-1.091369,0.2093,0.9484,-109.1369,15.1855,ASIA,-1
scalp_fade_3m,ETHUSDT,3m,-1,STOP,2025-10-06T02:48:00.000Z,2025-10-06T02:50:59.999Z,0,-1.127203,0.0000,1.0611,-112.7203,21.0691,ASIA,-1
scalp_fade_3m,ETHUSDT,3m,-1,TIME,2025-10-06T04:00:00.000Z,2025-10-06T05:02:59.999Z,20,0.261696,1.0617,0.5608,26.1696,29.0475,ASIA,-1
scalp_fade_3m,ETHUSDT,3m,-1,STOP,2025-10-06T11:06:00.000Z,2025-10-06T11:29:59.999Z,7,-1.180442,0.3676,1.3191,-118.0442,29.7265,LONDON,1
scalp_fade_3m,ETHUSDT,3m,-1,STOP,2025-10-06T11:36:00.000Z,2025-10-06T12:17:59.999Z,13,-1.143504,0.3321,1.0932,-114.3504,23.4690,LONDON,1
scalp_fade_3m,ETHUSDT,3m,-1,STOP,2025-10-06T13:33:00.000Z,2025-10-06T13:38:59.999Z,1,-1.135696,0.2754,2.3339,-113.5696,22.4613,NY,1
scalp_fade_3m,ETHUSDT,3m,-1,STOP,2025-10-06T13:39:00.000Z,2025-10-06T14:05:59.999Z,8,-1.087468,0.8182,0.9460,-108.7468,14.3269,NY,1
scalp_fade_3m,ETHUSDT,3m,-1,TIME,2025-10-06T15:45:00.000Z,2025-10-06T16:47:59.999Z,20,-0.752621,0.3121,0.6879,-75.2621,17.7884,NY,1
scalp_fade_3m,ETHUSDT,3m,-1,STOP,2025-10-06T18:51:00.000Z,2025-10-06T18:56:59.999Z,1,-1.148815,0.0000,1.1478,-114.8815,24.6457,NY,-1
scalp_fade_3m,ETHUSDT,3m,-1,TIME,2025-10-06T20:15:00.000Z,2025-10-06T21:17:59.999Z,20,0.653262,1.1240,0.1389,65.3262,17.6990,NY,-1
scalp_fade_3m,ETHUSDT,3m,-1,STOP,2025-10-06T22:00:00.000Z,2025-10-06T22:02:59.999Z,0,-1.148584,0.0000,0.9337,-114.8584,24.6329,LATE,1
scalp_fade_3m,ETHUSDT,3m,-1,STOP,2025-10-07T01:03:00.000Z,2025-10-07T01:11:59.999Z,2,-1.168195,0.0000,0.8828,-116.8195,27.8437,ASIA,-1
scalp_fade_3m,ETHUSDT,3m,-1,TIME,2025-10-07T01:42:00.000Z,2025-10-07T02:44:59.999Z,20,0.044997,0.8125,0.3145,4.4997,22.4027,ASIA,-1
scalp_fade_3m,ETHUSDT,3m,-1,TIME,2025-10-07T03:12:00.000Z,2025-10-07T04:14:59.999Z,20,0.008546,0.6105,0.3341,0.8546,26.9268,ASIA,1
scalp_fade_3m,ETHUSDT,3m,-1,STOP,2025-10-07T04:24:00.000Z,2025-10-07T04:32:59.999Z,2,-1.186224,0.0000,1.1360,-118.6224,30.8427,ASIA,-1
scalp_fade_3m,ETHUSDT,3m,-1,TARGET,2025-10-07T06:03:00.000Z,2025-10-07T06:17:59.999Z,4,0.923037,1.2830,0.1640,92.3037,18.3168,ASIA,1
scalp_fade_3m,ETHUSDT,3m,1,TARGET,2025-10-07T10:03:00.000Z,2025-10-07T10:11:59.999Z,2,0.817438,1.0611,0.1858,81.7438,21.7135,LONDON,1
scalp_fade_3m,ETHUSDT,3m,-1,STOP,2025-10-07T12:33:00.000Z,2025-10-07T12:47:59.999Z,4,-1.154524,0.0270,0.8249,-115.4524,25.5169,LONDON,1
scalp_fade_3m,ETHUSDT,3m,1,TARGET,2025-10-07T19:45:00.000Z,2025-10-07T20:08:59.999Z,7,1.060396,1.4605,0.3562,106.0396,13.9721,NY,1
scalp_fade_3m,ETHUSDT,3m,1,STOP,2025-10-07T21:39:00.000Z,2025-10-07T21:41:59.999Z,0,-1.176319,0.0000,0.8855,-117.6319,29.4556,LATE,1
scalp_fade_3m,ETHUSDT,3m,1,STOP,2025-10-07T23:03:00.000Z,2025-10-07T23:20:59.999Z,5,-1.164188,0.3099,0.8235,-116.4188,27.2960,LATE,-1
scalp_fade_3m,ETHUSDT,3m,1,TIME,2025-10-08T00:39:00.000Z,2025-10-08T01:41:59.999Z,20,0.491254,1.1660,0.1065,49.1254,17.5378,ASIA,1
scalp_fade_3m,ETHUSDT,3m,-1,STOP,2025-10-08T10:12:00.000Z,2025-10-08T10:23:59.999Z,3,-1.148668,0.0000,0.7931,-114.8668,24.5702,LONDON,1
scalp_fade_3m,ETHUSDT,3m,-1,TIME,2025-10-08T11:06:00.000Z,2025-10-08T12:08:59.999Z,20,0.252826,0.8468,0.7012,25.2826,24.7841,LONDON,1
scalp_fade_3m,ETHUSDT,3m,-1,TIME,2025-10-08T18:39:00.000Z,2025-10-08T19:41:59.999Z,20,0.312291,1.2322,0.3151,31.2291,17.7199,NY,-1
scalp_fade_3m,ETHUSDT,3m,-1,TIME,2025-10-08T20:18:00.000Z,2025-10-08T21:20:59.999Z,20,-0.164725,1.0940,0.2554,-16.4725,22.8337,NY,-1
scalp_fade_3m,ETHUSDT,3m,-1,STOP,2025-10-08T22:00:00.000Z,2025-10-08T22:08:59.999Z,2,-1.194064,0.0402,0.7303,-119.4064,32.1467,LATE,1
scalp_fade_3m,ETHUSDT,3m,-1,TARGET,2025-10-09T00:21:00.000Z,2025-10-09T00:59:59.999Z,12,0.839579,1.1058,0.4535,83.9579,20.9217,ASIA,1
scalp_fade_3m,ETHUSDT,3m,1,TARGET,2025-10-09T04:15:00.000Z,2025-10-09T05:05:59.999Z,16,0.909566,1.1980,0.1601,90.9566,18.7113,ASIA,1
scalp_fade_3m,ETHUSDT,3m,1,STOP,2025-10-09T13:15:00.000Z,2025-10-09T13:35:59.999Z,6,-1.124220,0.4602,0.9595,-112.4220,20.6622,NY,1
scalp_fade_3m,ETHUSDT,3m,1,STOP,2025-10-09T16:21:00.000Z,2025-10-09T16:59:59.999Z,12,-1.094425,0.3577,1.4642,-109.4425,15.6406,NY,1
scalp_fade_3m,ETHUSDT,3m,1,STOP,2025-10-09T18:36:00.000Z,2025-10-09T18:53:59.999Z,5,-1.115844,0.0000,0.8495,-111.5844,19.2979,NY,1
scalp_fade_3m,ETHUSDT,3m,-1,STOP,2025-10-10T00:03:00.000Z,2025-10-10T00:20:59.999Z,5,-1.209410,0.5512,0.6639,-120.9410,34.5915,ASIA,-1
scalp_fade_3m,ETHUSDT,3m,-1,STOP,2025-10-10T03:27:00.000Z,2025-10-10T03:29:59.999Z,0,-1.141735,0.0000,0.7918,-114.1735,23.4913,ASIA,-1
scalp_fade_3m,ETHUSDT,3m,1,STOP,2025-10-10T06:21:00.000Z,2025-10-10T06:38:59.999Z,5,-1.143466,0.0000,1.3271,-114.3466,23.8678,ASIA,1
scalp_fade_3m,ETHUSDT,3m,1,TIME,2025-10-10T07:48:00.000Z,2025-10-10T08:50:59.999Z,20,0.373859,0.7549,0.6482,37.3859,21.9395,LONDON,1
scalp_fade_3m,ETHUSDT,3m,1,TIME,2025-10-10T09:51:00.000Z,2025-10-10T10:53:59.999Z,20,0.380381,0.9541,0.3698,38.0381,21.6024,LONDON,-1
scalp_fade_3m,ETHUSDT,3m,1,TARGET,2025-10-10T12:12:00.000Z,2025-10-10T13:05:59.999Z,17,0.924403,1.1510,0.4714,92.4403,18.2364,LONDON,1
scalp_fade_3m,ETHUSDT,3m,-1,TARGET,2025-10-10T14:03:00.000Z,2025-10-10T14:23:59.999Z,6,1.157221,1.3949,0.4860,115.7221,10.8677,NY,1
scalp_fade_3m,ETHUSDT,3m,1,STOP,2025-10-10T20:51:00.000Z,2025-10-10T20:53:59.999Z,0,-1.063828,0.2010,2.8348,-106.3828,10.7478,NY,1
scalp_fade_3m,ETHUSDT,3m,1,TIME,2025-10-10T23:51:00.000Z,2025-10-11T00:53:59.999Z,20,-0.119858,0.4490,0.8343,-11.9858,6.5185,LATE,-1
scalp_fade_3m,ETHUSDT,3m,1,TARGET,2025-10-11T02:09:00.000Z,2025-10-11T02:44:59.999Z,11,1.337937,1.9157,0.0512,133.7937,5.1580,ASIA,-1
scalp_fade_3m,ETHUSDT,3m,1,STOP,2025-10-11T03:09:00.000Z,2025-10-11T03:20:59.999Z,3,-1.060531,0.0521,0.9462,-106.0531,10.1677,ASIA,-1
scalp_fade_3m,ETHUSDT,3m,1,STOP,2025-10-11T05:18:00.000Z,2025-10-11T05:29:59.999Z,3,-1.073650,0.1003,1.1778,-107.3650,12.3427,ASIA,1
scalp_fade_3m,ETHUSDT,3m,1,STOP,2025-10-11T07:24:00.000Z,2025-10-11T07:38:59.999Z,4,-1.070732,0.2718,0.9847,-107.0732,11.8466,LONDON,-1
scalp_fade_3m,ETHUSDT,3m,1,TARGET,2025-10-11T07:51:00.000Z,2025-10-11T08:17:59.999Z,8,1.265559,1.6594,0.1872,126.5559,7.4588,LONDON,-1
scalp_fade_3m,ETHUSDT,3m,1,STOP,2025-10-11T12:09:00.000Z,2025-10-11T12:53:59.999Z,14,-1.092871,0.7244,0.8797,-109.2871,15.3537,LONDON,1
scalp_fade_3m,ETHUSDT,3m,1,STOP,2025-10-11T13:30:00.000Z,2025-10-11T13:32:59.999Z,0,-1.097650,0.0000,1.6338,-109.7650,16.3725,NY,1
scalp_fade_3m,ETHUSDT,3m,1,TARGET,2025-10-11T13:33:00.000Z,2025-10-11T13:59:59.999Z,8,1.225257,1.4023,0.1642,122.5257,8.7375,NY,1
scalp_fade_3m,ETHUSDT,3m,1,STOP,2025-10-12T00:03:00.000Z,2025-10-12T00:20:59.999Z,5,-1.115322,0.1245,1.2469,-111.5322,19.2115,ASIA,1
scalp_fade_3m,ETHUSDT,3m,1,TIME,2025-10-12T01:06:00.000Z,2025-10-12T02:08:59.999Z,20,-0.291541,0.4934,0.4084,-29.1541,10.6916,ASIA,-1
scalp_fade_3m,ETHUSDT,3m,-1,TIME,2025-10-12T04:48:00.000Z,2025-10-12T05:50:59.999Z,20,-0.463938,0.5671,0.3326,-46.3938,15.8513,ASIA,1
scalp_fade_3m,ETHUSDT,3m,-1,TIME,2025-10-12T07:21:00.000Z,2025-10-12T08:23:59.999Z,20,-0.455679,1.1374,0.2942,-45.5679,22.2971,LONDON,1
scalp_fade_3m,ETHUSDT,3m,-1,STOP,2025-10-12T09:54:00.000Z,2025-10-12T10:02:59.999Z,2,-1.118523,0.0000,1.7246,-111.8523,19.5815,LONDON,-1
scalp_fade_3m,ETHUSDT,3m,-1,TIME,2025-10-12T11:09:00.000Z,2025-10-12T12:11:59.999Z,20,-0.796977,0.6900,0.5689,-79.6977,21.3069,LONDON,1
scalp_fade_3m,ETHUSDT,3m,-1,TARGET,2025-10-12T12:51:00.000Z,2025-10-12T13:23:59.999Z,10,1.067406,1.4460,0.2304,106.7406,13.7050,LONDON,-1
scalp_fade_3m,ETHUSDT,3m,-1,STOP,2025-10-12T13:42:00.000Z,2025-10-12T14:38:59.999Z,18,-1.081612,0.5796,0.9744,-108.1612,13.2228,NY,-1
scalp_fade_3m,ETHUSDT,3m,-1,STOP,2025-10-12T14:39:00.000Z,2025-10-12T14:47:59.999Z,2,-1.089448,0.2037,4.7324,-108.9448,14.7454,NY,1
scalp_fade_3m,ETHUSDT,3m,-1,STOP,2025-10-12T16:45:00.000Z,2025-10-12T16:47:59.999Z,0,-1.047167,0.3547,1.0876,-104.7167,7.7285,NY,-1
scalp_fade_3m,ETHUSDT,3m,-1,STOP,2025-10-12T20:30:00.000Z,2025-10-12T20:50:59.999Z,6,-1.107943,0.4063,1.9562,-110.7943,17.7482,NY,1
scalp_fade_3m,ETHUSDT,3m,-1,TARGET,2025-10-12T21:15:00.000Z,2025-10-12T21:35:59.999Z,6,1.279478,1.6593,0.1326,127.9478,6.9843,LATE,-1
scalp_fade_3m,ETHUSDT,3m,-1,TIME,2025-10-12T22:06:00.000Z,2025-10-12T23:08:59.999Z,20,-0.176169,0.4635,0.6238,-17.6169,11.0937,LATE,1
scalp_fade_3m,ETHUSDT,3m,-1,STOP,2025-10-13T00:54:00.000Z,2025-10-13T01:32:59.999Z,12,-1.077532,0.4444,0.9112,-107.7532,12.6325,ASIA,-1
scalp_fade_3m,ETHUSDT,3m,-1,STOP,2025-10-13T06:09:00.000Z,2025-10-13T06:29:59.999Z,6,-1.108777,0.0952,0.9723,-110.8777,17.8862,ASIA,1
scalp_fade_3m,ETHUSDT,3m,-1,TARGET,2025-10-13T08:15:00.000Z,2025-10-13T09:14:59.999Z,19,1.130555,1.4857,0.4511,113.0555,11.6716,LONDON,-1
scalp_fade_3m,ETHUSDT,3m,1,TIME,2025-10-13T14:36:00.000Z,2025-10-13T15:38:59.999Z,20,-0.154434,0.3159,0.9002,-15.4434,8.1271,NY,-1
scalp_fade_3m,ETHUSDT,3m,-1,STOP,2025-10-13T19:57:00.000Z,2025-10-13T20:59:59.999Z,20,-1.087935,0.3301,1.3322,-108.7935,14.2284,NY,1
scalp_fade_3m,ETHUSDT,3m,-1,TIME,2025-10-13T22:03:00.000Z,2025-10-13T23:05:59.999Z,20,-0.170236,0.7745,0.5369,-17.0236,21.8859,LATE,-1
scalp_fade_3m,ETHUSDT,3m,-1,TARGET,2025-10-14T00:33:00.000Z,2025-10-14T00:50:59.999Z,5,1.057408,1.4259,0.3133,105.7408,14.0422,ASIA,1
scalp_fade_3m,ETHUSDT,3m,1,STOP,2025-10-14T05:09:00.000Z,2025-10-14T05:26:59.999Z,5,-1.082368,0.1662,0.8915,-108.2368,13.7594,ASIA,-1
scalp_fade_3m,ETHUSDT,3m,1,STOP,2025-10-14T06:06:00.000Z,2025-10-14T06:23:59.999Z,5,-1.073937,0.0746,1.0815,-107.3937,12.3645,ASIA,-1
scalp_fade_3m,ETHUSDT,3m,1,TIME,2025-10-14T08:12:00.000Z,2025-10-14T09:14:59.999Z,20,-0.040519,0.4704,0.5901,-4.0519,9.1270,LONDON,-1
scalp_fade_3m,ETHUSDT,3m,1,STOP,2025-10-14T09:48:00.000Z,2025-10-14T10:08:59.999Z,6,-1.097322,0.1802,0.9303,-109.7322,16.2167,LONDON,1
scalp_fade_3m,ETHUSDT,3m,1,STOP,2025-10-14T12:06:00.000Z,2025-10-14T12:23:59.999Z,5,-1.099026,0.5755,0.8599,-109.9026,16.5154,LONDON,-1
scalp_fade_3m,ETHUSDT,3m,1,STOP,2025-10-14T12:54:00.000Z,2025-10-14T13:11:59.999Z,5,-1.073493,0.0022,0.8975,-107.3493,12.2911,LONDON,-1
scalp_fade_3m,ETHUSDT,3m,1,STOP,2025-10-14T13:36:00.000Z,2025-10-14T13:38:59.999Z,0,-1.061716,0.0000,1.3843,-106.1716,10.3966,NY,1
scalp_fade_3m,ETHUSDT,3m,1,TARGET,2025-10-14T13:42:00.000Z,2025-10-14T14:17:59.999Z,11,1.319277,1.7355,0.3964,131.9277,5.7496,NY,1
scalp_fade_3m,ETHUSDT,3m,-1,TIME,2025-10-14T17:06:00.000Z,2025-10-14T18:08:59.999Z,20,-0.223271,0.2674,0.4451,-22.3271,5.8785,NY,1
scalp_fade_3m,ETHUSDT,3m,-1,TARGET,2025-10-14T19:33:00.000Z,2025-10-14T19:38:59.999Z,1,1.136865,2.8848,0.2623,113.6865,11.5307,NY,1
scalp_fade_3m,ETHUSDT,3m,-1,STOP,2025-10-14T23:03:00.000Z,2025-10-14T23:08:59.999Z,1,-1.130026,0.0000,0.8287,-113.0026,21.5173,LATE,1
scalp_fade_3m,ETHUSDT,3m,-1,STOP,2025-10-15T01:51:00.000Z,2025-10-15T02:20:59.999Z,9,-1.091149,0.2124,0.9757,-109.1149,14.9200,ASIA,-1
scalp_fade_3m,ETHUSDT,3m,1,STOP,2025-10-15T12:21:00.000Z,2025-10-15T12:29:59.999Z,2,-1.114694,0.5965,1.2372,-111.4694,19.1672,LONDON,-1
scalp_fade_3m,ETHUSDT,3m,1,STOP,2025-10-15T12:54:00.000Z,2025-10-15T13:08:59.999Z,4,-1.105880,0.1354,0.9402,-110.5880,17.6676,LONDON,-1
scalp_fade_3m,ETHUSDT,3m,1,STOP,2025-10-15T13:39:00.000Z,2025-10-15T13:47:59.999Z,2,-1.077533,0.2083,1.4211,-107.7533,12.9999,NY,-1
scalp_fade_3m,ETHUSDT,3m,1,STOP,2025-10-15T13:48:00.000Z,2025-10-15T13:50:59.999Z,0,-1.057160,0.0000,0.9991,-105.7160,9.6390,NY,-1
scalp_fade_3m,ETHUSDT,3m,1,STOP,2025-10-15T15:30:00.000Z,2025-10-15T15:44:59.999Z,4,-1.058716,0.1930,0.9305,-105.8716,9.8565,NY,-1
scalp_fade_3m,ETHUSDT,3m,1,TARGET,2025-10-15T22:51:00.000Z,2025-10-15T23:44:59.999Z,17,1.133451,1.4624,0.2739,113.3451,11.6207,LATE,1
scalp_fade_3m,ETHUSDT,3m,1,TARGET,2025-10-16T00:09:00.000Z,2025-10-16T01:11:59.999Z,20,1.060265,1.3300,0.3032,106.0265,13.9250,ASIA,1
scalp_fade_3m,ETHUSDT,3m,-1,TARGET,2025-10-16T04:12:00.000Z,2025-10-16T04:47:59.999Z,11,0.976358,1.7035,0.5510,97.6358,16.5891,ASIA,1
scalp_fade_3m,ETHUSDT,3m,-1,TARGET,2025-10-16T05:36:00.000Z,2025-10-16T05:53:59.999Z,5,1.092274,1.7745,0.1563,109.2274,12.9344,ASIA,-1
scalp_fade_3m,ETHUSDT,3m,-1,STOP,2025-10-16T13:33:00.000Z,2025-10-16T13:38:59.999Z,1,-1.106606,0.1994,0.9524,-110.6606,17.6176,NY,-1
scalp_fade_3m,ETHUSDT,3m,-1,TARGET,2025-10-16T13:39:00.000Z,2025-10-16T13:50:59.999Z,3,1.169342,1.6462,0.2024,116.9342,10.4916,NY,-1
scalp_fade_3m,ETHUSDT,3m,-1,TARGET,2025-10-16T14:42:00.000Z,2025-10-16T15:05:59.999Z,7,1.285410,1.3882,0.4350,128.5410,6.7939,NY,-1
scalp_fade_3m,ETHUSDT,3m,-1,TARGET,2025-10-17T05:24:00.000Z,2025-10-17T05:53:59.999Z,9,0.989371,1.2253,0.4638,98.9371,16.1855,ASIA,-1
scalp_fade_3m,ETHUSDT,3m,1,STOP,2025-10-17T12:54:00.000Z,2025-10-17T13:14:59.999Z,6,-1.095670,0.3100,0.9393,-109.5670,15.9435,LONDON,1
scalp_fade_3m,ETHUSDT,3m,1,STOP,2025-10-17T13:42:00.000Z,2025-10-17T13:44:59.999Z,0,-1.057221,0.1626,1.0042,-105.7221,9.6490,NY,1
scalp_fade_3m,ETHUSDT,3m,1,TIME,2025-10-17T13:45:00.000Z,2025-10-17T14:47:59.999Z,20,-0.092100,1.1430,0.9168,-9.2100,8.0991,NY,1
scalp_fade_3m,ETHUSDT,3m,-1,STOP,2025-10-17T17:51:00.000Z,2025-10-17T18:32:59.999Z,13,-1.073493,0.1531,0.9154,-107.3493,11.9553,NY,1
scalp_fade_3m,ETHUSDT,3m,-1,STOP,2025-10-18T00:27:00.000Z,2025-10-18T01:20:59.999Z,17,-1.134130,0.4927,1.1200,-113.4130,21.8377,ASIA,-1
scalp_fade_3m,ETHUSDT,3m,-1,STOP,2025-10-18T03:18:00.000Z,2025-10-18T03:32:59.999Z,4,-1.154154,0.0487,0.7919,-115.4154,25.4555,ASIA,-1
scalp_fade_3m,ETHUSDT,3m,-1,STOP,2025-10-18T05:06:00.000Z,2025-10-18T05:41:59.999Z,11,-1.163408,0.2439,0.8800,-116.3408,26.7972,ASIA,-1
scalp_fade_3m,ETHUSDT,3m,-1,STOP,2025-10-18T05:42:00.000Z,2025-10-18T06:05:59.999Z,7,-1.163051,0.0000,0.9817,-116.3051,26.8488,ASIA,1
scalp_fade_3m,ETHUSDT,3m,-1,STOP,2025-10-18T10:27:00.000Z,2025-10-18T10:32:59.999Z,1,-1.162574,0.0000,0.9423,-116.2574,26.9368,LONDON,-1
scalp_fade_3m,ETHUSDT,3m,-1,TIME,2025-10-18T10:33:00.000Z,2025-10-18T11:35:59.999Z,20,0.124366,0.8850,0.7434,12.4366,24.5141,LONDON,-1
scalp_fade_3m,ETHUSDT,3m,-1,STOP,2025-10-18T12:00:00.000Z,2025-10-18T12:14:59.999Z,4,-1.185965,0.2399,0.7430,-118.5965,30.7358,LONDON,-1
scalp_fade_3m,ETHUSDT,3m,-1,STOP,2025-10-18T15:42:00.000Z,2025-10-18T16:02:59.999Z,6,-1.167927,0.0000,0.7689,-116.7927,27.6843,NY,1
scalp_fade_3m,ETHUSDT,3m,-1,STOP,2025-10-18T19:24:00.000Z,2025-10-18T19:50:59.999Z,8,-1.188747,0.0000,0.7054,-118.8747,31.0688,NY,-1
scalp_fade_3m,ETHUSDT,3m,-1,STOP,2025-10-18T20:18:00.000Z,2025-10-18T20:26:59.999Z,2,-1.176493,0.0000,0.7450,-117.6493,29.2241,NY,1
scalp_fade_3m,ETHUSDT,3m,-1,TIME,2025-10-18T21:36:00.000Z,2025-10-18T22:38:59.999Z,20,-0.767653,0.1177,0.6679,-76.7653,22.8987,LATE,-1
scalp_fade_3m,ETHUSDT,3m,1,TIME,2025-10-19T01:21:00.000Z,2025-10-19T02:23:59.999Z,20,-0.496933,0.4542,0.4506,-49.6933,27.5763,ASIA,-1
scalp_fade_3m,ETHUSDT,3m,1,TARGET,2025-10-19T02:24:00.000Z,2025-10-19T03:20:59.999Z,18,0.758563,1.0120,0.5204,75.8563,23.4782,ASIA,1
scalp_fade_3m,ETHUSDT,3m,-1,STOP,2025-10-19T05:18:00.000Z,2025-10-19T05:23:59.999Z,1,-1.173373,0.0011,0.9625,-117.3373,28.7348,ASIA,1
scalp_fade_3m,ETHUSDT,3m,-1,STOP,2025-10-19T07:39:00.000Z,2025-10-19T08:02:59.999Z,7,-1.172092,0.4750,0.8804,-117.2092,28.3450,LONDON,1
scalp_fade_3m,ETHUSDT,3m,-1,STOP,2025-10-19T08:15:00.000Z,2025-10-19T08:20:59.999Z,1,-1.172985,0.1908,5.6030,-117.2985,28.6702,LONDON,-1
scalp_fade_3m,ETHUSDT,3m,-1,TARGET,2025-10-19T08:21:00.000Z,2025-10-19T08:26:59.999Z,1,1.240934,2.7635,0.1864,124.0934,8.2203,LONDON,-1
scalp_fade_3m,ETHUSDT,3m,-1,STOP,2025-10-19T13:27:00.000Z,2025-10-19T13:32:59.999Z,1,-1.170553,0.0000,1.3705,-117.0553,28.2653,NY,1
scalp_fade_3m,ETHUSDT,3m,-1,TIME,2025-10-19T14:42:00.000Z,2025-10-19T15:44:59.999Z,20,-0.259790,0.0471,0.6653,-25.9790,14.5715,NY,1
scalp_fade_3m,ETHUSDT,3m,-1,STOP,2025-10-19T16:45:00.000Z,2025-10-19T17:05:59.999Z,6,-1.130643,0.2658,2.0789,-113.0643,21.5084,NY,-1
scalp_fade_3m,ETHUSDT,3m,-1,TARGET,2025-10-19T19:03:00.000Z,2025-10-19T19:11:59.999Z,2,0.906512,1.6144,0.1626,90.6512,18.8527,NY,1
scalp_fade_3m,ETHUSDT,3m,-1,STOP,2025-10-19T20:48:00.000Z,2025-10-19T20:56:59.999Z,2,-1.168569,0.0000,1.0036,-116.8569,27.9059,NY,-1
scalp_fade_3m,ETHUSDT,3m,-1,STOP,2025-10-19T22:06:00.000Z,2025-10-19T22:20:59.999Z,4,-1.136142,0.2352,1.2355,-113.6142,22.4657,LATE,1
scalp_fade_3m,ETHUSDT,3m,-1,TIME,2025-10-20T08:33:00.000Z,2025-10-20T09:35:59.999Z,20,0.671060,1.0052,0.7005,67.1060,18.7005,LONDON,-1
scalp_fade_3m,ETHUSDT,3m,-1,TARGET,2025-10-20T10:27:00.000Z,2025-10-20T10:47:59.999Z,6,0.937128,1.6107,0.3725,93.7128,17.8588,LONDON,1
scalp_fade_3m,ETHUSDT,3m,-1,TIME,2025-10-20T11:27:00.000Z,2025-10-20T12:29:59.999Z,20,-0.708337,0.2396,0.6589,-70.8337,20.8570,LONDON,-1
scalp_fade_3m,ETHUSDT,3m,-1,STOP,2025-10-20T13:06:00.000Z,2025-10-20T13:41:59.999Z,11,-1.151248,0.7783,0.8298,-115.1248,24.7933,NY,-1
scalp_fade_3m,ETHUSDT,3m,-1,TIME,2025-10-20T13:48:00.000Z,2025-10-20T14:50:59.999Z,20,-0.432969,0.9985,0.7022,-43.2969,18.6251,NY,-1
scalp_fade_3m,ETHUSDT,3m,-1,TARGET,2025-10-20T15:54:00.000Z,2025-10-20T15:59:59.999Z,1,1.088780,1.3009,0.3108,108.8780,13.0602,NY,1
scalp_fade_3m,ETHUSDT,3m,1,STOP,2025-10-20T17:03:00.000Z,2025-10-20T17:29:59.999Z,8,-1.078681,0.1837,0.8833,-107.8681,13.1086,NY,-1
scalp_fade_3m,ETHUSDT,3m,1,STOP,2025-10-20T21:18:00.000Z,2025-10-20T21:41:59.999Z,7,-1.147374,0.0000,1.0964,-114.7374,24.4636,LATE,1
scalp_fade_3m,ETHUSDT,3m,1,STOP,2025-10-20T23:09:00.000Z,2025-10-20T23:17:59.999Z,2,-1.189603,0.0000,0.7130,-118.9603,31.5990,LATE,1
scalp_fade_3m,ETHUSDT,3m,1,STOP,2025-10-20T23:27:00.000Z,2025-10-20T23:53:59.999Z,8,-1.200128,0.2657,0.8919,-120.0128,33.1393,LATE,1
scalp_fade_3m,ETHUSDT,3m,1,TARGET,2025-10-21T05:42:00.000Z,2025-10-21T06:38:59.999Z,18,1.101260,1.3342,0.3181,110.1260,12.6359,ASIA,1
scalp_fade_3m,ETHUSDT,3m,1,TARGET,2025-10-21T07:15:00.000Z,2025-10-21T07:32:59.999Z,5,0.953802,1.2360,0.1492,95.3802,17.3649,LONDON,1
scalp_fade_3m,ETHUSDT,3m,1,STOP,2025-10-21T08:03:00.000Z,2025-10-21T08:08:59.999Z,1,-1.178169,0.0627,0.8204,-117.8169,29.7324,LONDON,1
scalp_fade_3m,ETHUSDT,3m,1,STOP,2025-10-21T08:24:00.000Z,2025-10-21T08:38:59.999Z,4,-1.143696,0.0757,1.2364,-114.3696,23.9306,LONDON,1
scalp_fade_3m,ETHUSDT,3m,1,STOP,2025-10-21T08:57:00.000Z,2025-10-21T09:05:59.999Z,2,-1.121055,0.0000,0.8297,-112.1055,20.2228,LONDON,-1
scalp_fade_3m,ETHUSDT,3m,1,TIME,2025-10-21T09:15:00.000Z,2025-10-21T10:17:59.999Z,20,-0.227334,0.3935,0.4488,-22.7334,23.3313,LONDON,-1
scalp_fade_3m,ETHUSDT,3m,1,TARGET,2025-10-21T10:21:00.000Z,2025-10-21T10:50:59.999Z,9,0.942011,1.5055,0.5211,94.2011,17.7192,LONDON,-1
scalp_fade_3m,ETHUSDT,3m,1,TARGET,2025-10-21T14:06:00.000Z,2025-10-21T14:11:59.999Z,1,1.177389,1.7717,0.0882,117.7389,10.2765,NY,1
scalp_fade_3m,ETHUSDT,3m,1,TIME,2025-10-22T00:36:00.000Z,2025-10-22T01:38:59.999Z,20,0.518906,0.8541,0.3989,51.8906,10.2932,ASIA,1
scalp_fade_3m,ETHUSDT,3m,1,TARGET,2025-10-22T03:36:00.000Z,2025-10-22T04:11:59.999Z,11,1.004283,1.2118,0.3240,100.4283,15.7351,ASIA,-1
scalp_fade_3m,ETHUSDT,3m,1,STOP,2025-10-22T05:09:00.000Z,2025-10-22T05:23:59.999Z,4,-1.167096,0.0453,1.0940,-116.7096,27.8060,ASIA,1
scalp_fade_3m,ETHUSDT,3m,1,TIME,2025-10-22T05:51:00.000Z,2025-10-22T06:53:59.999Z,20,-0.277735,0.5383,0.3226,-27.7735,19.0737,ASIA,1
scalp_fade_3m,ETHUSDT,3m,1,STOP,2025-10-22T06:54:00.000Z,2025-10-22T07:02:59.999Z,2,-1.152213,0.0023,0.7929,-115.2213,25.3938,ASIA,1
scalp_fade_3m,ETHUSDT,3m,1,STOP,2025-10-22T08:15:00.000Z,2025-10-22T09:14:59.999Z,19,-1.150150,0.3682,0.8776,-115.0150,24.6165,LONDON,1
scalp_fade_3m,ETHUSDT,3m,1,STOP,2025-10-22T10:54:00.000Z,2025-10-22T10:59:59.999Z,1,-1.116549,0.0000,1.0891,-111.6549,19.4952,LONDON,1
scalp_fade_3m,ETHUSDT,3m,1,TARGET,2025-10-22T13:33:00.000Z,2025-10-22T13:59:59.999Z,8,1.090434,1.8899,0.6695,109.0434,13.0151,NY,-1
scalp_fade_3m,ETHUSDT,3m,1,TIME,2025-10-22T15:18:00.000Z,2025-10-22T16:20:59.999Z,20,0.156020,0.9982,0.4878,15.6020,8.9789,NY,-1
scalp_fade_3m,ETHUSDT,3m,1,TIME,2025-10-22T16:33:00.000Z,2025-10-22T17:35:59.999Z,20,0.408960,1.1857,0.1524,40.8960,10.1261,NY,1
scalp_fade_3m,ETHUSDT,3m,1,TIME,2025-10-22T18:27:00.000Z,2025-10-22T19:29:59.999Z,20,0.018241,0.6930,0.4839,1.8241,12.5664,NY,-1
scalp_fade_3m,ETHUSDT,3m,1,STOP,2025-10-22T19:36:00.000Z,2025-10-22T19:59:59.999Z,7,-1.101415,0.5149,1.3754,-110.1415,16.8757,NY,1
scalp_fade_3m,ETHUSDT,3m,1,STOP,2025-10-22T20:03:00.000Z,2025-10-22T20:17:59.999Z,4,-1.084131,0.0000,0.8993,-108.4131,14.0657,NY,-1
scalp_fade_3m,ETHUSDT,3m,-1,TIME,2025-10-23T01:24:00.000Z,2025-10-23T02:26:59.999Z,20,-0.889384,0.0669,0.7800,-88.9384,19.0460,ASIA,1
scalp_fade_3m,ETHUSDT,3m,-1,STOP,2025-10-23T03:00:00.000Z,2025-10-23T03:20:59.999Z,6,-1.181540,0.0000,0.7615,-118.1540,29.9392,ASIA,1
scalp_fade_3m,ETHUSDT,3m,-1,STOP,2025-10-23T04:21:00.000Z,2025-10-23T04:41:59.999Z,6,-1.194220,0.2411,1.3979,-119.4220,32.0397,ASIA,1
scalp_fade_3m,ETHUSDT,3m,1,STOP,2025-10-23T13:30:00.000Z,2025-10-23T13:44:59.999Z,4,-1.133717,1.0916,0.8951,-113.3717,22.2780,NY,-1
scalp_fade_3m,ETHUSDT,3m,1,STOP,2025-10-23T13:48:00.000Z,2025-10-23T14:08:59.999Z,6,-1.080667,0.3186,0.9406,-108.0667,13.4639,NY,1
scalp_fade_3m,ETHUSDT,3m,-1,TIME,2025-10-23T17:36:00.000Z,2025-10-23T18:38:59.999Z,20,0.728886,1.1626,0.8229,72.8886,13.7333,NY,1
scalp_fade_3m,ETHUSDT,3m,1,TIME,2025-10-23T21:00:00.000Z,2025-10-23T22:02:59.999Z,20,-0.264516,0.2763,0.4803,-26.4516,18.1054,LATE,-1
scalp_fade_3m,ETHUSDT,3m,1,TARGET,2025-10-24T00:03:00.000Z,2025-10-24T00:50:59.999Z,15,0.908229,1.4820,0.6974,90.8229,18.7589,ASIA,1
scalp_fade_3m,ETHUSDT,3m,-1,STOP,2025-10-24T02:33:00.000Z,2025-10-24T02:56:59.999Z,7,-1.161613,0.2527,1.0750,-116.1613,26.6108,ASIA,1
scalp_fade_3m,ETHUSDT,3m,-1,STOP,2025-10-24T03:12:00.000Z,2025-10-24T04:14:59.999Z,20,-1.160934,0.6352,0.7888,-116.0934,26.1476,ASIA,1
scalp_fade_3m,ETHUSDT,3m,-1,STOP,2025-10-24T06:03:00.000Z,2025-10-24T06:29:59.999Z,8,-1.136331,0.3082,0.9137,-113.6331,22.4042,ASIA,1
scalp_fade_3m,ETHUSDT,3m,-1,STOP,2025-10-24T08:45:00.000Z,2025-10-24T09:26:59.999Z,13,-1.129629,0.1449,0.7916,-112.9629,21.1871,LONDON,-1
scalp_fade_3m,ETHUSDT,3m,-1,STOP,2025-10-24T12:03:00.000Z,2025-10-24T12:32:59.999Z,9,-1.140379,0.5156,4.5687,-114.0379,23.0496,LONDON,1
scalp_fade_3m,ETHUSDT,3m,-1,TIME,2025-10-24T12:33:00.000Z,2025-10-24T13:35:59.999Z,20,0.683275,1.1070,0.1233,68.3275,10.1208,LONDON,1
scalp_fade_3m,ETHUSDT,3m,1,TIME,2025-10-24T17:12:00.000Z,2025-10-24T18:14:59.999Z,20,0.866717,1.1608,0.1979,86.6717,17.7575,NY,-1
scalp_fade_3m,ETHUSDT,3m,-1,TIME,2025-10-24T21:27:00.000Z,2025-10-24T22:29:59.999Z,20,-0.818137,0.1582,0.6944,-81.8137,25.3370,LATE,1
scalp_fade_3m,ETHUSDT,3m,-1,STOP,2025-10-25T02:15:00.000Z,2025-10-25T02:53:59.999Z,12,-1.209855,0.0257,0.9998,-120.9855,34.4159,ASIA,1
scalp_fade_3m,ETHUSDT,3m,-1,STOP,2025-10-25T06:48:00.000Z,2025-10-25T07:17:59.999Z,9,-1.230773,0.1287,0.7359,-123.0773,37.9767,ASIA,1
scalp_fade_3m,ETHUSDT,3m,-1,TIME,2025-10-25T07:36:00.000Z,2025-10-25T08:38:59.999Z,20,-0.721918,0.3942,0.6226,-72.1918,20.9053,LONDON,1
scalp_fade_3m,ETHUSDT,3m,-1,STOP,2025-10-25T12:06:00.000Z,2025-10-25T12:11:59.999Z,1,-1.268506,0.0000,1.5868,-126.8506,44.5753,LONDON,-1
scalp_fade_3m,ETHUSDT,3m,-1,STOP,2025-10-25T12:57:00.000Z,2025-10-25T13:02:59.999Z,1,-1.226393,0.0000,0.8909,-122.6393,37.5632,LONDON,1
scalp_fade_3m,ETHUSDT,3m,1,TIME,2025-10-25T16:09:00.000Z,2025-10-25T17:11:59.999Z,20,-0.135562,0.5106,0.5031,-13.5562,35.4135,NY,1
scalp_fade_3m,ETHUSDT,3m,1,TARGET,2025-10-25T17:36:00.000Z,2025-10-25T18:23:59.999Z,15,0.456702,0.7926,0.5099,45.6702,33.0565,NY,1
scalp_fade_3m,ETHUSDT,3m,-1,TARGET,2025-10-25T20:42:00.000Z,2025-10-25T21:17:59.999Z,11,0.739355,1.8071,0.2078,73.9355,24.1067,NY,-1
scalp_fade_3m,ETHUSDT,3m,-1,STOP,2025-10-25T22:03:00.000Z,2025-10-25T22:20:59.999Z,5,-1.219616,0.0000,0.8046,-121.9616,36.2839,LATE,-1
scalp_fade_3m,ETHUSDT,3m,-1,STOP,2025-10-26T00:30:00.000Z,2025-10-26T00:38:59.999Z,2,-1.211232,0.0000,0.7797,-121.1232,35.0023,ASIA,-1
scalp_fade_3m,ETHUSDT,3m,-1,STOP,2025-10-26T07:36:00.000Z,2025-10-26T07:41:59.999Z,1,-1.258867,0.0000,0.6060,-125.8867,42.9704,LONDON,1
scalp_fade_3m,ETHUSDT,3m,-1,STOP,2025-10-26T10:51:00.000Z,2025-10-26T11:20:59.999Z,9,-1.178728,0.5864,1.4639,-117.8728,29.3823,LONDON,-1
scalp_fade_3m,ETHUSDT,3m,-1,STOP,2025-10-26T17:12:00.000Z,2025-10-26T17:23:59.999Z,3,-1.170760,0.0000,0.7460,-117.0760,28.2411,NY,1
scalp_fade_3m,ETHUSDT,3m,-1,STOP,2025-10-26T18:06:00.000Z,2025-10-26T18:20:59.999Z,4,-1.186812,0.0000,1.0230,-118.6812,30.8764,NY,1
scalp_fade_3m,ETHUSDT,3m,-1,STOP,2025-10-26T20:36:00.000Z,2025-10-26T21:35:59.999Z,19,-1.198329,0.8646,0.6997,-119.8329,32.2863,NY,-1
scalp_fade_3m,ETHUSDT,3m,-1,STOP,2025-10-26T21:36:00.000Z,2025-10-26T21:41:59.999Z,1,-1.154426,0.0000,1.5578,-115.4426,25.5800,LATE,-1
scalp_fade_3m,ETHUSDT,3m,-1,STOP,2025-10-26T22:03:00.000Z,2025-10-26T22:05:59.999Z,0,-1.073751,0.0530,1.6413,-107.3751,12.1595,LATE,-1
scalp_fade_3m,ETHUSDT,3m,-1,STOP,2025-10-27T06:51:00.000Z,2025-10-27T07:08:59.999Z,5,-1.139049,0.2462,0.9331,-113.9049,22.9245,ASIA,-1
scalp_fade_3m,ETHUSDT,3m,1,TIME,2025-10-27T09:48:00.000Z,2025-10-27T10:50:59.999Z,20,-0.386880,0.4640,0.5608,-38.6880,20.8274,LONDON,1
scalp_fade_3m,ETHUSDT,3m,1,TIME,2025-10-27T11:21:00.000Z,2025-10-27T12:23:59.999Z,20,0.138257,0.9218,0.6092,13.8257,17.8632,LONDON,1
scalp_fade_3m,ETHUSDT,3m,1,STOP,2025-10-27T13:33:00.000Z,2025-10-27T13:38:59.999Z,1,-1.134464,0.2817,0.9214,-113.4464,22.4716,NY,1
scalp_fade_3m,ETHUSDT,3m,1,STOP,2025-10-27T14:06:00.000Z,2025-10-27T14:20:59.999Z,4,-1.076855,0.0000,0.9640,-107.6855,12.8606,NY,-1
scalp_fade_3m,ETHUSDT,3m,-1,TIME,2025-10-27T17:48:00.000Z,2025-10-27T18:50:59.999Z,20,-0.318160,0.7621,0.5846,-31.8160,21.2103,NY,1
scalp_fade_3m,ETHUSDT,3m,1,STOP,2025-10-27T22:57:00.000Z,2025-10-27T23:17:59.999Z,6,-1.123235,0.0000,1.0025,-112.3235,20.4994,LATE,1
scalp_fade_3m,ETHUSDT,3m,1,TIME,2025-10-28T00:03:00.000Z,2025-10-28T01:05:59.999Z,20,-0.405439,0.9685,0.7284,-40.5439,25.9161,ASIA,1
scalp_fade_3m,ETHUSDT,3m,1,STOP,2025-10-28T05:33:00.000Z,2025-10-28T05:47:59.999Z,4,-1.155525,0.1121,1.4791,-115.5525,25.8896,ASIA,-1
scalp_fade_3m,ETHUSDT,3m,-1,TIME,2025-10-28T09:45:00.000Z,2025-10-28T10:47:59.999Z,20,-0.096334,0.6241,0.4706,-9.6334,26.1287,LONDON,-1
scalp_fade_3m,ETHUSDT,3m,1,TARGET,2025-10-28T11:06:00.000Z,2025-10-28T11:38:59.999Z,10,0.798651,1.0263,0.1905,79.8651,22.2601,LONDON,-1
scalp_fade_3m,ETHUSDT,3m,-1,TARGET,2025-10-28T11:45:00.000Z,2025-10-28T12:23:59.999Z,12,0.826235,1.1857,0.1832,82.6235,21.3449,LONDON,1
scalp_fade_3m,ETHUSDT,3m,1,STOP,2025-10-28T23:06:00.000Z,2025-10-29T00:02:59.999Z,18,-1.140771,0.3167,0.7880,-114.0771,23.1106,LATE,1
scalp_fade_3m,ETHUSDT,3m,1,TIME,2025-10-29T01:51:00.000Z,2025-10-29T02:53:59.999Z,20,0.634225,0.9278,0.4064,63.4225,17.5561,ASIA,1
scalp_fade_3m,ETHUSDT,3m,1,TIME,2025-10-29T03:06:00.000Z,2025-10-29T04:08:59.999Z,20,0.284510,0.8063,0.2173,28.4510,25.5817,ASIA,1
scalp_fade_3m,ETHUSDT,3m,-1,TARGET,2025-10-29T07:57:00.000Z,2025-10-29T08:41:59.999Z,14,0.880368,1.1970,0.4184,88.0368,19.6172,LONDON,1
scalp_fade_3m,ETHUSDT,3m,1,TARGET,2025-10-29T12:24:00.000Z,2025-10-29T13:08:59.999Z,14,0.824671,1.1513,0.5574,82.4671,21.4108,LONDON,-1
scalp_fade_3m,ETHUSDT,3m,1,STOP,2025-10-29T15:30:00.000Z,2025-10-29T15:35:59.999Z,1,-1.104459,0.2845,0.9845,-110.4459,17.4868,NY,-1
scalp_fade_3m,ETHUSDT,3m,1,STOP,2025-10-29T18:36:00.000Z,2025-10-29T18:41:59.999Z,1,-1.040599,0.5655,1.0790,-104.0599,6.8776,NY,1
scalp_fade_3m,ETHUSDT,3m,1,TARGET,2025-10-29T21:15:00.000Z,2025-10-29T21:35:59.999Z,6,1.077438,1.4857,0.1149,107.7438,13.4350,LATE,1
scalp_fade_3m,ETHUSDT,3m,1,STOP,2025-10-29T22:42:00.000Z,2025-10-29T23:05:59.999Z,7,-1.146331,0.2472,1.1297,-114.6331,24.2914,LATE,-1
scalp_fade_3m,ETHUSDT,3m,1,STOP,2025-10-30T03:06:00.000Z,2025-10-30T03:50:59.999Z,14,-1.169312,0.6225,0.8582,-116.9312,27.8839,ASIA,-1
scalp_fade_3m,ETHUSDT,3m,1,TIME,2025-10-30T04:42:00.000Z,2025-10-30T05:44:59.999Z,20,0.247564,0.4311,0.9013,24.7564,8.5261,ASIA,-1
scalp_fade_3m,ETHUSDT,3m,1,TARGET,2025-10-30T06:18:00.000Z,2025-10-30T07:11:59.999Z,17,1.087845,1.3274,0.1122,108.7845,13.0640,ASIA,1
scalp_fade_3m,ETHUSDT,3m,1,STOP,2025-10-30T09:33:00.000Z,2025-10-30T09:38:59.999Z,1,-1.127495,0.0000,1.0226,-112.7495,21.3138,LONDON,-1
scalp_fade_3m,ETHUSDT,3m,1,STOP,2025-10-30T19:06:00.000Z,2025-10-30T19:41:59.999Z,11,-1.090382,0.4168,1.6071,-109.0382,14.9919,NY,-1
scalp_fade_3m,ETHUSDT,3m,-1,STOP,2025-10-31T10:36:00.000Z,2025-10-31T10:41:59.999Z,1,-1.178444,0.0000,0.7162,-117.8444,29.5793,LONDON,-1
scalp_fade_3m,ETHUSDT,3m,-1,STOP,2025-10-31T13:48:00.000Z,2025-10-31T14:08:59.999Z,6,-1.090275,0.0965,0.9262,-109.0275,14.8216,NY,-1
scalp_fade_3m,ETHUSDT,3m,-1,STOP,2025-10-31T14:12:00.000Z,2025-10-31T15:11:59.999Z,19,-1.085691,0.4982,1.0859,-108.5691,13.8761,NY,-1
scalp_fade_3m,ETHUSDT,3m,-1,TARGET,2025-10-31T23:48:00.000Z,2025-11-01T00:02:59.999Z,4,0.690581,0.9537,0.2206,69.0581,25.7048,LATE,-1
scalp_fade_3m,ETHUSDT,3m,-1,STOP,2025-11-01T04:12:00.000Z,2025-11-01T04:35:59.999Z,7,-1.182057,0.2334,0.7537,-118.2057,29.9938,ASIA,1
scalp_fade_3m,ETHUSDT,3m,-1,STOP,2025-11-01T08:09:00.000Z,2025-11-01T08:17:59.999Z,2,-1.216807,0.0000,0.7093,-121.6807,35.9297,LONDON,1
scalp_fade_3m,ETHUSDT,3m,-1,STOP,2025-11-01T08:30:00.000Z,2025-11-01T08:32:59.999Z,0,-1.191491,0.0000,0.8387,-119.1491,31.7847,LONDON,1
scalp_fade_3m,ETHUSDT,3m,-1,TIME,2025-11-01T09:48:00.000Z,2025-11-01T10:50:59.999Z,20,-0.685954,0.2883,0.4226,-68.5954,33.1185,LONDON,-1
scalp_fade_3m,ETHUSDT,3m,-1,STOP,2025-11-01T12:18:00.000Z,2025-11-01T12:41:59.999Z,7,-1.257723,0.0000,0.5883,-125.7723,42.5147,LONDON,1
scalp_fade_3m,ETHUSDT,3m,-1,STOP,2025-11-01T14:45:00.000Z,2025-11-01T15:05:59.999Z,6,-1.179892,0.1705,1.7137,-117.9892,29.6663,NY,1
scalp_fade_3m,ETHUSDT,3m,-1,TARGET,2025-11-01T20:48:00.000Z,2025-11-01T21:47:59.999Z,19,0.669306,0.9637,0.2932,66.9306,26.2691,NY,1
scalp_fade_3m,ETHUSDT,3m,1,STOP,2025-11-02T00:03:00.000Z,2025-11-02T00:11:59.999Z,2,-1.272686,0.0000,0.5505,-127.2686,45.3876,ASIA,1
scalp_fade_3m,ETHUSDT,3m,1,STOP,2025-11-02T00:33:00.000Z,2025-11-02T00:38:59.999Z,1,-1.226850,0.0000,0.7048,-122.6850,37.8199,ASIA,-1
scalp_fade_3m,ETHUSDT,3m,-1,STOP,2025-11-02T04:12:00.000Z,2025-11-02T04:41:59.999Z,9,-1.221711,0.2112,0.8927,-122.1711,36.4802,ASIA,-1
scalp_fade_3m,ETHUSDT,3m,-1,TARGET,2025-11-02T09:09:00.000Z,2025-11-02T09:32:59.999Z,7,0.697803,1.0786,0.4762,69.7803,25.4535,LONDON,-1
scalp_fade_3m,ETHUSDT,3m,1,STOP,2025-11-02T12:24:00.000Z,2025-11-02T12:41:59.999Z,5,-1.172450,0.2723,0.8777,-117.2450,28.6630,LONDON,1
scalp_fade_3m,ETHUSDT,3m,1,STOP,2025-11-02T15:45:00.000Z,2025-11-02T16:02:59.999Z,5,-1.142625,0.1242,0.8756,-114.2625,23.7286,NY,1
scalp_fade_3m,ETHUSDT,3m,1,STOP,2025-11-02T19:06:00.000Z,2025-11-02T19:08:59.999Z,0,-1.231425,0.0000,0.8454,-123.1425,38.6201,NY,1
scalp_fade_3m,ETHUSDT,3m,1,STOP,2025-11-02T19:09:00.000Z,2025-11-02T19:23:59.999Z,4,-1.214618,0.2467,0.7445,-121.4618,35.6765,NY,1
scalp_fade_3m,ETHUSDT,3m,1,TARGET,2025-11-02T21:15:00.000Z,2025-11-02T21:47:59.999Z,10,0.685551,1.0210,0.3592,68.5551,25.8465,LATE,1
scalp_fade_3m,ETHUSDT,3m,1,STOP,2025-11-02T22:33:00.000Z,2025-11-02T22:35:59.999Z,0,-1.208769,0.0000,0.9862,-120.8769,34.8522,LATE,-1
scalp_fade_3m,ETHUSDT,3m,1,STOP,2025-11-03T05:39:00.000Z,2025-11-03T05:50:59.999Z,3,-1.118826,0.0000,0.8046,-111.8826,19.8323,ASIA,1
scalp_fade_3m,ETHUSDT,3m,1,STOP,2025-11-03T06:12:00.000Z,2025-11-03T06:41:59.999Z,9,-1.106987,0.5487,0.8441,-110.6987,17.7588,ASIA,-1
scalp_fade_3m,ETHUSDT,3m,1,TARGET,2025-11-03T08:51:00.000Z,2025-11-03T09:08:59.999Z,5,1.139364,1.4646,0.1311,113.9364,11.4724,LONDON,-1
scalp_fade_3m,ETHUSDT,3m,1,TIME,2025-11-03T11:06:00.000Z,2025-11-03T12:08:59.999Z,20,0.365518,0.8309,0.1011,36.5518,11.4590,LONDON,-1
scalp_fade_3m,ETHUSDT,3m,1,STOP,2025-11-03T12:39:00.000Z,2025-11-03T13:08:59.999Z,9,-1.129830,0.2732,0.9217,-112.9830,21.5226,LONDON,1
scalp_fade_3m,ETHUSDT,3m,1,TARGET,2025-11-03T13:27:00.000Z,2025-11-03T13:56:59.999Z,9,1.063848,1.2891,0.1190,106.3848,13.8547,NY,-1
scalp_fade_3m,ETHUSDT,3m,1,STOP,2025-11-03T14:33:00.000Z,2025-11-03T15:17:59.999Z,14,-1.114535,1.0903,1.0437,-111.4535,18.9049,NY,1
scalp_fade_3m,ETHUSDT,3m,1,STOP,2025-11-03T19:18:00.000Z,2025-11-03T20:08:59.999Z,16,-1.093398,0.5063,1.0092,-109.3398,15.4084,NY,-1
scalp_fade_3m,ETHUSDT,3m,1,TIME,2025-11-03T21:18:00.000Z,2025-11-03T22:20:59.999Z,20,0.821035,1.1542,0.0668,82.1035,9.5056,LATE,-1
scalp_fade_3m,ETHUSDT,3m,1,TIME,2025-11-03T22:39:00.000Z,2025-11-03T23:41:59.999Z,20,0.144857,0.5456,0.8604,14.4857,12.4226,LATE,-1
scalp_fade_3m,ETHUSDT,3m,1,STOP,2025-11-04T00:21:00.000Z,2025-11-04T00:23:59.999Z,0,-1.120419,0.0000,0.9562,-112.0419,20.1592,ASIA,1
scalp_fade_3m,ETHUSDT,3m,1,TARGET,2025-11-04T00:24:00.000Z,2025-11-04T00:38:59.999Z,4,1.102293,2.2469,0.7666,110.2293,12.6531,ASIA,1
scalp_fade_3m,ETHUSDT,3m,-1,STOP,2025-11-04T03:03:00.000Z,2025-11-04T03:17:59.999Z,4,-1.104537,0.5530,0.8817,-110.4537,17.2195,ASIA,-1
scalp_fade_3m,ETHUSDT,3m,1,STOP,2025-11-04T07:18:00.000Z,2025-11-04T08:14:59.999Z,18,-1.053955,0.0987,1.0040,-105.3955,8.9377,LONDON,-1
scalp_fade_3m,ETHUSDT,3m,1,TARGET,2025-11-04T10:30:00.000Z,2025-11-04T11:11:59.999Z,13,1.136869,1.2668,0.6876,113.6869,11.5255,LONDON,1
scalp_fade_3m,ETHUSDT,3m,1,STOP,2025-11-04T12:18:00.000Z,2025-11-04T12:35:59.999Z,5,-1.103022,0.1502,0.8656,-110.3022,17.1765,LONDON,1
scalp_fade_3m,ETHUSDT,3m,1,STOP,2025-11-04T13:03:00.000Z,2025-11-04T13:29:59.999Z,8,-1.121849,0.6403,0.9603,-112.1849,20.2285,NY,-1
scalp_fade_3m,ETHUSDT,3m,1,STOP,2025-11-04T14:33:00.000Z,2025-11-04T14:38:59.999Z,1,-1.089302,0.0000,1.3231,-108.9302,14.9687,NY,-1
scalp_fade_3m,ETHUSDT,3m,1,TARGET,2025-11-04T21:48:00.000Z,2025-11-04T22:08:59.999Z,6,1.408529,1.5137,0.3422,140.8529,2.9243,LATE,-1
scalp_fade_3m,ETHUSDT,3m,-1,STOP,2025-11-05T04:33:00.000Z,2025-11-05T04:50:59.999Z,5,-1.089453,0.3150,0.8944,-108.9453,14.7004,ASIA,-1
scalp_fade_3m,ETHUSDT,3m,-1,TIME,2025-11-05T06:21:00.000Z,2025-11-05T07:23:59.999Z,20,0.442092,1.2157,0.4007,44.2092,15.2654,ASIA,-1
scalp_fade_3m,ETHUSDT,3m,1,STOP,2025-11-05T10:03:00.000Z,2025-11-05T10:20:59.999Z,5,-1.096873,0.0884,0.8886,-109.6873,16.1591,LONDON,1
scalp_fade_3m,ETHUSDT,3m,1,STOP,2025-11-05T10:39:00.000Z,2025-11-05T10:50:59.999Z,3,-1.104391,0.2102,0.8939,-110.4391,17.4391,LONDON,1
scalp_fade_3m,ETHUSDT,3m,-1,STOP,2025-11-05T19:18:00.000Z,2025-11-05T20:14:59.999Z,18,-1.099770,0.4273,1.0673,-109.9770,16.1937,NY,1
scalp_fade_3m,ETHUSDT,3m,-1,TARGET,2025-11-05T23:24:00.000Z,2025-11-06T00:02:59.999Z,12,0.995594,1.5543,0.5461,99.5594,15.9744,LATE,-1
scalp_fade_3m,ETHUSDT,3m,1,TARGET,2025-11-06T02:12:00.000Z,2025-11-06T02:47:59.999Z,11,1.119558,1.4172,0.4978,111.9558,12.0808,ASIA,-1
scalp_fade_3m,ETHUSDT,3m,-1,STOP,2025-11-06T03:57:00.000Z,2025-11-06T04:14:59.999Z,5,-1.139207,0.1637,0.8167,-113.9207,22.9506,ASIA,1
scalp_fade_3m,ETHUSDT,3m,1,STOP,2025-11-06T06:21:00.000Z,2025-11-06T07:17:59.999Z,18,-1.103901,0.4438,1.7506,-110.3901,17.0916,ASIA,-1
scalp_fade_3m,ETHUSDT,3m,1,STOP,2025-11-06T07:27:00.000Z,2025-11-06T07:41:59.999Z,4,-1.088988,0.1190,0.9191,-108.8988,14.8701,LONDON,-1
scalp_fade_3m,ETHUSDT,3m,1,TIME,2025-11-06T09:03:00.000Z,2025-11-06T10:05:59.999Z,20,-0.472586,0.8619,0.2258,-47.2586,18.6999,LONDON,1
scalp_fade_3m,ETHUSDT,3m,1,TARGET,2025-11-06T10:15:00.000Z,2025-11-06T10:35:59.999Z,6,1.059278,2.1751,0.2938,105.9278,14.0115,LONDON,-1
scalp_fade_3m,ETHUSDT,3m,1,STOP,2025-11-06T12:03:00.000Z,2025-11-06T12:17:59.999Z,4,-1.135016,0.5911,0.8003,-113.5016,22.4931,LONDON,1
scalp_fade_3m,ETHUSDT,3m,1,STOP,2025-11-06T14:06:00.000Z,2025-11-06T14:08:59.999Z,0,-1.089924,0.0000,0.9406,-108.9924,15.0877,NY,-1
scalp_fade_3m,ETHUSDT,3m,1,STOP,2025-11-06T19:42:00.000Z,2025-11-06T20:32:59.999Z,16,-1.083358,0.7005,0.8791,-108.3358,13.7661,NY,1
scalp_fade_3m,ETHUSDT,3m,1,TARGET,2025-11-06T21:06:00.000Z,2025-11-06T21:44:59.999Z,12,1.207448,1.3797,0.1368,120.7448,9.2920,LATE,-1
scalp_fade_3m,ETHUSDT,3m,1,STOP,2025-11-06T23:03:00.000Z,2025-11-06T23:20:59.999Z,5,-1.106416,0.3124,1.1890,-110.6416,17.7381,LATE,-1
scalp_fade_3m,ETHUSDT,3m,1,TIME,2025-11-06T23:27:00.000Z,2025-11-07T00:29:59.999Z,20,-0.515388,0.9707,0.7428,-51.5388,14.5982,LATE,-1
scalp_fade_3m,ETHUSDT,3m,1,STOP,2025-11-07T01:09:00.000Z,2025-11-07T01:35:59.999Z,8,-1.077558,0.6254,1.4884,-107.7558,12.9233,ASIA,-1
scalp_fade_3m,ETHUSDT,3m,-1,STOP,2025-11-07T07:03:00.000Z,2025-11-07T07:20:59.999Z,5,-1.152738,0.2211,0.7728,-115.2738,25.1943,LONDON,1
scalp_fade_3m,ETHUSDT,3m,1,STOP,2025-11-07T14:33:00.000Z,2025-11-07T14:38:59.999Z,1,-1.087627,0.0000,1.8624,-108.7627,14.6905,NY,-1
scalp_fade_3m,ETHUSDT,3m,-1,STOP,2025-11-07T20:09:00.000Z,2025-11-07T20:35:59.999Z,8,-1.092612,0.4171,0.8879,-109.2612,15.1773,NY,1
scalp_fade_3m,ETHUSDT,3m,-1,STOP,2025-11-08T03:45:00.000Z,2025-11-08T04:23:59.999Z,12,-1.108233,0.0075,0.9515,-110.8233,17.6866,ASIA,1
scalp_fade_3m,ETHUSDT,3m,-1,TIME,2025-11-08T06:18:00.000Z,2025-11-08T07:20:59.999Z,20,-0.137286,0.2156,0.6163,-13.7286,13.5641,ASIA,-1
scalp_fade_3m,ETHUSDT,3m,-1,STOP,2025-11-08T10:27:00.000Z,2025-11-08T11:23:59.999Z,18,-1.141468,0.0956,0.7790,-114.1468,23.0161,LONDON,-1
scalp_fade_3m,ETHUSDT,3m,1,STOP,2025-11-08T19:21:00.000Z,2025-11-08T19:23:59.999Z,0,-1.153378,0.0000,1.5748,-115.3378,25.6405,NY,1
scalp_fade_3m,ETHUSDT,3m,-1,STOP,2025-11-08T22:48:00.000Z,2025-11-08T23:32:59.999Z,14,-1.169497,0.0000,1.0006,-116.9497,27.7152,LATE,1
scalp_fade_3m,ETHUSDT,3m,1,STOP,2025-11-09T04:36:00.000Z,2025-11-09T04:50:59.999Z,4,-1.152878,0.2153,0.7822,-115.2878,25.4513,ASIA,1
scalp_fade_3m,ETHUSDT,3m,-1,STOP,2025-11-09T13:36:00.000Z,2025-11-09T13:53:59.999Z,5,-1.129945,0.1258,0.8967,-112.9945,21.4148,NY,1
scalp_fade_3m,ETHUSDT,3m,-1,STOP,2025-11-09T14:03:00.000Z,2025-11-09T14:11:59.999Z,2,-1.128960,0.0077,1.2575,-112.8960,21.3176,NY,-1
scalp_fade_3m,ETHUSDT,3m,-1,TIME,2025-11-09T20:12:00.000Z,2025-11-09T21:14:59.999Z,20,-0.501396,0.2368,0.8091,-50.1396,13.6856,NY,1
scalp_fade_3m,ETHUSDT,3m,-1,TIME,2025-11-09T21:18:00.000Z,2025-11-09T22:20:59.999Z,20,0.052507,0.9002,0.6932,5.2507,19.6662,LATE,1
scalp_fade_3m,ETHUSDT,3m,-1,TIME,2025-11-09T23:15:00.000Z,2025-11-10T00:17:59.999Z,20,0.033008,1.1434,0.2870,3.3008,11.3577,LATE,1
scalp_fade_3m,ETHUSDT,3m,-1,TIME,2025-11-10T01:12:00.000Z,2025-11-10T02:14:59.999Z,20,0.129969,0.5341,0.5194,12.9969,10.6620,ASIA,1
scalp_fade_3m,ETHUSDT,3m,-1,TARGET,2025-11-10T04:51:00.000Z,2025-11-10T05:35:59.999Z,14,1.045419,1.3034,0.6448,104.5419,14.3863,ASIA,-1
scalp_fade_3m,ETHUSDT,3m,-1,STOP,2025-11-10T07:06:00.000Z,2025-11-10T07:11:59.999Z,1,-1.151060,0.0000,0.9592,-115.1060,25.0196,LONDON,1
scalp_fade_3m,ETHUSDT,3m,-1,TARGET,2025-11-10T08:27:00.000Z,2025-11-10T08:38:59.999Z,3,0.998854,1.1632,0.1373,99.8854,15.9116,LONDON,-1
scalp_fade_3m,ETHUSDT,3m,-1,STOP,2025-11-10T09:27:00.000Z,2025-11-10T09:35:59.999Z,2,-1.135595,0.0000,0.9571,-113.5595,22.4213,LONDON,-1
scalp_fade_3m,ETHUSDT,3m,1,TARGET,2025-11-10T13:24:00.000Z,2025-11-10T13:38:59.999Z,4,1.066891,1.2139,0.2134,106.6891,13.7776,NY,-1
scalp_fade_3m,ETHUSDT,3m,1,TARGET,2025-11-10T18:57:00.000Z,2025-11-10T19:41:59.999Z,14,1.046612,1.6996,0.7695,104.6612,14.3811,NY,1
scalp_fade_3m,ETHUSDT,3m,-1,STOP,2025-11-11T00:09:00.000Z,2025-11-11T00:56:59.999Z,15,-1.134734,1.0633,1.1349,-113.4734,21.9816,ASIA,-1
scalp_fade_3m,ETHUSDT,3m,1,TARGET,2025-11-11T08:42:00.000Z,2025-11-11T09:05:59.999Z,7,1.057634,1.3201,0.1332,105.7634,14.0597,LONDON,1
scalp_fade_3m,ETHUSDT,3m,1,STOP,2025-11-11T09:45:00.000Z,2025-11-11T09:53:59.999Z,2,-1.131457,0.0000,1.0514,-113.1457,21.9492,LONDON,1
scalp_fade_3m,ETHUSDT,3m,1,STOP,2025-11-11T13:30:00.000Z,2025-11-11T13:56:59.999Z,8,-1.104513,1.0208,1.3787,-110.4513,17.3691,NY,1
scalp_fade_3m,ETHUSDT,3m,1,STOP,2025-11-11T14:57:00.000Z,2025-11-11T15:32:59.999Z,11,-1.055828,0.4064,1.2498,-105.5828,9.3105,NY,-1
scalp_fade_3m,ETHUSDT,3m,1,TIME,2025-11-11T18:09:00.000Z,2025-11-11T19:11:59.999Z,20,-0.496647,0.7191,0.6630,-49.6647,14.3372,NY,-1
scalp_fade_3m,ETHUSDT,3m,1,STOP,2025-11-11T20:51:00.000Z,2025-11-11T21:38:59.999Z,15,-1.097872,0.2520,1.1913,-109.7872,16.1569,NY,-1
scalp_fade_3m,ETHUSDT,3m,1,TIME,2025-11-11T23:51:00.000Z,2025-11-12T00:53:59.999Z,20,-0.187413,0.8421,0.4102,-18.7413,16.3324,LATE,-1
scalp_fade_3m,ETHUSDT,3m,1,STOP,2025-11-12T02:21:00.000Z,2025-11-12T02:35:59.999Z,4,-1.111935,0.2885,1.1353,-111.1935,18.6704,ASIA,1
scalp_fade_3m,ETHUSDT,3m,1,TIME,2025-11-12T04:06:00.000Z,2025-11-12T05:08:59.999Z,20,0.643110,1.0926,0.3990,64.3110,26.0589,ASIA,1
scalp_fade_3m,ETHUSDT,3m,1,STOP,2025-11-12T06:42:00.000Z,2025-11-12T06:56:59.999Z,4,-1.189150,0.0000,0.7730,-118.9150,31.4585,ASIA,1
scalp_fade_3m,ETHUSDT,3m,-1,STOP,2025-11-12T09:39:00.000Z,2025-11-12T10:23:59.999Z,14,-1.108402,0.3042,1.3334,-110.8402,17.6781,LONDON,1
scalp_fade_3m,ETHUSDT,3m,-1,TIME,2025-11-12T12:21:00.000Z,2025-11-12T13:23:59.999Z,20,-0.006494,1.0115,0.1907,-0.6494,17.5386,LONDON,1
scalp_fade_3m,ETHUSDT,3m,1,TIME,2025-11-12T23:06:00.000Z,2025-11-13T00:08:59.999Z,20,0.081254,0.7329,0.4232,8.1254,20.2361,LATE,1
scalp_fade_3m,ETHUSDT,3m,1,TARGET,2025-11-13T00:24:00.000Z,2025-11-13T00:38:59.999Z,4,1.041885,1.3023,0.4878,104.1885,14.5719,ASIA,1
scalp_fade_3m,ETHUSDT,3m,1,TARGET,2025-11-13T00:48:00.000Z,2025-11-13T01:14:59.999Z,8,1.128657,1.8702,0.3723,112.8657,11.8024,ASIA,1
scalp_fade_3m,ETHUSDT,3m,-1,STOP,2025-11-13T04:15:00.000Z,2025-11-13T04:59:59.999Z,14,-1.068217,0.4493,0.8937,-106.8217,11.0764,ASIA,1
scalp_fade_3m,ETHUSDT,3m,-1,STOP,2025-11-13T07:09:00.000Z,2025-11-13T07:26:59.999Z,5,-1.096030,0.0043,0.8662,-109.6030,15.7910,LONDON,1
scalp_fade_3m,ETHUSDT,3m,-1,TIME,2025-11-13T11:03:00.000Z,2025-11-13T12:05:59.999Z,20,0.461529,0.9452,0.5545,46.1529,21.7330,LONDON,-1
scalp_fade_3m,ETHUSDT,3m,-1,TARGET,2025-11-13T12:39:00.000Z,2025-11-13T13:23:59.999Z,14,1.057476,1.5290,0.4643,105.7476,14.0042,LONDON,-1
scalp_fade_3m,ETHUSDT,3m,1,TARGET,2025-11-13T14:42:00.000Z,2025-11-13T14:53:59.999Z,3,1.275809,1.6608,0.7157,127.5809,7.1436,NY,-1
scalp_fade_3m,ETHUSDT,3m,1,STOP,2025-11-13T15:03:00.000Z,2025-11-13T15:35:59.999Z,10,-1.045156,0.4498,0.9587,-104.5156,7.5634,NY,1
scalp_fade_3m,ETHUSDT,3m,1,STOP,2025-11-13T16:36:00.000Z,2025-11-13T16:41:59.999Z,1,-1.059177,0.0000,1.1665,-105.9177,9.9639,NY,-1
scalp_fade_3m,ETHUSDT,3m,1,STOP,2025-11-13T19:06:00.000Z,2025-11-13T19:56:59.999Z,16,-1.048511,0.3492,1.2758,-104.8511,8.0656,NY,-1
scalp_fade_3m,ETHUSDT,3m,1,STOP,2025-11-13T23:54:00.000Z,2025-11-14T00:08:59.999Z,4,-1.068906,0.0074,1.0007,-106.8906,11.5442,LATE,1
scalp_fade_3m,ETHUSDT,3m,1,TIME,2025-11-14T01:30:00.000Z,2025-11-14T02:32:59.999Z,20,1.036749,1.3181,0.3557,103.6749,9.1979,ASIA,-1
scalp_fade_3m,ETHUSDT,3m,1,STOP,2025-11-14T03:18:00.000Z,2025-11-14T03:44:59.999Z,8,-1.089683,0.1680,0.8862,-108.9683,14.9233,ASIA,-1
scalp_fade_3m,ETHUSDT,3m,1,TIME,2025-11-14T05:03:00.000Z,2025-11-14T06:05:59.999Z,20,-0.051775,0.5799,0.5014,-5.1775,6.7863,ASIA,-1
scalp_fade_3m,ETHUSDT,3m,1,TIME,2025-11-14T08:27:00.000Z,2025-11-14T09:29:59.999Z,20,-0.242063,0.8937,0.4384,-24.2063,10.9376,LONDON,1
scalp_fade_3m,ETHUSDT,3m,1,STOP,2025-11-14T10:57:00.000Z,2025-11-14T11:11:59.999Z,4,-1.098737,0.0828,0.9246,-109.8737,16.4846,LONDON,1
scalp_fade_3m,ETHUSDT,3m,1,STOP,2025-11-14T11:27:00.000Z,2025-11-14T11:29:59.999Z,0,-1.090079,0.0000,1.0272,-109.0079,15.1135,LONDON,-1
scalp_fade_3m,ETHUSDT,3m,1,TARGET,2025-11-14T14:33:00.000Z,2025-11-14T14:38:59.999Z,1,1.321307,1.8441,0.4318,132.1307,5.7013,NY,-1
scalp_fade_3m,ETHUSDT,3m,-1,STOP,2025-11-14T15:57:00.000Z,2025-11-14T16:29:59.999Z,10,-1.046995,0.2927,1.3346,-104.6995,7.6210,NY,1
scalp_fade_3m,ETHUSDT,3m,-1,TARGET,2025-11-14T18:15:00.000Z,2025-11-14T18:47:59.999Z,10,1.280368,1.4649,0.0959,128.0368,6.9481,NY,-1
scalp_fade_3m,ETHUSDT,3m,1,TARGET,2025-11-14T22:15:00.000Z,2025-11-14T22:32:59.999Z,5,1.208641,1.5819,0.2517,120.8641,9.2725,LATE,1
scalp_fade_3m,ETHUSDT,3m,-1,STOP,2025-11-15T04:57:00.000Z,2025-11-15T05:53:59.999Z,18,-1.130933,0.6486,0.7945,-113.0933,21.2924,ASIA,-1
scalp_fade_3m,ETHUSDT,3m,-1,TIME,2025-11-15T06:54:00.000Z,2025-11-15T07:56:59.999Z,20,-0.392968,0.5386,0.6475,-39.2968,21.8621,ASIA,1
scalp_fade_3m,ETHUSDT,3m,1,TARGET,2025-11-15T09:51:00.000Z,2025-11-15T10:44:59.999Z,17,1.061637,1.2406,0.2554,106.1637,13.8934,LONDON,-1
scalp_fade_3m,ETHUSDT,3m,1,STOP,2025-11-15T11:18:00.000Z,2025-11-15T11:47:59.999Z,9,-1.136133,0.3630,0.8065,-113.6133,22.5611,LONDON,1
scalp_fade_3m,ETHUSDT,3m,1,TARGET,2025-11-15T12:45:00.000Z,2025-11-15T13:17:59.999Z,10,0.972265,1.1950,0.3591,97.2265,16.7548,LONDON,1
scalp_fade_3m,ETHUSDT,3m,-1,STOP,2025-11-15T13:48:00.000Z,2025-11-15T13:56:59.999Z,2,-1.148114,0.2400,0.9067,-114.8114,24.5037,NY,1
scalp_fade_3m,ETHUSDT,3m,-1,TARGET,2025-11-15T15:48:00.000Z,2025-11-15T16:08:59.999Z,6,0.978415,1.6082,0.5207,97.8415,16.5473,NY,1
scalp_fade_3m,ETHUSDT,3m,-1,STOP,2025-11-15T17:12:00.000Z,2025-11-15T17:23:59.999Z,3,-1.119887,0.1371,1.5830,-111.9887,19.7879,NY,1
scalp_fade_3m,ETHUSDT,3m,1,STOP,2025-11-15T23:45:00.000Z,2025-11-16T00:05:59.999Z,6,-1.177733,0.1647,0.8797,-117.7733,29.5064,LATE,1
scalp_fade_3m,ETHUSDT,3m,1,STOP,2025-11-16T00:06:00.000Z,2025-11-16T00:11:59.999Z,1,-1.149883,0.0010,0.7526,-114.9883,25.0331,ASIA,1
scalp_fade_3m,ETHUSDT,3m,1,STOP,2025-11-16T01:00:00.000Z,2025-11-16T01:02:59.999Z,0,-1.133288,0.0000,1.3705,-113.3288,22.2993,ASIA,-1
scalp_fade_3m,ETHUSDT,3m,-1,STOP,2025-11-16T05:03:00.000Z,2025-11-16T05:11:59.999Z,2,-1.161738,0.0000,1.1097,-116.1738,26.7698,ASIA,-1
scalp_fade_3m,ETHUSDT,3m,-1,TIME,2025-11-16T06:24:00.000Z,2025-11-16T07:26:59.999Z,20,0.033512,0.7576,0.4022,3.3512,25.7034,ASIA,-1
scalp_fade_3m,ETHUSDT,3m,-1,STOP,2025-11-16T07:33:00.000Z,2025-11-16T07:59:59.999Z,8,-1.156594,0.0000,1.0957,-115.6594,25.7537,LONDON,-1
scalp_fade_3m,ETHUSDT,3m,1,STOP,2025-11-16T12:48:00.000Z,2025-11-16T13:38:59.999Z,16,-1.097330,0.2608,1.0894,-109.7330,16.0516,LONDON,1
scalp_fade_3m,ETHUSDT,3m,1,TIME,2025-11-16T14:12:00.000Z,2025-11-16T15:14:59.999Z,20,0.549434,1.2209,0.3893,54.9434,17.6576,NY,-1
scalp_fade_3m,ETHUSDT,3m,1,TARGET,2025-11-16T17:18:00.000Z,2025-11-16T17:59:59.999Z,13,1.269570,1.3743,0.8449,126.9570,7.3212,NY,-1
scalp_fade_3m,ETHUSDT,3m,1,STOP,2025-11-16T21:48:00.000Z,2025-11-16T22:11:59.999Z,7,-1.077002,0.2154,1.1687,-107.7002,12.8449,LATE,-1
scalp_fade_3m,ETHUSDT,3m,1,STOP,2025-11-16T22:18:00.000Z,2025-11-16T23:02:59.999Z,14,-1.064298,1.1765,2.1504,-106.4298,10.6700,LATE,-1
scalp_fade_3m,ETHUSDT,3m,1,TARGET,2025-11-16T23:03:00.000Z,2025-11-16T23:26:59.999Z,7,1.357174,1.8056,0.3769,135.7174,4.5533,LATE,1
scalp_fade_3m,ETHUSDT,3m,1,TARGET,2025-11-17T00:18:00.000Z,2025-11-17T00:29:59.999Z,3,1.243402,1.4589,0.5880,124.3402,8.1733,ASIA,-1
scalp_fade_3m,ETHUSDT,3m,-1,STOP,2025-11-17T02:06:00.000Z,2025-11-17T02:11:59.999Z,1,-1.087493,0.1967,1.3793,-108.7493,14.4351,ASIA,-1
scalp_fade_3m,ETHUSDT,3m,-1,TIME,2025-11-17T02:12:00.000Z,2025-11-17T03:14:59.999Z,20,-0.996781,0.1781,0.8472,-99.6781,11.1653,ASIA,-1
scalp_fade_3m,ETHUSDT,3m,-1,TIME,2025-11-17T05:18:00.000Z,2025-11-17T06:20:59.999Z,20,-0.593283,0.7562,0.6942,-59.3283,20.5635,ASIA,1
scalp_fade_3m,ETHUSDT,3m,-1,STOP,2025-11-17T09:12:00.000Z,2025-11-17T09:17:59.999Z,1,-1.115942,0.0000,0.9135,-111.5942,19.1722,LONDON,-1
scalp_fade_3m,ETHUSDT,3m,-1,TIME,2025-11-17T10:12:00.000Z,2025-11-17T11:14:59.999Z,20,-0.341989,0.8084,0.4822,-34.1989,24.3029,LONDON,1
scalp_fade_3m,ETHUSDT,3m,-1,TARGET,2025-11-17T11:54:00.000Z,2025-11-17T12:38:59.999Z,14,1.053339,1.2762,0.1859,105.3339,14.1353,LONDON,1
scalp_fade_3m,ETHUSDT,3m,1,STOP,2025-11-17T14:57:00.000Z,2025-11-17T15:20:59.999Z,7,-1.037448,0.2440,1.0073,-103.7448,6.3143,NY,1
scalp_fade_3m,ETHUSDT,3m,1,TARGET,2025-11-17T16:36:00.000Z,2025-11-17T16:53:59.999Z,5,1.300024,1.3738,0.1887,130.0024,6.3706,NY,-1
scalp_fade_3m,ETHUSDT,3m,1,STOP,2025-11-17T19:36:00.000Z,2025-11-17T19:44:59.999Z,2,-1.046387,0.0330,1.3160,-104.6387,7.8309,NY,-1
scalp_fade_3m,ETHUSDT,3m,1,TIME,2025-11-17T21:21:00.000Z,2025-11-17T22:23:59.999Z,20,0.969349,1.1686,0.1502,96.9349,9.0624,LATE,1
scalp_fade_3m,ETHUSDT,3m,1,TIME,2025-11-17T23:09:00.000Z,2025-11-18T00:11:59.999Z,20,0.659918,1.2003,0.8147,65.9918,18.3370,LATE,1
scalp_fade_3m,ETHUSDT,3m,1,STOP,2025-11-18T00:21:00.000Z,2025-11-18T00:32:59.999Z,3,-1.102459,0.6019,0.9173,-110.2459,17.1189,ASIA,1
scalp_fade_3m,ETHUSDT,3m,1,TIME,2025-11-18T00:48:00.000Z,2025-11-18T01:50:59.999Z,20,-0.119955,1.1922,0.1025,-11.9955,11.4972,ASIA,1
scalp_fade_3m,ETHUSDT,3m,1,STOP,2025-11-18T02:21:00.000Z,2025-11-18T02:59:59.999Z,12,-1.051320,0.8238,1.1126,-105.1320,8.5604,ASIA,-1
scalp_fade_3m,ETHUSDT,3m,1,TIME,2025-11-18T04:51:00.000Z,2025-11-18T05:53:59.999Z,20,0.626887,1.2374,0.4114,62.6887,8.7525,ASIA,-1
scalp_fade_3m,ETHUSDT,3m,1,TARGET,2025-11-18T06:57:00.000Z,2025-11-18T07:38:59.999Z,13,1.221784,1.4043,0.7681,122.1784,8.8352,ASIA,-1
scalp_fade_3m,ETHUSDT,3m,-1,STOP,2025-11-18T09:12:00.000Z,2025-11-18T10:05:59.999Z,17,-1.089159,0.9822,0.8781,-108.9159,14.4724,LONDON,1
scalp_fade_3m,ETHUSDT,3m,-1,TARGET,2025-11-18T11:24:00.000Z,2025-11-18T12:14:59.999Z,16,1.127380,1.6193,0.3966,112.7380,11.7821,LONDON,1
scalp_fade_3m,ETHUSDT,3m,-1,TIME,2025-11-18T12:21:00.000Z,2025-11-18T13:23:59.999Z,20,0.731102,1.0745,0.4238,73.1102,14.5341,LONDON,-1
scalp_fade_3m,ETHUSDT,3m,-1,TARGET,2025-11-18T14:33:00.000Z,2025-11-18T15:05:59.999Z,10,1.289723,1.4963,0.3537,128.9723,6.6513,NY,1
scalp_fade_3m,ETHUSDT,3m,-1,STOP,2025-11-18T15:09:00.000Z,2025-11-18T15:23:59.999Z,4,-1.045751,0.2129,1.0299,-104.5751,7.4617,NY,1
scalp_fade_3m,ETHUSDT,3m,-1,STOP,2025-11-18T16:09:00.000Z,2025-11-18T16:20:59.999Z,3,-1.055837,0.1713,1.1027,-105.5837,9.1451,NY,1
scalp_fade_3m,ETHUSDT,3m,-1,STOP,2025-11-18T18:06:00.000Z,2025-11-18T18:47:59.999Z,13,-1.092101,0.2592,1.0241,-109.2101,15.0154,NY,-1
scalp_fade_3m,ETHUSDT,3m,-1,TARGET,2025-11-18T23:06:00.000Z,2025-11-19T00:05:59.999Z,19,0.943247,1.3895,0.4417,94.3247,17.5994,LATE,1
scalp_fade_3m,ETHUSDT,3m,1,TARGET,2025-11-19T09:21:00.000Z,2025-11-19T10:05:59.999Z,14,1.157660,1.4000,0.7578,115.7660,10.8637,LONDON,1
scalp_fade_3m,ETHUSDT,3m,-1,TARGET,2025-11-19T11:09:00.000Z,2025-11-19T11:56:59.999Z,15,1.028012,1.1823,0.5925,102.8012,14.9337,LONDON,1
scalp_fade_3m,ETHUSDT,3m,-1,STOP,2025-11-19T12:09:00.000Z,2025-11-19T12:53:59.999Z,14,-1.119336,0.5995,1.0880,-111.9336,19.4745,LONDON,-1
scalp_fade_3m,ETHUSDT,3m,1,TARGET,2025-11-19T14:36:00.000Z,2025-11-19T15:08:59.999Z,10,1.279787,1.5931,0.7400,127.9787,7.0034,NY,-1
scalp_fade_3m,ETHUSDT,3m,1,STOP,2025-11-19T15:21:00.000Z,2025-11-19T15:32:59.999Z,3,-1.042398,0.1169,1.0625,-104.2398,7.1615,NY,1
scalp_fade_3m,ETHUSDT,3m,1,STOP,2025-11-19T17:45:00.000Z,2025-11-19T18:20:59.999Z,11,-1.054045,0.0184,1.1256,-105.4045,9.0172,NY,-1
scalp_fade_3m,ETHUSDT,3m,-1,TIME,2025-11-20T02:09:00.000Z,2025-11-20T03:11:59.999Z,20,-0.368535,0.4437,0.5235,-36.8535,14.6490,ASIA,1
scalp_fade_3m,ETHUSDT,3m,-1,STOP,2025-11-20T04:48:00.000Z,2025-11-20T04:53:59.999Z,1,-1.120896,0.0000,0.9374,-112.0896,19.9970,ASIA,-1
scalp_fade_3m,ETHUSDT,3m,-1,TIME,2025-11-20T08:18:00.000Z,2025-11-20T09:20:59.999Z,20,0.264138,0.6368,0.4724,26.4138,17.4651,LONDON,1
scalp_fade_3m,ETHUSDT,3m,1,TARGET,2025-11-20T12:15:00.000Z,2025-11-20T12:56:59.999Z,13,1.068136,1.2118,0.2534,106.8136,13.7032,LONDON,1
scalp_fade_3m,ETHUSDT,3m,-1,TARGET,2025-11-20T13:33:00.000Z,2025-11-20T14:02:59.999Z,9,1.245674,1.5426,0.1239,124.5674,8.0512,NY,1
scalp_fade_3m,ETHUSDT,3m,1,TIME,2025-11-20T14:42:00.000Z,2025-11-20T15:44:59.999Z,20,0.027568,0.7848,0.5487,2.7568,7.9881,NY,-1
scalp_fade_3m,ETHUSDT,3m,1,STOP,2025-11-20T22:36:00.000Z,2025-11-20T23:08:59.999Z,10,-1.077055,0.2997,0.9114,-107.7055,12.8139,LATE,1
scalp_fade_3m,ETHUSDT,3m,1,TIME,2025-11-21T00:03:00.000Z,2025-11-21T01:05:59.999Z,20,0.307308,0.5611,0.7159,30.7308,9.8530,ASIA,-1
scalp_fade_3m,ETHUSDT,3m,1,TARGET,2025-11-21T01:21:00.000Z,2025-11-21T01:26:59.999Z,1,1.190379,1.5595,0.1414,119.0379,9.8636,ASIA,1
scalp_fade_3m,ETHUSDT,3m,1,STOP,2025-11-21T02:24:00.000Z,2025-11-21T02:32:59.999Z,2,-1.061779,0.0212,0.9449,-106.1779,10.3855,ASIA,-1
scalp_fade_3m,ETHUSDT,3m,1,TARGET,2025-11-21T04:33:00.000Z,2025-11-21T04:56:59.999Z,7,1.249934,1.4126,0.2017,124.9934,7.9568,ASIA,1
scalp_fade_3m,ETHUSDT,3m,1,STOP,2025-11-21T05:39:00.000Z,2025-11-21T06:08:59.999Z,9,-1.083447,0.2283,1.0652,-108.3447,13.8803,ASIA,1
scalp_fade_3m,ETHUSDT,3m,1,STOP,2025-11-21T07:06:00.000Z,2025-11-21T07:14:59.999Z,2,-1.074977,0.0000,1.1011,-107.4977,12.5757,LONDON,-1
scalp_fade_3m,ETHUSDT,3m,1,TARGET,2025-11-21T12:33:00.000Z,2025-11-21T12:41:59.999Z,2,1.358055,1.4284,0.2329,135.8055,4.5317,LONDON,-1
scalp_fade_3m,ETHUSDT,3m,1,STOP,2025-11-21T14:00:00.000Z,2025-11-21T14:17:59.999Z,5,-1.059181,0.1867,0.9110,-105.9181,9.9232,NY,1
scalp_fade_3m,ETHUSDT,3m,-1,STOP,2025-11-21T18:33:00.000Z,2025-11-21T18:50:59.999Z,5,-1.052185,0.1612,0.9620,-105.2185,8.5208,NY,-1
scalp_fade_3m,ETHUSDT,3m,1,STOP,2025-11-22T04:06:00.000Z,2025-11-22T04:14:59.999Z,2,-1.125784,0.0000,1.2800,-112.5784,21.0076,ASIA,1
scalp_fade_3m,ETHUSDT,3m,1,STOP,2025-11-22T04:33:00.000Z,2025-11-22T04:38:59.999Z,1,-1.101622,0.0789,0.8852,-110.1622,17.0155,ASIA,-1
scalp_fade_3m,ETHUSDT,3m,1,TIME,2025-11-22T04:48:00.000Z,2025-11-22T05:50:59.999Z,20,-0.348224,0.7396,0.6763,-34.8224,16.8476,ASIA,-1
scalp_fade_3m,ETHUSDT,3m,1,TARGET,2025-11-22T06:09:00.000Z,2025-11-22T06:32:59.999Z,7,1.105172,1.2639,0.3630,110.5172,12.5510,ASIA,-1
scalp_fade_3m,ETHUSDT,3m,1,STOP,2025-11-22T12:06:00.000Z,2025-11-22T12:08:59.999Z,0,-1.143781,0.0000,0.8948,-114.3781,24.0444,LONDON,1
scalp_fade_3m,ETHUSDT,3m,1,TIME,2025-11-22T12:54:00.000Z,2025-11-22T13:56:59.999Z,20,-0.425247,0.9321,0.7090,-42.5247,19.2147,LONDON,1
scalp_fade_3m,ETHUSDT,3m,-1,STOP,2025-11-22T16:00:00.000Z,2025-11-22T16:20:59.999Z,6,-1.101107,0.1246,1.0067,-110.1107,16.6158,NY,1
scalp_fade_3m,ETHUSDT,3m,-1,TIME,2025-11-22T18:12:00.000Z,2025-11-22T19:14:59.999Z,20,-0.434650,0.9000,0.4356,-43.4650,24.4582,NY,1
scalp_fade_3m,ETHUSDT,3m,-1,TARGET,2025-11-22T20:09:00.000Z,2025-11-22T20:50:59.999Z,13,0.874873,1.4945,0.7076,87.4873,19.7969,NY,-1
scalp_fade_3m,ETHUSDT,3m,-1,STOP,2025-11-23T00:06:00.000Z,2025-11-23T00:17:59.999Z,3,-1.131180,0.1820,1.0232,-113.1180,21.6644,ASIA,-1
scalp_fade_3m,ETHUSDT,3m,-1,TIME,2025-11-23T04:57:00.000Z,2025-11-23T05:59:59.999Z,20,-0.175510,0.8102,0.2637,-17.5510,16.6801,ASIA,1
scalp_fade_3m,ETHUSDT,3m,-1,STOP,2025-11-23T09:18:00.000Z,2025-11-23T09:41:59.999Z,7,-1.143722,0.2358,0.9321,-114.3722,23.6504,LONDON,1
scalp_fade_3m,ETHUSDT,3m,-1,STOP,2025-11-23T11:27:00.000Z,2025-11-23T12:14:59.999Z,15,-1.133355,0.1028,1.2326,-113.3355,21.7553,LONDON,-1
scalp_fade_3m,ETHUSDT,3m,-1,STOP,2025-11-23T15:36:00.000Z,2025-11-23T15:41:59.999Z,1,-1.105546,0.0000,0.8637,-110.5546,17.4411,NY,1
scalp_fade_3m,ETHUSDT,3m,-1,TARGET,2025-11-23T16:12:00.000Z,2025-11-23T16:59:59.999Z,15,1.122294,2.0684,0.1722,112.2294,11.9465,NY,1
scalp_fade_3m,ETHUSDT,3m,-1,TIME,2025-11-23T20:06:00.000Z,2025-11-23T21:08:59.999Z,20,0.080205,0.4920,0.4943,8.0205,18.7800,NY,-1
scalp_fade_3m,ETHUSDT,3m,-1,STOP,2025-11-23T21:24:00.000Z,2025-11-23T21:29:59.999Z,1,-1.118300,0.0000,0.8145,-111.8300,19.5648,LATE,-1
scalp_fade_3m,ETHUSDT,3m,-1,TARGET,2025-11-23T22:30:00.000Z,2025-11-23T23:14:59.999Z,14,1.159114,1.3242,0.3208,115.9114,10.7830,LATE,-1
scalp_fade_3m,ETHUSDT,3m,-1,TIME,2025-11-24T05:09:00.000Z,2025-11-24T06:11:59.999Z,20,0.778000,1.2173,0.8374,77.8000,11.6436,ASIA,1
scalp_fade_3m,ETHUSDT,3m,-1,TARGET,2025-11-24T07:45:00.000Z,2025-11-24T08:02:59.999Z,5,1.101832,1.2513,0.2257,110.1832,12.6307,LONDON,-1
scalp_fade_3m,ETHUSDT,3m,-1,TARGET,2025-11-24T08:57:00.000Z,2025-11-24T09:11:59.999Z,4,1.025780,1.7505,0.6682,102.5780,15.0514,LONDON,-1
scalp_fade_3m,ETHUSDT,3m,1,STOP,2025-11-24T09:39:00.000Z,2025-11-24T10:32:59.999Z,17,-1.082392,0.0000,0.8938,-108.2392,13.5940,LONDON,1
scalp_fade_3m,ETHUSDT,3m,1,TIME,2025-11-24T12:03:00.000Z,2025-11-24T13:05:59.999Z,20,0.034322,0.9443,0.4984,3.4322,23.4286,LONDON,-1
scalp_fade_3m,ETHUSDT,3m,1,STOP,2025-11-24T14:00:00.000Z,2025-11-24T14:02:59.999Z,0,-1.113047,0.0000,1.1013,-111.3047,18.9331,NY,1
scalp_fade_3m,ETHUSDT,3m,1,TARGET,2025-11-24T14:45:00.000Z,2025-11-24T15:47:59.999Z,20,1.331762,1.4068,0.5906,133.1762,5.3402,NY,-1
scalp_fade_3m,ETHUSDT,3m,-1,TIME,2025-11-24T20:12:00.000Z,2025-11-24T21:14:59.999Z,20,-0.037752,0.4077,0.7993,-3.7752,14.5229,NY,-1
scalp_fade_3m,ETHUSDT,3m,-1,TARGET,2025-11-24T23:12:00.000Z,2025-11-25T00:02:59.999Z,16,0.994856,1.4038,0.6255,99.4856,15.9797,LATE,-1
scalp_fade_3m,ETHUSDT,3m,1,STOP,2025-11-25T07:48:00.000Z,2025-11-25T07:50:59.999Z,0,-1.153343,0.0000,1.3686,-115.3343,25.6347,LONDON,-1
scalp_fade_3m,ETHUSDT,3m,1,TARGET,2025-11-25T11:21:00.000Z,2025-11-25T12:14:59.999Z,17,1.006610,2.6049,0.2641,100.6610,15.6348,LONDON,1
scalp_fade_3m,ETHUSDT,3m,1,TIME,2025-11-25T15:12:00.000Z,2025-11-25T16:14:59.999Z,20,0.187297,0.9986,0.5210,18.7297,8.7271,NY,-1
scalp_fade_3m,ETHUSDT,3m,-1,TARGET,2025-11-25T21:18:00.000Z,2025-11-25T22:02:59.999Z,14,1.078111,1.2964,0.5018,107.8111,13.3502,LATE,-1
scalp_fade_3m,ETHUSDT,3m,-1,TARGET,2025-11-26T00:21:00.000Z,2025-11-26T01:05:59.999Z,14,1.077937,1.3118,0.4804,107.7937,13.3557,ASIA,-1
scalp_fade_3m,ETHUSDT,3m,-1,TARGET,2025-11-26T03:24:00.000Z,2025-11-26T03:32:59.999Z,2,0.892446,1.1097,0.3346,89.2446,19.3000,ASIA,-1
scalp_fade_3m,ETHUSDT,3m,1,TIME,2025-11-26T06:21:00.000Z,2025-11-26T07:23:59.999Z,20,0.135753,0.6700,0.4398,13.5753,18.9830,ASIA,1
scalp_fade_3m,ETHUSDT,3m,1,STOP,2025-11-26T08:06:00.000Z,2025-11-26T08:20:59.999Z,4,-1.134420,0.0449,0.8823,-113.4420,22.3943,LONDON,1
scalp_fade_3m,ETHUSDT,3m,1,STOP,2025-11-26T11:30:00.000Z,2025-11-26T12:05:59.999Z,11,-1.172604,0.5694,1.8849,-117.2604,28.5113,LONDON,1
scalp_fade_3m,ETHUSDT,3m,1,STOP,2025-11-26T12:06:00.000Z,2025-11-26T12:08:59.999Z,0,-1.119134,0.0000,0.8539,-111.9134,19.9455,LONDON,1
scalp_fade_3m,ETHUSDT,3m,-1,STOP,2025-11-26T15:15:00.000Z,2025-11-26T16:17:59.999Z,20,-1.070464,0.6331,1.2650,-107.0464,11.3758,NY,-1
scalp_fade_3m,ETHUSDT,3m,-1,STOP,2025-11-26T17:27:00.000Z,2025-11-26T17:32:59.999Z,1,-1.089597,0.0000,0.9523,-108.9597,14.7854,NY,-1
scalp_fade_3m,ETHUSDT,3m,-1,STOP,2025-11-26T20:54:00.000Z,2025-11-26T21:32:59.999Z,12,-1.110411,0.3811,0.8279,-111.0411,18.0452,NY,-1
scalp_fade_3m,ETHUSDT,3m,-1,TIME,2025-11-26T22:36:00.000Z,2025-11-26T23:38:59.999Z,20,-0.040887,0.4948,0.5689,-4.0887,19.9799,LATE,-1
scalp_fade_3m,ETHUSDT,3m,-1,TARGET,2025-11-26T23:54:00.000Z,2025-11-27T00:11:59.999Z,5,0.924165,2.0958,0.1569,92.4165,18.2757,LATE,-1
scalp_fade_3m,ETHUSDT,3m,-1,TIME,2025-11-27T04:12:00.000Z,2025-11-27T05:14:59.999Z,20,0.251357,0.7678,0.6104,25.1357,21.7138,ASIA,-1
scalp_fade_3m,ETHUSDT,3m,-1,TARGET,2025-11-27T05:24:00.000Z,2025-11-27T05:38:59.999Z,4,0.934412,1.5472,0.3411,93.4412,17.9553,ASIA,1
scalp_fade_3m,ETHUSDT,3m,-1,TARGET,2025-11-27T07:51:00.000Z,2025-11-27T08:14:59.999Z,7,0.778396,1.1766,0.4472,77.8396,22.8943,LONDON,1
scalp_fade_3m,ETHUSDT,3m,-1,STOP,2025-11-27T09:18:00.000Z,2025-11-27T09:20:59.999Z,0,-1.209358,0.0000,1.1072,-120.9358,34.7629,LONDON,1
scalp_fade_3m,ETHUSDT,3m,-1,TARGET,2025-11-27T11:39:00.000Z,2025-11-27T12:17:59.999Z,12,0.752916,1.0677,0.3809,75.2916,23.6698,LONDON,-1
scalp_fade_3m,ETHUSDT,3m,1,STOP,2025-11-27T13:30:00.000Z,2025-11-27T14:20:59.999Z,16,-1.110646,0.0092,0.9544,-111.0646,18.2299,NY,-1
scalp_fade_3m,ETHUSDT,3m,1,TARGET,2025-11-27T14:45:00.000Z,2025-11-27T15:05:59.999Z,6,0.999713,1.1879,0.3513,99.9713,15.9025,NY,1
scalp_fade_3m,ETHUSDT,3m,1,TARGET,2025-11-27T15:09:00.000Z,2025-11-27T16:02:59.999Z,17,1.103618,1.3100,0.2636,110.3618,12.5648,NY,1
scalp_fade_3m,ETHUSDT,3m,-1,STOP,2025-11-27T18:09:00.000Z,2025-11-27T18:17:59.999Z,2,-1.170676,0.1175,0.8225,-117.0676,28.2564,NY,-1
scalp_fade_3m,ETHUSDT,3m,-1,STOP,2025-11-27T19:42:00.000Z,2025-11-27T20:35:59.999Z,17,-1.168981,0.6175,0.9840,-116.8981,27.5456,NY,-1
scalp_fade_3m,ETHUSDT,3m,1,TARGET,2025-11-28T00:03:00.000Z,2025-11-28T00:38:59.999Z,11,0.848820,1.0724,0.4304,84.8820,20.6634,ASIA,1
scalp_fade_3m,ETHUSDT,3m,1,STOP,2025-11-28T00:42:00.000Z,2025-11-28T01:11:59.999Z,9,-1.145669,0.1077,1.4846,-114.5669,24.1323,ASIA,-1
scalp_fade_3m,ETHUSDT,3m,1,STOP,2025-11-28T01:45:00.000Z,2025-11-28T01:56:59.999Z,3,-1.128257,0.0000,0.8701,-112.8257,21.3959,ASIA,-1
scalp_fade_3m,ETHUSDT,3m,1,TIME,2025-11-28T02:21:00.000Z,2025-11-28T03:23:59.999Z,20,0.018192,0.9760,0.2961,1.8192,22.2833,ASIA,1
scalp_fade_3m,ETHUSDT,3m,-1,STOP,2025-11-28T05:33:00.000Z,2025-11-28T05:53:59.999Z,6,-1.162174,0.0000,0.7862,-116.2174,26.7312,ASIA,1
scalp_fade_3m,ETHUSDT,3m,-1,TARGET,2025-11-28T10:54:00.000Z,2025-11-28T11:14:59.999Z,6,0.883303,2.1020,0.6755,88.3303,19.5685,LONDON,1
scalp_fade_3m,ETHUSDT,3m,-1,STOP,2025-11-28T13:33:00.000Z,2025-11-28T13:38:59.999Z,1,-1.170654,0.0230,1.8963,-117.0654,28.2821,NY,-1
scalp_fade_3m,ETHUSDT,3m,-1,TIME,2025-11-28T20:21:00.000Z,2025-11-28T21:23:59.999Z,20,-0.025274,0.4941,0.7093,-2.5274,22.3762,NY,-1
scalp_fade_3m,ETHUSDT,3m,1,STOP,2025-11-28T23:09:00.000Z,2025-11-28T23:47:59.999Z,12,-1.149127,0.2394,0.8048,-114.9127,24.6258,LATE,1
scalp_fade_3m,ETHUSDT,3m,1,TIME,2025-11-29T00:03:00.000Z,2025-11-29T01:05:59.999Z,20,-0.399822,0.3870,0.6376,-39.9822,31.3072,ASIA,1
scalp_fade_3m,ETHUSDT,3m,1,STOP,2025-11-29T02:30:00.000Z,2025-11-29T02:32:59.999Z,0,-1.188789,0.1021,0.7929,-118.8789,31.5295,ASIA,1
scalp_fade_3m,ETHUSDT,3m,1,STOP,2025-11-29T09:21:00.000Z,2025-11-29T09:32:59.999Z,3,-1.196124,0.0000,0.8251,-119.6124,32.6474,LONDON,-1
scalp_fade_3m,ETHUSDT,3m,1,STOP,2025-11-29T10:18:00.000Z,2025-11-29T10:20:59.999Z,0,-1.195605,0.0000,1.9469,-119.5605,32.6630,LONDON,-1
scalp_fade_3m,ETHUSDT,3m,1,STOP,2025-11-29T12:12:00.000Z,2025-11-29T12:14:59.999Z,0,-1.266619,0.0000,0.8666,-126.6619,44.4730,LONDON,1
scalp_fade_3m,ETHUSDT,3m,1,TIME,2025-11-29T12:15:00.000Z,2025-11-29T13:17:59.999Z,20,-0.930316,0.4540,0.5713,-93.0316,40.2730,LONDON,1
scalp_fade_3m,ETHUSDT,3m,1,TIME,2025-11-29T13:24:00.000Z,2025-11-29T14:26:59.999Z,20,-0.877794,0.4868,0.5718,-87.7794,37.2459,NY,1
scalp_fade_3m,ETHUSDT,3m,1,STOP,2025-11-29T14:36:00.000Z,2025-11-29T14:41:59.999Z,1,-1.247882,0.0000,0.7259,-124.7882,41.3140,NY,-1
scalp_fade_3m,ETHUSDT,3m,1,STOP,2025-11-29T16:27:00.000Z,2025-11-29T17:23:59.999Z,18,-1.150354,0.2488,0.8277,-115.0354,24.6750,NY,1
scalp_fade_3m,ETHUSDT,3m,1,TIME,2025-11-29T21:18:00.000Z,2025-11-29T22:20:59.999Z,20,-0.835616,0.7512,0.6105,-83.5616,29.4256,LATE,1
scalp_fade_3m,ETHUSDT,3m,1,TIME,2025-11-29T23:06:00.000Z,2025-11-30T00:08:59.999Z,20,-0.344065,0.3771,0.5620,-34.4065,32.7986,LATE,-1
scalp_fade_3m,ETHUSDT,3m,-1,TARGET,2025-11-30T04:51:00.000Z,2025-11-30T05:17:59.999Z,8,0.672988,1.4461,0.2965,67.2988,26.2341,ASIA,1
scalp_fade_3m,ETHUSDT,3m,-1,TIME,2025-11-30T08:33:00.000Z,2025-11-30T09:35:59.999Z,20,-0.406517,0.2109,0.5901,-40.6517,22.4504,LONDON,-1
scalp_fade_3m,ETHUSDT,3m,-1,TIME,2025-11-30T17:42:00.000Z,2025-11-30T18:44:59.999Z,20,0.246060,0.9282,0.5630,24.6060,27.4087,NY,-1
scalp_fade_3m,ETHUSDT,3m,-1,STOP,2025-11-30T19:03:00.000Z,2025-11-30T19:05:59.999Z,0,-1.216569,0.0000,0.7450,-121.6569,35.9648,NY,-1
scalp_fade_3m,ETHUSDT,3m,-1,STOP,2025-11-30T19:39:00.000Z,2025-11-30T20:11:59.999Z,10,-1.209452,0.3999,0.6676,-120.9452,34.4204,NY,1
scalp_fade_3m,ETHUSDT,3m,1,TARGET,2025-11-30T21:57:00.000Z,2025-11-30T22:17:59.999Z,6,0.856817,1.2629,0.3322,85.6817,20.4388,LATE,-1
scalp_fade_3m,ETHUSDT,3m,1,STOP,2025-11-30T22:33:00.000Z,2025-11-30T22:38:59.999Z,1,-1.169098,0.0556,0.7301,-116.9098,28.2254,LATE,1
scalp_fade_3m,ETHUSDT,3m,1,STOP,2025-11-30T22:39:00.000Z,2025-11-30T23:26:59.999Z,15,-1.158403,0.9653,1.3605,-115.8403,26.0689,LATE,1
scalp_fade_3m,ETHUSDT,3m,1,STOP,2025-12-01T02:39:00.000Z,2025-12-01T03:08:59.999Z,9,-1.081590,0.9210,0.9260,-108.1590,13.5744,ASIA,1
scalp_fade_3m,ETHUSDT,3m,1,TARGET,2025-12-01T07:12:00.000Z,2025-12-01T07:38:59.999Z,8,0.966104,1.2934,0.2222,96.6104,16.9598,LONDON,-1
scalp_fade_3m,ETHUSDT,3m,1,TARGET,2025-12-01T08:12:00.000Z,2025-12-01T09:02:59.999Z,16,1.052790,1.4015,0.3038,105.2790,14.1774,LONDON,1
scalp_fade_3m,ETHUSDT,3m,1,TIME,2025-12-01T09:12:00.000Z,2025-12-01T10:14:59.999Z,20,0.040316,0.7395,0.3046,4.0316,16.6052,LONDON,1
scalp_fade_3m,ETHUSDT,3m,1,TIME,2025-12-01T14:06:00.000Z,2025-12-01T15:08:59.999Z,20,-0.384384,1.0103,0.5735,-38.4384,16.5442,NY,-1
scalp_fade_3m,ETHUSDT,3m,1,STOP,2025-12-01T15:15:00.000Z,2025-12-01T15:17:59.999Z,0,-1.074604,0.1532,1.1067,-107.4604,12.5399,NY,-1
scalp_fade_3m,ETHUSDT,3m,1,TIME,2025-12-01T19:24:00.000Z,2025-12-01T20:26:59.999Z,20,0.163044,1.2752,0.7348,16.3044,14.0289,NY,-1
scalp_fade_3m,ETHUSDT,3m,1,TARGET,2025-12-01T20:36:00.000Z,2025-12-01T21:08:59.999Z,10,1.159444,1.7839,0.2615,115.9444,10.8195,NY,1
scalp_fade_3m,ETHUSDT,3m,-1,STOP,2025-12-01T23:03:00.000Z,2025-12-01T23:32:59.999Z,9,-1.106027,0.4925,0.9102,-110.6027,17.3769,LATE,1
scalp_fade_3m,ETHUSDT,3m,-1,STOP,2025-12-02T01:06:00.000Z,2025-12-02T01:08:59.999Z,0,-1.116233,0.0000,1.6700,-111.6233,19.2405,ASIA,-1
scalp_fade_3m,ETHUSDT,3m,-1,TIME,2025-12-02T01:18:00.000Z,2025-12-02T02:20:59.999Z,20,-0.397937,0.9275,0.2698,-39.7937,13.5342,ASIA,1
scalp_fade_3m,ETHUSDT,3m,-1,TIME,2025-12-02T03:45:00.000Z,2025-12-02T04:47:59.999Z,20,-0.175503,0.3764,0.4189,-17.5503,19.2265,ASIA,-1
scalp_fade_3m,ETHUSDT,3m,-1,STOP,2025-12-02T05:48:00.000Z,2025-12-02T06:35:59.999Z,15,-1.181329,0.3824,0.8961,-118.1329,29.6286,ASIA,1
scalp_fade_3m,ETHUSDT,3m,-1,STOP,2025-12-02T13:12:00.000Z,2025-12-02T13:17:59.999Z,1,-1.139406,0.0000,1.5341,-113.9406,23.0791,NY,1
scalp_fade_3m,ETHUSDT,3m,-1,STOP,2025-12-02T14:45:00.000Z,2025-12-02T15:05:59.999Z,6,-1.058047,0.0644,1.6844,-105.8047,9.4831,NY,1
scalp_fade_3m,ETHUSDT,3m,-1,STOP,2025-12-02T17:03:00.000Z,2025-12-02T17:29:59.999Z,8,-1.074301,0.2820,1.4263,-107.4301,12.1504,NY,-1
scalp_fade_3m,ETHUSDT,3m,-1,TIME,2025-12-02T18:33:00.000Z,2025-12-02T19:35:59.999Z,20,0.083738,1.0534,0.3126,8.3738,15.6596,NY,1
scalp_fade_3m,ETHUSDT,3m,-1,STOP,2025-12-02T21:39:00.000Z,2025-12-02T22:02:59.999Z,7,-1.122102,0.3235,1.1411,-112.2102,20.0728,LATE,-1
scalp_fade_3m,ETHUSDT,3m,-1,STOP,2025-12-03T00:12:00.000Z,2025-12-03T01:11:59.999Z,19,-1.130452,1.0626,0.8793,-113.0452,21.1920,ASIA,-1
scalp_fade_3m,ETHUSDT,3m,-1,STOP,2025-12-03T05:18:00.000Z,2025-12-03T05:53:59.999Z,11,-1.108925,0.1625,0.8885,-110.8925,17.8188,ASIA,1
scalp_fade_3m,ETHUSDT,3m,-1,STOP,2025-12-03T06:06:00.000Z,2025-12-03T06:23:59.999Z,5,-1.105279,0.1412,0.8898,-110.5279,17.3248,ASIA,1
scalp_fade_3m,ETHUSDT,3m,-1,TIME,2025-12-03T08:48:00.000Z,2025-12-03T09:50:59.999Z,20,-0.599438,0.6440,0.2958,-59.9438,25.2897,LONDON,-1
scalp_fade_3m,ETHUSDT,3m,-1,TIME,2025-12-03T10:33:00.000Z,2025-12-03T11:35:59.999Z,20,-0.766002,0.8580,0.7846,-76.6002,20.1840,LONDON,1
scalp_fade_3m,ETHUSDT,3m,-1,STOP,2025-12-03T12:24:00.000Z,2025-12-03T13:05:59.999Z,13,-1.109353,0.3038,0.9405,-110.9353,17.8527,LONDON,1
scalp_fade_3m,ETHUSDT,3m,-1,TARGET,2025-12-03T13:33:00.000Z,2025-12-03T14:02:59.999Z,9,1.096505,2.7205,0.3019,109.6505,12.7854,NY,1
scalp_fade_3m,ETHUSDT,3m,-1,STOP,2025-12-03T14:39:00.000Z,2025-12-03T14:41:59.999Z,0,-1.052450,0.3484,1.1719,-105.2450,8.6091,NY,-1
scalp_fade_3m,ETHUSDT,3m,-1,TIME,2025-12-03T14:42:00.000Z,2025-12-03T15:44:59.999Z,20,0.620924,1.2706,0.6766,62.0924,6.6921,NY,-1
scalp_fade_3m,ETHUSDT,3m,-1,STOP,2025-12-03T17:21:00.000Z,2025-12-03T17:38:59.999Z,5,-1.092267,0.0787,0.9126,-109.2267,15.1671,NY,1
scalp_fade_3m,ETHUSDT,3m,-1,STOP,2025-12-03T18:18:00.000Z,2025-12-03T18:44:59.999Z,8,-1.092680,0.1842,1.0080,-109.2680,15.1886,NY,1
scalp_fade_3m,ETHUSDT,3m,-1,STOP,2025-12-03T20:09:00.000Z,2025-12-03T20:53:59.999Z,14,-1.093818,0.3217,1.8655,-109.3818,15.2822,NY,1
scalp_fade_3m,ETHUSDT,3m,-1,STOP,2025-12-03T21:00:00.000Z,2025-12-03T21:56:59.999Z,18,-1.081913,0.3327,1.4361,-108.1913,13.2721,LATE,1
scalp_fade_3m,ETHUSDT,3m,-1,STOP,2025-12-03T22:06:00.000Z,2025-12-03T22:47:59.999Z,13,-1.069921,0.0935,1.1471,-106.9921,11.3679,LATE,-1
scalp_fade_3m,ETHUSDT,3m,-1,STOP,2025-12-04T00:03:00.000Z,2025-12-04T00:53:59.999Z,16,-1.106386,0.8574,0.9429,-110.6386,17.3116,ASIA,1
scalp_fade_3m,ETHUSDT,3m,-1,TIME,2025-12-04T01:21:00.000Z,2025-12-04T02:23:59.999Z,20,-0.221083,0.3132,0.4212,-22.1083,10.2495,ASIA,1
scalp_fade_3m,ETHUSDT,3m,-1,TIME,2025-12-04T07:21:00.000Z,2025-12-04T08:23:59.999Z,20,0.386402,1.0843,0.3034,38.6402,15.9222,LONDON,1
scalp_fade_3m,ETHUSDT,3m,-1,TARGET,2025-12-04T11:15:00.000Z,2025-12-04T11:41:59.999Z,8,0.853252,1.1790,0.4871,85.3252,20.5114,LONDON,-1
scalp_fade_3m,ETHUSDT,3m,1,STOP,2025-12-04T14:36:00.000Z,2025-12-04T14:53:59.999Z,5,-1.087037,0.2254,1.1462,-108.7037,14.5318,NY,1
scalp_fade_3m,ETHUSDT,3m,1,TARGET,2025-12-04T15:27:00.000Z,2025-12-04T15:41:59.999Z,4,1.243683,2.0945,0.2515,124.3683,8.1620,NY,-1
scalp_fade_3m,ETHUSDT,3m,1,STOP,2025-12-04T18:42:00.000Z,2025-12-04T19:05:59.999Z,7,-1.096558,0.0253,1.1682,-109.6558,16.0738,NY,1
scalp_fade_3m,ETHUSDT,3m,1,TIME,2025-12-04T19:36:00.000Z,2025-12-04T20:38:59.999Z,20,0.191729,0.5715,0.1797,19.1729,9.7928,NY,-1
scalp_fade_3m,ETHUSDT,3m,1,STOP,2025-12-04T21:24:00.000Z,2025-12-04T21:56:59.999Z,10,-1.108690,0.3360,1.0086,-110.8690,18.0209,LATE,1
scalp_fade_3m,ETHUSDT,3m,1,STOP,2025-12-04T23:03:00.000Z,2025-12-04T23:41:59.999Z,12,-1.138054,0.2203,0.9609,-113.8054,22.8069,LATE,-1
scalp_fade_3m,ETHUSDT,3m,-1,STOP,2025-12-05T02:06:00.000Z,2025-12-05T02:17:59.999Z,3,-1.149251,0.2179,1.6022,-114.9251,24.6672,ASIA,1
scalp_fade_3m,ETHUSDT,3m,-1,TARGET,2025-12-05T04:03:00.000Z,2025-12-05T04:35:59.999Z,10,0.933694,1.7967,0.6477,93.3694,17.9475,ASIA,-1
scalp_fade_3m,ETHUSDT,3m,-1,TIME,2025-12-05T04:54:00.000Z,2025-12-05T05:56:59.999Z,20,0.468176,0.8351,0.3967,46.8176,18.1388,ASIA,1
scalp_fade_3m,ETHUSDT,3m,-1,STOP,2025-12-05T06:03:00.000Z,2025-12-05T06:08:59.999Z,1,-1.179987,0.0000,0.8761,-117.9987,29.8362,ASIA,1
scalp_fade_3m,ETHUSDT,3m,-1,TARGET,2025-12-05T07:42:00.000Z,2025-12-05T08:17:59.999Z,11,0.900218,1.3408,0.1923,90.0218,19.0042,LONDON,1
scalp_fade_3m,ETHUSDT,3m,1,STOP,2025-12-05T11:00:00.000Z,2025-12-05T11:26:59.999Z,8,-1.120555,0.4293,0.9233,-112.0555,20.0150,LONDON,1
scalp_fade_3m,ETHUSDT,3m,1,STOP,2025-12-05T13:06:00.000Z,2025-12-05T13:32:59.999Z,8,-1.130235,1.1199,0.9702,-113.0235,21.6115,NY,1
scalp_fade_3m,ETHUSDT,3m,1,TARGET,2025-12-05T14:48:00.000Z,2025-12-05T15:02:59.999Z,4,1.240480,1.4972,0.2672,124.0480,8.2638,NY,-1
scalp_fade_3m,ETHUSDT,3m,1,STOP,2025-12-05T18:24:00.000Z,2025-12-05T18:41:59.999Z,5,-1.073913,0.1175,1.0283,-107.3913,12.3605,NY,-1
scalp_fade_3m,ETHUSDT,3m,1,STOP,2025-12-05T23:03:00.000Z,2025-12-05T23:08:59.999Z,1,-1.137354,0.0000,1.2294,-113.7354,22.9516,LATE,1
scalp_fade_3m,ETHUSDT,3m,1,TIME,2025-12-06T00:03:00.000Z,2025-12-06T01:05:59.999Z,20,-0.192737,0.7817,0.6775,-19.2737,26.4287,ASIA,1
scalp_fade_3m,ETHUSDT,3m,1,TIME,2025-12-06T01:27:00.000Z,2025-12-06T02:29:59.999Z,20,-0.717483,0.2659,0.6616,-71.7483,25.7877,ASIA,-1
scalp_fade_3m,ETHUSDT,3m,1,TIME,2025-12-06T05:18:00.000Z,2025-12-06T06:20:59.999Z,20,-0.584053,0.5874,0.4825,-58.4053,37.8289,ASIA,1
scalp_fade_3m,ETHUSDT,3m,1,TIME,2025-12-06T06:21:00.000Z,2025-12-06T07:23:59.999Z,20,-0.384398,0.5805,0.3364,-38.4398,40.5277,ASIA,-1
scalp_fade_3m,ETHUSDT,3m,1,TARGET,2025-12-06T08:54:00.000Z,2025-12-06T09:29:59.999Z,11,0.944155,1.2745,0.3320,94.4155,17.6412,LONDON,-1
scalp_fade_3m,ETHUSDT,3m,-1,TIME,2025-12-06T12:06:00.000Z,2025-12-06T13:08:59.999Z,20,0.124756,0.8612,0.3831,12.4756,35.5119,LONDON,1
scalp_fade_3m,ETHUSDT,3m,-1,STOP,2025-12-06T13:36:00.000Z,2025-12-06T13:41:59.999Z,1,-1.208860,0.0000,0.6967,-120.8860,34.6437,NY,1
scalp_fade_3m,ETHUSDT,3m,-1,STOP,2025-12-06T14:18:00.000Z,2025-12-06T14:20:59.999Z,0,-1.135262,0.5054,0.9123,-113.5262,22.4124,NY,1
scalp_fade_3m,ETHUSDT,3m,-1,STOP,2025-12-06T14:27:00.000Z,2025-12-06T14:47:59.999Z,6,-1.099181,0.0000,1.0170,-109.9181,16.2967,NY,1
scalp_fade_3m,ETHUSDT,3m,-1,TIME,2025-12-06T17:06:00.000Z,2025-12-06T18:08:59.999Z,20,-0.190061,0.5128,0.6515,-19.0061,26.2145,NY,1
scalp_fade_3m,ETHUSDT,3m,-1,TARGET,2025-12-06T18:15:00.000Z,2025-12-06T18:47:59.999Z,10,0.789818,1.0648,0.2196,78.9818,22.5124,NY,1
scalp_fade_3m,ETHUSDT,3m,-1,TIME,2025-12-07T01:48:00.000Z,2025-12-07T02:50:59.999Z,20,-0.646877,0.5080,0.4893,-64.6877,29.7138,ASIA,1
scalp_fade_3m,ETHUSDT,3m,-1,STOP,2025-12-07T03:24:00.000Z,2025-12-07T03:41:59.999Z,5,-1.209975,0.0000,0.6581,-120.9975,34.6853,ASIA,-1
scalp_fade_3m,ETHUSDT,3m,-1,STOP,2025-12-07T06:09:00.000Z,2025-12-07T06:20:59.999Z,3,-1.280109,0.2381,0.5511,-128.0109,46.4108,ASIA,-1
scalp_fade_3m,ETHUSDT,3m,-1,STOP,2025-12-07T06:21:00.000Z,2025-12-07T07:02:59.999Z,13,-1.252018,0.2753,0.5934,-125.2018,41.3145,ASIA,-1
scalp_fade_3m,ETHUSDT,3m,-1,TARGET,2025-12-07T07:06:00.000Z,2025-12-07T07:11:59.999Z,1,0.609724,1.0954,0.2561,60.9724,28.2987,LONDON,-1
scalp_fade_3m,ETHUSDT,3m,1,STOP,2025-12-07T09:18:00.000Z,2025-12-07T09:23:59.999Z,1,-1.218737,0.0000,0.9091,-121.8737,36.4721,LONDON,1
scalp_fade_3m,ETHUSDT,3m,1,TARGET,2025-12-07T10:33:00.000Z,2025-12-07T10:44:59.999Z,3,0.772514,1.0547,0.1991,77.2514,23.1347,LONDON,1
scalp_fade_3m,ETHUSDT,3m,-1,STOP,2025-12-07T19:33:00.000Z,2025-12-07T20:23:59.999Z,16,-1.134355,0.1339,0.8490,-113.4355,21.8969,NY,-1
scalp_fade_3m,ETHUSDT,3m,-1,TARGET,2025-12-07T20:33:00.000Z,2025-12-07T21:23:59.999Z,16,0.919951,1.2283,0.6567,91.9951,18.3523,NY,-1
scalp_fade_3m,ETHUSDT,3m,1,TARGET,2025-12-08T00:21:00.000Z,2025-12-08T00:35:59.999Z,4,1.123460,1.5867,0.2156,112.3460,11.9808,ASIA,1
scalp_fade_3m,ETHUSDT,3m,-1,TIME,2025-12-08T02:00:00.000Z,2025-12-08T03:02:59.999Z,20,-0.595673,0.2259,0.8026,-59.5673,13.2097,ASIA,1
scalp_fade_3m,ETHUSDT,3m,-1,STOP,2025-12-08T04:06:00.000Z,2025-12-08T04:32:59.999Z,8,-1.141131,0.2189,1.6776,-114.1131,23.1977,ASIA,1
scalp_fade_3m,ETHUSDT,3m,-1,STOP,2025-12-08T05:12:00.000Z,2025-12-08T05:20:59.999Z,2,-1.141206,0.0258,0.9457,-114.1206,23.3545,ASIA,-1
scalp_fade_3m,ETHUSDT,3m,-1,TIME,2025-12-08T06:39:00.000Z,2025-12-08T07:41:59.999Z,20,-0.354637,0.9426,0.4812,-35.4637,24.5578,ASIA,-1
scalp_fade_3m,ETHUSDT,3m,-1,TIME,2025-12-08T07:45:00.000Z,2025-12-08T08:47:59.999Z,20,-0.809111,0.4269,0.5151,-80.9111,26.3660,LONDON,1
scalp_fade_3m,ETHUSDT,3m,-1,STOP,2025-12-08T08:51:00.000Z,2025-12-08T08:56:59.999Z,1,-1.154046,0.0000,1.4017,-115.4046,25.5167,LONDON,1
scalp_fade_3m,ETHUSDT,3m,-1,STOP,2025-12-08T13:06:00.000Z,2025-12-08T13:11:59.999Z,1,-1.135639,0.0000,1.8821,-113.5639,22.4518,NY,-1
scalp_fade_3m,ETHUSDT,3m,-1,TIME,2025-12-08T13:12:00.000Z,2025-12-08T14:14:59.999Z,20,-0.141578,1.2272,0.1093,-14.1578,16.7911,NY,-1
scalp_fade_3m,ETHUSDT,3m,-1,STOP,2025-12-08T14:30:00.000Z,2025-12-08T14:32:59.999Z,0,-1.097919,0.1742,1.3315,-109.7919,16.1879,NY,-1
scalp_fade_3m,ETHUSDT,3m,-1,TARGET,2025-12-08T14:33:00.000Z,2025-12-08T14:38:59.999Z,1,1.223041,1.6943,0.4917,122.3041,8.7895,NY,-1
scalp_fade_3m,ETHUSDT,3m,-1,TARGET,2025-12-08T14:45:00.000Z,2025-12-08T15:11:59.999Z,8,1.324363,1.5270,0.2870,132.4363,5.5553,NY,-1
scalp_fade_3m,ETHUSDT,3m,1,TIME,2025-12-08T16:51:00.000Z,2025-12-08T17:53:59.999Z,20,-0.409601,0.4073,0.6422,-40.9601,12.6327,NY,1
scalp_fade_3m,ETHUSDT,3m,-1,STOP,2025-12-08T21:00:00.000Z,2025-12-08T21:32:59.999Z,10,-1.097993,0.3924,0.9829,-109.7993,16.0338,LATE,1
scalp_fade_3m,ETHUSDT,3m,-1,STOP,2025-12-09T00:06:00.000Z,2025-12-09T00:20:59.999Z,4,-1.154041,0.0621,1.3452,-115.4041,25.4367,ASIA,-1
scalp_fade_3m,ETHUSDT,3m,1,STOP,2025-12-09T01:03:00.000Z,2025-12-09T01:35:59.999Z,10,-1.116350,0.4050,1.0263,-111.6350,19.2815,ASIA,1
scalp_fade_3m,ETHUSDT,3m,1,TARGET,2025-12-09T03:27:00.000Z,2025-12-09T03:38:59.999Z,3,1.035079,1.2304,0.5883,103.5079,14.7923,ASIA,-1
scalp_fade_3m,ETHUSDT,3m,1,STOP,2025-12-09T04:33:00.000Z,2025-12-09T04:35:59.999Z,0,-1.144652,0.0000,1.0002,-114.4652,24.1893,ASIA,1
scalp_fade_3m,ETHUSDT,3m,1,STOP,2025-12-09T05:33:00.000Z,2025-12-09T06:35:59.999Z,20,-1.138218,0.7073,0.9349,-113.8218,22.6476,ASIA,-1
scalp_fade_3m,ETHUSDT,3m,1,STOP,2025-12-09T10:06:00.000Z,2025-12-09T10:11:59.999Z,1,-1.162039,0.1105,0.8165,-116.2039,27.0527,LONDON,-1
scalp_fade_3m,ETHUSDT,3m,1,TIME,2025-12-09T10:42:00.000Z,2025-12-09T11:44:59.999Z,20,0.245176,0.6201,0.1247,24.5176,20.7035,LONDON,1
scalp_fade_3m,ETHUSDT,3m,-1,TARGET,2025-12-09T13:27:00.000Z,2025-12-09T13:38:59.999Z,3,0.978053,1.2827,0.2641,97.8053,16.5729,NY,-1
scalp_fade_3m,ETHUSDT,3m,-1,STOP,2025-12-09T14:39:00.000Z,2025-12-09T15:02:59.999Z,7,-1.089583,0.5598,2.4989,-108.9583,14.6917,NY,-1
scalp_fade_3m,ETHUSDT,3m,-1,STOP,2025-12-09T15:03:00.000Z,2025-12-09T15:41:59.999Z,12,-1.059743,1.2795,0.9426,-105.9743,9.7040,NY,1
scalp_fade_3m,ETHUSDT,3m,-1,TARGET,2025-12-09T19:33:00.000Z,2025-12-09T19:44:59.999Z,3,1.048916,1.7099,0.1589,104.8916,14.3201,NY,1
scalp_fade_3m,ETHUSDT,3m,-1,TIME,2025-12-09T22:12:00.000Z,2025-12-09T23:14:59.999Z,20,-0.116351,0.3751,0.7596,-11.6351,11.8561,LATE,-1
scalp_fade_3m,ETHUSDT,3m,-1,TIME,2025-12-10T03:00:00.000Z,2025-12-10T04:02:59.999Z,20,-0.260006,0.2914,0.5612,-26.0006,24.5677,ASIA,1
scalp_fade_3m,ETHUSDT,3m,-1,STOP,2025-12-10T04:06:00.000Z,2025-12-10T04:20:59.999Z,4,-1.189998,0.2515,1.0082,-118.9998,31.4052,ASIA,-1
scalp_fade_3m,ETHUSDT,3m,-1,STOP,2025-12-10T04:24:00.000Z,2025-12-10T04:41:59.999Z,5,-1.155878,0.0461,1.2553,-115.5878,25.7150,ASIA,1
scalp_fade_3m,ETHUSDT,3m,-1,STOP,2025-12-10T07:06:00.000Z,2025-12-10T08:02:59.999Z,18,-1.201201,0.9555,1.1159,-120.1201,32.7892,LONDON,1
scalp_fade_3m,ETHUSDT,3m,-1,STOP,2025-12-10T09:48:00.000Z,2025-12-10T09:50:59.999Z,0,-1.190335,0.0000,1.5201,-119.0335,31.5920,LONDON,-1
scalp_fade_3m,ETHUSDT,3m,-1,TARGET,2025-12-10T14:33:00.000Z,2025-12-10T14:53:59.999Z,6,1.125337,1.3210,0.1670,112.5337,11.8804,NY,-1
scalp_fade_3m,ETHUSDT,3m,-1,TIME,2025-12-10T15:03:00.000Z,2025-12-10T16:05:59.999Z,20,-0.627718,0.6602,0.6667,-62.7718,13.7725,NY,-1
scalp_fade_3m,ETHUSDT,3m,-1,STOP,2025-12-10T16:06:00.000Z,2025-12-10T16:20:59.999Z,4,-1.089555,0.0000,0.8885,-108.9555,14.7326,NY,-1
scalp_fade_3m,ETHUSDT,3m,-1,STOP,2025-12-10T17:33:00.000Z,2025-12-10T18:32:59.999Z,19,-1.084160,0.1315,1.1957,-108.4160,13.6258,NY,1
scalp_fade_3m,ETHUSDT,3m,-1,TIME,2025-12-10T19:09:00.000Z,2025-12-10T20:11:59.999Z,20,-0.592115,0.3410,0.6035,-59.2115,5.8128,NY,1
scalp_fade_3m,ETHUSDT,3m,-1,TIME,2025-12-10T20:24:00.000Z,2025-12-10T21:26:59.999Z,20,0.491386,1.2357,0.2552,49.1386,6.2209,NY,1
scalp_fade_3m,ETHUSDT,3m,1,STOP,2025-12-11T01:33:00.000Z,2025-12-11T02:02:59.999Z,9,-1.071180,0.0258,0.9085,-107.1180,11.8591,ASIA,-1
scalp_fade_3m,ETHUSDT,3m,1,STOP,2025-12-11T06:21:00.000Z,2025-12-11T06:26:59.999Z,1,-1.166496,0.0000,0.7392,-116.6496,27.7930,ASIA,1
scalp_fade_3m,ETHUSDT,3m,1,TIME,2025-12-11T06:42:00.000Z,2025-12-11T07:44:59.999Z,20,-0.576504,0.1331,0.5770,-57.6504,20.8879,ASIA,-1
scalp_fade_3m,ETHUSDT,3m,1,STOP,2025-12-11T08:03:00.000Z,2025-12-11T08:11:59.999Z,2,-1.186244,0.0079,1.7163,-118.6244,31.0416,LONDON,-1
scalp_fade_3m,ETHUSDT,3m,1,STOP,2025-12-11T09:45:00.000Z,2025-12-11T10:23:59.999Z,12,-1.133581,0.3250,0.8211,-113.3581,22.0722,LONDON,1
scalp_fade_3m,ETHUSDT,3m,1,TARGET,2025-12-11T12:09:00.000Z,2025-12-11T12:26:59.999Z,5,0.830405,1.0758,0.3907,83.0405,21.2833,LONDON,1
scalp_fade_3m,ETHUSDT,3m,1,STOP,2025-12-11T13:18:00.000Z,2025-12-11T13:35:59.999Z,5,-1.175946,0.3638,1.0346,-117.5946,29.2415,NY,1
scalp_fade_3m,ETHUSDT,3m,1,STOP,2025-12-11T14:45:00.000Z,2025-12-11T14:50:59.999Z,1,-1.074545,0.0511,1.2188,-107.4545,12.5170,NY,-1
scalp_fade_3m,ETHUSDT,3m,1,TARGET,2025-12-11T17:51:00.000Z,2025-12-11T18:44:59.999Z,17,1.133789,2.5046,0.2968,113.3789,11.6100,NY,1
scalp_fade_3m,ETHUSDT,3m,-1,STOP,2025-12-11T20:12:00.000Z,2025-12-11T21:08:59.999Z,18,-1.082572,0.6973,1.0097,-108.2572,13.3799,NY,-1
scalp_fade_3m,ETHUSDT,3m,-1,STOP,2025-12-12T00:03:00.000Z,2025-12-12T00:23:59.999Z,6,-1.148107,0.5374,0.8058,-114.8107,24.4012,ASIA,1
scalp_fade_3m,ETHUSDT,3m,-1,STOP,2025-12-12T01:18:00.000Z,2025-12-12T01:35:59.999Z,5,-1.084469,0.0000,0.9867,-108.4469,13.8740,ASIA,-1
scalp_fade_3m,ETHUSDT,3m,-1,TIME,2025-12-12T06:36:00.000Z,2025-12-12T07:38:59.999Z,20,0.364471,1.0198,0.2354,36.4471,26.1671,ASIA,-1
scalp_fade_3m,ETHUSDT,3m,-1,TIME,2025-12-12T09:51:00.000Z,2025-12-12T10:53:59.999Z,20,0.032054,0.8432,0.3276,3.2054,23.0775,LONDON,1
scalp_fade_3m,ETHUSDT,3m,1,TARGET,2025-12-12T12:27:00.000Z,2025-12-12T12:56:59.999Z,9,0.790261,1.1217,0.5019,79.0261,22.5325,LONDON,-1
scalp_fade_3m,ETHUSDT,3m,1,STOP,2025-12-12T14:36:00.000Z,2025-12-12T14:50:59.999Z,4,-1.102591,0.6406,0.8502,-110.2591,17.1230,NY,-1
scalp_fade_3m,ETHUSDT,3m,1,STOP,2025-12-12T19:00:00.000Z,2025-12-12T19:44:59.999Z,14,-1.099823,0.0496,0.8392,-109.9823,16.4934,NY,1
scalp_fade_3m,ETHUSDT,3m,1,STOP,2025-12-13T01:39:00.000Z,2025-12-13T01:44:59.999Z,1,-1.237798,0.0000,0.8411,-123.7798,39.6387,ASIA,1
scalp_fade_3m,ETHUSDT,3m,1,TARGET,2025-12-13T03:00:00.000Z,2025-12-13T03:38:59.999Z,12,0.558110,0.9470,0.3110,55.8110,29.8707,ASIA,-1
scalp_fade_3m,ETHUSDT,3m,1,STOP,2025-12-13T04:30:00.000Z,2025-12-13T04:32:59.999Z,0,-1.267587,0.0000,0.6237,-126.7587,44.6340,ASIA,-1
scalp_fade_3m,ETHUSDT,3m,1,STOP,2025-12-13T05:00:00.000Z,2025-12-13T05:20:59.999Z,6,-1.275876,0.0914,0.5869,-127.5876,45.7270,ASIA,-1
scalp_fade_3m,ETHUSDT,3m,1,STOP,2025-12-13T05:21:00.000Z,2025-12-13T05:41:59.999Z,6,-1.304219,0.0000,0.6799,-130.4219,50.4114,ASIA,1
scalp_fade_3m,ETHUSDT,3m,1,TARGET,2025-12-13T07:15:00.000Z,2025-12-13T08:14:59.999Z,19,0.370909,1.0626,0.4232,37.0909,35.7327,LONDON,-1
scalp_fade_3m,ETHUSDT,3m,-1,STOP,2025-12-13T09:24:00.000Z,2025-12-13T10:17:59.999Z,17,-1.184352,0.2132,1.0501,-118.4352,30.0631,LONDON,1
scalp_fade_3m,ETHUSDT,3m,-1,STOP,2025-12-13T14:42:00.000Z,2025-12-13T15:05:59.999Z,7,-1.132565,0.0535,0.8204,-113.2565,21.8042,NY,1
scalp_fade_3m,ETHUSDT,3m,1,TARGET,2025-12-13T17:57:00.000Z,2025-12-13T18:08:59.999Z,3,0.677108,1.0433,0.2240,67.7108,26.1660,NY,-1
scalp_fade_3m,ETHUSDT,3m,1,STOP,2025-12-13T20:51:00.000Z,2025-12-13T20:53:59.999Z,0,-1.279366,0.0000,0.6804,-127.9366,46.5929,NY,-1
scalp_fade_3m,ETHUSDT,3m,1,STOP,2025-12-13T21:33:00.000Z,2025-12-13T21:35:59.999Z,0,-1.169495,0.5444,1.6001,-116.9495,28.3208,LATE,-1
scalp_fade_3m,ETHUSDT,3m,1,TIME,2025-12-13T22:15:00.000Z,2025-12-13T23:17:59.999Z,20,-0.059733,0.7022,0.1422,-5.9733,22.1789,LATE,1
scalp_fade_3m,ETHUSDT,3m,-1,STOP,2025-12-13T23:21:00.000Z,2025-12-13T23:47:59.999Z,8,-1.190361,0.0000,0.6890,-119.0361,31.3355,LATE,1
scalp_fade_3m,ETHUSDT,3m,-1,TARGET,2025-12-13T23:57:00.000Z,2025-12-14T00:05:59.999Z,2,0.630185,1.3221,0.4823,63.0185,27.6400,LATE,1
scalp_fade_3m,ETHUSDT,3m,-1,STOP,2025-12-14T00:42:00.000Z,2025-12-14T00:47:59.999Z,1,-1.173914,0.0000,1.0267,-117.3914,28.8250,ASIA,1
scalp_fade_3m,ETHUSDT,3m,-1,TIME,2025-12-14T03:09:00.000Z,2025-12-14T04:11:59.999Z,20,-0.503354,0.6752,0.3906,-50.3354,38.9100,ASIA,-1
scalp_fade_3m,ETHUSDT,3m,-1,TARGET,2025-12-14T08:51:00.000Z,2025-12-14T09:32:59.999Z,13,0.504983,1.0118,0.3023,50.4983,31.5230,LONDON,1
scalp_fade_3m,ETHUSDT,3m,1,STOP,2025-12-14T09:36:00.000Z,2025-12-14T09:50:59.999Z,4,-1.238162,0.0000,0.6398,-123.8162,39.5758,LONDON,1
scalp_fade_3m,ETHUSDT,3m,1,STOP,2025-12-14T11:06:00.000Z,2025-12-14T11:17:59.999Z,3,-1.165218,0.0043,0.8012,-116.5218,27.5236,LONDON,1
scalp_fade_3m,ETHUSDT,3m,1,STOP,2025-12-14T13:03:00.000Z,2025-12-14T13:05:59.999Z,0,-1.122878,0.0000,0.9517,-112.2878,20.5681,NY,1
scalp_fade_3m,ETHUSDT,3m,1,STOP,2025-12-14T14:27:00.000Z,2025-12-14T14:35:59.999Z,2,-1.161101,0.0000,1.9275,-116.1101,26.8688,NY,1
scalp_fade_3m,ETHUSDT,3m,1,STOP,2025-12-14T16:45:00.000Z,2025-12-14T17:14:59.999Z,9,-1.113620,0.9887,0.8645,-111.3620,18.8518,NY,-1
scalp_fade_3m,ETHUSDT,3m,1,TIME,2025-12-14T17:15:00.000Z,2025-12-14T18:17:59.999Z,20,0.476452,0.7754,0.3951,47.6452,15.6807,NY,1
scalp_fade_3m,ETHUSDT,3m,1,TIME,2025-12-14T18:27:00.000Z,2025-12-14T19:29:59.999Z,20,0.309340,1.0705,0.2363,30.9340,19.1071,NY,1
scalp_fade_3m,ETHUSDT,3m,1,STOP,2025-12-14T20:39:00.000Z,2025-12-14T21:08:59.999Z,9,-1.108440,0.1820,0.8818,-110.8440,17.9982,NY,1
scalp_fade_3m,ETHUSDT,3m,1,STOP,2025-12-14T22:15:00.000Z,2025-12-14T22:32:59.999Z,5,-1.152527,0.4233,2.3884,-115.2527,25.3669,LATE,1
scalp_fade_3m,ETHUSDT,3m,1,STOP,2025-12-14T23:12:00.000Z,2025-12-14T23:32:59.999Z,6,-1.085290,0.4017,1.9504,-108.5290,14.2280,LATE,1
scalp_fade_3m,ETHUSDT,3m,1,TARGET,2025-12-14T23:33:00.000Z,2025-12-15T00:02:59.999Z,9,1.258794,1.7750,0.1457,125.8794,7.6712,LATE,1
scalp_fade_3m,ETHUSDT,3m,-1,TIME,2025-12-15T02:42:00.000Z,2025-12-15T03:44:59.999Z,20,-0.035811,0.4977,0.2977,-3.5811,15.1097,ASIA,1
scalp_fade_3m,ETHUSDT,3m,-1,STOP,2025-12-15T04:18:00.000Z,2025-12-15T04:53:59.999Z,11,-1.165425,1.0013,1.0369,-116.5425,27.1296,ASIA,-1
scalp_fade_3m,ETHUSDT,3m,-1,STOP,2025-12-15T05:57:00.000Z,2025-12-15T06:35:59.999Z,12,-1.198824,0.4008,0.6768,-119.8824,32.6001,ASIA,-1
scalp_fade_3m,ETHUSDT,3m,-1,TIME,2025-12-15T07:06:00.000Z,2025-12-15T08:08:59.999Z,20,-0.628932,0.4702,0.3936,-62.8932,22.5316,LONDON,1
scalp_fade_3m,ETHUSDT,3m,-1,STOP,2025-12-15T08:12:00.000Z,2025-12-15T08:26:59.999Z,4,-1.165049,0.1178,1.0593,-116.5049,27.2638,LONDON,1
scalp_fade_3m,ETHUSDT,3m,-1,STOP,2025-12-15T09:51:00.000Z,2025-12-15T09:53:59.999Z,0,-1.176559,0.0000,1.5474,-117.6559,29.2958,LONDON,1
scalp_fade_3m,ETHUSDT,3m,-1,TARGET,2025-12-15T12:54:00.000Z,2025-12-15T13:05:59.999Z,3,0.851397,1.3705,0.4824,85.1397,20.5995,LONDON,1
scalp_fade_3m,ETHUSDT,3m,-1,TARGET,2025-12-15T14:18:00.000Z,2025-12-15T14:26:59.999Z,2,0.998047,1.4758,0.1377,99.8047,15.9418,NY,-1
scalp_fade_3m,ETHUSDT,3m,1,TIME,2025-12-15T19:15:00.000Z,2025-12-15T20:17:59.999Z,20,-0.676766,0.7468,0.5724,-67.6766,9.9953,NY,1
scalp_fade_3m,ETHUSDT,3m,1,TIME,2025-12-15T21:00:00.000Z,2025-12-15T22:02:59.999Z,20,0.299689,0.8718,0.5762,29.9689,14.8587,LATE,1
scalp_fade_3m,ETHUSDT,3m,1,TARGET,2025-12-15T22:27:00.000Z,2025-12-15T23:02:59.999Z,11,1.017159,1.4938,0.3356,101.7159,15.3269,LATE,-1
scalp_fade_3m,ETHUSDT,3m,1,TIME,2025-12-16T01:36:00.000Z,2025-12-16T02:38:59.999Z,20,0.705364,1.2736,0.1106,70.5364,13.5158,ASIA,-1
scalp_fade_3m,ETHUSDT,3m,1,STOP,2025-12-16T02:51:00.000Z,2025-12-16T03:08:59.999Z,5,-1.114964,0.0469,0.8223,-111.4964,19.1522,ASIA,1
scalp_fade_3m,ETHUSDT,3m,1,STOP,2025-12-16T07:15:00.000Z,2025-12-16T07:38:59.999Z,7,-1.146185,0.0165,1.0458,-114.6185,24.2673,LONDON,1
scalp_fade_3m,ETHUSDT,3m,1,TIME,2025-12-16T09:18:00.000Z,2025-12-16T10:20:59.999Z,20,-0.381954,0.7801,0.4360,-38.1954,24.5926,LONDON,1
scalp_fade_3m,ETHUSDT,3m,1,TARGET,2025-12-16T10:21:00.000Z,2025-12-16T10:41:59.999Z,6,0.914473,2.1912,0.1592,91.4473,18.6085,LONDON,-1
scalp_fade_3m,ETHUSDT,3m,1,TARGET,2025-12-16T11:03:00.000Z,2025-12-16T11:35:59.999Z,10,1.121331,1.2956,0.1787,112.1331,12.0280,LONDON,1
scalp_fade_3m,ETHUSDT,3m,-1,STOP,2025-12-16T12:48:00.000Z,2025-12-16T13:26:59.999Z,12,-1.143654,0.6654,0.7715,-114.3654,23.5178,LONDON,-1
scalp_fade_3m,ETHUSDT,3m,-1,TARGET,2025-12-16T13:33:00.000Z,2025-12-16T13:35:59.999Z,0,1.250154,1.3657,0.0871,125.0154,7.9293,NY,1
scalp_fade_3m,ETHUSDT,3m,-1,TARGET,2025-12-16T17:09:00.000Z,2025-12-16T17:59:59.999Z,16,1.202176,1.4203,0.3144,120.2176,9.4129,NY,-1
scalp_fade_3m,ETHUSDT,3m,1,TARGET,2025-12-16T19:39:00.000Z,2025-12-16T20:38:59.999Z,19,1.134037,1.4876,0.2168,113.4037,11.5956,NY,-1
scalp_fade_3m,ETHUSDT,3m,-1,TIME,2025-12-16T20:54:00.000Z,2025-12-16T21:56:59.999Z,20,-0.249423,0.8366,0.4105,-24.9423,17.9932,NY,1
scalp_fade_3m,ETHUSDT,3m,-1,STOP,2025-12-16T23:21:00.000Z,2025-12-16T23:44:59.999Z,7,-1.172813,0.2684,0.8629,-117.2813,28.4642,LATE,-1
scalp_fade_3m,ETHUSDT,3m,1,STOP,2025-12-17T05:12:00.000Z,2025-12-17T05:23:59.999Z,3,-1.117096,0.1556,1.1570,-111.7096,19.5455,ASIA,-1
scalp_fade_3m,ETHUSDT,3m,1,STOP,2025-12-17T12:24:00.000Z,2025-12-17T13:20:59.999Z,18,-1.159463,0.7987,0.7556,-115.9463,26.1621,LONDON,1
scalp_fade_3m,ETHUSDT,3m,-1,TARGET,2025-12-17T14:33:00.000Z,2025-12-17T14:47:59.999Z,4,1.095526,3.6207,0.2727,109.5526,12.8347,NY,-1
scalp_fade_3m,ETHUSDT,3m,1,TARGET,2025-12-17T21:36:00.000Z,2025-12-17T22:29:59.999Z,17,1.053067,1.2922,0.5433,105.3067,14.1646,LATE,-1
scalp_fade_3m,ETHUSDT,3m,1,TIME,2025-12-17T23:09:00.000Z,2025-12-18T00:11:59.999Z,20,0.108097,0.7694,0.5347,10.8097,20.8310,LATE,1
scalp_fade_3m,ETHUSDT,3m,1,TARGET,2025-12-18T01:54:00.000Z,2025-12-18T02:20:59.999Z,8,0.978040,1.6883,0.4900,97.8040,16.5811,ASIA,1
scalp_fade_3m,ETHUSDT,3m,1,TIME,2025-12-18T05:48:00.000Z,2025-12-18T06:50:59.999Z,20,-0.331279,0.4591,0.4727,-33.1279,25.4742,ASIA,1
scalp_fade_3m,ETHUSDT,3m,1,TARGET,2025-12-18T08:03:00.000Z,2025-12-18T08:17:59.999Z,4,0.763548,1.0335,0.2016,76.3548,23.4130,LONDON,1
scalp_fade_3m,ETHUSDT,3m,-1,STOP,2025-12-18T10:03:00.000Z,2025-12-18T10:08:59.999Z,1,-1.178235,0.0000,0.8015,-117.8235,29.5445,LONDON,-1
scalp_fade_3m,ETHUSDT,3m,-1,STOP,2025-12-18T12:18:00.000Z,2025-12-18T12:32:59.999Z,4,-1.199082,0.0000,1.7048,-119.9082,32.9130,LONDON,1
scalp_fade_3m,ETHUSDT,3m,1,TIME,2025-12-18T20:03:00.000Z,2025-12-18T21:05:59.999Z,20,-0.354003,0.2259,0.8948,-35.4003,8.8327,NY,1
scalp_fade_3m,ETHUSDT,3m,1,TARGET,2025-12-18T23:42:00.000Z,2025-12-19T00:02:59.999Z,6,0.942605,1.2147,0.3975,94.2605,17.7154,LATE,-1
scalp_fade_3m,ETHUSDT,3m,1,STOP,2025-12-19T00:06:00.000Z,2025-12-19T00:35:59.999Z,9,-1.118717,0.2842,0.8223,-111.8717,19.6915,ASIA,-1
scalp_fade_3m,ETHUSDT,3m,1,TARGET,2025-12-19T02:15:00.000Z,2025-12-19T02:47:59.999Z,10,1.066134,1.2133,0.3102,106.6134,13.7783,ASIA,-1
scalp_fade_3m,ETHUSDT,3m,-1,TIME,2025-12-19T05:12:00.000Z,2025-12-19T06:14:59.999Z,20,-0.386594,0.4166,0.6694,-38.6594,18.7139,ASIA,-1
scalp_fade_3m,ETHUSDT,3m,-1,TIME,2025-12-19T07:33:00.000Z,2025-12-19T08:35:59.999Z,20,-0.255302,0.3776,0.7835,-25.5302,12.3500,LONDON,1
scalp_fade_3m,ETHUSDT,3m,-1,TIME,2025-12-19T09:33:00.000Z,2025-12-19T10:35:59.999Z,20,0.074420,0.6671,0.6917,7.4420,24.3380,LONDON,1
scalp_fade_3m,ETHUSDT,3m,-1,STOP,2025-12-19T11:24:00.000Z,2025-12-19T11:29:59.999Z,1,-1.142837,0.0000,0.8132,-114.2837,23.6505,LONDON,1
scalp_fade_3m,ETHUSDT,3m,-1,TARGET,2025-12-19T12:03:00.000Z,2025-12-19T12:08:59.999Z,1,0.937395,1.4117,0.4479,93.7395,17.8757,LONDON,1
scalp_fade_3m,ETHUSDT,3m,-1,TIME,2025-12-19T12:12:00.000Z,2025-12-19T13:14:59.999Z,20,-0.201251,0.5788,0.2188,-20.1251,15.6246,LONDON,1
scalp_fade_3m,ETHUSDT,3m,-1,STOP,2025-12-19T13:39:00.000Z,2025-12-19T14:14:59.999Z,11,-1.124563,0.4330,1.1404,-112.4563,20.3959,NY,1
scalp_fade_3m,ETHUSDT,3m,-1,TIME,2025-12-19T14:45:00.000Z,2025-12-19T15:47:59.999Z,20,0.779120,1.1473,0.7948,77.9120,8.6267,NY,-1
scalp_fade_3m,ETHUSDT,3m,-1,TARGET,2025-12-19T17:09:00.000Z,2025-12-19T17:35:59.999Z,8,1.222513,1.4381,0.2932,122.2513,8.7887,NY,1
scalp_fade_3m,ETHUSDT,3m,-1,TIME,2025-12-19T21:00:00.000Z,2025-12-19T22:02:59.999Z,20,0.558795,1.1764,0.1097,55.8795,18.2379,LATE,1
scalp_fade_3m,ETHUSDT,3m,-1,STOP,2025-12-20T01:48:00.000Z,2025-12-20T02:35:59.999Z,15,-1.225546,0.2741,0.8119,-122.5546,36.8854,ASIA,-1
scalp_fade_3m,ETHUSDT,3m,-1,TIME,2025-12-20T05:42:00.000Z,2025-12-20T06:44:59.999Z,20,-0.425362,0.5582,0.4828,-42.5362,38.1972,ASIA,1
scalp_fade_3m,ETHUSDT,3m,-1,STOP,2025-12-20T07:33:00.000Z,2025-12-20T08:05:59.999Z,10,-1.217603,0.0170,0.8644,-121.7603,35.7650,LONDON,-1
scalp_fade_3m,ETHUSDT,3m,-1,STOP,2025-12-20T08:15:00.000Z,2025-12-20T08:20:59.999Z,1,-1.239304,0.0000,0.7386,-123.9304,39.7130,LONDON,1
scalp_fade_3m,ETHUSDT,3m,-1,STOP,2025-12-20T09:33:00.000Z,2025-12-20T09:38:59.999Z,1,-1.293730,0.0000,0.5475,-129.3730,48.7754,LONDON,1
scalp_fade_3m,ETHUSDT,3m,1,TARGET,2025-12-20T10:48:00.000Z,2025-12-20T11:23:59.999Z,11,0.592503,1.1726,0.3182,59.2503,28.7889,LONDON,-1
scalp_fade_3m,ETHUSDT,3m,-1,TARGET,2025-12-20T13:06:00.000Z,2025-12-20T13:08:59.999Z,0,0.430493,2.1513,0.4073,43.0493,34.0096,NY,-1
scalp_fade_3m,ETHUSDT,3m,1,TIME,2025-12-20T15:21:00.000Z,2025-12-20T16:23:59.999Z,20,-0.136826,0.5743,0.4002,-13.6826,33.3083,NY,1
scalp_fade_3m,ETHUSDT,3m,1,STOP,2025-12-20T16:39:00.000Z,2025-12-20T16:41:59.999Z,0,-1.296667,0.0000,0.5148,-129.6667,49.4701,NY,1
scalp_fade_3m,ETHUSDT,3m,1,STOP,2025-12-20T17:09:00.000Z,2025-12-20T17:11:59.999Z,0,-1.281706,0.0000,0.7699,-128.1706,46.9820,NY,-1
scalp_fade_3m,ETHUSDT,3m,1,TIME,2025-12-20T17:39:00.000Z,2025-12-20T18:41:59.999Z,20,-1.064972,0.2076,0.5029,-106.4972,46.9791,NY,-1
scalp_fade_3m,ETHUSDT,3m,1,TIME,2025-12-20T19:03:00.000Z,2025-12-20T20:05:59.999Z,20,-0.730975,0.3575,0.3117,-73.0975,44.0682,NY,-1
scalp_fade_3m,ETHUSDT,3m,1,STOP,2025-12-20T23:24:00.000Z,2025-12-20T23:41:59.999Z,5,-1.248112,0.0000,0.7181,-124.8112,41.1810,LATE,1
scalp_fade_3m,ETHUSDT,3m,1,TIME,2025-12-21T00:09:00.000Z,2025-12-21T01:11:59.999Z,20,-0.695366,0.5568,0.2779,-69.5366,46.3371,ASIA,-1
scalp_fade_3m,ETHUSDT,3m,-1,STOP,2025-12-21T07:39:00.000Z,2025-12-21T07:41:59.999Z,0,-1.366824,0.0000,0.4747,-136.6824,61.0095,LONDON,1
scalp_fade_3m,ETHUSDT,3m,-1,STOP,2025-12-21T07:51:00.000Z,2025-12-21T08:26:59.999Z,11,-1.296731,0.3602,0.8537,-129.6731,48.7679,LONDON,1
scalp_fade_3m,ETHUSDT,3m,-1,STOP,2025-12-21T12:03:00.000Z,2025-12-21T12:08:59.999Z,1,-1.276978,0.0000,0.7054,-127.6978,45.9860,LONDON,1
scalp_fade_3m,ETHUSDT,3m,1,TIME,2025-12-21T14:39:00.000Z,2025-12-21T15:41:59.999Z,20,-0.047116,0.5802,0.1313,-4.7116,16.6536,NY,1
scalp_fade_3m,ETHUSDT,3m,-1,TARGET,2025-12-21T21:09:00.000Z,2025-12-21T21:44:59.999Z,11,0.633366,1.2582,0.4909,63.3366,27.4686,LATE,1
scalp_fade_3m,ETHUSDT,3m,-1,STOP,2025-12-21T22:15:00.000Z,2025-12-21T22:32:59.999Z,5,-1.188812,0.2641,0.8028,-118.8812,31.1760,LATE,-1
scalp_fade_3m,ETHUSDT,3m,-1,STOP,2025-12-22T03:09:00.000Z,2025-12-22T03:26:59.999Z,5,-1.111737,0.1078,0.9408,-111.1737,18.3957,ASIA,1
scalp_fade_3m,ETHUSDT,3m,-1,TIME,2025-12-22T05:12:00.000Z,2025-12-22T06:14:59.999Z,20,0.134429,0.7587,0.3535,13.4429,23.0802,ASIA,1
scalp_fade_3m,ETHUSDT,3m,-1,STOP,2025-12-22T08:03:00.000Z,2025-12-22T08:17:59.999Z,4,-1.192328,0.2746,0.8560,-119.2328,31.7919,LONDON,-1
scalp_fade_3m,ETHUSDT,3m,-1,TIME,2025-12-22T10:03:00.000Z,2025-12-22T11:05:59.999Z,20,-0.871913,0.4465,0.7278,-87.1913,25.7116,LONDON,-1
scalp_fade_3m,ETHUSDT,3m,-1,STOP,2025-12-22T11:39:00.000Z,2025-12-22T11:50:59.999Z,3,-1.160513,0.0000,1.3726,-116.0513,26.5384,LONDON,1
scalp_fade_3m,ETHUSDT,3m,-1,STOP,2025-12-22T13:21:00.000Z,2025-12-22T14:17:59.999Z,18,-1.133949,0.4583,0.8411,-113.3949,21.7858,NY,1
scalp_fade_3m,ETHUSDT,3m,-1,TARGET,2025-12-22T14:33:00.000Z,2025-12-22T14:35:59.999Z,0,1.025758,1.8567,0.1294,102.5758,15.0692,NY,1
scalp_fade_3m,ETHUSDT,3m,-1,TARGET,2025-12-22T14:48:00.000Z,2025-12-22T15:38:59.999Z,16,1.274242,1.3967,0.3596,127.4242,7.1303,NY,-1
scalp_fade_3m,ETHUSDT,3m,-1,TIME,2025-12-22T15:57:00.000Z,2025-12-22T16:59:59.999Z,20,0.175486,0.5902,0.2950,17.5486,12.2794,NY,-1
scalp_fade_3m,ETHUSDT,3m,1,STOP,2025-12-22T18:21:00.000Z,2025-12-22T18:59:59.999Z,12,-1.128793,0.4260,1.5965,-112.8793,21.2858,NY,1
scalp_fade_3m,ETHUSDT,3m,1,TIME,2025-12-22T21:00:00.000Z,2025-12-22T22:02:59.999Z,20,0.329622,1.1371,0.1084,32.9622,16.7015,LATE,1
scalp_fade_3m,ETHUSDT,3m,1,TARGET,2025-12-22T22:06:00.000Z,2025-12-22T22:47:59.999Z,13,0.891975,1.1281,0.4480,89.1975,19.2845,LATE,-1
scalp_fade_3m,ETHUSDT,3m,-1,TARGET,2025-12-23T02:09:00.000Z,2025-12-23T02:38:59.999Z,9,1.000096,1.3447,0.4297,100.0096,15.8451,ASIA,-1
scalp_fade_3m,ETHUSDT,3m,1,STOP,2025-12-23T08:48:00.000Z,2025-12-23T08:53:59.999Z,1,-1.197515,0.0000,0.7474,-119.7515,32.9464,LONDON,1
scalp_fade_3m,ETHUSDT,3m,1,STOP,2025-12-23T09:03:00.000Z,2025-12-23T09:17:59.999Z,4,-1.185814,0.0000,1.0184,-118.5814,30.9061,LONDON,1
scalp_fade_3m,ETHUSDT,3m,1,STOP,2025-12-23T10:57:00.000Z,2025-12-23T11:05:59.999Z,2,-1.222626,0.0164,0.6305,-122.2626,37.0796,LONDON,1
scalp_fade_3m,ETHUSDT,3m,1,TIME,2025-12-23T11:06:00.000Z,2025-12-23T12:08:59.999Z,20,-0.221297,0.8466,0.3345,-22.1297,34.6024,LONDON,1
scalp_fade_3m,ETHUSDT,3m,1,STOP,2025-12-23T13:24:00.000Z,2025-12-23T13:38:59.999Z,4,-1.178694,0.7516,2.5527,-117.8694,29.7269,NY,-1
scalp_fade_3m,ETHUSDT,3m,1,STOP,2025-12-23T14:03:00.000Z,2025-12-23T14:17:59.999Z,4,-1.094483,0.0269,0.9411,-109.4483,15.7800,NY,1
scalp_fade_3m,ETHUSDT,3m,1,STOP,2025-12-23T14:42:00.000Z,2025-12-23T14:50:59.999Z,2,-1.078857,0.0336,0.8791,-107.8857,13.2197,NY,-1
scalp_fade_3m,ETHUSDT,3m,-1,STOP,2025-12-23T23:30:00.000Z,2025-12-23T23:38:59.999Z,2,-1.148709,0.0000,0.8182,-114.8709,24.6025,LATE,-1
scalp_fade_3m,ETHUSDT,3m,-1,STOP,2025-12-23T23:57:00.000Z,2025-12-24T00:56:59.999Z,19,-1.165217,0.7761,0.8374,-116.5217,26.8743,LATE,1
scalp_fade_3m,ETHUSDT,3m,1,STOP,2025-12-24T05:27:00.000Z,2025-12-24T05:35:59.999Z,2,-1.152549,0.0000,1.0775,-115.2549,25.4496,ASIA,-1
scalp_fade_3m,ETHUSDT,3m,1,STOP,2025-12-24T07:57:00.000Z,2025-12-24T08:02:59.999Z,1,-1.194050,0.0000,0.7320,-119.4050,32.3707,LONDON,1
scalp_fade_3m,ETHUSDT,3m,1,STOP,2025-12-24T08:18:00.000Z,2025-12-24T08:23:59.999Z,1,-1.173811,0.2671,0.8006,-117.3811,29.0084,LONDON,-1
scalp_fade_3m,ETHUSDT,3m,1,STOP,2025-12-24T08:30:00.000Z,2025-12-24T08:35:59.999Z,1,-1.136557,0.0842,1.1351,-113.6557,22.8193,LONDON,-1
scalp_fade_3m,ETHUSDT,3m,1,STOP,2025-12-24T11:51:00.000Z,2025-12-24T11:56:59.999Z,1,-1.216234,0.0000,0.6896,-121.6234,36.0561,LONDON,-1
scalp_fade_3m,ETHUSDT,3m,1,TARGET,2025-12-24T11:57:00.000Z,2025-12-24T12:41:59.999Z,14,0.744318,1.1786,0.5007,74.4318,23.9559,LONDON,-1
scalp_fade_3m,ETHUSDT,3m,1,STOP,2025-12-24T13:33:00.000Z,2025-12-24T13:35:59.999Z,0,-1.199708,0.0000,0.6676,-119.9708,33.3454,NY,1
scalp_fade_3m,ETHUSDT,3m,1,STOP,2025-12-24T14:33:00.000Z,2025-12-24T14:35:59.999Z,0,-1.158612,0.0000,1.4558,-115.8612,26.5109,NY,1
scalp_fade_3m,ETHUSDT,3m,1,TIME,2025-12-24T14:54:00.000Z,2025-12-24T15:56:59.999Z,20,0.171936,0.6681,0.4660,17.1936,11.5419,NY,-1
scalp_fade_3m,ETHUSDT,3m,-1,STOP,2025-12-24T19:30:00.000Z,2025-12-24T20:14:59.999Z,14,-1.188703,0.1576,1.0612,-118.8703,30.8704,NY,-1
scalp_fade_3m,ETHUSDT,3m,-1,STOP,2025-12-24T22:00:00.000Z,2025-12-24T22:11:59.999Z,3,-1.229369,0.0000,1.6716,-122.9369,37.9798,LATE,1
scalp_fade_3m,ETHUSDT,3m,-1,TARGET,2025-12-25T00:18:00.000Z,2025-12-25T00:59:59.999Z,13,0.746955,1.2691,0.2510,74.6955,23.8521,ASIA,-1
scalp_fade_3m,ETHUSDT,3m,-1,STOP,2025-12-25T01:21:00.000Z,2025-12-25T01:44:59.999Z,7,-1.230198,0.2156,0.6219,-123.0198,37.9599,ASIA,-1
scalp_fade_3m,ETHUSDT,3m,1,TIME,2025-12-25T05:24:00.000Z,2025-12-25T06:26:59.999Z,20,-0.833085,0.3306,0.5733,-83.3085,40.3738,ASIA,-1
scalp_fade_3m,ETHUSDT,3m,1,STOP,2025-12-25T06:33:00.000Z,2025-12-25T07:32:59.999Z,19,-1.323392,0.2962,0.5332,-132.3392,52.8698,ASIA,1
scalp_fade_3m,ETHUSDT,3m,1,STOP,2025-12-25T08:15:00.000Z,2025-12-25T08:17:59.999Z,0,-1.244752,0.0000,2.5444,-124.4752,40.8364,LONDON,1
scalp_fade_3m,ETHUSDT,3m,1,STOP,2025-12-25T10:06:00.000Z,2025-12-25T10:11:59.999Z,1,-1.279881,0.0000,1.1187,-127.9881,46.6300,LONDON,-1
scalp_fade_3m,ETHUSDT,3m,1,TIME,2025-12-25T12:15:00.000Z,2025-12-25T13:17:59.999Z,20,-1.058422,0.6875,0.3194,-105.8422,45.9082,LONDON,1
scalp_fade_3m,ETHUSDT,3m,1,STOP,2025-12-25T13:18:00.000Z,2025-12-25T13:20:59.999Z,0,-1.297753,0.0000,0.9624,-129.7753,49.6507,NY,1
scalp_fade_3m,ETHUSDT,3m,1,TARGET,2025-12-25T14:27:00.000Z,2025-12-25T15:23:59.999Z,18,0.886295,1.3363,0.4232,88.6295,19.4370,NY,1
scalp_fade_3m,ETHUSDT,3m,-1,STOP,2025-12-25T17:51:00.000Z,2025-12-25T18:02:59.999Z,3,-1.193123,0.0000,0.8806,-119.3123,31.9570,NY,-1
scalp_fade_3m,ETHUSDT,3m,-1,TARGET,2025-12-25T18:42:00.000Z,2025-12-25T19:20:59.999Z,12,0.886174,1.1230,0.2985,88.6174,19.4442,NY,1
scalp_fade_3m,ETHUSDT,3m,-1,STOP,2025-12-26T06:33:00.000Z,2025-12-26T06:41:59.999Z,2,-1.204859,0.0000,1.0840,-120.4859,33.9424,ASIA,-1
scalp_fade_3m,ETHUSDT,3m,-1,STOP,2025-12-26T12:15:00.000Z,2025-12-26T12:41:59.999Z,8,-1.240285,0.0119,0.7147,-124.0285,39.5883,LONDON,1
scalp_fade_3m,ETHUSDT,3m,-1,STOP,2025-12-26T12:54:00.000Z,2025-12-26T13:05:59.999Z,3,-1.238289,0.0000,0.7159,-123.8289,39.4620,LONDON,1
scalp_fade_3m,ETHUSDT,3m,1,TARGET,2025-12-26T16:57:00.000Z,2025-12-26T17:29:59.999Z,10,1.053173,1.7007,0.3008,105.3173,14.1893,NY,-1
scalp_fade_3m,ETHUSDT,3m,1,TIME,2025-12-26T18:54:00.000Z,2025-12-26T19:56:59.999Z,20,-0.427317,0.5590,0.6158,-42.7317,28.3313,NY,1
scalp_fade_3m,ETHUSDT,3m,1,TARGET,2025-12-26T20:06:00.000Z,2025-12-26T20:44:59.999Z,12,0.715203,1.0727,0.2933,71.5203,24.8921,NY,1
scalp_fade_3m,ETHUSDT,3m,1,STOP,2025-12-26T22:24:00.000Z,2025-12-26T22:26:59.999Z,0,-1.227251,0.0000,0.7649,-122.7251,37.9259,LATE,-1
scalp_fade_3m,ETHUSDT,3m,1,STOP,2025-12-26T23:24:00.000Z,2025-12-27T00:23:59.999Z,19,-1.222581,0.0926,0.9532,-122.2581,36.4290,LATE,1
scalp_fade_3m,ETHUSDT,3m,1,TIME,2025-12-27T02:03:00.000Z,2025-12-27T03:05:59.999Z,20,-0.869069,0.4716,0.4903,-86.9069,46.1915,ASIA,1
scalp_fade_3m,ETHUSDT,3m,1,STOP,2025-12-27T03:06:00.000Z,2025-12-27T03:08:59.999Z,0,-1.315998,0.0000,0.4873,-131.5998,52.6850,ASIA,-1
scalp_fade_3m,ETHUSDT,3m,1,TIME,2025-12-27T04:06:00.000Z,2025-12-27T05:08:59.999Z,20,-0.943365,0.0676,0.4637,-94.3365,47.8705,ASIA,1
scalp_fade_3m,ETHUSDT,3m,-1,TARGET,2025-12-27T10:00:00.000Z,2025-12-27T10:35:59.999Z,11,0.466234,1.5781,0.3403,46.6234,32.7699,LONDON,-1
scalp_fade_3m,ETHUSDT,3m,1,STOP,2025-12-27T13:06:00.000Z,2025-12-27T13:20:59.999Z,4,-1.323309,0.0000,0.6779,-132.3309,53.6775,NY,1
scalp_fade_3m,ETHUSDT,3m,1,STOP,2025-12-27T15:54:00.000Z,2025-12-27T16:02:59.999Z,2,-1.307698,0.0000,0.6188,-130.7698,51.1981,NY,-1
scalp_fade_3m,ETHUSDT,3m,1,STOP,2025-12-27T18:21:00.000Z,2025-12-27T18:23:59.999Z,0,-1.344642,0.0000,0.4724,-134.4642,57.4487,NY,1
scalp_fade_3m,ETHUSDT,3m,1,STOP,2025-12-27T18:51:00.000Z,2025-12-27T18:53:59.999Z,0,-1.340136,0.0000,0.5380,-134.0136,56.6992,NY,-1
scalp_fade_3m,ETHUSDT,3m,-1,STOP,2025-12-27T21:06:00.000Z,2025-12-27T21:08:59.999Z,0,-1.369978,0.0000,0.4322,-136.9978,61.5353,LATE,-1
scalp_fade_3m,ETHUSDT,3m,-1,STOP,2025-12-27T22:15:00.000Z,2025-12-27T22:17:59.999Z,0,-1.176402,0.0000,0.9957,-117.6402,29.2697,LATE,1
scalp_fade_3m,ETHUSDT,3m,-1,STOP,2025-12-27T23:18:00.000Z,2025-12-27T23:47:59.999Z,9,-1.182324,0.0000,2.4215,-118.2324,29.9762,LATE,1
scalp_fade_3m,ETHUSDT,3m,-1,TIME,2025-12-27T23:48:00.000Z,2025-12-28T00:50:59.999Z,20,-0.098862,0.8255,0.2224,-9.8862,24.2930,LATE,1
scalp_fade_3m,ETHUSDT,3m,-1,STOP,2025-12-28T02:18:00.000Z,2025-12-28T02:26:59.999Z,2,-1.303307,0.0000,0.5189,-130.3307,50.3177,ASIA,-1
scalp_fade_3m,ETHUSDT,3m,-1,STOP,2025-12-28T03:03:00.000Z,2025-12-28T03:05:59.999Z,0,-1.344437,0.0000,0.5789,-134.4437,57.2782,ASIA,1
scalp_fade_3m,ETHUSDT,3m,-1,TARGET,2025-12-28T03:06:00.000Z,2025-12-28T03:29:59.999Z,7,0.274641,0.9778,0.3563,27.4641,38.8912,ASIA,1
scalp_fade_3m,ETHUSDT,3m,-1,STOP,2025-12-28T04:12:00.000Z,2025-12-28T04:14:59.999Z,0,-1.330073,0.0000,0.8979,-133.0073,54.8838,ASIA,-1
scalp_fade_3m,ETHUSDT,3m,-1,STOP,2025-12-28T05:54:00.000Z,2025-12-28T06:41:59.999Z,15,-1.246237,0.6531,0.6156,-124.6237,40.2810,ASIA,-1
scalp_fade_3m,ETHUSDT,3m,-1,TARGET,2025-12-28T08:42:00.000Z,2025-12-28T09:38:59.999Z,18,0.561684,1.0965,0.2562,56.1684,29.6834,LONDON,1
scalp_fade_3m,ETHUSDT,3m,-1,TARGET,2025-12-28T11:51:00.000Z,2025-12-28T12:41:59.999Z,16,0.515352,0.8562,0.3719,51.5352,31.1678,LONDON,1
scalp_fade_3m,ETHUSDT,3m,-1,STOP,2025-12-28T14:03:00.000Z,2025-12-28T14:05:59.999Z,0,-1.318172,0.0000,0.7203,-131.8172,52.9002,NY,1
scalp_fade_3m,ETHUSDT,3m,-1,STOP,2025-12-28T14:57:00.000Z,2025-12-28T15:08:59.999Z,3,-1.192306,0.0963,0.6925,-119.2306,31.8212,NY,1
scalp_fade_3m,ETHUSDT,3m,-1,STOP,2025-12-28T17:12:00.000Z,2025-12-28T17:20:59.999Z,2,-1.260813,0.0000,0.7480,-126.0813,43.2494,NY,-1
scalp_fade_3m,ETHUSDT,3m,1,STOP,2025-12-28T20:06:00.000Z,2025-12-28T21:05:59.999Z,19,-1.221928,0.4403,0.7437,-122.1928,36.3225,NY,1
scalp_fade_3m,ETHUSDT,3m,1,TIME,2025-12-28T21:12:00.000Z,2025-12-28T22:14:59.999Z,20,0.011009,0.7294,0.3156,1.1009,32.8535,LATE,-1
scalp_fade_3m,ETHUSDT,3m,-1,STOP,2025-12-28T23:09:00.000Z,2025-12-28T23:50:59.999Z,13,-1.150707,0.1426,0.8672,-115.0707,24.6534,LATE,1
scalp_fade_3m,ETHUSDT,3m,-1,STOP,2025-12-29T00:24:00.000Z,2025-12-29T00:26:59.999Z,0,-1.175627,0.0000,0.8295,-117.5627,29.1405,ASIA,-1
scalp_fade_3m,ETHUSDT,3m,-1,TIME,2025-12-29T05:39:00.000Z,2025-12-29T06:41:59.999Z,20,-0.346656,0.4691,0.6102,-34.6656,26.8479,ASIA,-1
scalp_fade_3m,ETHUSDT,3m,-1,TARGET,2025-12-29T07:03:00.000Z,2025-12-29T07:08:59.999Z,1,0.809969,3.5534,0.2027,80.9969,21.9290,LONDON,-1
scalp_fade_3m,ETHUSDT,3m,-1,TIME,2025-12-29T08:12:00.000Z,2025-12-29T09:14:59.999Z,20,0.181726,0.8076,0.6301,18.1726,25.1576,LONDON,-1
scalp_fade_3m,ETHUSDT,3m,1,STOP,2025-12-29T10:12:00.000Z,2025-12-29T10:59:59.999Z,15,-1.087062,0.0000,1.0276,-108.7062,14.3867,LONDON,-1
scalp_fade_3m,ETHUSDT,3m,1,STOP,2025-12-29T11:45:00.000Z,2025-12-29T12:02:59.999Z,5,-1.177337,0.0000,1.4296,-117.7337,29.4715,LONDON,-1
scalp_fade_3m,ETHUSDT,3m,1,TIME,2025-12-29T14:57:00.000Z,2025-12-29T15:59:59.999Z,20,-0.372915,0.5054,0.8656,-37.2915,12.8230,NY,1
scalp_fade_3m,ETHUSDT,3m,1,TIME,2025-12-29T16:27:00.000Z,2025-12-29T17:29:59.999Z,20,-0.055628,0.9162,0.1917,-5.5628,18.3152,NY,-1
scalp_fade_3m,ETHUSDT,3m,1,TIME,2025-12-29T20:57:00.000Z,2025-12-29T21:59:59.999Z,20,0.023819,0.6641,0.3312,2.3819,29.1007,NY,-1
scalp_fade_3m,ETHUSDT,3m,1,TARGET,2025-12-29T22:12:00.000Z,2025-12-29T22:35:59.999Z,7,0.689550,1.0115,0.3807,68.9550,25.7415,LATE,1
scalp_fade_3m,ETHUSDT,3m,1,STOP,2025-12-29T23:03:00.000Z,2025-12-29T23:41:59.999Z,12,-1.195773,0.5985,0.7430,-119.5773,32.2876,LATE,1
scalp_fade_3m,ETHUSDT,3m,1,STOP,2025-12-30T00:33:00.000Z,2025-12-30T01:35:59.999Z,20,-1.196499,0.2302,1.0668,-119.6499,32.1426,ASIA,1
scalp_fade_3m,ETHUSDT,3m,1,STOP,2025-12-30T02:03:00.000Z,2025-12-30T02:11:59.999Z,2,-1.189473,0.0000,0.7842,-118.9473,31.5776,ASIA,-1
scalp_fade_3m,ETHUSDT,3m,-1,STOP,2025-12-30T08:03:00.000Z,2025-12-30T08:05:59.999Z,0,-1.159623,0.0000,1.1919,-115.9623,26.4729,LONDON,1
scalp_fade_3m,ETHUSDT,3m,-1,STOP,2025-12-30T09:48:00.000Z,2025-12-30T09:50:59.999Z,0,-1.170970,0.0000,0.9234,-117.0970,28.3642,LONDON,-1
scalp_fade_3m,ETHUSDT,3m,-1,TIME,2025-12-30T10:21:00.000Z,2025-12-30T11:23:59.999Z,20,-0.271508,0.7075,0.4907,-27.1508,30.7180,LONDON,1
scalp_fade_3m,ETHUSDT,3m,-1,STOP,2025-12-30T12:00:00.000Z,2025-12-30T12:14:59.999Z,4,-1.179166,0.0000,0.7189,-117.9166,29.6072,LONDON,1
scalp_fade_3m,ETHUSDT,3m,-1,STOP,2025-12-30T13:06:00.000Z,2025-12-30T13:26:59.999Z,6,-1.200369,0.4690,0.8908,-120.0369,33.0582,NY,1
scalp_fade_3m,ETHUSDT,3m,-1,TARGET,2025-12-30T14:21:00.000Z,2025-12-30T14:32:59.999Z,3,1.094457,1.4859,0.1112,109.4457,12.8723,NY,-1
scalp_fade_3m,ETHUSDT,3m,-1,STOP,2025-12-30T14:51:00.000Z,2025-12-30T14:53:59.999Z,0,-1.083755,0.0000,1.2641,-108.3755,13.8271,NY,-1
scalp_fade_3m,ETHUSDT,3m,-1,TIME,2025-12-30T16:21:00.000Z,2025-12-30T17:23:59.999Z,20,0.146193,0.7726,0.3613,14.6193,17.5501,NY,1
scalp_fade_3m,ETHUSDT,3m,1,STOP,2025-12-31T00:03:00.000Z,2025-12-31T00:08:59.999Z,1,-1.230373,0.0000,0.8337,-123.0373,38.4051,ASIA,1
scalp_fade_3m,ETHUSDT,3m,1,TARGET,2025-12-31T00:33:00.000Z,2025-12-31T01:20:59.999Z,15,0.811247,1.8004,0.5723,81.1247,21.8298,ASIA,-1
scalp_fade_3m,ETHUSDT,3m,-1,TARGET,2025-12-31T02:54:00.000Z,2025-12-31T03:38:59.999Z,14,0.805721,1.1843,0.6682,80.5721,21.9829,ASIA,1
scalp_fade_3m,ETHUSDT,3m,-1,STOP,2025-12-31T04:54:00.000Z,2025-12-31T05:05:59.999Z,3,-1.275662,0.4313,0.6227,-127.5662,45.6718,ASIA,1
scalp_fade_3m,ETHUSDT,3m,-1,STOP,2025-12-31T07:27:00.000Z,2025-12-31T08:02:59.999Z,11,-1.260808,0.2556,0.7883,-126.0808,42.8481,LONDON,-1
scalp_fade_3m,ETHUSDT,3m,-1,TARGET,2025-12-31T08:15:00.000Z,2025-12-31T08:41:59.999Z,8,0.568208,1.4208,0.2551,56.8208,29.5605,LONDON,1
scalp_fade_3m,ETHUSDT,3m,-1,STOP,2025-12-31T10:24:00.000Z,2025-12-31T10:59:59.999Z,11,-1.243324,0.1615,0.6530,-124.3324,39.9668,LONDON,1
scalp_fade_3m,ETHUSDT,3m,-1,STOP,2025-12-31T11:00:00.000Z,2025-12-31T11:08:59.999Z,2,-1.270031,0.0000,0.7013,-127.0031,44.7827,LONDON,-1
scalp_fade_3m,ETHUSDT,3m,-1,TARGET,2025-12-31T14:33:00.000Z,2025-12-31T14:47:59.999Z,4,1.056090,1.4539,0.2351,105.6090,14.0880,NY,1
scalp_fade_3m,ETHUSDT,3m,1,TIME,2025-12-31T18:48:00.000Z,2025-12-31T19:50:59.999Z,20,-0.744310,0.6138,0.4072,-74.4310,29.3483,NY,1
scalp_fade_3m,ETHUSDT,3m,1,STOP,2025-12-31T20:30:00.000Z,2025-12-31T20:38:59.999Z,2,-1.186983,0.2685,1.0008,-118.6983,31.1642,NY,-1
scalp_fade_3m,ETHUSDT,3m,1,TARGET,2026-01-01T04:45:00.000Z,2026-01-01T05:32:59.999Z,15,0.648074,1.1127,0.2713,64.8074,26.9967,ASIA,-1
scalp_fade_3m,ETHUSDT,3m,1,STOP,2026-01-01T07:51:00.000Z,2026-01-01T08:02:59.999Z,3,-1.337220,0.0000,0.5207,-133.7220,56.0394,LONDON,-1
scalp_fade_3m,ETHUSDT,3m,-1,STOP,2026-01-01T08:42:00.000Z,2026-01-01T08:47:59.999Z,1,-1.358104,0.0000,0.4548,-135.8104,59.4941,LONDON,1
scalp_fade_3m,ETHUSDT,3m,-1,STOP,2026-01-01T11:36:00.000Z,2026-01-01T11:53:59.999Z,5,-1.279056,0.0261,0.6568,-127.9056,46.1400,LONDON,-1
scalp_fade_3m,ETHUSDT,3m,-1,STOP,2026-01-01T12:54:00.000Z,2026-01-01T12:56:59.999Z,0,-1.320964,0.0000,0.5007,-132.0964,53.3655,LONDON,1
scalp_fade_3m,ETHUSDT,3m,-1,TARGET,2026-01-01T13:18:00.000Z,2026-01-01T14:02:59.999Z,14,0.419158,0.9343,0.4807,41.9158,34.2340,NY,1
scalp_fade_3m,ETHUSDT,3m,-1,STOP,2026-01-01T14:51:00.000Z,2026-01-01T15:41:59.999Z,16,-1.248113,0.3654,1.1573,-124.8113,40.5474,NY,-1
scalp_fade_3m,ETHUSDT,3m,-1,STOP,2026-01-01T22:15:00.000Z,2026-01-01T22:26:59.999Z,3,-1.303408,0.0000,0.5639,-130.3408,50.2822,LATE,1
scalp_fade_3m,ETHUSDT,3m,-1,STOP,2026-01-01T22:54:00.000Z,2026-01-01T22:56:59.999Z,0,-1.241806,0.0000,0.7988,-124.1806,40.1714,LATE,1
scalp_fade_3m,ETHUSDT,3m,-1,STOP,2026-01-01T23:06:00.000Z,2026-01-01T23:17:59.999Z,3,-1.170147,0.0000,0.8863,-117.0147,28.1392,LATE,1
scalp_fade_3m,ETHUSDT,3m,-1,STOP,2026-01-02T02:51:00.000Z,2026-01-02T03:08:59.999Z,5,-1.229574,0.1149,1.0967,-122.9574,37.9352,ASIA,-1
scalp_fade_3m,ETHUSDT,3m,-1,STOP,2026-01-02T08:09:00.000Z,2026-01-02T08:14:59.999Z,1,-1.194156,0.0000,0.7230,-119.4156,32.1955,LONDON,-1
scalp_fade_3m,ETHUSDT,3m,-1,STOP,2026-01-02T08:36:00.000Z,2026-01-02T08:53:59.999Z,5,-1.186230,0.0176,0.7365,-118.6230,30.7478,LONDON,-1
scalp_fade_3m,ETHUSDT,3m,-1,STOP,2026-01-02T14:39:00.000Z,2026-01-02T14:50:59.999Z,3,-1.070289,0.1385,2.4509,-107.0289,11.5466,NY,-1
scalp_fade_3m,ETHUSDT,3m,-1,STOP,2026-01-02T21:54:00.000Z,2026-01-02T22:05:59.999Z,3,-1.169241,0.1271,1.4552,-116.9241,27.9888,LATE,1
scalp_fade_3m,ETHUSDT,3m,-1,STOP,2026-01-03T00:03:00.000Z,2026-01-03T00:53:59.999Z,16,-1.194500,0.4428,0.9017,-119.4500,31.7576,ASIA,-1
scalp_fade_3m,ETHUSDT,3m,-1,TARGET,2026-01-03T01:42:00.000Z,2026-01-03T02:11:59.999Z,9,0.637248,1.0312,0.4763,63.7248,27.3610,ASIA,-1
scalp_fade_3m,ETHUSDT,3m,-1,TARGET,2026-01-03T04:03:00.000Z,2026-01-03T04:35:59.999Z,10,0.545324,0.8690,0.2611,54.5324,30.2698,ASIA,-1
scalp_fade_3m,ETHUSDT,3m,1,TIME,2026-01-03T07:42:00.000Z,2026-01-03T08:44:59.999Z,20,0.007408,0.6584,0.7478,0.7408,19.4631,LONDON,1
scalp_fade_3m,ETHUSDT,3m,1,STOP,2026-01-03T10:57:00.000Z,2026-01-03T11:02:59.999Z,1,-1.227762,0.0000,0.7441,-122.7762,37.9713,LONDON,1
scalp_fade_3m,ETHUSDT,3m,1,TARGET,2026-01-03T16:24:00.000Z,2026-01-03T16:38:59.999Z,4,0.741894,1.2170,0.2063,74.1894,24.1008,NY,-1
scalp_fade_3m,ETHUSDT,3m,-1,TARGET,2026-01-03T19:42:00.000Z,2026-01-03T20:11:59.999Z,9,0.429669,0.8861,0.2913,42.9669,33.9490,NY,-1
scalp_fade_3m,ETHUSDT,3m,-1,STOP,2026-01-03T22:39:00.000Z,2026-01-03T23:17:59.999Z,12,-1.210981,0.1471,0.8446,-121.0981,34.6013,LATE,1
scalp_fade_3m,ETHUSDT,3m,-1,STOP,2026-01-04T03:12:00.000Z,2026-01-04T03:14:59.999Z,0,-1.219810,0.0000,0.7980,-121.9810,36.5050,ASIA,-1
scalp_fade_3m,ETHUSDT,3m,-1,STOP,2026-01-04T06:18:00.000Z,2026-01-04T06:23:59.999Z,1,-1.198573,0.0000,1.2406,-119.8573,32.9310,ASIA,1
scalp_fade_3m,ETHUSDT,3m,-1,STOP,2026-01-04T09:33:00.000Z,2026-01-04T10:14:59.999Z,13,-1.166156,0.0000,0.8726,-116.6156,27.1942,LONDON,-1
scalp_fade_3m,ETHUSDT,3m,-1,TARGET,2026-01-04T11:03:00.000Z,2026-01-04T11:38:59.999Z,11,0.525448,0.9295,0.2651,52.5448,30.8917,LONDON,-1
scalp_fade_3m,ETHUSDT,3m,1,STOP,2026-01-04T14:06:00.000Z,2026-01-04T14:26:59.999Z,6,-1.261141,0.5327,0.8356,-126.1141,43.2918,NY,1
scalp_fade_3m,ETHUSDT,3m,1,TIME,2026-01-04T15:54:00.000Z,2026-01-04T16:56:59.999Z,20,-0.158380,0.3850,0.3849,-15.8380,25.6205,NY,-1
scalp_fade_3m,ETHUSDT,3m,1,STOP,2026-01-04T17:15:00.000Z,2026-01-04T18:05:59.999Z,16,-1.225745,0.4362,0.7050,-122.5745,37.0585,NY,1
scalp_fade_3m,ETHUSDT,3m,1,STOP,2026-01-04T19:03:00.000Z,2026-01-04T19:05:59.999Z,0,-1.199140,0.0000,1.3421,-119.9140,33.2509,NY,-1
scalp_fade_3m,ETHUSDT,3m,1,TIME,2026-01-04T19:06:00.000Z,2026-01-04T20:08:59.999Z,20,0.495202,1.0580,0.6318,49.5202,26.9197,NY,-1
scalp_fade_3m,ETHUSDT,3m,-1,TARGET,2026-01-04T23:03:00.000Z,2026-01-04T23:50:59.999Z,15,0.893009,1.1946,0.3885,89.3009,19.2111,LATE,-1
scalp_fade_3m,ETHUSDT,3m,-1,TARGET,2026-01-05T03:21:00.000Z,2026-01-05T04:14:59.999Z,17,0.926652,1.2373,0.4877,92.6652,18.1349,ASIA,1
scalp_fade_3m,ETHUSDT,3m,1,TARGET,2026-01-05T07:24:00.000Z,2026-01-05T08:23:59.999Z,19,0.807964,1.4201,0.2766,80.7964,21.9090,LONDON,1
scalp_fade_3m,ETHUSDT,3m,1,TARGET,2026-01-05T09:03:00.000Z,2026-01-05T09:47:59.999Z,14,0.836077,1.4300,0.6595,83.6077,21.0495,LONDON,1
scalp_fade_3m,ETHUSDT,3m,1,STOP,2026-01-05T14:33:00.000Z,2026-01-05T14:35:59.999Z,0,-1.130641,0.3639,0.9966,-113.0641,21.8592,NY,-1
scalp_fade_3m,ETHUSDT,3m,1,TARGET,2026-01-05T14:36:00.000Z,2026-01-05T14:44:59.999Z,2,1.117586,1.7409,0.3639,111.7586,12.1743,NY,-1
scalp_fade_3m,ETHUSDT,3m,-1,STOP,2026-01-05T17:42:00.000Z,2026-01-05T17:50:59.999Z,2,-1.107608,0.0000,0.8606,-110.7608,17.7661,NY,-1
scalp_fade_3m,ETHUSDT,3m,-1,STOP,2026-01-05T18:24:00.000Z,2026-01-05T18:53:59.999Z,9,-1.086704,0.1523,0.9439,-108.6704,14.1860,NY,-1
scalp_fade_3m,ETHUSDT,3m,-1,STOP,2026-01-05T22:33:00.000Z,2026-01-05T22:38:59.999Z,1,-1.184645,0.0000,0.7537,-118.4645,30.6118,LATE,1
scalp_fade_3m,ETHUSDT,3m,-1,STOP,2026-01-06T01:03:00.000Z,2026-01-06T01:20:59.999Z,5,-1.144714,0.1590,0.8477,-114.4714,23.8637,ASIA,-1
scalp_fade_3m,ETHUSDT,3m,-1,STOP,2026-01-06T03:06:00.000Z,2026-01-06T03:32:59.999Z,8,-1.166257,0.2960,0.9463,-116.6257,27.3511,ASIA,-1
scalp_fade_3m,ETHUSDT,3m,-1,TIME,2026-01-06T05:18:00.000Z,2026-01-06T06:20:59.999Z,20,-0.015695,0.8832,0.5560,-1.5695,36.2213,ASIA,-1
scalp_fade_3m,ETHUSDT,3m,-1,STOP,2026-01-06T10:03:00.000Z,2026-01-06T10:08:59.999Z,1,-1.225892,0.0000,0.7083,-122.5892,37.4798,LONDON,-1
scalp_fade_3m,ETHUSDT,3m,-1,TIME,2026-01-06T12:09:00.000Z,2026-01-06T13:11:59.999Z,20,-0.165514,0.8981,0.4043,-16.5514,30.5491,LONDON,-1
scalp_fade_3m,ETHUSDT,3m,-1,TIME,2026-01-06T14:51:00.000Z,2026-01-06T15:53:59.999Z,20,0.481650,0.7985,0.4646,48.1650,10.0320,NY,1
scalp_fade_3m,ETHUSDT,3m,-1,TARGET,2026-01-06T17:39:00.000Z,2026-01-06T17:47:59.999Z,2,1.054587,1.4113,0.1507,105.4587,14.1438,NY,-1
scalp_fade_3m,ETHUSDT,3m,-1,STOP,2026-01-06T22:51:00.000Z,2026-01-06T23:11:59.999Z,6,-1.137426,0.1789,0.8859,-113.7426,22.6318,LATE,-1
scalp_fade_3m,ETHUSDT,3m,-1,TARGET,2026-01-07T04:06:00.000Z,2026-01-07T04:41:59.999Z,11,0.848410,1.4185,0.2676,84.8410,20.6475,ASIA,1
scalp_fade_3m,ETHUSDT,3m,1,STOP,2026-01-07T08:24:00.000Z,2026-01-07T09:02:59.999Z,12,-1.185137,0.3708,0.7470,-118.5137,30.5406,LONDON,1
scalp_fade_3m,ETHUSDT,3m,1,STOP,2026-01-07T11:51:00.000Z,2026-01-07T12:08:59.999Z,5,-1.189860,0.1215,1.0966,-118.9860,31.5434,LONDON,1
scalp_fade_3m,ETHUSDT,3m,1,STOP,2026-01-07T13:09:00.000Z,2026-01-07T13:14:59.999Z,1,-1.166186,0.0000,0.7379,-116.6186,27.7416,NY,-1
scalp_fade_3m,ETHUSDT,3m,1,STOP,2026-01-07T14:39:00.000Z,2026-01-07T15:02:59.999Z,7,-1.065360,0.3893,1.1963,-106.5360,10.9227,NY,-1
scalp_fade_3m,ETHUSDT,3m,1,STOP,2026-01-07T15:51:00.000Z,2026-01-07T16:38:59.999Z,15,-1.079745,0.3624,0.8940,-107.9745,13.1885,NY,1
scalp_fade_3m,ETHUSDT,3m,1,STOP,2026-01-07T18:30:00.000Z,2026-01-07T18:59:59.999Z,9,-1.100601,0.6340,0.8816,-110.0601,16.7067,NY,-1
scalp_fade_3m,ETHUSDT,3m,1,STOP,2026-01-07T19:03:00.000Z,2026-01-07T19:14:59.999Z,3,-1.099587,0.1096,0.8592,-109.9587,16.6427,NY,1
scalp_fade_3m,ETHUSDT,3m,1,STOP,2026-01-07T19:33:00.000Z,2026-01-07T20:23:59.999Z,16,-1.105685,0.3474,0.9763,-110.5685,17.4184,NY,-1
scalp_fade_3m,ETHUSDT,3m,1,TARGET,2026-01-07T22:03:00.000Z,2026-01-07T22:29:59.999Z,8,0.743314,0.9958,0.3441,74.3314,24.0284,LATE,1
scalp_fade_3m,ETHUSDT,3m,1,TARGET,2026-01-07T22:54:00.000Z,2026-01-07T23:17:59.999Z,7,0.985392,1.5321,0.7312,98.5392,16.3525,LATE,1
scalp_fade_3m,ETHUSDT,3m,-1,STOP,2026-01-08T01:48:00.000Z,2026-01-08T02:14:59.999Z,8,-1.174412,0.4834,0.8645,-117.4412,28.6992,ASIA,1
scalp_fade_3m,ETHUSDT,3m,-1,TARGET,2026-01-08T02:15:00.000Z,2026-01-08T02:26:59.999Z,3,0.961031,1.3812,0.2032,96.1031,17.1141,ASIA,-1
scalp_fade_3m,ETHUSDT,3m,1,STOP,2026-01-08T08:33:00.000Z,2026-01-08T08:50:59.999Z,5,-1.150845,0.0000,0.7949,-115.0845,25.0886,LONDON,1
scalp_fade_3m,ETHUSDT,3m,1,TARGET,2026-01-08T10:09:00.000Z,2026-01-08T10:56:59.999Z,15,1.074679,1.3002,0.2465,107.4679,13.4883,LONDON,-1
scalp_fade_3m,ETHUSDT,3m,1,STOP,2026-01-08T11:21:00.000Z,2026-01-08T12:08:59.999Z,15,-1.142640,0.3033,1.0601,-114.2640,23.4877,LONDON,1
scalp_fade_3m,ETHUSDT,3m,1,STOP,2026-01-08T12:09:00.000Z,2026-01-08T12:14:59.999Z,1,-1.125631,0.0357,1.0097,-112.5631,21.0041,LONDON,-1
scalp_fade_3m,ETHUSDT,3m,1,STOP,2026-01-08T13:51:00.000Z,2026-01-08T14:05:59.999Z,4,-1.170536,0.1455,2.4736,-117.0536,28.3757,NY,-1
scalp_fade_3m,ETHUSDT,3m,1,STOP,2026-01-09T01:24:00.000Z,2026-01-09T01:26:59.999Z,0,-1.196949,0.0000,0.8553,-119.6949,32.8865,ASIA,1
scalp_fade_3m,ETHUSDT,3m,-1,TARGET,2026-01-09T01:30:00.000Z,2026-01-09T01:35:59.999Z,1,1.180860,1.8444,0.5410,118.0860,10.1312,ASIA,1
scalp_fade_3m,ETHUSDT,3m,1,TARGET,2026-01-09T03:27:00.000Z,2026-01-09T04:05:59.999Z,12,0.958853,1.1851,0.4134,95.8853,17.1704,ASIA,-1
scalp_fade_3m,ETHUSDT,3m,-1,STOP,2026-01-09T06:21:00.000Z,2026-01-09T06:47:59.999Z,8,-1.231750,0.3286,0.6215,-123.1750,38.1774,ASIA,1
scalp_fade_3m,ETHUSDT,3m,-1,TARGET,2026-01-09T06:54:00.000Z,2026-01-09T07:35:59.999Z,13,0.642460,0.9234,0.3887,64.2460,27.1647,ASIA,1
scalp_fade_3m,ETHUSDT,3m,1,TIME,2026-01-09T09:03:00.000Z,2026-01-09T10:05:59.999Z,20,-0.297489,0.3093,0.3044,-29.7489,13.8468,LONDON,-1
scalp_fade_3m,ETHUSDT,3m,1,TIME,2026-01-09T10:30:00.000Z,2026-01-09T11:32:59.999Z,20,0.036488,0.8986,0.2945,3.6488,31.6010,LONDON,-1
scalp_fade_3m,ETHUSDT,3m,1,STOP,2026-01-09T11:48:00.000Z,2026-01-09T12:17:59.999Z,9,-1.182075,0.2132,1.1234,-118.2075,30.1307,LONDON,1
scalp_fade_3m,ETHUSDT,3m,1,STOP,2026-01-09T14:33:00.000Z,2026-01-09T14:50:59.999Z,5,-1.102374,0.7642,1.1206,-110.2374,17.0692,NY,-1
scalp_fade_3m,ETHUSDT,3m,1,STOP,2026-01-09T15:03:00.000Z,2026-01-09T15:08:59.999Z,1,-1.076564,0.0680,0.9508,-107.6564,12.8525,NY,-1
scalp_fade_3m,ETHUSDT,3m,1,STOP,2026-01-09T20:03:00.000Z,2026-01-09T20:53:59.999Z,16,-1.131483,0.5551,0.7941,-113.1483,21.6385,NY,1
scalp_fade_3m,ETHUSDT,3m,1,TIME,2026-01-09T21:09:00.000Z,2026-01-09T22:11:59.999Z,20,0.066640,0.8748,0.3219,6.6640,20.5078,LATE,-1
scalp_fade_3m,ETHUSDT,3m,1,TIME,2026-01-09T22:15:00.000Z,2026-01-09T23:17:59.999Z,20,0.174581,0.6897,0.4011,17.4581,25.3057,LATE,1
scalp_fade_3m,ETHUSDT,3m,1,STOP,2026-01-10T00:15:00.000Z,2026-01-10T00:56:59.999Z,13,-1.238235,0.3384,0.6388,-123.8235,39.2220,ASIA,-1
scalp_fade_3m,ETHUSDT,3m,1,TARGET,2026-01-10T01:12:00.000Z,2026-01-10T01:50:59.999Z,12,0.535133,0.8470,0.2620,53.5133,30.5989,ASIA,-1
scalp_fade_3m,ETHUSDT,3m,1,STOP,2026-01-10T04:06:00.000Z,2026-01-10T04:59:59.999Z,17,-1.251565,0.1072,0.8353,-125.1565,41.2400,ASIA,1
scalp_fade_3m,ETHUSDT,3m,1,STOP,2026-01-10T06:18:00.000Z,2026-01-10T06:20:59.999Z,0,-1.361626,0.0000,0.7524,-136.1626,60.2732,ASIA,1
scalp_fade_3m,ETHUSDT,3m,1,STOP,2026-01-10T06:21:00.000Z,2026-01-10T06:23:59.999Z,0,-1.337459,0.0000,0.5000,-133.7459,56.2540,ASIA,1
scalp_fade_3m,ETHUSDT,3m,-1,STOP_GAP,2026-01-10T09:06:00.000Z,2026-01-10T09:08:59.999Z,0,-1.402995,0.0000,0.5765,-140.2995,63.7544,LONDON,-1
scalp_fade_3m,ETHUSDT,3m,-1,STOP,2026-01-10T12:03:00.000Z,2026-01-10T12:05:59.999Z,0,-1.333091,0.0000,0.5344,-133.3091,55.3869,LONDON,-1
scalp_fade_3m,ETHUSDT,3m,-1,STOP,2026-01-10T15:18:00.000Z,2026-01-10T15:41:59.999Z,7,-1.321822,0.0402,0.6192,-132.1822,53.1214,NY,-1
scalp_fade_3m,ETHUSDT,3m,1,STOP_GAP,2026-01-10T19:48:00.000Z,2026-01-10T19:50:59.999Z,0,-1.422505,0.0000,0.3878,-142.2505,64.6409,NY,-1
scalp_fade_3m,ETHUSDT,3m,1,STOP_GAP,2026-01-10T20:03:00.000Z,2026-01-10T20:05:59.999Z,0,-1.409336,0.0000,0.4340,-140.9336,64.0425,NY,-1
scalp_fade_3m,ETHUSDT,3m,1,STOP,2026-01-10T20:36:00.000Z,2026-01-10T20:38:59.999Z,0,-1.354860,0.0000,0.4104,-135.4860,59.1479,NY,1
scalp_fade_3m,ETHUSDT,3m,1,STOP_GAP,2026-01-10T20:54:00.000Z,2026-01-10T20:56:59.999Z,0,-1.395572,0.0000,0.5776,-139.5572,63.4170,NY,-1
scalp_fade_3m,ETHUSDT,3m,1,STOP,2026-01-10T21:06:00.000Z,2026-01-10T21:08:59.999Z,0,-1.348476,0.0000,0.9603,-134.8476,58.0863,LATE,-1
scalp_fade_3m,ETHUSDT,3m,1,STOP,2026-01-10T23:57:00.000Z,2026-01-11T00:08:59.999Z,3,-1.294973,0.0000,0.5503,-129.4973,49.0354,LATE,1
scalp_fade_3m,ETHUSDT,3m,-1,STOP,2026-01-11T02:12:00.000Z,2026-01-11T02:14:59.999Z,0,-1.317931,0.0000,0.5733,-131.7931,52.8599,ASIA,1
scalp_fade_3m,ETHUSDT,3m,-1,STOP,2026-01-11T03:12:00.000Z,2026-01-11T03:17:59.999Z,1,-1.331083,0.0000,0.5006,-133.1083,54.9949,ASIA,-1
scalp_fade_3m,ETHUSDT,3m,-1,STOP,2026-01-11T04:06:00.000Z,2026-01-11T04:08:59.999Z,0,-1.372288,0.0000,0.9798,-137.2288,61.9204,ASIA,-1
scalp_fade_3m,ETHUSDT,3m,-1,STOP_GAP,2026-01-11T05:27:00.000Z,2026-01-11T05:29:59.999Z,0,-1.437387,0.0000,0.3919,-143.7387,65.3172,ASIA,-1
scalp_fade_3m,ETHUSDT,3m,-1,TARGET,2026-01-11T06:09:00.000Z,2026-01-11T06:20:59.999Z,3,0.306391,1.1414,0.4252,30.6391,37.9260,ASIA,1
scalp_fade_3m,ETHUSDT,3m,-1,STOP,2026-01-11T11:30:00.000Z,2026-01-11T11:32:59.999Z,0,-1.348288,0.0000,0.6161,-134.8288,57.9199,LONDON,-1
scalp_fade_3m,ETHUSDT,3m,-1,STOP,2026-01-11T12:03:00.000Z,2026-01-11T12:05:59.999Z,0,-1.355120,0.0000,0.6472,-135.5120,59.0587,LONDON,-1
scalp_fade_3m,ETHUSDT,3m,-1,STOP,2026-01-11T14:06:00.000Z,2026-01-11T14:32:59.999Z,8,-1.248101,0.0000,0.9739,-124.8101,40.8803,NY,-1
scalp_fade_3m,ETHUSDT,3m,-1,STOP,2026-01-11T14:36:00.000Z,2026-01-11T14:41:59.999Z,1,-1.253752,0.0000,0.5812,-125.3752,42.1187,NY,1
scalp_fade_3m,ETHUSDT,3m,-1,STOP,2026-01-11T14:45:00.000Z,2026-01-11T14:56:59.999Z,3,-1.247202,0.0804,0.8803,-124.7202,40.9428,NY,-1
scalp_fade_3m,ETHUSDT,3m,-1,TARGET,2026-01-11T19:57:00.000Z,2026-01-11T20:05:59.999Z,2,0.648587,1.5489,0.2533,64.8587,27.0548,NY,-1
scalp_fade_3m,ETHUSDT,3m,1,TARGET,2026-01-11T21:39:00.000Z,2026-01-11T21:53:59.999Z,4,0.733128,1.3124,0.2713,73.3128,24.3792,LATE,1
scalp_fade_3m,ETHUSDT,3m,1,STOP,2026-01-11T22:06:00.000Z,2026-01-11T23:02:59.999Z,18,-1.160427,0.4437,0.7981,-116.0427,26.3194,LATE,1
scalp_fade_3m,ETHUSDT,3m,1,STOP,2026-01-12T00:06:00.000Z,2026-01-12T00:53:59.999Z,15,-1.119613,0.8451,1.1481,-111.9613,19.7170,ASIA,1
scalp_fade_3m,ETHUSDT,3m,-1,TIME,2026-01-12T04:09:00.000Z,2026-01-12T05:11:59.999Z,20,-0.829734,0.2208,0.7151,-82.9734,24.0605,ASIA,-1
scalp_fade_3m,ETHUSDT,3m,-1,TARGET,2026-01-12T06:09:00.000Z,2026-01-12T06:38:59.999Z,9,0.758021,1.1322,0.2020,75.8021,23.5279,ASIA,-1
scalp_fade_3m,ETHUSDT,3m,-1,TARGET,2026-01-12T07:09:00.000Z,2026-01-12T07:35:59.999Z,8,0.707357,1.3419,0.3695,70.7357,25.1430,LONDON,-1
scalp_fade_3m,ETHUSDT,3m,1,TARGET,2026-01-12T11:09:00.000Z,2026-01-12T11:26:59.999Z,5,0.830280,1.0558,0.2769,83.0280,21.2873,LONDON,-1
scalp_fade_3m,ETHUSDT,3m,1,STOP,2026-01-12T12:39:00.000Z,2026-01-12T13:11:59.999Z,10,-1.211226,0.4792,0.7502,-121.1226,34.8977,LONDON,1
scalp_fade_3m,ETHUSDT,3m,1,STOP,2026-01-12T14:18:00.000Z,2026-01-12T14:20:59.999Z,0,-1.141496,0.0837,0.9193,-114.1496,23.6644,NY,-1
scalp_fade_3m,ETHUSDT,3m,1,TIME,2026-01-12T18:36:00.000Z,2026-01-12T19:38:59.999Z,20,0.224515,0.6790,0.7162,22.4515,19.4926,NY,1
scalp_fade_3m,ETHUSDT,3m,1,STOP,2026-01-12T20:18:00.000Z,2026-01-12T20:29:59.999Z,3,-1.170548,0.0000,0.9372,-117.0548,28.4073,NY,1
scalp_fade_3m,ETHUSDT,3m,1,STOP,2026-01-12T21:12:00.000Z,2026-01-12T21:32:59.999Z,6,-1.150330,0.0684,0.7779,-115.0330,24.9775,LATE,-1
scalp_fade_3m,ETHUSDT,3m,1,TARGET,2026-01-12T23:36:00.000Z,2026-01-13T00:11:59.999Z,11,0.832125,1.4549,0.1814,83.2125,21.1927,LATE,-1
scalp_fade_3m,ETHUSDT,3m,1,STOP,2026-01-13T01:27:00.000Z,2026-01-13T01:35:59.999Z,2,-1.190848,0.0000,0.8560,-119.0848,31.8058,ASIA,1
scalp_fade_3m,ETHUSDT,3m,1,TARGET,2026-01-13T02:42:00.000Z,2026-01-13T03:17:59.999Z,11,0.690607,1.0246,0.5767,69.0607,25.6789,ASIA,-1
scalp_fade_3m,ETHUSDT,3m,-1,STOP,2026-01-13T08:09:00.000Z,2026-01-13T08:38:59.999Z,9,-1.229153,0.2618,0.6647,-122.9153,37.7092,LONDON,-1
scalp_fade_3m,ETHUSDT,3m,-1,STOP,2026-01-13T08:39:00.000Z,2026-01-13T08:50:59.999Z,3,-1.227094,0.0000,0.8606,-122.7094,37.6017,LONDON,1
scalp_fade_3m,ETHUSDT,3m,-1,TIME,2026-01-13T11:57:00.000Z,2026-01-13T12:59:59.999Z,20,-0.717418,0.5905,0.4537,-71.7418,39.0608,LONDON,-1
scalp_fade_3m,ETHUSDT,3m,-1,STOP,2026-01-13T13:09:00.000Z,2026-01-13T13:29:59.999Z,6,-1.194935,0.0634,0.7657,-119.4935,32.1580,NY,1
scalp_fade_3m,ETHUSDT,3m,-1,STOP,2026-01-13T13:39:00.000Z,2026-01-13T14:38:59.999Z,19,-1.093884,0.5924,1.1407,-109.3884,15.2151,NY,1
scalp_fade_3m,ETHUSDT,3m,-1,STOP,2026-01-13T14:51:00.000Z,2026-01-13T15:38:59.999Z,15,-1.096639,0.7706,1.1662,-109.6639,15.7296,NY,-1
scalp_fade_3m,ETHUSDT,3m,-1,STOP,2026-01-13T17:48:00.000Z,2026-01-13T18:23:59.999Z,11,-1.117010,0.2895,1.0612,-111.7010,19.1512,NY,1
scalp_fade_3m,ETHUSDT,3m,-1,STOP,2026-01-13T22:09:00.000Z,2026-01-13T22:11:59.999Z,0,-1.078458,0.0000,5.0777,-107.8458,12.9442,LATE,-1
scalp_fade_3m,ETHUSDT,3m,-1,TIME,2026-01-13T23:27:00.000Z,2026-01-14T00:29:59.999Z,20,-0.388539,0.4212,0.5795,-38.8539,14.7841,LATE,1
scalp_fade_3m,ETHUSDT,3m,-1,STOP,2026-01-14T01:06:00.000Z,2026-01-14T01:29:59.999Z,7,-1.126718,0.1021,1.2545,-112.6718,20.8366,ASIA,-1
scalp_fade_3m,ETHUSDT,3m,-1,TIME,2026-01-14T04:24:00.000Z,2026-01-14T05:26:59.999Z,20,0.544948,1.1362,0.2831,54.4948,24.1807,ASIA,1
scalp_fade_3m,ETHUSDT,3m,-1,STOP,2026-01-14T07:48:00.000Z,2026-01-14T08:17:59.999Z,9,-1.172970,0.0000,0.7871,-117.2970,28.4315,LONDON,-1
scalp_fade_3m,ETHUSDT,3m,-1,TARGET,2026-01-14T09:27:00.000Z,2026-01-14T10:20:59.999Z,17,0.653430,2.0035,0.5657,65.3430,26.7866,LONDON,-1
scalp_fade_3m,ETHUSDT,3m,-1,STOP,2026-01-14T19:06:00.000Z,2026-01-14T19:17:59.999Z,3,-1.092879,0.0000,0.8786,-109.2879,15.3002,NY,-1
scalp_fade_3m,ETHUSDT,3m,-1,TARGET,2026-01-14T22:00:00.000Z,2026-01-14T22:35:59.999Z,11,1.049223,1.3182,0.2306,104.9223,14.2779,LATE,-1
scalp_fade_3m,ETHUSDT,3m,1,STOP,2026-01-15T02:36:00.000Z,2026-01-15T03:29:59.999Z,17,-1.119822,0.5180,1.4177,-111.9822,19.7109,ASIA,-1
scalp_fade_3m,ETHUSDT,3m,1,TARGET,2026-01-15T05:36:00.000Z,2026-01-15T06:05:59.999Z,9,0.844817,1.1247,0.1780,84.4817,20.8021,ASIA,1
scalp_fade_3m,ETHUSDT,3m,1,TARGET,2026-01-15T06:36:00.000Z,2026-01-15T07:23:59.999Z,15,0.879294,1.0901,0.3836,87.9294,19.6751,ASIA,1
scalp_fade_3m,ETHUSDT,3m,1,TIME,2026-01-15T16:03:00.000Z,2026-01-15T17:05:59.999Z,20,0.170894,0.4510,0.3009,17.0894,8.8441,NY,-1
scalp_fade_3m,ETHUSDT,3m,1,STOP,2026-01-15T17:09:00.000Z,2026-01-15T17:53:59.999Z,14,-1.101532,0.5352,0.9704,-110.1532,16.7735,NY,1
scalp_fade_3m,ETHUSDT,3m,1,STOP,2026-01-15T20:21:00.000Z,2026-01-15T20:50:59.999Z,9,-1.118800,0.1204,0.9599,-111.8800,19.7052,NY,1
scalp_fade_3m,ETHUSDT,3m,1,TARGET,2026-01-15T21:00:00.000Z,2026-01-15T21:50:59.999Z,16,0.974179,1.1639,0.4672,97.4179,16.6659,LATE,-1
scalp_fade_3m,ETHUSDT,3m,1,STOP,2026-01-16T04:33:00.000Z,2026-01-16T04:35:59.999Z,0,-1.187303,0.0000,1.4839,-118.7303,31.2824,ASIA,-1
scalp_fade_3m,ETHUSDT,3m,1,TARGET,2026-01-16T11:45:00.000Z,2026-01-16T12:20:59.999Z,11,0.802039,1.0474,0.2930,80.2039,22.1464,LONDON,1
scalp_fade_3m,ETHUSDT,3m,1,STOP,2026-01-16T12:51:00.000Z,2026-01-16T13:41:59.999Z,16,-1.198178,0.3686,1.1963,-119.8178,32.5489,LONDON,1
scalp_fade_3m,ETHUSDT,3m,1,STOP,2026-01-16T13:45:00.000Z,2026-01-16T14:38:59.999Z,17,-1.164663,1.0177,1.3745,-116.4663,27.0387,NY,-1
scalp_fade_3m,ETHUSDT,3m,1,STOP,2026-01-16T14:48:00.000Z,2026-01-16T15:02:59.999Z,4,-1.099567,0.0136,0.8607,-109.9567,16.6222,NY,-1
scalp_fade_3m,ETHUSDT,3m,1,STOP,2026-01-16T15:21:00.000Z,2026-01-16T15:35:59.999Z,4,-1.084628,0.3183,1.3508,-108.4628,14.1479,NY,-1
scalp_fade_3m,ETHUSDT,3m,1,TIME,2026-01-16T16:57:00.000Z,2026-01-16T17:59:59.999Z,20,-0.022615,0.4497,0.7806,-2.2615,20.1348,NY,1
scalp_fade_3m,ETHUSDT,3m,1,STOP,2026-01-16T18:51:00.000Z,2026-01-16T19:05:59.999Z,4,-1.180667,0.0000,0.7207,-118.0667,30.0536,NY,1
scalp_fade_3m,ETHUSDT,3m,1,TARGET,2026-01-16T20:06:00.000Z,2026-01-16T20:23:59.999Z,5,0.842537,1.0830,0.5164,84.2537,20.8980,NY,-1
scalp_fade_3m,ETHUSDT,3m,-1,STOP,2026-01-17T01:12:00.000Z,2026-01-17T01:23:59.999Z,3,-1.277027,0.0000,0.5987,-127.7027,45.8987,ASIA,-1
scalp_fade_3m,ETHUSDT,3m,1,TIME,2026-01-17T02:42:00.000Z,2026-01-17T03:44:59.999Z,20,-0.582964,0.5300,0.3403,-58.2964,47.3688,ASIA,-1
scalp_fade_3m,ETHUSDT,3m,1,STOP,2026-01-17T04:00:00.000Z,2026-01-17T04:02:59.999Z,0,-1.327014,0.0000,0.5543,-132.7014,54.5170,ASIA,-1
scalp_fade_3m,ETHUSDT,3m,1,TIME,2026-01-17T07:03:00.000Z,2026-01-17T08:05:59.999Z,20,-0.265533,0.6288,0.3156,-26.5533,52.6434,LONDON,1
scalp_fade_3m,ETHUSDT,3m,-1,STOP,2026-01-17T09:36:00.000Z,2026-01-17T09:38:59.999Z,0,-1.368671,0.0000,1.0247,-136.8671,61.3174,LONDON,1
scalp_fade_3m,ETHUSDT,3m,-1,STOP,2026-01-17T11:12:00.000Z,2026-01-17T11:20:59.999Z,2,-1.295065,0.0000,0.6394,-129.5065,48.9467,LONDON,-1
scalp_fade_3m,ETHUSDT,3m,-1,TIME,2026-01-17T12:45:00.000Z,2026-01-17T13:47:59.999Z,20,-1.052964,0.3504,0.4052,-105.2964,49.8998,LONDON,1
scalp_fade_3m,ETHUSDT,3m,-1,STOP,2026-01-17T14:15:00.000Z,2026-01-17T14:17:59.999Z,0,-1.267413,0.0000,0.7099,-126.7413,44.4396,NY,1
scalp_fade_3m,ETHUSDT,3m,1,STOP,2026-01-18T00:03:00.000Z,2026-01-18T00:47:59.999Z,14,-1.273745,0.7063,0.7644,-127.3745,45.0026,ASIA,1
scalp_fade_3m,ETHUSDT,3m,1,TARGET,2026-01-18T02:45:00.000Z,2026-01-18T03:29:59.999Z,14,0.697673,1.0292,0.2441,69.7673,25.4333,ASIA,-1
scalp_fade_3m,ETHUSDT,3m,-1,STOP,2026-01-18T06:12:00.000Z,2026-01-18T06:14:59.999Z,0,-1.307065,0.0000,0.5603,-130.7065,51.0488,ASIA,1
scalp_fade_3m,ETHUSDT,3m,-1,STOP,2026-01-18T12:30:00.000Z,2026-01-18T12:38:59.999Z,2,-1.292688,0.0000,0.6666,-129.2688,48.5513,LONDON,-1
scalp_fade_3m,ETHUSDT,3m,-1,STOP,2026-01-18T13:42:00.000Z,2026-01-18T14:14:59.999Z,10,-1.200045,0.0262,0.7415,-120.0045,32.8685,NY,-1
scalp_fade_3m,ETHUSDT,3m,-1,TIME,2026-01-18T16:06:00.000Z,2026-01-18T17:08:59.999Z,20,-0.662133,0.4612,0.3337,-66.2133,34.3384,NY,1
scalp_fade_3m,ETHUSDT,3m,-1,STOP,2026-01-18T18:00:00.000Z,2026-01-18T18:29:59.999Z,9,-1.209770,0.6595,2.5391,-120.9770,34.5083,NY,1
scalp_fade_3m,ETHUSDT,3m,-1,STOP,2026-01-18T21:36:00.000Z,2026-01-18T22:08:59.999Z,10,-1.236330,0.4141,0.7280,-123.6330,38.8542,LATE,-1
scalp_fade_3m,ETHUSDT,3m,-1,TARGET,2026-01-18T22:42:00.000Z,2026-01-18T23:05:59.999Z,7,0.685760,2.6667,0.3564,68.5760,25.8360,LATE,1
scalp_fade_3m,ETHUSDT,3m,1,STOP,2026-01-19T03:12:00.000Z,2026-01-19T03:23:59.999Z,3,-1.164979,0.2564,0.9848,-116.4979,27.4839,ASIA,-1
scalp_fade_3m,ETHUSDT,3m,1,TARGET,2026-01-19T03:24:00.000Z,2026-01-19T04:05:59.999Z,13,0.964649,1.1491,0.4051,96.4649,16.9819,ASIA,-1
scalp_fade_3m,ETHUSDT,3m,1,STOP,2026-01-19T05:15:00.000Z,2026-01-19T05:20:59.999Z,1,-1.171955,0.0000,0.7294,-117.1955,28.7000,ASIA,1
scalp_fade_3m,ETHUSDT,3m,1,STOP,2026-01-19T05:33:00.000Z,2026-01-19T06:11:59.999Z,12,-1.138786,0.0722,0.7763,-113.8786,22.9272,ASIA,-1
scalp_fade_3m,ETHUSDT,3m,1,TARGET,2026-01-19T08:06:00.000Z,2026-01-19T08:20:59.999Z,4,0.746935,1.1315,0.5764,74.6935,23.9406,LONDON,1
scalp_fade_3m,ETHUSDT,3m,1,STOP,2026-01-19T14:33:00.000Z,2026-01-19T14:38:59.999Z,1,-1.165287,0.0000,0.7953,-116.5287,27.5922,NY,-1
scalp_fade_3m,ETHUSDT,3m,1,TIME,2026-01-19T15:30:00.000Z,2026-01-19T16:32:59.999Z,20,-0.011224,0.6915,0.3539,-1.1224,29.3466,NY,1
scalp_fade_3m,ETHUSDT,3m,1,STOP,2026-01-19T17:42:00.000Z,2026-01-19T18:05:59.999Z,7,-1.208850,0.0000,1.0980,-120.8850,34.6136,NY,1
scalp_fade_3m,ETHUSDT,3m,1,STOP,2026-01-19T18:06:00.000Z,2026-01-19T18:32:59.999Z,8,-1.204470,0.0193,0.8160,-120.4470,33.8554,NY,-1
scalp_fade_3m,ETHUSDT,3m,1,TIME,2026-01-19T18:48:00.000Z,2026-01-19T19:50:59.999Z,20,-0.288720,0.9619,0.5117,-28.8720,35.0915,NY,-1
scalp_fade_3m,ETHUSDT,3m,-1,TIME,2026-01-19T20:24:00.000Z,2026-01-19T21:26:59.999Z,20,-0.120731,0.8924,0.6463,-12.0731,34.7499,NY,1
scalp_fade_3m,ETHUSDT,3m,1,STOP,2026-01-19T22:09:00.000Z,2026-01-19T22:14:59.999Z,1,-1.225384,0.0768,2.6377,-122.5384,37.5764,LATE,1
scalp_fade_3m,ETHUSDT,3m,1,TIME,2026-01-20T01:15:00.000Z,2026-01-20T02:17:59.999Z,20,-0.310198,0.8126,0.3078,-31.0198,20.0456,ASIA,-1
scalp_fade_3m,ETHUSDT,3m,1,STOP,2026-01-20T02:18:00.000Z,2026-01-20T02:23:59.999Z,1,-1.156280,0.0000,0.8677,-115.6280,26.0959,ASIA,-1
scalp_fade_3m,ETHUSDT,3m,1,TIME,2026-01-20T02:33:00.000Z,2026-01-20T03:35:59.999Z,20,-0.615825,0.8815,0.5537,-61.5825,24.7697,ASIA,-1
scalp_fade_3m,ETHUSDT,3m,1,STOP,2026-01-20T04:42:00.000Z,2026-01-20T04:53:59.999Z,3,-1.202408,0.2017,1.5625,-120.2408,33.6891,ASIA,-1
scalp_fade_3m,ETHUSDT,3m,1,STOP,2026-01-20T06:18:00.000Z,2026-01-20T06:32:59.999Z,4,-1.095883,0.5147,0.8826,-109.5883,16.0120,ASIA,1
scalp_fade_3m,ETHUSDT,3m,1,TIME,2026-01-20T09:03:00.000Z,2026-01-20T10:05:59.999Z,20,-0.502176,0.0069,0.6255,-50.2176,15.0633,LONDON,-1
scalp_fade_3m,ETHUSDT,3m,1,TIME,2026-01-20T11:42:00.000Z,2026-01-20T12:44:59.999Z,20,-0.382186,0.9067,0.4969,-38.2186,33.6010,LONDON,1
scalp_fade_3m,ETHUSDT,3m,1,STOP,2026-01-20T13:03:00.000Z,2026-01-20T13:05:59.999Z,0,-1.224492,0.0000,1.2202,-122.4492,37.4670,NY,-1
scalp_fade_3m,ETHUSDT,3m,1,STOP,2026-01-20T13:06:00.000Z,2026-01-20T13:11:59.999Z,1,-1.189630,0.0838,0.7629,-118.9630,31.6364,NY,-1
scalp_fade_3m,ETHUSDT,3m,1,STOP,2026-01-20T14:42:00.000Z,2026-01-20T14:50:59.999Z,2,-1.061723,0.1525,1.2342,-106.1723,10.3762,NY,-1
scalp_fade_3m,ETHUSDT,3m,1,STOP,2026-01-20T16:24:00.000Z,2026-01-20T16:41:59.999Z,5,-1.093825,0.0000,1.1203,-109.3825,15.6548,NY,1
scalp_fade_3m,ETHUSDT,3m,1,TARGET,2026-01-20T19:36:00.000Z,2026-01-20T20:20:59.999Z,14,1.112356,1.2755,0.1051,111.2356,12.2987,NY,1
scalp_fade_3m,ETHUSDT,3m,1,STOP,2026-01-21T02:27:00.000Z,2026-01-21T02:35:59.999Z,2,-1.144137,0.0000,0.8306,-114.4137,24.0536,ASIA,1
scalp_fade_3m,ETHUSDT,3m,1,TIME,2026-01-21T04:15:00.000Z,2026-01-21T05:17:59.999Z,20,0.106925,0.6894,0.3383,10.6925,28.5042,ASIA,1
scalp_fade_3m,ETHUSDT,3m,-1,TARGET,2026-01-21T07:06:00.000Z,2026-01-21T07:35:59.999Z,9,0.849253,1.3992,0.2593,84.9253,20.6325,LONDON,1
scalp_fade_3m,ETHUSDT,3m,1,STOP,2026-01-21T13:27:00.000Z,2026-01-21T13:50:59.999Z,7,-1.116421,0.3849,0.9640,-111.6421,19.3532,NY,-1
scalp_fade_3m,ETHUSDT,3m,-1,TARGET,2026-01-21T22:12:00.000Z,2026-01-21T22:26:59.999Z,4,1.041951,1.6192,0.2296,104.1951,14.5374,LATE,1
scalp_fade_3m,ETHUSDT,3m,-1,TARGET,2026-01-21T23:15:00.000Z,2026-01-21T23:38:59.999Z,7,1.019177,1.2231,0.1310,101.9177,15.2482,LATE,-1
scalp_fade_3m,ETHUSDT,3m,-1,STOP,2026-01-22T01:03:00.000Z,2026-01-22T01:20:59.999Z,5,-1.128908,0.0578,1.1330,-112.8908,21.2428,ASIA,1
scalp_fade_3m,ETHUSDT,3m,-1,TARGET,2026-01-22T02:33:00.000Z,2026-01-22T03:32:59.999Z,19,1.049503,1.2210,0.1822,104.9503,14.2367,ASIA,1
scalp_fade_3m,ETHUSDT,3m,-1,STOP,2026-01-22T05:24:00.000Z,2026-01-22T06:05:59.999Z,13,-1.188621,0.5822,0.7901,-118.8621,30.8886,ASIA,1
scalp_fade_3m,ETHUSDT,3m,1,STOP,2026-01-22T10:24:00.000Z,2026-01-22T10:41:59.999Z,5,-1.175685,0.0162,0.7608,-117.5685,29.1983,LONDON,-1
scalp_fade_3m,ETHUSDT,3m,1,STOP,2026-01-22T11:00:00.000Z,2026-01-22T11:14:59.999Z,4,-1.193385,0.3109,1.0971,-119.3385,32.1600,LONDON,-1
scalp_fade_3m,ETHUSDT,3m,1,STOP,2026-01-22T11:15:00.000Z,2026-01-22T11:26:59.999Z,3,-1.146207,0.1648,1.0531,-114.6207,24.3717,LONDON,-1
scalp_fade_3m,ETHUSDT,3m,1,STOP,2026-01-22T13:36:00.000Z,2026-01-22T13:38:59.999Z,0,-1.118970,0.0000,1.0650,-111.8970,19.9182,NY,1
scalp_fade_3m,ETHUSDT,3m,1,STOP,2026-01-22T14:33:00.000Z,2026-01-22T14:35:59.999Z,0,-1.098065,0.0000,1.2168,-109.8065,16.4417,NY,1
scalp_fade_3m,ETHUSDT,3m,1,STOP,2026-01-22T14:39:00.000Z,2026-01-22T14:47:59.999Z,2,-1.067931,0.0411,1.4167,-106.7931,11.4063,NY,-1
scalp_fade_3m,ETHUSDT,3m,1,STOP,2026-01-22T18:39:00.000Z,2026-01-22T18:50:59.999Z,3,-1.098779,0.0558,0.8847,-109.8779,16.5087,NY,1
scalp_fade_3m,ETHUSDT,3m,1,TIME,2026-01-22T21:03:00.000Z,2026-01-22T22:05:59.999Z,20,0.120028,0.7277,0.6065,12.0028,21.8371,LATE,-1
scalp_fade_3m,ETHUSDT,3m,1,TIME,2026-01-22T22:18:00.000Z,2026-01-22T23:20:59.999Z,20,-0.208464,0.7478,0.5350,-20.8464,22.4951,LATE,1
scalp_fade_3m,ETHUSDT,3m,-1,STOP,2026-01-23T03:09:00.000Z,2026-01-23T03:17:59.999Z,2,-1.190736,0.0000,0.7466,-119.0736,31.5931,ASIA,-1
scalp_fade_3m,ETHUSDT,3m,-1,STOP,2026-01-23T03:18:00.000Z,2026-01-23T04:11:59.999Z,17,-1.197547,0.4503,0.8410,-119.7547,32.2242,ASIA,-1
scalp_fade_3m,ETHUSDT,3m,1,STOP,2026-01-23T12:54:00.000Z,2026-01-23T13:38:59.999Z,14,-1.168498,0.6446,0.9950,-116.8498,27.7505,LONDON,-1
scalp_fade_3m,ETHUSDT,3m,1,STOP,2026-01-23T13:51:00.000Z,2026-01-23T14:32:59.999Z,13,-1.144455,0.7062,1.4421,-114.4455,23.8338,NY,1
scalp_fade_3m,ETHUSDT,3m,1,STOP,2026-01-23T14:33:00.000Z,2026-01-23T14:35:59.999Z,0,-1.101277,0.1078,0.8336,-110.1277,16.9759,NY,-1
scalp_fade_3m,ETHUSDT,3m,1,TARGET,2026-01-23T14:54:00.000Z,2026-01-23T15:50:59.999Z,18,1.268549,1.8217,0.5938,126.8549,7.3432,NY,1
scalp_fade_3m,ETHUSDT,3m,1,TIME,2026-01-23T23:09:00.000Z,2026-01-24T00:11:59.999Z,20,-0.775125,0.3011,0.5611,-77.5125,29.3622,LATE,1
scalp_fade_3m,ETHUSDT,3m,1,STOP,2026-01-24T00:36:00.000Z,2026-01-24T00:44:59.999Z,2,-1.232302,0.0000,0.7067,-123.2302,38.6853,ASIA,1
scalp_fade_3m,ETHUSDT,3m,1,TIME,2026-01-24T01:06:00.000Z,2026-01-24T02:08:59.999Z,20,-0.241267,0.6712,0.3748,-24.1267,37.7680,ASIA,1
scalp_fade_3m,ETHUSDT,3m,-1,STOP,2026-01-24T03:00:00.000Z,2026-01-24T03:05:59.999Z,1,-1.286858,0.0942,1.2403,-128.6858,47.6312,ASIA,1
scalp_fade_3m,ETHUSDT,3m,-1,TIME,2026-01-24T03:39:00.000Z,2026-01-24T04:41:59.999Z,20,-0.438105,0.3987,0.4537,-43.8105,32.2411,ASIA,1
scalp_fade_3m,ETHUSDT,3m,-1,STOP,2026-01-24T05:15:00.000Z,2026-01-24T05:26:59.999Z,3,-1.267893,0.0000,0.5747,-126.7893,44.3810,ASIA,1
scalp_fade_3m,ETHUSDT,3m,-1,TIME,2026-01-24T06:15:00.000Z,2026-01-24T07:17:59.999Z,20,-0.260800,0.4283,0.2892,-26.0800,42.6436,ASIA,-1
scalp_fade_3m,ETHUSDT,3m,-1,STOP,2026-01-24T07:48:00.000Z,2026-01-24T08:50:59.999Z,20,-1.316965,0.6287,0.6149,-131.6965,51.6242,LONDON,-1
scalp_fade_3m,ETHUSDT,3m,-1,STOP,2026-01-24T10:45:00.000Z,2026-01-24T10:47:59.999Z,0,-1.348419,0.0000,0.4436,-134.8419,57.9418,LONDON,-1
scalp_fade_3m,ETHUSDT,3m,-1,STOP_GAP,2026-01-24T11:39:00.000Z,2026-01-24T11:41:59.999Z,0,-1.495590,0.0000,0.7910,-149.5590,67.9621,LONDON,1
scalp_fade_3m,ETHUSDT,3m,1,TIME,2026-01-24T14:15:00.000Z,2026-01-24T15:17:59.999Z,20,0.404197,1.0057,0.4543,40.4197,27.8262,NY,-1
scalp_fade_3m,ETHUSDT,3m,1,STOP,2026-01-24T16:15:00.000Z,2026-01-24T16:17:59.999Z,0,-1.208020,0.0000,0.7952,-120.8020,34.7277,NY,-1
scalp_fade_3m,ETHUSDT,3m,-1,STOP,2026-01-24T17:48:00.000Z,2026-01-24T17:50:59.999Z,0,-1.251502,0.0000,0.6711,-125.1502,41.7874,NY,1
scalp_fade_3m,ETHUSDT,3m,1,STOP,2026-01-24T20:06:00.000Z,2026-01-24T21:05:59.999Z,19,-1.286360,0.1517,0.6551,-128.6360,46.8304,NY,-1
scalp_fade_3m,ETHUSDT,3m,1,STOP,2026-01-25T01:18:00.000Z,2026-01-25T01:35:59.999Z,5,-1.264396,0.0741,0.6023,-126.4396,43.8750,ASIA,-1
scalp_fade_3m,ETHUSDT,3m,1,STOP,2026-01-25T02:36:00.000Z,2026-01-25T02:47:59.999Z,3,-1.290288,0.0000,0.5789,-129.0288,48.2586,ASIA,1
scalp_fade_3m,ETHUSDT,3m,1,STOP,2026-01-25T04:09:00.000Z,2026-01-25T04:26:59.999Z,5,-1.209523,0.0171,0.6550,-120.9523,34.7967,ASIA,-1
scalp_fade_3m,ETHUSDT,3m,1,STOP,2026-01-25T05:33:00.000Z,2026-01-25T05:35:59.999Z,0,-1.315240,0.0000,0.8437,-131.5240,52.5589,ASIA,1
scalp_fade_3m,ETHUSDT,3m,1,STOP,2026-01-25T08:39:00.000Z,2026-01-25T08:41:59.999Z,0,-1.193837,0.0854,1.4096,-119.3837,32.3690,LONDON,1
scalp_fade_3m,ETHUSDT,3m,1,STOP,2026-01-25T11:39:00.000Z,2026-01-25T11:44:59.999Z,1,-1.223682,0.0000,0.9642,-122.3682,37.2936,LONDON,-1
scalp_fade_3m,ETHUSDT,3m,1,TIME,2026-01-25T12:21:00.000Z,2026-01-25T13:23:59.999Z,20,0.037841,0.9876,0.2659,3.7841,29.0211,LONDON,1
scalp_fade_3m,ETHUSDT,3m,1,STOP,2026-01-25T14:06:00.000Z,2026-01-25T14:20:59.999Z,4,-1.202126,0.0000,0.6895,-120.2126,33.6076,NY,-1
scalp_fade_3m,ETHUSDT,3m,1,STOP,2026-01-25T14:57:00.000Z,2026-01-25T15:56:59.999Z,19,-1.162537,0.2103,1.1071,-116.2537,26.6367,NY,-1
scalp_fade_3m,ETHUSDT,3m,1,STOP,2026-01-25T18:09:00.000Z,2026-01-25T18:14:59.999Z,1,-1.130409,0.0000,3.6373,-113.0409,21.7978,NY,-1
scalp_fade_3m,ETHUSDT,3m,1,STOP,2026-01-25T22:39:00.000Z,2026-01-25T23:02:59.999Z,7,-1.102120,0.4253,0.9375,-110.2120,16.9920,LATE,-1
scalp_fade_3m,ETHUSDT,3m,1,TARGET,2026-01-25T23:06:00.000Z,2026-01-26T00:05:59.999Z,19,1.210371,1.3320,0.4366,121.0371,9.1812,LATE,-1
scalp_fade_3m,ETHUSDT,3m,-1,STOP,2026-01-26T06:18:00.000Z,2026-01-26T06:26:59.999Z,2,-1.164294,0.0000,1.3498,-116.4294,27.1949,ASIA,1
scalp_fade_3m,ETHUSDT,3m,-1,STOP,2026-01-26T10:06:00.000Z,2026-01-26T10:29:59.999Z,7,-1.147401,0.0000,0.7806,-114.7401,24.2591,LONDON,-1
scalp_fade_3m,ETHUSDT,3m,-1,STOP,2026-01-26T12:03:00.000Z,2026-01-26T12:14:59.999Z,3,-1.204852,0.0000,1.5628,-120.4852,33.9059,LONDON,-1
scalp_fade_3m,ETHUSDT,3m,-1,STOP,2026-01-26T13:33:00.000Z,2026-01-26T14:02:59.999Z,9,-1.183706,0.3596,0.8338,-118.3706,30.2043,NY,-1
scalp_fade_3m,ETHUSDT,3m,-1,STOP,2026-01-26T14:36:00.000Z,2026-01-26T15:11:59.999Z,11,-1.067365,0.3482,1.2153,-106.7365,10.9700,NY,1
scalp_fade_3m,ETHUSDT,3m,-1,TIME,2026-01-26T16:51:00.000Z,2026-01-26T17:53:59.999Z,20,-0.236623,1.2018,0.2317,-23.6623,13.1878,NY,-1
scalp_fade_3m,ETHUSDT,3m,-1,STOP,2026-01-26T18:42:00.000Z,2026-01-26T19:02:59.999Z,6,-1.099777,0.4548,0.9379,-109.9777,16.3955,NY,1
scalp_fade_3m,ETHUSDT,3m,-1,TIME,2026-01-26T19:24:00.000Z,2026-01-26T20:26:59.999Z,20,0.185186,0.7979,0.7248,18.5186,21.5919,NY,1
scalp_fade_3m,ETHUSDT,3m,-1,TIME,2026-01-26T21:42:00.000Z,2026-01-26T22:44:59.999Z,20,0.308598,0.9046,0.5832,30.8598,16.1682,LATE,1
scalp_fade_3m,ETHUSDT,3m,-1,STOP,2026-01-26T23:24:00.000Z,2026-01-26T23:32:59.999Z,2,-1.160155,0.0000,1.6066,-116.0155,26.5065,LATE,-1
scalp_fade_3m,ETHUSDT,3m,-1,STOP,2026-01-27T01:21:00.000Z,2026-01-27T01:29:59.999Z,2,-1.167886,0.0671,0.9711,-116.7886,27.7924,ASIA,-1
scalp_fade_3m,ETHUSDT,3m,-1,STOP,2026-01-27T04:09:00.000Z,2026-01-27T04:11:59.999Z,0,-1.207199,0.0000,1.0686,-120.7199,34.4030,ASIA,1
scalp_fade_3m,ETHUSDT,3m,1,TARGET,2026-01-27T11:18:00.000Z,2026-01-27T11:44:59.999Z,8,0.760173,1.3882,0.5759,76.0173,23.4935,LONDON,-1
scalp_fade_3m,ETHUSDT,3m,1,STOP,2026-01-27T13:39:00.000Z,2026-01-27T13:50:59.999Z,3,-1.179841,0.1958,0.7983,-117.9841,29.9478,NY,-1
scalp_fade_3m,ETHUSDT,3m,1,TARGET,2026-01-27T13:51:00.000Z,2026-01-27T14:11:59.999Z,6,0.852341,1.0863,0.2538,85.2341,20.5809,NY,-1
scalp_fade_3m,ETHUSDT,3m,1,TARGET,2026-01-27T14:39:00.000Z,2026-01-27T15:11:59.999Z,10,1.189528,1.4543,0.1645,118.9528,9.8655,NY,1
scalp_fade_3m,ETHUSDT,3m,-1,STOP,2026-01-27T23:09:00.000Z,2026-01-27T23:23:59.999Z,4,-1.149101,0.0000,0.7776,-114.9101,24.6167,LATE,-1
scalp_fade_3m,ETHUSDT,3m,-1,TIME,2026-01-27T23:57:00.000Z,2026-01-28T00:59:59.999Z,20,-0.123166,0.9722,0.1726,-12.3166,24.1043,LATE,-1
scalp_fade_3m,ETHUSDT,3m,-1,TIME,2026-01-28T01:54:00.000Z,2026-01-28T02:56:59.999Z,20,0.204126,0.9711,0.4535,20.4126,26.4761,ASIA,-1
scalp_fade_3m,ETHUSDT,3m,-1,TARGET,2026-01-28T03:36:00.000Z,2026-01-28T04:17:59.999Z,13,0.904796,1.1634,0.2013,90.4796,18.8483,ASIA,-1
scalp_fade_3m,ETHUSDT,3m,-1,STOP,2026-01-28T05:03:00.000Z,2026-01-28T05:08:59.999Z,1,-1.201287,0.0000,0.8271,-120.1287,33.3829,ASIA,1
scalp_fade_3m,ETHUSDT,3m,-1,STOP,2026-01-28T06:39:00.000Z,2026-01-28T06:50:59.999Z,3,-1.179900,0.4148,0.7370,-117.9900,29.7599,ASIA,-1
scalp_fade_3m,ETHUSDT,3m,-1,STOP,2026-01-28T11:42:00.000Z,2026-01-28T11:47:59.999Z,1,-1.162457,0.0000,0.8112,-116.2457,26.9173,LONDON,1
scalp_fade_3m,ETHUSDT,3m,-1,STOP,2026-01-28T12:54:00.000Z,2026-01-28T13:38:59.999Z,14,-1.122781,0.0000,0.9469,-112.2781,20.0404,LONDON,1
scalp_fade_3m,ETHUSDT,3m,-1,TARGET,2026-01-28T14:33:00.000Z,2026-01-28T14:47:59.999Z,4,1.022963,1.5175,0.3661,102.2963,15.1409,NY,1
scalp_fade_3m,ETHUSDT,3m,1,TARGET,2026-01-28T17:33:00.000Z,2026-01-28T17:44:59.999Z,3,1.071393,1.3107,0.3606,107.1393,13.6385,NY,1
scalp_fade_3m,ETHUSDT,3m,1,TIME,2026-01-28T18:03:00.000Z,2026-01-28T19:05:59.999Z,20,-0.064204,0.9267,0.3810,-6.4204,13.9909,NY,1
scalp_fade_3m,ETHUSDT,3m,1,TIME,2026-01-28T19:06:00.000Z,2026-01-28T20:08:59.999Z,20,0.268343,0.5964,0.5396,26.8343,12.2134,NY,-1
scalp_fade_3m,ETHUSDT,3m,-1,STOP,2026-01-28T20:21:00.000Z,2026-01-28T20:29:59.999Z,2,-1.097480,0.0000,0.9660,-109.7480,16.0813,NY,1
scalp_fade_3m,ETHUSDT,3m,1,STOP,2026-01-29T02:33:00.000Z,2026-01-29T02:47:59.999Z,4,-1.087492,0.1511,1.1127,-108.7492,14.6224,ASIA,1
scalp_fade_3m,ETHUSDT,3m,1,STOP,2026-01-29T07:18:00.000Z,2026-01-29T08:08:59.999Z,16,-1.226750,0.8428,0.8561,-122.6750,37.2228,LONDON,1
scalp_fade_3m,ETHUSDT,3m,1,TARGET,2026-01-29T08:27:00.000Z,2026-01-29T08:29:59.999Z,0,0.939928,1.2233,0.1534,93.9928,17.8307,LONDON,1
scalp_fade_3m,ETHUSDT,3m,1,TIME,2026-01-29T08:36:00.000Z,2026-01-29T09:38:59.999Z,20,-0.997249,0.0813,0.7164,-99.7249,18.9334,LONDON,1
scalp_fade_3m,ETHUSDT,3m,1,STOP,2026-01-29T10:12:00.000Z,2026-01-29T11:02:59.999Z,16,-1.227408,0.4346,0.8181,-122.7408,37.3305,LONDON,-1
scalp_fade_3m,ETHUSDT,3m,1,STOP,2026-01-29T11:12:00.000Z,2026-01-29T11:17:59.999Z,1,-1.144502,0.0000,1.0712,-114.4502,24.1392,LONDON,-1
scalp_fade_3m,ETHUSDT,3m,1,TIME,2026-01-29T12:42:00.000Z,2026-01-29T13:44:59.999Z,20,-0.024572,0.7212,0.1681,-2.4572,27.8828,LONDON,1
scalp_fade_3m,ETHUSDT,3m,1,STOP,2026-01-29T14:15:00.000Z,2026-01-29T14:26:59.999Z,3,-1.213055,0.0546,0.7491,-121.3055,35.4543,NY,-1
scalp_fade_3m,ETHUSDT,3m,1,STOP,2026-01-29T14:27:00.000Z,2026-01-29T14:29:59.999Z,0,-1.195536,0.0000,1.5468,-119.5536,32.6515,NY,-1
scalp_fade_3m,ETHUSDT,3m,1,TIME,2026-01-29T20:03:00.000Z,2026-01-29T21:05:59.999Z,20,0.702181,1.1885,0.2589,70.2181,13.7016,NY,-1
scalp_fade_3m,ETHUSDT,3m,1,TIME,2026-01-29T22:15:00.000Z,2026-01-29T23:17:59.999Z,20,-0.290378,0.8178,0.2400,-29.0378,24.0565,LATE,1
scalp_fade_3m,ETHUSDT,3m,1,STOP,2026-01-30T01:09:00.000Z,2026-01-30T01:23:59.999Z,4,-1.142733,0.0317,1.9800,-114.2733,23.7711,ASIA,-1
scalp_fade_3m,ETHUSDT,3m,1,STOP,2026-01-30T01:27:00.000Z,2026-01-30T01:38:59.999Z,3,-1.096804,0.2152,1.2219,-109.6804,16.1814,ASIA,-1
scalp_fade_3m,ETHUSDT,3m,1,TARGET,2026-01-30T04:03:00.000Z,2026-01-30T04:14:59.999Z,3,1.038399,1.5253,0.1256,103.8399,14.6868,ASIA,1
scalp_fade_3m,ETHUSDT,3m,1,STOP,2026-01-30T05:00:00.000Z,2026-01-30T06:02:59.999Z,20,-1.126892,0.4815,0.9215,-112.6892,20.8023,ASIA,1
scalp_fade_3m,ETHUSDT,3m,1,TIME,2026-01-30T07:33:00.000Z,2026-01-30T08:35:59.999Z,20,-0.518144,0.9376,0.5171,-51.8144,15.0555,LONDON,-1
scalp_fade_3m,ETHUSDT,3m,1,STOP,2026-01-30T08:54:00.000Z,2026-01-30T09:26:59.999Z,10,-1.111508,0.6230,0.9340,-111.1508,18.4846,LONDON,1
scalp_fade_3m,ETHUSDT,3m,1,STOP,2026-01-30T12:27:00.000Z,2026-01-30T13:05:59.999Z,12,-1.099185,0.2236,0.9368,-109.9185,16.4225,LONDON,1
scalp_fade_3m,ETHUSDT,3m,1,TIME,2026-01-30T13:33:00.000Z,2026-01-30T14:35:59.999Z,20,0.174600,0.8260,0.7950,17.4600,15.4873,NY,-1
scalp_fade_3m,ETHUSDT,3m,1,STOP,2026-01-30T14:54:00.000Z,2026-01-30T15:29:59.999Z,11,-1.057196,0.4538,1.1292,-105.7196,9.5353,NY,1
scalp_fade_3m,ETHUSDT,3m,1,STOP,2026-01-30T17:36:00.000Z,2026-01-30T18:11:59.999Z,11,-1.071308,0.4367,0.9185,-107.1308,11.8557,NY,1
scalp_fade_3m,ETHUSDT,3m,1,TIME,2026-01-30T23:12:00.000Z,2026-01-31T00:14:59.999Z,20,0.256984,0.6852,0.5922,25.6984,22.2028,LATE,1
scalp_fade_3m,ETHUSDT,3m,1,STOP,2026-01-31T00:54:00.000Z,2026-01-31T01:38:59.999Z,14,-1.162979,0.6235,0.7900,-116.2979,26.8458,ASIA,1
scalp_fade_3m,ETHUSDT,3m,1,STOP,2026-01-31T04:03:00.000Z,2026-01-31T04:53:59.999Z,16,-1.183297,0.6048,0.7162,-118.3297,30.1146,ASIA,-1
scalp_fade_3m,ETHUSDT,3m,1,STOP,2026-01-31T06:06:00.000Z,2026-01-31T06:26:59.999Z,6,-1.175237,0.3151,1.3359,-117.5237,29.0939,ASIA,1
scalp_fade_3m,ETHUSDT,3m,1,TIME,2026-01-31T06:27:00.000Z,2026-01-31T07:29:59.999Z,20,-0.179662,0.5683,0.2609,-17.9662,24.6723,ASIA,-1
scalp_fade_3m,ETHUSDT,3m,1,STOP,2026-01-31T11:03:00.000Z,2026-01-31T11:47:59.999Z,14,-1.148653,0.2943,0.8994,-114.8653,24.4975,LONDON,1
scalp_fade_3m,ETHUSDT,3m,1,STOP,2026-01-31T12:12:00.000Z,2026-01-31T12:14:59.999Z,0,-1.143546,0.0000,0.8459,-114.3546,24.0053,LONDON,-1
scalp_fade_3m,ETHUSDT,3m,1,STOP,2026-01-31T12:21:00.000Z,2026-01-31T12:38:59.999Z,5,-1.117707,0.0608,0.8146,-111.7707,19.6060,LONDON,-1
scalp_fade_3m,ETHUSDT,3m,1,STOP,2026-01-31T13:00:00.000Z,2026-01-31T13:32:59.999Z,10,-1.104021,0.1426,1.0943,-110.4021,17.2523,NY,1
scalp_fade_3m,ETHUSDT,3m,1,STOP,2026-01-31T14:03:00.000Z,2026-01-31T14:11:59.999Z,2,-1.119214,0.5168,1.4254,-111.9214,19.9173,NY,-1
scalp_fade_3m,ETHUSDT,3m,1,TARGET,2026-01-31T23:48:00.000Z,2026-02-01T00:17:59.999Z,9,1.291370,1.5719,0.0566,129.1370,6.6380,LATE,1
scalp_fade_3m,ETHUSDT,3m,1,TIME,2026-02-01T01:33:00.000Z,2026-02-01T02:35:59.999Z,20,0.042532,0.6500,0.5682,4.2532,12.4362,ASIA,-1
scalp_fade_3m,ETHUSDT,3m,1,STOP,2026-02-01T05:03:00.000Z,2026-02-01T05:44:59.999Z,13,-1.142032,0.8227,1.6058,-114.2032,23.4363,ASIA,1
scalp_fade_3m,ETHUSDT,3m,1,STOP,2026-02-01T10:36:00.000Z,2026-02-01T10:38:59.999Z,0,-1.077058,0.0184,0.8897,-107.7058,12.9481,LONDON,1
scalp_fade_3m,ETHUSDT,3m,1,STOP,2026-02-01T12:18:00.000Z,2026-02-01T12:26:59.999Z,2,-1.102231,0.2939,1.1386,-110.2231,17.0988,LONDON,1
scalp_fade_3m,ETHUSDT,3m,1,STOP,2026-02-01T14:09:00.000Z,2026-02-01T14:20:59.999Z,3,-1.078173,0.0000,0.9848,-107.8173,13.0925,NY,-1
scalp_fade_3m,ETHUSDT,3m,1,STOP,2026-02-01T16:00:00.000Z,2026-02-01T16:23:59.999Z,7,-1.040953,0.2560,1.0160,-104.0953,6.8930,NY,-1
scalp_fade_3m,ETHUSDT,3m,1,TARGET,2026-02-01T17:24:00.000Z,2026-02-01T18:02:59.999Z,12,1.290975,2.0272,0.1595,129.0975,6.6449,NY,-1
scalp_fade_3m,ETHUSDT,3m,1,STOP,2026-02-01T20:12:00.000Z,2026-02-01T20:29:59.999Z,5,-1.065005,0.2520,1.3208,-106.5005,10.8867,NY,1
scalp_fade_3m,ETHUSDT,3m,1,STOP,2026-02-01T20:54:00.000Z,2026-02-01T21:08:59.999Z,4,-1.053240,0.0533,0.9933,-105.3240,8.9495,NY,1
scalp_fade_3m,ETHUSDT,3m,1,STOP,2026-02-01T22:06:00.000Z,2026-02-01T23:05:59.999Z,19,-1.055741,1.2960,1.7691,-105.5741,9.2198,LATE,1
scalp_fade_3m,ETHUSDT,3m,1,STOP,2026-02-02T02:18:00.000Z,2026-02-02T02:59:59.999Z,13,-1.049969,0.4214,1.0434,-104.9969,8.3299,ASIA,1
scalp_fade_3m,ETHUSDT,3m,1,STOP,2026-02-02T05:54:00.000Z,2026-02-02T06:38:59.999Z,14,-1.039106,0.6549,1.1045,-103.9106,6.5406,ASIA,-1
scalp_fade_3m,ETHUSDT,3m,1,TARGET,2026-02-02T09:03:00.000Z,2026-02-02T09:29:59.999Z,8,1.245214,2.1620,0.2371,124.5214,8.1043,LONDON,1
scalp_fade_3m,ETHUSDT,3m,-1,STOP,2026-02-02T14:24:00.000Z,2026-02-02T14:32:59.999Z,2,-1.064146,0.2009,1.4589,-106.4146,10.5368,NY,1
scalp_fade_3m,ETHUSDT,3m,-1,STOP,2026-02-02T14:33:00.000Z,2026-02-02T14:41:59.999Z,2,-1.052879,0.3167,1.0016,-105.2879,8.6626,NY,1
scalp_fade_3m,ETHUSDT,3m,-1,TIME,2026-02-02T17:03:00.000Z,2026-02-02T18:05:59.999Z,20,0.874053,1.1236,0.4410,87.4053,9.7325,NY,-1
scalp_fade_3m,ETHUSDT,3m,-1,TIME,2026-02-02T18:33:00.000Z,2026-02-02T19:35:59.999Z,20,0.611163,0.9134,0.4847,61.1163,11.4855,NY,-1
scalp_fade_3m,ETHUSDT,3m,-1,STOP,2026-02-02T21:03:00.000Z,2026-02-02T21:41:59.999Z,12,-1.081051,0.0228,0.9200,-108.1051,13.2119,LATE,-1
scalp_fade_3m,ETHUSDT,3m,-1,TIME,2026-02-02T23:00:00.000Z,2026-02-03T00:02:59.999Z,20,0.641719,1.1193,0.4915,64.1719,21.2925,LATE,1
scalp_fade_3m,ETHUSDT,3m,1,TIME,2026-02-03T06:24:00.000Z,2026-02-03T07:26:59.999Z,20,0.280682,1.0688,0.2157,28.0682,13.6738,ASIA,-1
scalp_fade_3m,ETHUSDT,3m,1,TARGET,2026-02-03T11:36:00.000Z,2026-02-03T12:14:59.999Z,12,1.134298,1.3375,0.6752,113.4298,11.6103,LONDON,-1
scalp_fade_3m,ETHUSDT,3m,1,STOP,2026-02-03T14:18:00.000Z,2026-02-03T14:35:59.999Z,5,-1.095124,0.5757,1.2380,-109.5124,15.8698,NY,1
scalp_fade_3m,ETHUSDT,3m,1,STOP,2026-02-03T23:27:00.000Z,2026-02-03T23:47:59.999Z,6,-1.058904,0.2839,1.1209,-105.8904,9.8671,LATE,-1
scalp_fade_3m,ETHUSDT,3m,1,TARGET,2026-02-04T00:57:00.000Z,2026-02-04T01:05:59.999Z,2,1.166569,1.8621,0.1387,116.6569,10.6175,ASIA,1
scalp_fade_3m,ETHUSDT,3m,-1,TARGET,2026-02-04T02:18:00.000Z,2026-02-04T02:41:59.999Z,7,1.202419,1.6923,0.0811,120.2419,9.4293,ASIA,1
scalp_fade_3m,ETHUSDT,3m,-1,STOP,2026-02-04T07:15:00.000Z,2026-02-04T07:41:59.999Z,8,-1.088484,0.4569,0.8959,-108.8484,14.4948,LONDON,-1
scalp_fade_3m,ETHUSDT,3m,1,STOP,2026-02-04T11:03:00.000Z,2026-02-04T11:05:59.999Z,0,-1.125298,0.0000,1.8149,-112.5298,20.9706,LONDON,1
scalp_fade_3m,ETHUSDT,3m,1,STOP,2026-02-04T12:27:00.000Z,2026-02-04T12:32:59.999Z,1,-1.083945,0.0316,0.9733,-108.3945,14.0787,LONDON,1
scalp_fade_3m,ETHUSDT,3m,1,STOP,2026-02-04T13:18:00.000Z,2026-02-04T13:35:59.999Z,5,-1.094685,0.1049,1.2585,-109.4685,15.7971,NY,1
scalp_fade_3m,ETHUSDT,3m,1,STOP,2026-02-04T14:42:00.000Z,2026-02-04T14:59:59.999Z,5,-1.040379,0.4333,1.0696,-104.0379,6.8125,NY,-1
scalp_fade_3m,ETHUSDT,3m,1,STOP,2026-02-04T16:15:00.000Z,2026-02-04T16:17:59.999Z,0,-1.035308,0.0083,0.9468,-103.5308,6.0048,NY,1
scalp_fade_3m,ETHUSDT,3m,1,STOP,2026-02-04T17:33:00.000Z,2026-02-04T18:11:59.999Z,12,-1.036212,0.4713,0.9595,-103.6212,6.0787,NY,1
scalp_fade_3m,ETHUSDT,3m,1,TARGET,2026-02-04T18:12:00.000Z,2026-02-04T18:35:59.999Z,7,1.380797,1.5143,0.8139,138.0797,3.8036,NY,1
scalp_fade_3m,ETHUSDT,3m,1,STOP,2026-02-04T21:09:00.000Z,2026-02-04T21:20:59.999Z,3,-1.070487,0.0000,1.2069,-107.0487,11.8183,LATE,1
scalp_fade_3m,ETHUSDT,3m,1,STOP,2026-02-05T01:18:00.000Z,2026-02-05T01:23:59.999Z,1,-1.063153,0.0902,1.1226,-106.3153,10.6244,ASIA,1
scalp_fade_3m,ETHUSDT,3m,1,STOP,2026-02-05T01:42:00.000Z,2026-02-05T02:17:59.999Z,11,-1.042379,0.4332,1.1800,-104.2379,7.0990,ASIA,1
scalp_fade_3m,ETHUSDT,3m,1,STOP,2026-02-05T04:12:00.000Z,2026-02-05T04:17:59.999Z,1,-1.046102,0.0253,1.0054,-104.6102,7.7917,ASIA,-1
scalp_fade_3m,ETHUSDT,3m,1,TIME,2026-02-05T04:21:00.000Z,2026-02-05T05:23:59.999Z,20,-0.836220,0.6086,0.8955,-83.6220,6.4596,ASIA,-1
scalp_fade_3m,ETHUSDT,3m,1,TIME,2026-02-05T05:30:00.000Z,2026-02-05T06:32:59.999Z,20,-0.446864,0.9961,0.6455,-44.6864,7.1414,ASIA,-1
scalp_fade_3m,ETHUSDT,3m,1,TARGET,2026-02-05T06:48:00.000Z,2026-02-05T07:02:59.999Z,4,1.333309,1.5932,0.1567,133.3309,5.3152,ASIA,-1
scalp_fade_3m,ETHUSDT,3m,1,TIME,2026-02-05T07:42:00.000Z,2026-02-05T08:44:59.999Z,20,0.522595,0.9429,0.6152,52.2595,9.2938,LONDON,1
scalp_fade_3m,ETHUSDT,3m,1,STOP,2026-02-05T12:30:00.000Z,2026-02-05T12:56:59.999Z,8,-1.044801,0.2588,1.1321,-104.4801,7.5207,LONDON,-1
scalp_fade_3m,ETHUSDT,3m,1,TARGET,2026-02-05T14:18:00.000Z,2026-02-05T14:35:59.999Z,5,1.304884,1.6698,0.1016,130.4884,6.2163,NY,1
scalp_fade_3m,ETHUSDT,3m,1,TIME,2026-02-05T17:33:00.000Z,2026-02-05T18:35:59.999Z,20,-0.679291,0.5758,0.8806,-67.9291,4.5768,NY,-1
scalp_fade_3m,ETHUSDT,3m,1,STOP,2026-02-05T20:03:00.000Z,2026-02-05T20:17:59.999Z,4,-1.051107,0.5710,1.8034,-105.1107,8.5963,NY,-1
scalp_fade_3m,ETHUSDT,3m,1,STOP,2026-02-05T22:12:00.000Z,2026-02-05T22:17:59.999Z,1,-1.030142,0.0504,1.2629,-103.0142,5.1403,LATE,-1
scalp_fade_3m,ETHUSDT,3m,1,TARGET,2026-02-05T22:18:00.000Z,2026-02-05T22:29:59.999Z,3,1.401348,1.4387,0.1359,140.1348,3.1549,LATE,-1
scalp_fade_3m,ETHUSDT,3m,1,STOP,2026-02-05T23:36:00.000Z,2026-02-05T23:53:59.999Z,5,-1.036901,0.0000,1.3532,-103.6901,6.2371,LATE,1
scalp_fade_3m,ETHUSDT,3m,1,STOP,2026-02-06T08:18:00.000Z,2026-02-06T08:47:59.999Z,9,-1.050138,0.3906,0.9309,-105.0138,8.3921,LONDON,-1
scalp_fade_3m,ETHUSDT,3m,-1,STOP,2026-02-06T10:54:00.000Z,2026-02-06T11:17:59.999Z,7,-1.089319,0.2526,1.1070,-108.9319,14.6480,LONDON,1
scalp_fade_3m,ETHUSDT,3m,-1,STOP,2026-02-06T11:39:00.000Z,2026-02-06T11:53:59.999Z,4,-1.077836,0.2920,0.9432,-107.7836,12.7875,LONDON,-1
scalp_fade_3m,ETHUSDT,3m,-1,STOP,2026-02-06T13:06:00.000Z,2026-02-06T13:14:59.999Z,2,-1.083154,0.1270,1.2006,-108.3154,13.6985,NY,-1
scalp_fade_3m,ETHUSDT,3m,-1,STOP,2026-02-06T16:03:00.000Z,2026-02-06T16:23:59.999Z,6,-1.048804,0.2021,1.1908,-104.8804,7.9521,NY,1
scalp_fade_3m,ETHUSDT,3m,-1,TIME,2026-02-06T19:27:00.000Z,2026-02-06T20:29:59.999Z,20,-0.020333,0.6181,0.7223,-2.0333,9.3169,NY,-1
scalp_fade_3m,ETHUSDT,3m,-1,TARGET,2026-02-06T20:36:00.000Z,2026-02-06T20:56:59.999Z,6,1.319712,1.5082,0.0876,131.9712,5.7062,NY,-1
scalp_fade_3m,ETHUSDT,3m,-1,STOP,2026-02-06T22:06:00.000Z,2026-02-06T22:35:59.999Z,9,-1.082165,1.0679,1.1254,-108.2165,13.4365,LATE,-1
scalp_fade_3m,ETHUSDT,3m,-1,TIME,2026-02-06T23:12:00.000Z,2026-02-07T00:14:59.999Z,20,0.790660,1.3113,0.4432,79.0660,10.8096,LATE,1
scalp_fade_3m,ETHUSDT,3m,-1,STOP,2026-02-07T00:54:00.000Z,2026-02-07T01:53:59.999Z,19,-1.071457,0.9555,0.9083,-107.1457,11.5495,ASIA,-1
scalp_fade_3m,ETHUSDT,3m,-1,STOP,2026-02-07T02:33:00.000Z,2026-02-07T03:02:59.999Z,9,-1.100238,0.6791,1.3910,-110.0238,16.4210,ASIA,1
scalp_fade_3m,ETHUSDT,3m,-1,TARGET,2026-02-07T06:06:00.000Z,2026-02-07T06:17:59.999Z,3,1.156725,1.2757,0.5364,115.6725,10.8927,ASIA,-1
scalp_fade_3m,ETHUSDT,3m,1,TIME,2026-02-07T09:33:00.000Z,2026-02-07T10:35:59.999Z,20,-0.652216,0.5176,0.6660,-65.2216,13.6506,LONDON,1
scalp_fade_3m,ETHUSDT,3m,1,TARGET,2026-02-07T11:48:00.000Z,2026-02-07T12:02:59.999Z,4,1.098124,1.8594,0.2462,109.8124,12.7855,LONDON,-1
scalp_fade_3m,ETHUSDT,3m,-1,TARGET,2026-02-07T16:06:00.000Z,2026-02-07T16:11:59.999Z,1,1.398324,1.4430,0.9093,139.8324,3.2138,NY,1
scalp_fade_3m,ETHUSDT,3m,-1,TIME,2026-02-07T16:12:00.000Z,2026-02-07T17:14:59.999Z,20,0.339206,0.6409,0.2387,33.9206,2.7659,NY,1
scalp_fade_3m,ETHUSDT,3m,-1,STOP,2026-02-07T17:21:00.000Z,2026-02-07T17:38:59.999Z,5,-1.056742,0.0783,0.9853,-105.6742,9.2764,NY,1
scalp_fade_3m,ETHUSDT,3m,-1,STOP,2026-02-07T20:36:00.000Z,2026-02-07T20:53:59.999Z,5,-1.111143,0.2109,1.8128,-111.1143,18.2971,NY,1
scalp_fade_3m,ETHUSDT,3m,-1,TARGET,2026-02-07T22:09:00.000Z,2026-02-07T22:38:59.999Z,9,1.077797,1.5326,0.1886,107.7797,13.3791,LATE,-1
scalp_fade_3m,ETHUSDT,3m,-1,STOP,2026-02-08T00:39:00.000Z,2026-02-08T01:41:59.999Z,20,-1.112991,0.7757,0.8408,-111.2991,18.3195,ASIA,-1
scalp_fade_3m,ETHUSDT,3m,-1,TARGET,2026-02-08T03:36:00.000Z,2026-02-08T03:56:59.999Z,6,1.021918,1.3573,0.1303,102.1918,15.1655,ASIA,-1
scalp_fade_3m,ETHUSDT,3m,-1,TIME,2026-02-08T05:00:00.000Z,2026-02-08T06:02:59.999Z,20,0.075056,0.8065,0.2384,7.5056,21.7734,ASIA,1
scalp_fade_3m,ETHUSDT,3m,-1,TARGET,2026-02-08T06:15:00.000Z,2026-02-08T07:11:59.999Z,18,0.971784,1.9838,0.4002,97.1784,16.7010,ASIA,1
scalp_fade_3m,ETHUSDT,3m,-1,TIME,2026-02-08T09:12:00.000Z,2026-02-08T10:14:59.999Z,20,-0.282297,0.5992,0.5449,-28.2297,12.2560,LONDON,1
scalp_fade_3m,ETHUSDT,3m,-1,TIME,2026-02-08T13:00:00.000Z,2026-02-08T14:02:59.999Z,20,-0.076727,0.7801,0.7843,-7.6727,13.6067,NY,1
scalp_fade_3m,ETHUSDT,3m,-1,TARGET,2026-02-08T20:03:00.000Z,2026-02-08T20:56:59.999Z,17,1.121274,1.4464,0.4090,112.1274,11.9721,NY,-1
scalp_fade_3m,ETHUSDT,3m,-1,TARGET,2026-02-08T21:15:00.000Z,2026-02-08T21:35:59.999Z,6,1.034690,1.4209,0.6016,103.4690,14.7598,LATE,-1
scalp_fade_3m,ETHUSDT,3m,1,STOP,2026-02-09T01:36:00.000Z,2026-02-09T01:44:59.999Z,2,-1.076191,0.0000,1.8313,-107.6191,12.7773,ASIA,1
scalp_fade_3m,ETHUSDT,3m,1,TIME,2026-02-09T01:51:00.000Z,2026-02-09T02:53:59.999Z,20,0.441606,0.9932,0.2099,44.1606,8.1613,ASIA,1
scalp_fade_3m,ETHUSDT,3m,1,STOP,2026-02-09T05:48:00.000Z,2026-02-09T06:05:59.999Z,5,-1.134258,0.4773,0.8486,-113.4258,22.3443,ASIA,1
scalp_fade_3m,ETHUSDT,3m,1,STOP,2026-02-09T06:12:00.000Z,2026-02-09T06:20:59.999Z,2,-1.116133,0.0000,1.6207,-111.6133,19.4060,ASIA,-1
scalp_fade_3m,ETHUSDT,3m,1,STOP,2026-02-09T10:03:00.000Z,2026-02-09T10:17:59.999Z,4,-1.099076,0.4108,1.1525,-109.9076,16.5408,LONDON,-1
scalp_fade_3m,ETHUSDT,3m,1,TARGET,2026-02-09T14:33:00.000Z,2026-02-09T14:41:59.999Z,2,1.231359,1.6212,0.5699,123.1359,8.5583,NY,-1
scalp_fade_3m,ETHUSDT,3m,-1,STOP,2026-02-09T19:33:00.000Z,2026-02-09T20:08:59.999Z,11,-1.083942,0.6673,1.0144,-108.3942,13.7018,NY,-1
scalp_fade_3m,ETHUSDT,3m,-1,TIME,2026-02-09T20:12:00.000Z,2026-02-09T21:14:59.999Z,20,0.836100,1.1501,0.2509,83.6100,10.7308,NY,-1
scalp_fade_3m,ETHUSDT,3m,-1,TIME,2026-02-09T21:54:00.000Z,2026-02-09T22:56:59.999Z,20,0.127592,0.3503,0.6504,12.7592,10.7529,LATE,-1
scalp_fade_3m,ETHUSDT,3m,-1,STOP,2026-02-10T01:09:00.000Z,2026-02-10T01:20:59.999Z,3,-1.098305,0.0000,0.9031,-109.8305,16.2018,ASIA,-1
scalp_fade_3m,ETHUSDT,3m,1,STOP,2026-02-10T05:36:00.000Z,2026-02-10T05:44:59.999Z,2,-1.115287,0.3842,1.2233,-111.5287,19.2656,ASIA,-1
scalp_fade_3m,ETHUSDT,3m,1,TARGET,2026-02-10T08:39:00.000Z,2026-02-10T09:02:59.999Z,7,1.184087,1.5601,0.1573,118.4087,10.0465,LONDON,-1
scalp_fade_3m,ETHUSDT,3m,1,TIME,2026-02-10T09:51:00.000Z,2026-02-10T10:53:59.999Z,20,-0.250328,0.5929,0.5265,-25.0328,17.7079,LONDON,-1
scalp_fade_3m,ETHUSDT,3m,1,STOP,2026-02-10T11:21:00.000Z,2026-02-10T11:44:59.999Z,7,-1.144065,1.0040,1.2794,-114.4065,23.9173,LONDON,-1
scalp_fade_3m,ETHUSDT,3m,1,TARGET,2026-02-10T13:12:00.000Z,2026-02-10T13:35:59.999Z,7,1.161205,1.2998,0.3862,116.1205,10.7727,NY,1
scalp_fade_3m,ETHUSDT,3m,1,STOP,2026-02-10T14:39:00.000Z,2026-02-10T14:44:59.999Z,1,-1.056980,0.2408,1.2203,-105.6980,9.5989,NY,-1
scalp_fade_3m,ETHUSDT,3m,1,TARGET,2026-02-10T16:54:00.000Z,2026-02-10T17:41:59.999Z,15,1.208263,1.4834,0.3209,120.8263,9.2583,NY,1
scalp_fade_3m,ETHUSDT,3m,1,STOP,2026-02-10T20:36:00.000Z,2026-02-10T21:32:59.999Z,18,-1.100310,0.7880,0.9692,-110.0310,16.5053,NY,-1
scalp_fade_3m,ETHUSDT,3m,-1,TIME,2026-02-11T01:45:00.000Z,2026-02-11T02:47:59.999Z,20,0.246184,0.7902,0.7074,24.6184,20.1842,ASIA,-1
scalp_fade_3m,ETHUSDT,3m,1,STOP,2026-02-11T03:27:00.000Z,2026-02-11T04:14:59.999Z,15,-1.081582,0.4747,0.9321,-108.1582,13.4894,ASIA,-1
scalp_fade_3m,ETHUSDT,3m,1,TIME,2026-02-11T08:09:00.000Z,2026-02-11T09:11:59.999Z,20,0.149196,0.7666,0.7740,14.9196,15.9093,LONDON,1
scalp_fade_3m,ETHUSDT,3m,1,STOP,2026-02-11T09:36:00.000Z,2026-02-11T10:02:59.999Z,8,-1.122503,0.0000,1.1073,-112.2503,20.3363,LONDON,-1
scalp_fade_3m,ETHUSDT,3m,1,TARGET,2026-02-11T10:36:00.000Z,2026-02-11T11:20:59.999Z,14,1.123348,1.7074,0.1506,112.3348,11.9505,LONDON,1
scalp_fade_3m,ETHUSDT,3m,1,TARGET,2026-02-11T12:42:00.000Z,2026-02-11T13:35:59.999Z,17,1.117100,1.7140,0.7606,111.7100,12.1381,LONDON,1
scalp_fade_3m,ETHUSDT,3m,1,TARGET,2026-02-11T13:54:00.000Z,2026-02-11T14:05:59.999Z,3,1.236704,1.9737,0.2253,123.6704,8.3861,NY,1
scalp_fade_3m,ETHUSDT,3m,1,STOP,2026-02-11T16:30:00.000Z,2026-02-11T16:44:59.999Z,4,-1.054419,0.1894,0.9231,-105.4419,9.1449,NY,1
scalp_fade_3m,ETHUSDT,3m,-1,TIME,2026-02-12T02:09:00.000Z,2026-02-12T03:11:59.999Z,20,-0.077616,0.9130,0.2822,-7.7616,15.8940,ASIA,-1
scalp_fade_3m,ETHUSDT,3m,-1,STOP,2026-02-12T03:36:00.000Z,2026-02-12T04:05:59.999Z,9,-1.135433,0.0939,0.9443,-113.5433,22.2328,ASIA,-1
scalp_fade_3m,ETHUSDT,3m,-1,STOP,2026-02-12T04:18:00.000Z,2026-02-12T04:38:59.999Z,6,-1.126226,0.6824,0.9672,-112.6226,20.7766,ASIA,1
scalp_fade_3m,ETHUSDT,3m,-1,STOP,2026-02-12T05:33:00.000Z,2026-02-12T06:26:59.999Z,17,-1.098627,0.2893,1.3500,-109.8627,16.0231,ASIA,-1
scalp_fade_3m,ETHUSDT,3m,-1,TARGET,2026-02-12T07:33:00.000Z,2026-02-12T08:23:59.999Z,16,1.080467,1.2779,0.1140,108.0467,13.2680,LONDON,-1
scalp_fade_3m,ETHUSDT,3m,-1,STOP,2026-02-12T09:12:00.000Z,2026-02-12T09:29:59.999Z,5,-1.131654,0.1396,0.9045,-113.1654,21.6982,LONDON,1
scalp_fade_3m,ETHUSDT,3m,-1,STOP,2026-02-12T10:00:00.000Z,2026-02-12T10:50:59.999Z,16,-1.087775,0.2592,0.9323,-108.7775,14.2602,LONDON,1
scalp_fade_3m,ETHUSDT,3m,-1,STOP,2026-02-12T11:18:00.000Z,2026-02-12T11:29:59.999Z,3,-1.103130,0.0000,0.8453,-110.3130,17.0036,LONDON,1
scalp_fade_3m,ETHUSDT,3m,-1,STOP,2026-02-12T13:12:00.000Z,2026-02-12T13:59:59.999Z,15,-1.103263,0.5599,1.0767,-110.3263,16.8166,NY,-1
scalp_fade_3m,ETHUSDT,3m,-1,TARGET,2026-02-12T14:33:00.000Z,2026-02-12T14:47:59.999Z,4,1.173024,1.4340,0.1444,117.3024,10.3716,NY,-1
scalp_fade_3m,ETHUSDT,3m,-1,TARGET,2026-02-12T14:51:00.000Z,2026-02-12T15:08:59.999Z,5,1.253493,1.5113,0.2225,125.3493,7.8119,NY,-1
scalp_fade_3m,ETHUSDT,3m,1,TIME,2026-02-12T21:06:00.000Z,2026-02-12T22:08:59.999Z,20,0.118595,0.7373,0.2432,11.8595,16.7329,LATE,1
scalp_fade_3m,ETHUSDT,3m,-1,TARGET,2026-02-13T00:03:00.000Z,2026-02-13T00:26:59.999Z,7,1.122259,1.4001,0.3043,112.2259,11.9748,ASIA,1
scalp_fade_3m,ETHUSDT,3m,-1,TIME,2026-02-13T02:27:00.000Z,2026-02-13T03:29:59.999Z,20,-0.813637,0.5812,0.5684,-81.3637,20.0379,ASIA,1
scalp_fade_3m,ETHUSDT,3m,-1,TIME,2026-02-13T03:57:00.000Z,2026-02-13T04:59:59.999Z,20,0.392100,0.9912,0.5760,39.2100,23.8629,ASIA,1
scalp_fade_3m,ETHUSDT,3m,1,STOP,2026-02-13T06:18:00.000Z,2026-02-13T06:23:59.999Z,1,-1.145475,0.0000,1.1814,-114.5475,24.3008,ASIA,1
scalp_fade_3m,ETHUSDT,3m,1,TARGET,2026-02-13T07:39:00.000Z,2026-02-13T08:38:59.999Z,19,1.044763,1.2853,0.5999,104.4763,14.4193,LONDON,-1
scalp_fade_3m,ETHUSDT,3m,-1,STOP,2026-02-13T10:18:00.000Z,2026-02-13T10:20:59.999Z,0,-1.125927,0.0000,0.8436,-112.5927,20.8564,LONDON,-1
scalp_fade_3m,ETHUSDT,3m,-1,STOP,2026-02-13T11:39:00.000Z,2026-02-13T12:32:59.999Z,17,-1.106423,0.2487,0.8487,-110.6423,17.2999,LONDON,-1
scalp_fade_3m,ETHUSDT,3m,-1,STOP,2026-02-13T13:00:00.000Z,2026-02-13T13:23:59.999Z,7,-1.143165,0.4722,0.8614,-114.3165,23.5581,NY,-1
scalp_fade_3m,ETHUSDT,3m,-1,STOP,2026-02-13T14:30:00.000Z,2026-02-13T14:35:59.999Z,1,-1.101641,0.1964,1.3824,-110.1641,16.7909,NY,-1
scalp_fade_3m,ETHUSDT,3m,-1,STOP,2026-02-13T14:45:00.000Z,2026-02-13T14:50:59.999Z,1,-1.055866,0.0000,0.9180,-105.5866,9.1690,NY,1
scalp_fade_3m,ETHUSDT,3m,-1,TIME,2026-02-13T18:48:00.000Z,2026-02-13T19:50:59.999Z,20,-0.139814,0.7153,0.1885,-13.9814,17.5880,NY,1
scalp_fade_3m,ETHUSDT,3m,-1,TARGET,2026-02-13T20:06:00.000Z,2026-02-13T20:17:59.999Z,3,0.972233,1.2410,0.2803,97.2233,16.7580,NY,1
scalp_fade_3m,ETHUSDT,3m,-1,STOP,2026-02-13T23:48:00.000Z,2026-02-14T00:50:59.999Z,20,-1.183322,1.0491,0.7991,-118.3322,29.8030,LATE,1
scalp_fade_3m,ETHUSDT,3m,-1,TIME,2026-02-14T02:18:00.000Z,2026-02-14T03:20:59.999Z,20,-0.271333,0.8032,0.2129,-27.1333,35.4500,ASIA,1
scalp_fade_3m,ETHUSDT,3m,-1,TIME,2026-02-14T04:27:00.000Z,2026-02-14T05:29:59.999Z,20,-0.403661,0.7186,0.4466,-40.3661,33.2100,ASIA,1
scalp_fade_3m,ETHUSDT,3m,-1,TIME,2026-02-14T06:39:00.000Z,2026-02-14T07:41:59.999Z,20,-0.421309,0.3808,0.6130,-42.1309,37.4101,ASIA,1
scalp_fade_3m,ETHUSDT,3m,-1,STOP,2026-02-14T07:45:00.000Z,2026-02-14T07:50:59.999Z,1,-1.220265,0.0000,0.7080,-122.0265,36.5427,LONDON,1
scalp_fade_3m,ETHUSDT,3m,-1,STOP,2026-02-14T14:51:00.000Z,2026-02-14T14:53:59.999Z,0,-1.158137,0.0000,1.3176,-115.8137,26.2252,NY,1
scalp_fade_3m,ETHUSDT,3m,-1,TARGET,2026-02-14T15:18:00.000Z,2026-02-14T16:20:59.999Z,20,1.067727,1.5659,0.7293,106.7727,13.6561,NY,1
scalp_fade_3m,ETHUSDT,3m,-1,STOP,2026-02-14T19:09:00.000Z,2026-02-14T19:50:59.999Z,13,-1.178725,0.7254,1.0327,-117.8725,29.2611,NY,1
scalp_fade_3m,ETHUSDT,3m,-1,TARGET,2026-02-14T23:18:00.000Z,2026-02-15T00:11:59.999Z,17,0.920049,1.1179,0.1826,92.0049,18.3440,LATE,1
scalp_fade_3m,ETHUSDT,3m,1,STOP,2026-02-15T01:21:00.000Z,2026-02-15T01:23:59.999Z,0,-1.127387,0.0000,0.8051,-112.7387,21.3181,ASIA,-1
scalp_fade_3m,ETHUSDT,3m,1,STOP,2026-02-15T02:09:00.000Z,2026-02-15T02:35:59.999Z,8,-1.089529,0.2391,0.8821,-108.9529,14.8977,ASIA,-1
scalp_fade_3m,ETHUSDT,3m,1,STOP,2026-02-15T03:36:00.000Z,2026-02-15T03:38:59.999Z,0,-1.101152,0.0000,0.9157,-110.1152,16.9551,ASIA,-1
scalp_fade_3m,ETHUSDT,3m,-1,STOP,2026-02-15T07:36:00.000Z,2026-02-15T07:38:59.999Z,0,-1.131494,0.0000,1.6042,-113.1494,21.7843,LONDON,1
scalp_fade_3m,ETHUSDT,3m,1,TIME,2026-02-15T10:51:00.000Z,2026-02-15T11:53:59.999Z,20,-0.784732,0.3538,0.5120,-78.4732,21.1049,LONDON,1
scalp_fade_3m,ETHUSDT,3m,1,TARGET,2026-02-15T11:54:00.000Z,2026-02-15T12:32:59.999Z,12,0.852523,1.2035,0.5715,85.2523,20.5402,LONDON,-1
scalp_fade_3m,ETHUSDT,3m,1,STOP,2026-02-15T12:39:00.000Z,2026-02-15T12:50:59.999Z,3,-1.126738,0.1920,1.7705,-112.6738,21.1440,LONDON,-1
scalp_fade_3m,ETHUSDT,3m,1,TIME,2026-02-15T16:06:00.000Z,2026-02-15T17:08:59.999Z,20,0.155197,0.6673,0.8150,15.5197,17.9265,NY,1
scalp_fade_3m,ETHUSDT,3m,1,TIME,2026-02-15T19:48:00.000Z,2026-02-15T20:50:59.999Z,20,-0.144222,0.7414,0.6279,-14.4222,10.7313,NY,-1
scalp_fade_3m,ETHUSDT,3m,1,STOP,2026-02-15T23:03:00.000Z,2026-02-15T23:08:59.999Z,1,-1.089897,0.0236,1.1492,-108.9897,15.0675,LATE,1
scalp_fade_3m,ETHUSDT,3m,1,TARGET,2026-02-15T23:27:00.000Z,2026-02-16T00:11:59.999Z,14,1.190811,1.4032,0.0838,119.0811,9.8137,LATE,1
scalp_fade_3m,ETHUSDT,3m,1,TIME,2026-02-16T00:24:00.000Z,2026-02-16T01:26:59.999Z,20,-0.386241,1.1876,0.4521,-38.6241,17.2933,ASIA,1
scalp_fade_3m,ETHUSDT,3m,1,STOP,2026-02-16T02:12:00.000Z,2026-02-16T02:29:59.999Z,5,-1.123128,0.0778,0.9410,-112.3128,20.5030,ASIA,1
scalp_fade_3m,ETHUSDT,3m,1,TARGET,2026-02-16T06:21:00.000Z,2026-02-16T06:32:59.999Z,3,0.858275,1.0911,0.5316,85.8275,20.4099,ASIA,1
scalp_fade_3m,ETHUSDT,3m,-1,TARGET,2026-02-16T11:06:00.000Z,2026-02-16T11:11:59.999Z,1,0.924332,2.1592,0.3090,92.4332,18.2912,LONDON,-1
scalp_fade_3m,ETHUSDT,3m,-1,STOP,2026-02-16T12:27:00.000Z,2026-02-16T12:50:59.999Z,7,-1.091552,0.3501,0.9352,-109.1552,15.0176,LONDON,-1
scalp_fade_3m,ETHUSDT,3m,-1,TARGET,2026-02-16T13:24:00.000Z,2026-02-16T13:29:59.999Z,1,1.237839,1.8754,0.0847,123.7839,8.3187,NY,-1
scalp_fade_3m,ETHUSDT,3m,1,TARGET,2026-02-16T17:12:00.000Z,2026-02-16T17:32:59.999Z,6,1.138584,1.2957,0.4569,113.8584,11.4939,NY,1
scalp_fade_3m,ETHUSDT,3m,-1,STOP,2026-02-16T20:18:00.000Z,2026-02-16T20:29:59.999Z,3,-1.143348,0.4602,0.9428,-114.3348,23.6862,NY,-1
scalp_fade_3m,ETHUSDT,3m,-1,TIME,2026-02-16T22:15:00.000Z,2026-02-16T23:17:59.999Z,20,-0.497756,0.6994,0.7383,-49.7756,17.5862,LATE,-1
scalp_fade_3m,ETHUSDT,3m,-1,STOP,2026-02-17T00:03:00.000Z,2026-02-17T00:50:59.999Z,15,-1.140811,0.3863,1.2236,-114.0811,22.9790,ASIA,-1
scalp_fade_3m,ETHUSDT,3m,-1,STOP,2026-02-17T01:12:00.000Z,2026-02-17T01:35:59.999Z,7,-1.120065,0.0552,0.9736,-112.0065,19.7357,ASIA,1
scalp_fade_3m,ETHUSDT,3m,-1,STOP,2026-02-17T02:12:00.000Z,2026-02-17T02:14:59.999Z,0,-1.096447,0.0662,0.9953,-109.6447,15.9426,ASIA,1
scalp_fade_3m,ETHUSDT,3m,-1,TIME,2026-02-17T02:15:00.000Z,2026-02-17T03:17:59.999Z,20,0.371060,0.8782,0.3258,37.1060,13.5826,ASIA,1
scalp_fade_3m,ETHUSDT,3m,-1,TARGET,2026-02-17T04:21:00.000Z,2026-02-17T05:20:59.999Z,19,1.079271,1.9160,0.6206,107.9271,13.2946,ASIA,1
scalp_fade_3m,ETHUSDT,3m,1,TARGET,2026-02-17T07:33:00.000Z,2026-02-17T07:50:59.999Z,5,0.951279,1.1324,0.3167,95.1279,17.4450,LONDON,-1
scalp_fade_3m,ETHUSDT,3m,1,TIME,2026-02-17T09:12:00.000Z,2026-02-17T10:14:59.999Z,20,-0.139955,0.7112,0.1378,-13.9955,21.8694,LONDON,-1
scalp_fade_3m,ETHUSDT,3m,1,TIME,2026-02-17T11:27:00.000Z,2026-02-17T12:29:59.999Z,20,0.140854,1.0438,0.3598,14.0854,22.8552,LONDON,1
scalp_fade_3m,ETHUSDT,3m,1,STOP,2026-02-17T12:57:00.000Z,2026-02-17T12:59:59.999Z,0,-1.168404,0.0000,0.7995,-116.8404,28.1394,LONDON,-1
scalp_fade_3m,ETHUSDT,3m,-1,TIME,2026-02-17T19:30:00.000Z,2026-02-17T20:32:59.999Z,20,0.360318,0.9347,0.5760,36.0318,13.3353,NY,1
scalp_fade_3m,ETHUSDT,3m,-1,STOP,2026-02-17T22:09:00.000Z,2026-02-17T22:32:59.999Z,7,-1.172438,0.1506,0.8049,-117.2438,28.4021,LATE,1
scalp_fade_3m,ETHUSDT,3m,-1,TARGET,2026-02-17T22:42:00.000Z,2026-02-17T23:11:59.999Z,9,0.914074,1.3137,0.2512,91.4074,18.5752,LATE,1
scalp_fade_3m,ETHUSDT,3m,1,TARGET,2026-02-18T01:45:00.000Z,2026-02-18T02:35:59.999Z,16,1.067340,1.2166,0.4139,106.7340,13.7168,ASIA,-1
scalp_fade_3m,ETHUSDT,3m,-1,STOP,2026-02-18T04:03:00.000Z,2026-02-18T04:11:59.999Z,2,-1.156303,0.0095,1.1033,-115.6303,25.8657,ASIA,1
scalp_fade_3m,ETHUSDT,3m,-1,STOP,2026-02-18T07:39:00.000Z,2026-02-18T07:44:59.999Z,1,-1.160810,0.0578,1.2739,-116.0810,26.6430,LONDON,-1
scalp_fade_3m,ETHUSDT,3m,1,STOP,2026-02-18T13:42:00.000Z,2026-02-18T13:44:59.999Z,0,-1.111226,0.0000,0.8961,-111.1226,18.6303,NY,1
scalp_fade_3m,ETHUSDT,3m,1,STOP,2026-02-18T14:33:00.000Z,2026-02-18T14:50:59.999Z,5,-1.087487,0.3901,1.3367,-108.7487,14.6063,NY,-1
scalp_fade_3m,ETHUSDT,3m,1,TIME,2026-02-18T17:15:00.000Z,2026-02-18T18:17:59.999Z,20,-0.565779,0.2253,0.6492,-56.5779,14.5999,NY,-1
scalp_fade_3m,ETHUSDT,3m,1,TIME,2026-02-18T20:54:00.000Z,2026-02-18T21:56:59.999Z,20,-0.444968,0.2573,0.7769,-44.4968,15.5483,NY,1
scalp_fade_3m,ETHUSDT,3m,1,TARGET,2026-02-18T23:09:00.000Z,2026-02-18T23:50:59.999Z,13,0.960542,1.1683,0.3446,96.0542,17.1121,LATE,1
scalp_fade_3m,ETHUSDT,3m,1,TARGET,2026-02-19T00:27:00.000Z,2026-02-19T01:14:59.999Z,15,1.013357,2.4434,0.1793,101.3357,15.4300,ASIA,1
scalp_fade_3m,ETHUSDT,3m,-1,STOP,2026-02-19T03:00:00.000Z,2026-02-19T03:29:59.999Z,9,-1.155564,0.5074,0.8332,-115.5564,25.5571,ASIA,-1
scalp_fade_3m,ETHUSDT,3m,-1,STOP,2026-02-19T03:51:00.000Z,2026-02-19T03:56:59.999Z,1,-1.158177,0.0000,0.7450,-115.8177,26.2047,ASIA,1
scalp_fade_3m,ETHUSDT,3m,-1,TARGET,2026-02-19T07:45:00.000Z,2026-02-19T08:26:59.999Z,13,0.927852,1.2498,0.2354,92.7852,18.1174,LONDON,1
scalp_fade_3m,ETHUSDT,3m,-1,STOP,2026-02-19T09:03:00.000Z,2026-02-19T09:23:59.999Z,6,-1.145290,0.4190,1.0744,-114.5290,23.9346,LONDON,-1
scalp_fade_3m,ETHUSDT,3m,-1,TARGET,2026-02-19T09:24:00.000Z,2026-02-19T09:50:59.999Z,8,1.058468,1.7240,0.1202,105.8468,13.9966,LONDON,-1
scalp_fade_3m,ETHUSDT,3m,1,STOP,2026-02-19T11:12:00.000Z,2026-02-19T11:35:59.999Z,7,-1.165246,0.0689,1.1340,-116.5246,27.4143,LONDON,-1
scalp_fade_3m,ETHUSDT,3m,1,TIME,2026-02-19T15:12:00.000Z,2026-02-19T16:14:59.999Z,20,-0.471556,0.4922,0.8760,-47.1556,9.2482,NY,1
scalp_fade_3m,ETHUSDT,3m,-1,TARGET,2026-02-19T22:00:00.000Z,2026-02-19T22:26:59.999Z,8,0.833008,1.2838,0.2469,83.3008,21.1541,LATE,-1
scalp_fade_3m,ETHUSDT,3m,-1,STOP,2026-02-19T23:06:00.000Z,2026-02-19T23:17:59.999Z,3,-1.152805,0.0149,0.7799,-115.2805,25.2577,LATE,-1
scalp_fade_3m,ETHUSDT,3m,-1,STOP,2026-02-20T00:03:00.000Z,2026-02-20T00:14:59.999Z,3,-1.172364,0.3199,0.8910,-117.2364,28.5076,ASIA,-1
scalp_fade_3m,ETHUSDT,3m,-1,TIME,2026-02-20T07:54:00.000Z,2026-02-20T08:56:59.999Z,20,-0.095401,0.7247,0.4682,-9.5401,23.6782,LONDON,1
scalp_fade_3m,ETHUSDT,3m,-1,STOP,2026-02-20T09:03:00.000Z,2026-02-20T09:11:59.999Z,2,-1.142098,0.2054,0.7892,-114.2098,23.5030,LONDON,-1
scalp_fade_3m,ETHUSDT,3m,-1,STOP,2026-02-20T10:06:00.000Z,2026-02-20T10:08:59.999Z,0,-1.196812,0.0000,1.3100,-119.6812,32.6717,LONDON,1
scalp_fade_3m,ETHUSDT,3m,-1,TARGET,2026-02-20T10:09:00.000Z,2026-02-20T10:44:59.999Z,11,0.913631,1.3814,0.3309,91.3631,18.5788,LONDON,-1
scalp_fade_3m,ETHUSDT,3m,1,STOP,2026-02-20T13:03:00.000Z,2026-02-20T13:05:59.999Z,0,-1.163358,0.0000,1.0591,-116.3358,27.3001,NY,1
scalp_fade_3m,ETHUSDT,3m,1,STOP,2026-02-20T13:33:00.000Z,2026-02-20T13:38:59.999Z,1,-1.094117,0.0187,0.9171,-109.4117,15.7686,NY,-1
scalp_fade_3m,ETHUSDT,3m,1,TIME,2026-02-20T15:18:00.000Z,2026-02-20T16:20:59.999Z,20,0.288777,0.9007,0.2182,28.8777,8.1788,NY,-1
scalp_fade_3m,ETHUSDT,3m,-1,TARGET,2026-02-20T16:24:00.000Z,2026-02-20T17:17:59.999Z,17,1.250416,1.4675,0.2004,125.0416,7.8827,NY,1
scalp_fade_3m,ETHUSDT,3m,-1,STOP,2026-02-20T17:42:00.000Z,2026-02-20T17:50:59.999Z,2,-1.089544,0.0411,1.1430,-108.9544,14.7614,NY,-1
scalp_fade_3m,ETHUSDT,3m,-1,TIME,2026-02-20T18:39:00.000Z,2026-02-20T19:41:59.999Z,20,-0.119239,0.3386,0.5501,-11.9239,10.2685,NY,-1
scalp_fade_3m,ETHUSDT,3m,-1,TIME,2026-02-20T21:00:00.000Z,2026-02-20T22:02:59.999Z,20,-0.315315,0.3232,0.7419,-31.5315,25.5751,LATE,1
scalp_fade_3m,ETHUSDT,3m,-1,TIME,2026-02-21T00:00:00.000Z,2026-02-21T01:02:59.999Z,20,-0.047784,0.9641,0.2624,-4.7784,29.2952,ASIA,-1
scalp_fade_3m,ETHUSDT,3m,-1,TARGET,2026-02-21T02:45:00.000Z,2026-02-21T03:02:59.999Z,5,0.629804,1.5004,0.2391,62.9804,27.6286,ASIA,1
scalp_fade_3m,ETHUSDT,3m,1,STOP,2026-02-21T06:09:00.000Z,2026-02-21T06:50:59.999Z,13,-1.240292,0.5959,0.6431,-124.0292,39.5596,ASIA,-1
scalp_fade_3m,ETHUSDT,3m,-1,STOP,2026-02-21T08:42:00.000Z,2026-02-21T08:44:59.999Z,0,-1.287131,0.0000,0.6968,-128.7131,47.7262,LONDON,1
scalp_fade_3m,ETHUSDT,3m,-1,STOP,2026-02-21T12:54:00.000Z,2026-02-21T13:47:59.999Z,17,-1.193372,0.3248,0.9472,-119.3372,31.5404,LONDON,-1
scalp_fade_3m,ETHUSDT,3m,-1,STOP,2026-02-21T14:06:00.000Z,2026-02-21T14:20:59.999Z,4,-1.161186,0.2122,0.8373,-116.1186,26.6226,NY,1
scalp_fade_3m,ETHUSDT,3m,-1,TARGET,2026-02-21T15:45:00.000Z,2026-02-21T16:02:59.999Z,5,0.927704,1.3100,0.3284,92.7704,18.1633,NY,-1
scalp_fade_3m,ETHUSDT,3m,-1,TIME,2026-02-21T16:39:00.000Z,2026-02-21T17:41:59.999Z,20,-0.616031,0.3024,0.3179,-61.6031,21.2629,NY,-1
scalp_fade_3m,ETHUSDT,3m,-1,STOP,2026-02-21T18:21:00.000Z,2026-02-21T18:32:59.999Z,3,-1.218637,0.0000,0.7483,-121.8637,36.1965,NY,-1
scalp_fade_3m,ETHUSDT,3m,-1,STOP,2026-02-21T19:00:00.000Z,2026-02-21T19:11:59.999Z,3,-1.204410,0.1639,0.7020,-120.4410,33.8325,NY,1
scalp_fade_3m,ETHUSDT,3m,-1,TIME,2026-02-21T19:12:00.000Z,2026-02-21T20:14:59.999Z,20,0.400846,0.9696,0.1928,40.0846,32.0775,NY,1
scalp_fade_3m,ETHUSDT,3m,-1,TARGET,2026-02-21T20:21:00.000Z,2026-02-21T20:38:59.999Z,5,0.607866,1.1035,0.3918,60.7866,28.3256,NY,-1
scalp_fade_3m,ETHUSDT,3m,1,STOP,2026-02-21T22:48:00.000Z,2026-02-21T23:11:59.999Z,7,-1.153508,0.0000,0.8644,-115.3508,25.4764,LATE,-1
scalp_fade_3m,ETHUSDT,3m,1,STOP,2026-02-22T00:21:00.000Z,2026-02-22T00:23:59.999Z,0,-1.201286,0.0000,0.7290,-120.1286,33.6077,ASIA,-1
scalp_fade_3m,ETHUSDT,3m,1,STOP,2026-02-22T03:18:00.000Z,2026-02-22T03:20:59.999Z,0,-1.187064,0.0000,1.0139,-118.7064,31.2425,ASIA,-1
scalp_fade_3m,ETHUSDT,3m,1,TARGET,2026-02-22T05:12:00.000Z,2026-02-22T06:05:59.999Z,17,0.601234,0.9394,0.2540,60.1234,28.4638,ASIA,-1
scalp_fade_3m,ETHUSDT,3m,1,STOP,2026-02-22T09:03:00.000Z,2026-02-22T09:38:59.999Z,11,-1.280949,0.1614,0.5835,-128.0949,46.3260,LONDON,1
scalp_fade_3m,ETHUSDT,3m,1,TARGET,2026-02-22T09:39:00.000Z,2026-02-22T10:23:59.999Z,14,0.615166,1.0685,0.4917,61.5166,28.0466,LONDON,1
scalp_fade_3m,ETHUSDT,3m,-1,STOP,2026-02-22T11:03:00.000Z,2026-02-22T11:05:59.999Z,0,-1.286806,0.0000,1.0135,-128.6806,47.6720,LONDON,1
scalp_fade_3m,ETHUSDT,3m,1,TARGET,2026-02-22T15:15:00.000Z,2026-02-22T15:41:59.999Z,8,0.894714,1.2204,0.6571,89.4714,19.2249,NY,-1
scalp_fade_3m,ETHUSDT,3m,1,STOP,2026-02-22T17:33:00.000Z,2026-02-22T17:35:59.999Z,0,-1.138841,0.0000,1.0287,-113.8841,23.2229,NY,-1
scalp_fade_3m,ETHUSDT,3m,1,TIME,2026-02-22T19:12:00.000Z,2026-02-22T20:14:59.999Z,20,-0.580213,0.7090,0.2418,-58.0213,33.6649,NY,-1
scalp_fade_3m,ETHUSDT,3m,1,STOP,2026-02-22T20:51:00.000Z,2026-02-22T20:53:59.999Z,0,-1.248261,0.0000,0.8053,-124.8261,41.4200,NY,-1
scalp_fade_3m,ETHUSDT,3m,1,TARGET,2026-02-22T20:54:00.000Z,2026-02-22T21:38:59.999Z,14,0.649122,1.2921,0.5422,64.9122,26.9711,NY,-1
scalp_fade_3m,ETHUSDT,3m,1,TARGET,2026-02-22T22:15:00.000Z,2026-02-22T22:23:59.999Z,2,0.691922,1.6906,0.2219,69.1922,25.7026,LATE,1
scalp_fade_3m,ETHUSDT,3m,1,TIME,2026-02-22T23:21:00.000Z,2026-02-23T00:23:59.999Z,20,-0.440635,1.0460,0.3778,-44.0635,22.4605,LATE,1
scalp_fade_3m,ETHUSDT,3m,-1,TARGET,2026-02-23T12:21:00.000Z,2026-02-23T12:32:59.999Z,3,0.854939,1.2423,0.2341,85.4939,20.4869,LONDON,1
scalp_fade_3m,ETHUSDT,3m,-1,TIME,2026-02-23T12:39:00.000Z,2026-02-23T13:41:59.999Z,20,-0.463284,0.3906,0.3361,-46.3284,16.0652,LONDON,-1
scalp_fade_3m,ETHUSDT,3m,-1,STOP,2026-02-23T13:42:00.000Z,2026-02-23T13:44:59.999Z,0,-1.138130,0.0000,1.4594,-113.8130,22.8904,NY,-1
scalp_fade_3m,ETHUSDT,3m,1,TIME,2026-02-23T19:48:00.000Z,2026-02-23T20:50:59.999Z,20,-0.147078,0.4366,0.7074,-14.7078,16.4940,NY,-1
scalp_fade_3m,ETHUSDT,3m,1,TARGET,2026-02-24T00:03:00.000Z,2026-02-24T00:20:59.999Z,5,0.950815,1.2419,0.3077,95.0815,17.4597,ASIA,-1
scalp_fade_3m,ETHUSDT,3m,1,STOP,2026-02-24T01:03:00.000Z,2026-02-24T01:11:59.999Z,2,-1.144142,0.0000,1.2859,-114.4142,24.0544,ASIA,1
scalp_fade_3m,ETHUSDT,3m,1,STOP,2026-02-24T02:48:00.000Z,2026-02-24T03:05:59.999Z,5,-1.088373,0.0000,1.5164,-108.8373,14.7529,ASIA,1
scalp_fade_3m,ETHUSDT,3m,1,TIME,2026-02-24T04:33:00.000Z,2026-02-24T05:35:59.999Z,20,-0.353936,1.0731,0.7259,-35.3936,12.2083,ASIA,-1
scalp_fade_3m,ETHUSDT,3m,1,STOP,2026-02-24T06:54:00.000Z,2026-02-24T07:05:59.999Z,3,-1.120429,0.0000,1.0828,-112.0429,20.0981,ASIA,1
scalp_fade_3m,ETHUSDT,3m,1,TIME,2026-02-24T07:18:00.000Z,2026-02-24T08:20:59.999Z,20,-0.528959,0.5675,0.6620,-52.8959,16.2758,LONDON,-1
scalp_fade_3m,ETHUSDT,3m,1,STOP,2026-02-24T09:06:00.000Z,2026-02-24T09:20:59.999Z,4,-1.128119,0.0000,0.8742,-112.8119,21.3508,LONDON,1
scalp_fade_3m,ETHUSDT,3m,1,TIME,2026-02-24T09:42:00.000Z,2026-02-24T10:44:59.999Z,20,-0.416225,0.3298,0.5272,-41.6225,16.3011,LONDON,-1
scalp_fade_3m,ETHUSDT,3m,1,TIME,2026-02-24T11:48:00.000Z,2026-02-24T12:50:59.999Z,20,-0.227391,1.0626,0.2964,-22.7391,25.6901,LONDON,-1
scalp_fade_3m,ETHUSDT,3m,1,STOP,2026-02-24T13:03:00.000Z,2026-02-24T13:23:59.999Z,6,-1.139444,0.3943,0.8422,-113.9444,23.1783,NY,-1
scalp_fade_3m,ETHUSDT,3m,1,TARGET,2026-02-24T13:33:00.000Z,2026-02-24T13:41:59.999Z,2,1.204914,1.5043,0.3510,120.4914,9.3988,NY,1
scalp_fade_3m,ETHUSDT,3m,1,STOP,2026-02-24T13:42:00.000Z,2026-02-24T14:32:59.999Z,16,-1.061250,0.1092,0.9836,-106.1250,10.1496,NY,-1
scalp_fade_3m,ETHUSDT,3m,1,TARGET,2026-02-24T14:33:00.000Z,2026-02-24T14:41:59.999Z,2,1.208598,1.4680,0.4614,120.8598,9.2817,NY,-1
scalp_fade_3m,ETHUSDT,3m,-1,STOP,2026-02-24T16:42:00.000Z,2026-02-24T17:08:59.999Z,8,-1.073916,0.4828,0.9338,-107.3916,12.0868,NY,-1
scalp_fade_3m,ETHUSDT,3m,-1,TIME,2026-02-24T18:00:00.000Z,2026-02-24T19:02:59.999Z,20,-0.463964,0.9568,0.6373,-46.3964,18.6070,NY,-1
scalp_fade_3m,ETHUSDT,3m,-1,STOP,2026-02-24T19:06:00.000Z,2026-02-24T19:08:59.999Z,0,-1.124356,0.0118,0.8248,-112.4356,20.5946,NY,1
scalp_fade_3m,ETHUSDT,3m,-1,TARGET,2026-02-24T20:33:00.000Z,2026-02-24T21:20:59.999Z,15,1.003650,1.4320,0.7052,100.3650,15.7056,NY,1
scalp_fade_3m,ETHUSDT,3m,-1,STOP,2026-02-24T22:03:00.000Z,2026-02-24T22:14:59.999Z,3,-1.142975,0.0000,0.9495,-114.2975,23.6243,LATE,1
scalp_fade_3m,ETHUSDT,3m,-1,TARGET,2026-02-25T04:24:00.000Z,2026-02-25T05:23:59.999Z,19,1.152822,1.5541,0.3105,115.2822,10.9669,ASIA,-1
scalp_fade_3m,ETHUSDT,3m,-1,TIME,2026-02-25T07:18:00.000Z,2026-02-25T08:20:59.999Z,20,-0.691215,0.4027,0.4952,-69.1215,22.4438,LONDON,-1
scalp_fade_3m,ETHUSDT,3m,-1,STOP,2026-02-25T08:21:00.000Z,2026-02-25T08:23:59.999Z,0,-1.173218,0.0000,0.9655,-117.3218,28.7389,LONDON,-1
scalp_fade_3m,ETHUSDT,3m,-1,STOP,2026-02-25T14:39:00.000Z,2026-02-25T14:47:59.999Z,2,-1.086329,0.4347,1.9588,-108.6329,14.2265,NY,1
scalp_fade_3m,ETHUSDT,3m,-1,STOP,2026-02-25T14:48:00.000Z,2026-02-25T15:02:59.999Z,4,-1.061567,0.1005,1.1076,-106.1567,10.0870,NY,1
scalp_fade_3m,ETHUSDT,3m,-1,STOP,2026-02-25T20:33:00.000Z,2026-02-25T20:50:59.999Z,5,-1.095809,0.0638,1.2268,-109.5809,15.7545,NY,1
scalp_fade_3m,ETHUSDT,3m,-1,STOP,2026-02-25T21:00:00.000Z,2026-02-25T21:35:59.999Z,11,-1.086671,0.5305,2.2788,-108.6671,14.1515,LATE,-1
scalp_fade_3m,ETHUSDT,3m,-1,STOP,2026-02-25T21:36:00.000Z,2026-02-25T21:38:59.999Z,0,-1.058739,0.0136,2.1235,-105.8739,9.6573,LATE,-1
scalp_fade_3m,ETHUSDT,3m,-1,TIME,2026-02-26T02:45:00.000Z,2026-02-26T03:47:59.999Z,20,-0.570854,0.4706,0.4902,-57.0854,15.8569,ASIA,-1
scalp_fade_3m,ETHUSDT,3m,-1,STOP,2026-02-26T04:24:00.000Z,2026-02-26T04:32:59.999Z,2,-1.112638,0.0000,1.3664,-111.2638,18.6027,ASIA,-1
scalp_fade_3m,ETHUSDT,3m,-1,TIME,2026-02-26T06:09:00.000Z,2026-02-26T07:11:59.999Z,20,0.357591,1.0735,0.3512,35.7591,16.6487,ASIA,1
scalp_fade_3m,ETHUSDT,3m,-1,STOP,2026-02-26T12:06:00.000Z,2026-02-26T12:41:59.999Z,11,-1.137026,0.0732,0.8379,-113.7026,22.4496,LONDON,-1
scalp_fade_3m,ETHUSDT,3m,-1,STOP,2026-02-26T12:48:00.000Z,2026-02-26T13:47:59.999Z,19,-1.137548,0.4690,0.9616,-113.7548,22.3519,LONDON,1
scalp_fade_3m,ETHUSDT,3m,-1,TARGET,2026-02-26T13:51:00.000Z,2026-02-26T14:32:59.999Z,13,1.021179,1.5799,0.3579,102.1179,15.1588,NY,1
scalp_fade_3m,ETHUSDT,3m,-1,TARGET,2026-02-26T14:36:00.000Z,2026-02-26T14:47:59.999Z,3,1.237300,2.2289,0.0861,123.7300,8.3311,NY,-1
scalp_fade_3m,ETHUSDT,3m,1,STOP,2026-02-26T16:36:00.000Z,2026-02-26T16:47:59.999Z,3,-1.060067,0.4972,1.0785,-106.0067,10.0908,NY,1
scalp_fade_3m,ETHUSDT,3m,1,TIME,2026-02-26T21:42:00.000Z,2026-02-26T22:44:59.999Z,20,0.523479,0.8932,0.1527,52.3479,21.8993,LATE,-1
scalp_fade_3m,ETHUSDT,3m,1,STOP,2026-02-26T23:03:00.000Z,2026-02-27T00:05:59.999Z,20,-1.148903,0.3977,0.8268,-114.8903,24.3883,LATE,-1
scalp_fade_3m,ETHUSDT,3m,1,STOP,2026-02-27T00:12:00.000Z,2026-02-27T00:38:59.999Z,8,-1.123538,0.1488,1.2236,-112.3538,20.5070,ASIA,1
scalp_fade_3m,ETHUSDT,3m,1,TARGET,2026-02-27T01:45:00.000Z,2026-02-27T02:20:59.999Z,11,1.146704,1.5425,0.3017,114.6704,11.2203,ASIA,1
scalp_fade_3m,ETHUSDT,3m,-1,TIME,2026-02-27T08:21:00.000Z,2026-02-27T09:23:59.999Z,20,0.027097,0.7518,0.5177,2.7097,17.9359,LONDON,-1
scalp_fade_3m,ETHUSDT,3m,1,STOP,2026-02-27T15:03:00.000Z,2026-02-27T16:05:59.999Z,20,-1.067128,0.4485,1.2611,-106.7128,11.0656,NY,-1
scalp_fade_3m,ETHUSDT,3m,1,TIME,2026-02-27T16:06:00.000Z,2026-02-27T17:08:59.999Z,20,-0.291808,0.7188,0.6693,-29.1808,12.5681,NY,1
scalp_fade_3m,ETHUSDT,3m,1,TIME,2026-02-27T19:09:00.000Z,2026-02-27T20:11:59.999Z,20,0.565954,1.0449,0.2351,56.5954,18.1260,NY,-1
scalp_fade_3m,ETHUSDT,3m,1,TARGET,2026-02-27T20:36:00.000Z,2026-02-27T21:05:59.999Z,9,0.968389,1.4262,0.3337,96.8389,16.8825,NY,1
scalp_fade_3m,ETHUSDT,3m,1,STOP,2026-02-28T01:21:00.000Z,2026-02-28T01:29:59.999Z,2,-1.151734,0.3104,0.8996,-115.1734,25.3143,ASIA,-1
scalp_fade_3m,ETHUSDT,3m,1,STOP,2026-02-28T01:30:00.000Z,2026-02-28T01:32:59.999Z,0,-1.127864,0.0000,0.9860,-112.7864,21.3974,ASIA,-1
scalp_fade_3m,ETHUSDT,3m,1,STOP,2026-02-28T03:33:00.000Z,2026-02-28T03:38:59.999Z,1,-1.166535,0.0000,1.0717,-116.6535,27.7996,ASIA,-1
scalp_fade_3m,ETHUSDT,3m,1,STOP,2026-02-28T04:30:00.000Z,2026-02-28T04:32:59.999Z,0,-1.132048,0.0000,1.0144,-113.2048,22.0931,ASIA,-1
scalp_fade_3m,ETHUSDT,3m,1,STOP,2026-02-28T04:36:00.000Z,2026-02-28T05:35:59.999Z,19,-1.110290,0.2781,1.0612,-111.0290,18.1160,ASIA,-1
scalp_fade_3m,ETHUSDT,3m,1,TIME,2026-02-28T08:21:00.000Z,2026-02-28T09:23:59.999Z,20,0.182034,0.6063,0.4472,18.2034,9.5219,LONDON,-1
scalp_fade_3m,ETHUSDT,3m,1,TARGET,2026-02-28T13:03:00.000Z,2026-02-28T13:50:59.999Z,15,1.055057,3.9307,0.2737,105.5057,14.1096,NY,-1
scalp_fade_3m,ETHUSDT,3m,-1,TIME,2026-02-28T15:30:00.000Z,2026-02-28T16:32:59.999Z,20,-0.245629,0.3782,0.2626,-24.5629,10.1563,NY,-1
scalp_fade_3m,ETHUSDT,3m,-1,STOP,2026-02-28T17:48:00.000Z,2026-02-28T18:32:59.999Z,14,-1.083197,0.0668,1.2736,-108.3197,13.5374,NY,-1
scalp_fade_3m,ETHUSDT,3m,-1,STOP,2026-02-28T21:39:00.000Z,2026-02-28T22:35:59.999Z,18,-1.077204,0.3833,1.1703,-107.7204,12.5017,LATE,-1
scalp_fade_3m,ETHUSDT,3m,-1,TIME,2026-02-28T23:48:00.000Z,2026-03-01T00:50:59.999Z,20,0.254214,0.9080,0.5595,25.4214,19.0148,LATE,-1
scalp_fade_3m,ETHUSDT,3m,-1,TARGET,2026-03-01T00:54:00.000Z,2026-03-01T01:11:59.999Z,5,1.032142,1.6132,0.4841,103.2142,14.8449,ASIA,-1
scalp_fade_3m,ETHUSDT,3m,-1,STOP,2026-03-01T01:36:00.000Z,2026-03-01T01:38:59.999Z,0,-1.095448,0.0000,1.0637,-109.5448,15.7760,ASIA,-1
scalp_fade_3m,ETHUSDT,3m,-1,TIME,2026-03-01T07:12:00.000Z,2026-03-01T08:14:59.999Z,20,-0.839358,0.6405,0.6765,-83.9358,18.2830,LONDON,-1
scalp_fade_3m,ETHUSDT,3m,1,TIME,2026-03-01T10:42:00.000Z,2026-03-01T11:44:59.999Z,20,-0.339865,0.4190,0.4173,-33.9865,15.7886,LONDON,-1
scalp_fade_3m,ETHUSDT,3m,1,STOP,2026-03-01T12:03:00.000Z,2026-03-01T12:29:59.999Z,8,-1.155456,0.3239,0.8442,-115.5456,25.7714,LONDON,-1
scalp_fade_3m,ETHUSDT,3m,1,STOP,2026-03-01T12:33:00.000Z,2026-03-01T13:05:59.999Z,10,-1.137941,0.5153,0.9017,-113.7941,22.8353,LONDON,-1
scalp_fade_3m,ETHUSDT,3m,1,TARGET,2026-03-01T13:21:00.000Z,2026-03-01T13:53:59.999Z,10,1.105579,4.8671,0.2304,110.5579,12.5275,NY,-1
scalp_fade_3m,ETHUSDT,3m,1,STOP,2026-03-01T18:33:00.000Z,2026-03-01T19:17:59.999Z,14,-1.072146,0.4359,0.9748,-107.2146,11.9565,NY,-1
scalp_fade_3m,ETHUSDT,3m,1,TARGET,2026-03-02T02:36:00.000Z,2026-03-02T03:17:59.999Z,13,1.164103,1.3421,0.6492,116.4103,10.6627,ASIA,-1
scalp_fade_3m,ETHUSDT,3m,-1,STOP,2026-03-02T04:21:00.000Z,2026-03-02T04:32:59.999Z,3,-1.115417,0.2312,0.9368,-111.5417,19.0452,ASIA,-1
scalp_fade_3m,ETHUSDT,3m,1,STOP,2026-03-02T08:03:00.000Z,2026-03-02T08:14:59.999Z,3,-1.111739,0.2908,1.9093,-111.1739,18.6573,LONDON,1
scalp_fade_3m,ETHUSDT,3m,1,TARGET,2026-03-02T08:18:00.000Z,2026-03-02T09:02:59.999Z,14,1.229323,1.4286,0.5138,122.9323,8.5939,LONDON,-1
scalp_fade_3m,ETHUSDT,3m,1,TIME,2026-03-02T09:48:00.000Z,2026-03-02T10:50:59.999Z,20,-0.511138,0.3355,0.8216,-51.1138,16.0355,LONDON,1
scalp_fade_3m,ETHUSDT,3m,1,STOP,2026-03-02T13:30:00.000Z,2026-03-02T13:53:59.999Z,7,-1.093182,0.3895,1.0501,-109.3182,15.5163,NY,-1
scalp_fade_3m,ETHUSDT,3m,1,TARGET,2026-03-02T14:30:00.000Z,2026-03-02T14:32:59.999Z,0,1.209351,1.6803,0.1941,120.9351,9.2631,NY,-1
scalp_fade_3m,ETHUSDT,3m,-1,STOP,2026-03-02T19:18:00.000Z,2026-03-02T19:53:59.999Z,11,-1.076273,0.2212,1.0271,-107.6273,12.4379,NY,-1
scalp_fade_3m,ETHUSDT,3m,-1,STOP,2026-03-02T22:15:00.000Z,2026-03-02T22:29:59.999Z,4,-1.117259,0.2137,0.9844,-111.7259,19.3312,LATE,1
scalp_fade_3m,ETHUSDT,3m,-1,TARGET,2026-03-02T23:03:00.000Z,2026-03-02T23:32:59.999Z,9,1.115446,1.5724,0.1855,111.5446,12.1842,LATE,1
scalp_fade_3m,ETHUSDT,3m,-1,TIME,2026-03-03T00:36:00.000Z,2026-03-03T01:38:59.999Z,20,0.037036,0.7445,0.8309,3.7036,15.6866,ASIA,-1
scalp_fade_3m,ETHUSDT,3m,1,TIME,2026-03-03T02:33:00.000Z,2026-03-03T03:35:59.999Z,20,-0.443242,0.4622,0.7752,-44.3242,14.3336,ASIA,-1
scalp_fade_3m,ETHUSDT,3m,1,STOP,2026-03-03T04:39:00.000Z,2026-03-03T04:44:59.999Z,1,-1.134437,0.0592,0.7781,-113.4437,22.4671,ASIA,1
scalp_fade_3m,ETHUSDT,3m,1,TARGET,2026-03-03T05:12:00.000Z,2026-03-03T05:17:59.999Z,1,1.129034,1.3001,0.1069,112.9034,11.8138,ASIA,1
scalp_fade_3m,ETHUSDT,3m,1,STOP,2026-03-03T05:24:00.000Z,2026-03-03T05:50:59.999Z,8,-1.084516,0.1525,1.4126,-108.4516,14.0710,ASIA,1
scalp_fade_3m,ETHUSDT,3m,1,STOP,2026-03-03T08:15:00.000Z,2026-03-03T08:38:59.999Z,7,-1.092082,0.4190,0.9513,-109.2082,15.3347,LONDON,1
scalp_fade_3m,ETHUSDT,3m,1,STOP,2026-03-03T09:12:00.000Z,2026-03-03T09:26:59.999Z,4,-1.070451,0.0669,1.2011,-107.0451,11.8000,LONDON,1
scalp_fade_3m,ETHUSDT,3m,1,TARGET,2026-03-03T11:18:00.000Z,2026-03-03T12:05:59.999Z,15,1.106354,1.2521,0.2334,110.6354,12.4853,LONDON,1
scalp_fade_3m,ETHUSDT,3m,1,STOP,2026-03-03T13:03:00.000Z,2026-03-03T13:14:59.999Z,3,-1.088985,0.0080,0.8781,-108.8985,14.8851,NY,-1
scalp_fade_3m,ETHUSDT,3m,1,STOP,2026-03-03T14:36:00.000Z,2026-03-03T14:50:59.999Z,4,-1.058912,0.9178,1.2560,-105.8912,9.8890,NY,1
scalp_fade_3m,ETHUSDT,3m,1,TIME,2026-03-03T16:39:00.000Z,2026-03-03T17:41:59.999Z,20,-0.151740,0.7771,0.4552,-15.1740,7.1008,NY,1
scalp_fade_3m,ETHUSDT,3m,-1,TIME,2026-03-03T19:39:00.000Z,2026-03-03T20:41:59.999Z,20,-0.146867,0.4959,0.4125,-14.6867,11.3720,NY,-1
scalp_fade_3m,ETHUSDT,3m,-1,TARGET,2026-03-04T00:18:00.000Z,2026-03-04T00:35:59.999Z,5,1.073059,1.9704,0.2522,107.3059,13.5449,ASIA,-1
scalp_fade_3m,ETHUSDT,3m,-1,STOP,2026-03-04T00:51:00.000Z,2026-03-04T01:35:59.999Z,14,-1.083664,0.5390,0.8954,-108.3664,13.6140,ASIA,-1
scalp_fade_3m,ETHUSDT,3m,1,STOP,2026-03-04T03:03:00.000Z,2026-03-04T03:29:59.999Z,8,-1.101664,0.6668,0.8691,-110.1664,16.8993,ASIA,-1
scalp_fade_3m,ETHUSDT,3m,-1,STOP,2026-03-04T12:42:00.000Z,2026-03-04T13:08:59.999Z,8,-1.094005,0.2181,1.4062,-109.4005,15.4075,LONDON,-1
scalp_fade_3m,ETHUSDT,3m,-1,STOP,2026-03-04T14:39:00.000Z,2026-03-04T15:26:59.999Z,15,-1.048475,0.7552,1.2826,-104.8475,7.8251,NY,1
scalp_fade_3m,ETHUSDT,3m,-1,STOP,2026-03-04T18:21:00.000Z,2026-03-04T19:05:59.999Z,14,-1.077082,0.2847,1.6209,-107.7082,12.5327,NY,-1
scalp_fade_3m,ETHUSDT,3m,-1,TARGET,2026-03-04T22:03:00.000Z,2026-03-04T22:41:59.999Z,12,1.112503,1.4919,0.4872,111.2503,12.2672,LATE,-1
scalp_fade_3m,ETHUSDT,3m,-1,STOP,2026-03-05T00:18:00.000Z,2026-03-05T01:14:59.999Z,18,-1.104917,0.7457,0.8931,-110.4917,17.0358,ASIA,-1
scalp_fade_3m,ETHUSDT,3m,-1,STOP,2026-03-05T12:45:00.000Z,2026-03-05T12:50:59.999Z,1,-1.105682,0.0000,0.8357,-110.5682,17.4637,LONDON,-1
scalp_fade_3m,ETHUSDT,3m,1,STOP,2026-03-05T14:33:00.000Z,2026-03-05T14:41:59.999Z,2,-1.079275,0.9351,0.9810,-107.9275,13.2890,NY,-1
scalp_fade_3m,ETHUSDT,3m,1,STOP,2026-03-05T14:42:00.000Z,2026-03-05T15:11:59.999Z,9,-1.057706,0.9173,0.9920,-105.7706,9.6391,NY,-1
scalp_fade_3m,ETHUSDT,3m,1,STOP,2026-03-05T16:03:00.000Z,2026-03-05T16:11:59.999Z,2,-1.063656,0.0059,1.1954,-106.3656,10.6969,NY,-1
scalp_fade_3m,ETHUSDT,3m,1,STOP,2026-03-05T17:12:00.000Z,2026-03-05T17:32:59.999Z,6,-1.070904,0.0180,1.1006,-107.0904,11.8503,NY,1
scalp_fade_3m,ETHUSDT,3m,1,TARGET,2026-03-05T20:06:00.000Z,2026-03-05T20:23:59.999Z,5,1.127135,1.3118,0.4101,112.7135,11.8607,NY,-1
scalp_fade_3m,ETHUSDT,3m,1,STOP,2026-03-05T21:36:00.000Z,2026-03-05T21:38:59.999Z,0,-1.101894,0.1225,0.8497,-110.1894,17.0784,LATE,1
scalp_fade_3m,ETHUSDT,3m,1,STOP,2026-03-06T01:15:00.000Z,2026-03-06T01:26:59.999Z,3,-1.128057,0.3992,1.0719,-112.8057,21.3627,ASIA,-1
scalp_fade_3m,ETHUSDT,3m,1,TARGET,2026-03-06T01:27:00.000Z,2026-03-06T01:32:59.999Z,1,1.096337,1.3280,0.4816,109.6337,12.8532,ASIA,1
scalp_fade_3m,ETHUSDT,3m,1,TIME,2026-03-06T03:15:00.000Z,2026-03-06T04:17:59.999Z,20,-0.472909,0.9217,0.4578,-47.2909,20.7369,ASIA,-1
scalp_fade_3m,ETHUSDT,3m,1,TARGET,2026-03-06T07:12:00.000Z,2026-03-06T07:26:59.999Z,4,1.052883,1.3790,0.2157,105.2883,14.2226,LONDON,1
scalp_fade_3m,ETHUSDT,3m,1,TIME,2026-03-06T10:36:00.000Z,2026-03-06T11:38:59.999Z,20,-0.168178,0.4541,0.5790,-16.8178,21.2223,LONDON,-1
scalp_fade_3m,ETHUSDT,3m,1,STOP,2026-03-06T12:21:00.000Z,2026-03-06T12:35:59.999Z,4,-1.101828,0.1461,1.1758,-110.1828,16.9966,LONDON,-1
scalp_fade_3m,ETHUSDT,3m,1,STOP,2026-03-06T13:48:00.000Z,2026-03-06T13:56:59.999Z,2,-1.074661,0.1943,1.4921,-107.4661,12.5232,NY,-1
scalp_fade_3m,ETHUSDT,3m,1,STOP,2026-03-06T16:57:00.000Z,2026-03-06T17:38:59.999Z,13,-1.082045,0.8867,1.0212,-108.2045,13.5932,NY,-1
scalp_fade_3m,ETHUSDT,3m,1,STOP,2026-03-06T20:12:00.000Z,2026-03-06T20:35:59.999Z,7,-1.120184,0.3091,0.9633,-112.0184,19.9745,NY,-1
scalp_fade_3m,ETHUSDT,3m,1,TIME,2026-03-07T00:12:00.000Z,2026-03-07T01:14:59.999Z,20,-0.799090,0.2397,0.6111,-79.9090,30.1816,ASIA,-1
scalp_fade_3m,ETHUSDT,3m,1,STOP,2026-03-07T01:15:00.000Z,2026-03-07T01:23:59.999Z,2,-1.205625,0.0000,0.8674,-120.5625,34.2581,ASIA,1
scalp_fade_3m,ETHUSDT,3m,1,TARGET,2026-03-07T02:45:00.000Z,2026-03-07T02:59:59.999Z,4,0.872442,1.2276,0.1722,87.2442,19.9541,ASIA,1
scalp_fade_3m,ETHUSDT,3m,1,TIME,2026-03-07T05:18:00.000Z,2026-03-07T06:20:59.999Z,20,-0.452945,0.7330,0.4974,-45.2945,30.7410,ASIA,1
scalp_fade_3m,ETHUSDT,3m,1,STOP,2026-03-07T06:21:00.000Z,2026-03-07T06:35:59.999Z,4,-1.200737,0.0000,0.9532,-120.0737,33.3776,ASIA,1
scalp_fade_3m,ETHUSDT,3m,1,STOP,2026-03-07T06:51:00.000Z,2026-03-07T07:08:59.999Z,5,-1.181917,0.1547,0.9307,-118.1917,30.2294,ASIA,-1
scalp_fade_3m,ETHUSDT,3m,1,TARGET,2026-03-07T08:57:00.000Z,2026-03-07T09:17:59.999Z,6,0.843241,1.7802,0.4242,84.3241,20.8698,LONDON,1
scalp_fade_3m,ETHUSDT,3m,-1,STOP,2026-03-07T10:18:00.000Z,2026-03-07T11:14:59.999Z,18,-1.195420,0.4871,1.5661,-119.5420,31.8434,LONDON,1
scalp_fade_3m,ETHUSDT,3m,1,TIME,2026-03-07T16:42:00.000Z,2026-03-07T17:44:59.999Z,20,0.111525,0.9981,0.1813,11.1525,29.2608,NY,-1
scalp_fade_3m,ETHUSDT,3m,1,STOP,2026-03-07T18:00:00.000Z,2026-03-07T18:02:59.999Z,0,-1.234882,0.0000,2.6398,-123.4882,39.1949,NY,1
scalp_fade_3m,ETHUSDT,3m,1,STOP,2026-03-07T21:36:00.000Z,2026-03-07T22:38:59.999Z,20,-1.166212,0.8269,1.0511,-116.6212,27.2083,LATE,1
scalp_fade_3m,ETHUSDT,3m,1,STOP,2026-03-08T00:24:00.000Z,2026-03-08T00:44:59.999Z,6,-1.165611,0.0000,0.7508,-116.5611,27.5030,ASIA,1
scalp_fade_3m,ETHUSDT,3m,1,STOP,2026-03-08T02:48:00.000Z,2026-03-08T02:50:59.999Z,0,-1.111589,0.1195,1.9028,-111.1589,18.6907,ASIA,-1
scalp_fade_3m,ETHUSDT,3m,1,TARGET,2026-03-08T06:51:00.000Z,2026-03-08T07:05:59.999Z,4,0.755394,1.6182,0.3120,75.5394,23.6720,ASIA,-1
scalp_fade_3m,ETHUSDT,3m,1,TARGET,2026-03-08T08:03:00.000Z,2026-03-08T08:47:59.999Z,14,0.876310,1.1756,0.5235,87.6310,19.7752,LONDON,-1
scalp_fade_3m,ETHUSDT,3m,1,TIME,2026-03-08T14:42:00.000Z,2026-03-08T15:44:59.999Z,20,-0.258997,0.5825,0.3694,-25.8997,17.1293,NY,1
scalp_fade_3m,ETHUSDT,3m,1,STOP,2026-03-08T16:33:00.000Z,2026-03-08T16:59:59.999Z,8,-1.163804,0.1007,0.7803,-116.3804,27.1482,NY,1
scalp_fade_3m,ETHUSDT,3m,1,TIME,2026-03-08T17:00:00.000Z,2026-03-08T18:02:59.999Z,20,-0.816065,1.0835,0.6098,-81.6065,22.8081,NY,-1
scalp_fade_3m,ETHUSDT,3m,1,TARGET,2026-03-08T18:39:00.000Z,2026-03-08T19:11:59.999Z,10,0.985158,1.4458,0.6901,98.5158,16.3460,NY,-1
scalp_fade_3m,ETHUSDT,3m,-1,STOP,2026-03-09T05:06:00.000Z,2026-03-09T05:23:59.999Z,5,-1.128202,0.1812,0.8242,-112.8202,21.1258,ASIA,-1
scalp_fade_3m,ETHUSDT,3m,-1,STOP,2026-03-09T05:24:00.000Z,2026-03-09T05:32:59.999Z,2,-1.128528,0.0000,1.2740,-112.8528,21.2457,ASIA,-1
scalp_fade_3m,ETHUSDT,3m,-1,STOP,2026-03-09T08:12:00.000Z,2026-03-09T08:23:59.999Z,3,-1.103609,0.1315,1.1167,-110.3609,17.0832,LONDON,1
scalp_fade_3m,ETHUSDT,3m,-1,STOP,2026-03-09T09:09:00.000Z,2026-03-09T09:17:59.999Z,2,-1.111364,0.2391,1.0280,-111.1364,18.3908,LONDON,1
scalp_fade_3m,ETHUSDT,3m,-1,TIME,2026-03-09T09:57:00.000Z,2026-03-09T10:59:59.999Z,20,0.490003,0.9952,0.1995,49.0003,16.1321,LONDON,1
scalp_fade_3m,ETHUSDT,3m,-1,STOP,2026-03-09T12:03:00.000Z,2026-03-09T12:20:59.999Z,5,-1.113781,0.1202,0.8920,-111.3781,18.7346,LONDON,1
scalp_fade_3m,ETHUSDT,3m,-1,STOP,2026-03-09T13:27:00.000Z,2026-03-09T13:35:59.999Z,2,-1.089613,0.0543,0.9447,-108.9613,14.7728,NY,1
scalp_fade_3m,ETHUSDT,3m,-1,STOP,2026-03-09T13:42:00.000Z,2026-03-09T13:44:59.999Z,0,-1.072966,0.0000,1.3130,-107.2966,12.0287,NY,-1
scalp_fade_3m,ETHUSDT,3m,-1,TIME,2026-03-09T13:45:00.000Z,2026-03-09T14:47:59.999Z,20,-0.225251,0.9184,0.3715,-22.5251,9.8487,NY,1
scalp_fade_3m,ETHUSDT,3m,-1,STOP,2026-03-09T15:57:00.000Z,2026-03-09T16:53:59.999Z,18,-1.111534,0.6181,1.3145,-111.1534,18.1184,NY,-1
scalp_fade_3m,ETHUSDT,3m,-1,STOP,2026-03-09T19:21:00.000Z,2026-03-09T19:23:59.999Z,0,-1.098449,0.0000,0.9207,-109.8449,16.2763,NY,-1
scalp_fade_3m,ETHUSDT,3m,-1,TIME,2026-03-09T19:42:00.000Z,2026-03-09T20:44:59.999Z,20,0.060890,0.3301,0.5366,6.0890,10.8261,NY,1
scalp_fade_3m,ETHUSDT,3m,-1,TIME,2026-03-09T21:03:00.000Z,2026-03-09T22:05:59.999Z,20,0.091299,0.6468,0.6297,9.1299,18.7697,LATE,-1
scalp_fade_3m,ETHUSDT,3m,1,TARGET,2026-03-10T01:21:00.000Z,2026-03-10T01:56:59.999Z,11,1.097965,1.3198,0.5064,109.7965,12.7653,ASIA,1
scalp_fade_3m,ETHUSDT,3m,-1,TIME,2026-03-10T05:27:00.000Z,2026-03-10T06:29:59.999Z,20,-0.615776,0.7383,0.4199,-61.5776,18.8932,ASIA,1
scalp_fade_3m,ETHUSDT,3m,-1,STOP,2026-03-10T07:06:00.000Z,2026-03-10T07:11:59.999Z,1,-1.132527,0.0000,0.8768,-113.2527,21.9337,LONDON,-1
scalp_fade_3m,ETHUSDT,3m,-1,TIME,2026-03-10T08:09:00.000Z,2026-03-10T09:11:59.999Z,20,0.004212,0.5280,0.5645,0.4212,14.6004,LONDON,1
scalp_fade_3m,ETHUSDT,3m,-1,STOP,2026-03-10T09:24:00.000Z,2026-03-10T09:26:59.999Z,0,-1.130328,0.1203,1.2063,-113.0328,21.5900,LONDON,1
scalp_fade_3m,ETHUSDT,3m,-1,TIME,2026-03-10T10:54:00.000Z,2026-03-10T11:56:59.999Z,20,-0.265942,0.7852,0.7626,-26.5942,23.7161,LONDON,-1
scalp_fade_3m,ETHUSDT,3m,-1,TARGET,2026-03-10T13:09:00.000Z,2026-03-10T13:35:59.999Z,8,0.990602,2.2417,0.6348,99.0602,16.1510,NY,-1
scalp_fade_3m,ETHUSDT,3m,-1,TARGET,2026-03-10T17:09:00.000Z,2026-03-10T17:38:59.999Z,9,1.130190,1.7510,0.1709,113.0190,11.7163,NY,1
scalp_fade_3m,ETHUSDT,3m,-1,TARGET,2026-03-10T17:51:00.000Z,2026-03-10T18:14:59.999Z,7,1.230660,1.4284,0.1885,123.0660,8.5325,NY,-1
scalp_fade_3m,ETHUSDT,3m,1,TIME,2026-03-10T19:42:00.000Z,2026-03-10T20:44:59.999Z,20,0.165763,0.6236,0.1961,16.5763,12.7684,NY,-1
scalp_fade_3m,ETHUSDT,3m,1,TIME,2026-03-10T22:54:00.000Z,2026-03-10T23:56:59.999Z,20,0.519951,0.9742,0.2453,51.9951,21.6077,LATE,1
scalp_fade_3m,ETHUSDT,3m,1,TARGET,2026-03-11T00:06:00.000Z,2026-03-11T00:53:59.999Z,15,0.905581,1.2270,0.5993,90.5581,18.8427,ASIA,1
scalp_fade_3m,ETHUSDT,3m,1,STOP,2026-03-11T01:36:00.000Z,2026-03-11T02:38:59.999Z,20,-1.130431,0.7015,1.4931,-113.0431,21.3789,ASIA,-1
scalp_fade_3m,ETHUSDT,3m,1,TARGET,2026-03-11T04:00:00.000Z,2026-03-11T04:26:59.999Z,8,0.831689,2.1829,0.6402,83.1689,21.2245,ASIA,-1
scalp_fade_3m,ETHUSDT,3m,1,STOP,2026-03-11T07:18:00.000Z,2026-03-11T07:35:59.999Z,5,-1.167003,0.0107,1.2451,-116.7003,27.7619,LONDON,1
scalp_fade_3m,ETHUSDT,3m,1,TARGET,2026-03-11T09:39:00.000Z,2026-03-11T09:47:59.999Z,2,0.962661,1.3162,0.1475,96.2661,17.0981,LONDON,1
scalp_fade_3m,ETHUSDT,3m,1,TARGET,2026-03-11T12:15:00.000Z,2026-03-11T12:32:59.999Z,5,1.025664,1.5684,0.3175,102.5664,15.0829,LONDON,-1
scalp_fade_3m,ETHUSDT,3m,1,TARGET,2026-03-11T12:36:00.000Z,2026-03-11T13:14:59.999Z,12,1.124464,1.3087,0.2776,112.4464,11.9219,LONDON,-1
scalp_fade_3m,ETHUSDT,3m,-1,STOP,2026-03-11T16:24:00.000Z,2026-03-11T16:35:59.999Z,3,-1.078193,0.0000,0.8883,-107.8193,12.8600,NY,1
scalp_fade_3m,ETHUSDT,3m,-1,TIME,2026-03-11T17:42:00.000Z,2026-03-11T18:44:59.999Z,20,-0.131400,0.4395,0.3577,-13.1400,11.4737,NY,1
scalp_fade_3m,ETHUSDT,3m,-1,TIME,2026-03-11T19:12:00.000Z,2026-03-11T20:14:59.999Z,20,0.119918,0.5021,0.3963,11.9918,18.7170,NY,1
scalp_fade_3m,ETHUSDT,3m,-1,STOP,2026-03-11T21:36:00.000Z,2026-03-11T21:53:59.999Z,5,-1.167175,0.1744,0.8888,-116.7175,27.5883,LATE,-1
scalp_fade_3m,ETHUSDT,3m,-1,TARGET,2026-03-11T22:15:00.000Z,2026-03-11T22:35:59.999Z,6,1.043290,1.4350,0.1594,104.3290,14.4866,LATE,1
scalp_fade_3m,ETHUSDT,3m,1,STOP,2026-03-12T01:03:00.000Z,2026-03-12T01:05:59.999Z,0,-1.142501,0.0000,1.0096,-114.2501,23.8315,ASIA,1
scalp_fade_3m,ETHUSDT,3m,1,STOP,2026-03-12T02:06:00.000Z,2026-03-12T02:20:59.999Z,4,-1.146410,0.0804,1.4289,-114.6410,24.3802,ASIA,1
scalp_fade_3m,ETHUSDT,3m,1,TIME,2026-03-12T03:48:00.000Z,2026-03-12T04:50:59.999Z,20,-0.223084,0.8651,0.2138,-22.3084,19.0951,ASIA,1
scalp_fade_3m,ETHUSDT,3m,1,STOP,2026-03-12T05:06:00.000Z,2026-03-12T05:23:59.999Z,5,-1.164475,0.1198,0.8812,-116.4475,27.3436,ASIA,-1
scalp_fade_3m,ETHUSDT,3m,1,TIME,2026-03-12T05:36:00.000Z,2026-03-12T06:38:59.999Z,20,0.171874,1.0415,0.2358,17.1874,27.8710,ASIA,-1
scalp_fade_3m,ETHUSDT,3m,-1,STOP,2026-03-12T09:42:00.000Z,2026-03-12T09:44:59.999Z,0,-1.131441,0.0000,1.6843,-113.1441,21.7754,LONDON,-1
scalp_fade_3m,ETHUSDT,3m,-1,STOP,2026-03-12T13:36:00.000Z,2026-03-12T13:38:59.999Z,0,-1.083735,0.0592,0.8998,-108.3735,13.8238,NY,-1
scalp_fade_3m,ETHUSDT,3m,-1,STOP,2026-03-12T13:51:00.000Z,2026-03-12T14:17:59.999Z,8,-1.063408,0.6141,1.3898,-106.3408,10.3497,NY,1
scalp_fade_3m,ETHUSDT,3m,-1,TIME,2026-03-12T15:27:00.000Z,2026-03-12T16:29:59.999Z,20,-0.005461,0.5915,0.8535,-0.5461,11.2479,NY,-1
scalp_fade_3m,ETHUSDT,3m,-1,STOP,2026-03-12T21:51:00.000Z,2026-03-12T22:26:59.999Z,11,-1.163521,0.3291,0.8286,-116.3521,26.8158,LATE,-1
scalp_fade_3m,ETHUSDT,3m,-1,STOP,2026-03-12T22:57:00.000Z,2026-03-12T23:02:59.999Z,1,-1.130567,0.0000,0.8987,-113.0567,21.6073,LATE,-1
scalp_fade_3m,ETHUSDT,3m,-1,TIME,2026-03-13T01:42:00.000Z,2026-03-13T02:44:59.999Z,20,0.660497,0.9886,0.4094,66.0497,12.5997,ASIA,-1
scalp_fade_3m,ETHUSDT,3m,-1,TARGET,2026-03-13T05:33:00.000Z,2026-03-13T06:29:59.999Z,18,0.932844,2.2860,0.7075,93.2844,17.9337,ASIA,-1
scalp_fade_3m,ETHUSDT,3m,-1,STOP,2026-03-13T08:00:00.000Z,2026-03-13T08:35:59.999Z,11,-1.124627,0.6884,1.0504,-112.4627,20.4064,LONDON,-1
scalp_fade_3m,ETHUSDT,3m,-1,STOP,2026-03-13T12:24:00.000Z,2026-03-13T12:47:59.999Z,7,-1.110051,0.4078,0.9813,-111.0051,18.0787,LONDON,-1
scalp_fade_3m,ETHUSDT,3m,-1,STOP,2026-03-13T12:48:00.000Z,2026-03-13T12:50:59.999Z,0,-1.092093,0.0000,1.2803,-109.2093,15.2169,LONDON,1
scalp_fade_3m,ETHUSDT,3m,1,TIME,2026-03-13T19:09:00.000Z,2026-03-13T20:11:59.999Z,20,-0.222057,0.2258,0.5112,-22.2057,17.0831,NY,-1
scalp_fade_3m,ETHUSDT,3m,1,STOP,2026-03-13T21:27:00.000Z,2026-03-13T21:29:59.999Z,0,-1.180204,0.0000,1.1178,-118.0204,30.1018,LATE,1
scalp_fade_3m,ETHUSDT,3m,1,STOP,2026-03-13T23:51:00.000Z,2026-03-14T00:44:59.999Z,17,-1.180061,0.4468,1.2802,-118.0061,29.5549,LATE,1
scalp_fade_3m,ETHUSDT,3m,1,STOP,2026-03-14T01:36:00.000Z,2026-03-14T01:38:59.999Z,0,-1.158367,0.0000,1.0680,-115.8367,26.4701,ASIA,-1
scalp_fade_3m,ETHUSDT,3m,1,TIME,2026-03-14T04:54:00.000Z,2026-03-14T05:56:59.999Z,20,-0.441246,0.2413,0.7426,-44.1246,22.3537,ASIA,1
scalp_fade_3m,ETHUSDT,3m,1,STOP,2026-03-14T05:57:00.000Z,2026-03-14T06:11:59.999Z,4,-1.187324,0.0000,0.6957,-118.7324,31.1561,ASIA,-1
scalp_fade_3m,ETHUSDT,3m,1,STOP,2026-03-14T08:18:00.000Z,2026-03-14T08:38:59.999Z,6,-1.223104,0.2608,0.9582,-122.3104,37.0053,LONDON,1
scalp_fade_3m,ETHUSDT,3m,1,STOP,2026-03-14T09:33:00.000Z,2026-03-14T09:35:59.999Z,0,-1.217620,0.0000,0.7770,-121.7620,36.3242,LONDON,1
scalp_fade_3m,ETHUSDT,3m,1,STOP,2026-03-14T09:48:00.000Z,2026-03-14T09:50:59.999Z,0,-1.176903,0.0000,1.0226,-117.6903,29.5528,LONDON,-1
scalp_fade_3m,ETHUSDT,3m,1,STOP,2026-03-14T14:12:00.000Z,2026-03-14T14:44:59.999Z,10,-1.193795,0.5001,1.0300,-119.3795,32.0286,NY,1
scalp_fade_3m,ETHUSDT,3m,1,STOP,2026-03-14T15:33:00.000Z,2026-03-14T16:05:59.999Z,10,-1.175835,0.2917,0.7673,-117.5835,29.0725,NY,1
scalp_fade_3m,ETHUSDT,3m,1,TIME,2026-03-14T17:51:00.000Z,2026-03-14T18:53:59.999Z,20,-0.386336,0.3894,0.5064,-38.6336,41.2928,NY,-1
scalp_fade_3m,ETHUSDT,3m,1,TIME,2026-03-14T19:03:00.000Z,2026-03-14T20:05:59.999Z,20,-0.830472,0.7274,0.3317,-83.0472,47.9737,NY,1
scalp_fade_3m,ETHUSDT,3m,-1,STOP,2026-03-14T21:21:00.000Z,2026-03-14T21:50:59.999Z,9,-1.210945,0.0000,1.0309,-121.0945,34.7023,LATE,1
scalp_fade_3m,ETHUSDT,3m,-1,STOP,2026-03-14T23:03:00.000Z,2026-03-14T23:08:59.999Z,1,-1.171192,0.0000,1.1013,-117.1192,28.3718,LATE,-1
scalp_fade_3m,ETHUSDT,3m,-1,STOP,2026-03-14T23:18:00.000Z,2026-03-14T23:38:59.999Z,6,-1.126356,0.0000,0.8013,-112.6356,20.7981,LATE,-1
scalp_fade_3m,ETHUSDT,3m,-1,STOP,2026-03-15T02:03:00.000Z,2026-03-15T02:44:59.999Z,13,-1.159049,0.6913,1.1757,-115.9049,26.0253,ASIA,1
scalp_fade_3m,ETHUSDT,3m,-1,TIME,2026-03-15T02:45:00.000Z,2026-03-15T03:47:59.999Z,20,0.504985,0.9521,0.5763,50.4985,21.8585,ASIA,1
scalp_fade_3m,ETHUSDT,3m,-1,TIME,2026-03-15T05:18:00.000Z,2026-03-15T06:20:59.999Z,20,-0.015987,0.5408,0.7009,-1.5987,24.4100,ASIA,1
scalp_fade_3m,ETHUSDT,3m,-1,TARGET,2026-03-15T07:12:00.000Z,2026-03-15T07:53:59.999Z,13,0.878299,1.0916,0.2971,87.8299,19.6883,LONDON,-1
scalp_fade_3m,ETHUSDT,3m,-1,TIME,2026-03-15T10:21:00.000Z,2026-03-15T11:23:59.999Z,20,-0.471086,0.3224,0.3273,-47.1086,31.4966,LONDON,-1
scalp_fade_3m,ETHUSDT,3m,-1,TARGET,2026-03-15T11:48:00.000Z,2026-03-15T12:41:59.999Z,17,0.672108,1.2573,0.5520,67.2108,26.1952,LONDON,-1
scalp_fade_3m,ETHUSDT,3m,1,TIME,2026-03-15T16:18:00.000Z,2026-03-15T17:20:59.999Z,20,0.018023,0.5199,0.4937,1.8023,27.1588,NY,1
scalp_fade_3m,ETHUSDT,3m,-1,STOP,2026-03-15T19:06:00.000Z,2026-03-15T19:14:59.999Z,2,-1.126345,0.2773,0.8636,-112.6345,20.8826,NY,-1
scalp_fade_3m,ETHUSDT,3m,-1,TIME,2026-03-15T19:15:00.000Z,2026-03-15T20:17:59.999Z,20,-0.411210,0.1923,0.4275,-41.1210,18.5014,NY,-1
scalp_fade_3m,ETHUSDT,3m,-1,STOP,2026-03-15T20:30:00.000Z,2026-03-15T20:32:59.999Z,0,-1.167545,0.0000,2.1651,-116.7545,27.7934,NY,1
scalp_fade_3m,ETHUSDT,3m,-1,STOP,2026-03-15T22:33:00.000Z,2026-03-15T22:41:59.999Z,2,-1.077446,0.3514,1.3284,-107.7446,12.7490,LATE,1
scalp_fade_3m,ETHUSDT,3m,-1,TIME,2026-03-15T23:24:00.000Z,2026-03-16T00:26:59.999Z,20,0.188491,0.5002,0.4695,18.8491,9.7291,LATE,1
scalp_fade_3m,ETHUSDT,3m,-1,STOP,2026-03-16T01:21:00.000Z,2026-03-16T01:50:59.999Z,9,-1.105757,0.0000,0.8639,-110.5757,17.3324,ASIA,-1
scalp_fade_3m,ETHUSDT,3m,-1,STOP,2026-03-16T03:18:00.000Z,2026-03-16T03:23:59.999Z,1,-1.133852,0.0131,1.9723,-113.3852,22.1543,ASIA,1
scalp_fade_3m,ETHUSDT,3m,-1,TARGET,2026-03-16T07:03:00.000Z,2026-03-16T07:38:59.999Z,11,0.997369,1.4586,0.3852,99.7369,15.9226,LONDON,1
scalp_fade_3m,ETHUSDT,3m,-1,STOP,2026-03-16T09:18:00.000Z,2026-03-16T09:29:59.999Z,3,-1.120068,0.0829,0.8950,-112.0068,19.8181,LONDON,-1
scalp_fade_3m,ETHUSDT,3m,-1,STOP,2026-03-16T12:06:00.000Z,2026-03-16T12:20:59.999Z,4,-1.100391,0.5378,1.3755,-110.0391,16.5313,LONDON,-1
scalp_fade_3m,ETHUSDT,3m,-1,STOP,2026-03-16T13:33:00.000Z,2026-03-16T13:35:59.999Z,0,-1.094405,0.0461,1.1481,-109.4405,15.6022,NY,-1
scalp_fade_3m,ETHUSDT,3m,-1,TARGET,2026-03-16T14:03:00.000Z,2026-03-16T14:32:59.999Z,9,1.286258,1.6051,0.3880,128.6258,6.7631,NY,1
scalp_fade_3m,ETHUSDT,3m,-1,TIME,2026-03-16T15:00:00.000Z,2026-03-16T16:02:59.999Z,20,0.451125,0.6671,0.5167,45.1125,9.0273,NY,-1
scalp_fade_3m,ETHUSDT,3m,-1,STOP,2026-03-16T16:09:00.000Z,2026-03-16T16:47:59.999Z,12,-1.084860,0.2326,1.0102,-108.4860,13.8388,NY,-1
scalp_fade_3m,ETHUSDT,3m,-1,STOP,2026-03-16T23:33:00.000Z,2026-03-17T00:11:59.999Z,12,-1.092295,0.7403,0.9027,-109.2295,15.0628,LATE,-1
scalp_fade_3m,ETHUSDT,3m,-1,STOP,2026-03-17T00:12:00.000Z,2026-03-17T00:14:59.999Z,0,-1.074306,0.0268,1.0918,-107.4306,12.2521,ASIA,1
scalp_fade_3m,ETHUSDT,3m,-1,TIME,2026-03-17T00:33:00.000Z,2026-03-17T01:35:59.999Z,20,-0.632497,0.6139,0.6312,-63.2497,9.6474,ASIA,1
scalp_fade_3m,ETHUSDT,3m,-1,TARGET,2026-03-17T02:48:00.000Z,2026-03-17T03:17:59.999Z,9,1.102266,1.3474,0.1772,110.2266,12.6025,ASIA,-1
scalp_fade_3m,ETHUSDT,3m,1,TARGET,2026-03-17T06:45:00.000Z,2026-03-17T07:17:59.999Z,10,1.127411,1.6190,0.3056,112.7411,11.8352,ASIA,1
scalp_fade_3m,ETHUSDT,3m,1,STOP,2026-03-17T08:12:00.000Z,2026-03-17T09:08:59.999Z,18,-1.098368,0.7537,0.8596,-109.8368,16.1883,LONDON,-1
scalp_fade_3m,ETHUSDT,3m,1,TARGET,2026-03-17T10:57:00.000Z,2026-03-17T11:17:59.999Z,6,1.043381,1.7021,0.1940,104.3381,14.5162,LONDON,1
scalp_fade_3m,ETHUSDT,3m,1,TIME,2026-03-17T12:27:00.000Z,2026-03-17T13:29:59.999Z,20,-0.100081,0.3849,0.3615,-10.0081,15.0687,LONDON,-1
scalp_fade_3m,ETHUSDT,3m,-1,STOP,2026-03-17T13:48:00.000Z,2026-03-17T14:35:59.999Z,15,-1.074217,0.5375,1.1415,-107.4217,12.0497,NY,1
scalp_fade_3m,ETHUSDT,3m,-1,TARGET,2026-03-17T15:09:00.000Z,2026-03-17T15:35:59.999Z,8,1.220598,1.4846,0.0761,122.0598,8.8495,NY,-1
scalp_fade_3m,ETHUSDT,3m,-1,TARGET,2026-03-17T19:12:00.000Z,2026-03-17T19:44:59.999Z,10,0.988771,1.2567,0.2870,98.8771,16.2000,NY,-1
scalp_fade_3m,ETHUSDT,3m,-1,TARGET,2026-03-17T23:24:00.000Z,2026-03-17T23:44:59.999Z,6,0.978726,1.1833,0.1430,97.8726,16.5375,LATE,1
scalp_fade_3m,ETHUSDT,3m,-1,STOP,2026-03-18T03:24:00.000Z,2026-03-18T03:26:59.999Z,0,-1.164191,0.0000,0.9431,-116.4191,27.2344,ASIA,-1
scalp_fade_3m,ETHUSDT,3m,-1,TARGET,2026-03-18T10:30:00.000Z,2026-03-18T10:41:59.999Z,3,0.793576,1.3880,0.3662,79.3576,22.4377,LONDON,1
scalp_fade_3m,ETHUSDT,3m,1,STOP,2026-03-18T11:12:00.000Z,2026-03-18T11:26:59.999Z,4,-1.107490,0.0000,1.1504,-110.7490,17.9343,LONDON,-1
scalp_fade_3m,ETHUSDT,3m,1,STOP,2026-03-18T13:45:00.000Z,2026-03-18T14:11:59.999Z,8,-1.083566,0.1333,0.8684,-108.3566,13.9143,NY,-1
scalp_fade_3m,ETHUSDT,3m,1,STOP,2026-03-18T18:21:00.000Z,2026-03-18T18:56:59.999Z,11,-1.072327,0.6320,1.1235,-107.2327,12.0232,NY,1
scalp_fade_3m,ETHUSDT,3m,1,STOP,2026-03-18T20:03:00.000Z,2026-03-18T20:08:59.999Z,1,-1.102123,0.0260,1.6657,-110.2123,17.0987,NY,-1
scalp_fade_3m,ETHUSDT,3m,1,TIME,2026-03-18T22:06:00.000Z,2026-03-18T23:08:59.999Z,20,-0.348782,0.3981,0.6842,-34.8782,18.2839,LATE,1
scalp_fade_3m,ETHUSDT,3m,1,STOP,2026-03-19T00:12:00.000Z,2026-03-19T01:05:59.999Z,17,-1.110514,0.4732,0.8844,-111.0514,18.1898,ASIA,1
scalp_fade_3m,ETHUSDT,3m,1,TIME,2026-03-19T01:06:00.000Z,2026-03-19T02:08:59.999Z,20,0.279971,0.8688,0.4214,27.9971,19.1614,ASIA,-1
scalp_fade_3m,ETHUSDT,3m,1,STOP,2026-03-19T05:30:00.000Z,2026-03-19T06:02:59.999Z,10,-1.131335,0.2632,0.9433,-113.1335,21.7481,ASIA,1
scalp_fade_3m,ETHUSDT,3m,1,STOP,2026-03-19T06:48:00.000Z,2026-03-19T06:56:59.999Z,2,-1.116920,0.0000,0.8429,-111.6920,19.5366,ASIA,-1
scalp_fade_3m,ETHUSDT,3m,1,TARGET,2026-03-19T08:42:00.000Z,2026-03-19T09:23:59.999Z,13,1.138743,1.7562,0.5081,113.8743,11.4662,LONDON,-1
scalp_fade_3m,ETHUSDT,3m,1,STOP,2026-03-19T11:24:00.000Z,2026-03-19T11:38:59.999Z,4,-1.132123,0.3407,0.8367,-113.2123,22.0140,LONDON,-1
scalp_fade_3m,ETHUSDT,3m,1,TIME,2026-03-19T16:12:00.000Z,2026-03-19T17:14:59.999Z,20,-0.617583,0.4187,0.7060,-61.7583,12.9955,NY,1
scalp_fade_3m,ETHUSDT,3m,-1,STOP,2026-03-19T21:00:00.000Z,2026-03-19T21:11:59.999Z,3,-1.136832,0.0000,1.0825,-113.6832,22.6035,LATE,1
scalp_fade_3m,ETHUSDT,3m,-1,TIME,2026-03-19T21:27:00.000Z,2026-03-19T22:29:59.999Z,20,-0.574196,0.3400,0.6056,-57.4196,20.1071,LATE,1
scalp_fade_3m,ETHUSDT,3m,1,TARGET,2026-03-20T10:36:00.000Z,2026-03-20T11:08:59.999Z,10,1.033624,1.2368,0.1474,103.3624,14.8092,LONDON,-1
scalp_fade_3m,ETHUSDT,3m,1,TIME,2026-03-20T12:03:00.000Z,2026-03-20T13:05:59.999Z,20,-0.425675,1.1657,0.7123,-42.5675,22.2396,LONDON,1
scalp_fade_3m,ETHUSDT,3m,1,TARGET,2026-03-20T13:12:00.000Z,2026-03-20T13:26:59.999Z,4,1.075251,1.2316,0.3570,107.5251,13.5121,NY,-1
scalp_fade_3m,ETHUSDT,3m,1,STOP,2026-03-20T13:33:00.000Z,2026-03-20T14:02:59.999Z,9,-1.082423,0.6732,1.2574,-108.2423,13.7116,NY,1
scalp_fade_3m,ETHUSDT,3m,1,TIME,2026-03-20T14:09:00.000Z,2026-03-20T15:11:59.999Z,20,0.062605,1.2370,0.1846,6.2605,10.1525,NY,-1
scalp_fade_3m,ETHUSDT,3m,1,TIME,2026-03-20T16:33:00.000Z,2026-03-20T17:35:59.999Z,20,-0.969060,0.5602,0.7735,-96.9060,16.5770,NY,1
scalp_fade_3m,ETHUSDT,3m,1,STOP,2026-03-20T18:24:00.000Z,2026-03-20T18:38:59.999Z,4,-1.113013,0.0759,0.9987,-111.3013,18.8490,NY,1
scalp_fade_3m,ETHUSDT,3m,1,STOP,2026-03-20T19:33:00.000Z,2026-03-20T19:38:59.999Z,1,-1.120339,0.0000,0.8376,-112.0339,20.1249,NY,1
scalp_fade_3m,ETHUSDT,3m,1,TARGET,2026-03-20T20:39:00.000Z,2026-03-20T21:20:59.999Z,13,1.017989,2.1632,0.2773,101.7989,15.2920,NY,1
scalp_fade_3m,ETHUSDT,3m,-1,STOP,2026-03-21T00:18:00.000Z,2026-03-21T00:20:59.999Z,0,-1.175366,0.0000,1.2124,-117.5366,29.0970,ASIA,-1
scalp_fade_3m,ETHUSDT,3m,-1,STOP,2026-03-21T00:21:00.000Z,2026-03-21T01:11:59.999Z,16,-1.146549,0.4266,0.8405,-114.6549,23.8961,ASIA,-1
scalp_fade_3m,ETHUSDT,3m,-1,TIME,2026-03-21T01:18:00.000Z,2026-03-21T02:20:59.999Z,20,-0.332762,0.6642,0.4950,-33.2762,26.8064,ASIA,1
scalp_fade_3m,ETHUSDT,3m,-1,STOP,2026-03-21T05:03:00.000Z,2026-03-21T05:23:59.999Z,6,-1.239491,0.0419,0.6758,-123.9491,39.5386,ASIA,-1
scalp_fade_3m,ETHUSDT,3m,-1,TIME,2026-03-21T10:09:00.000Z,2026-03-21T11:11:59.999Z,20,-0.128677,0.6269,0.3661,-12.8677,43.4769,LONDON,1
scalp_fade_3m,ETHUSDT,3m,-1,STOP,2026-03-21T11:21:00.000Z,2026-03-21T11:26:59.999Z,1,-1.309736,0.0000,0.5211,-130.9736,51.4405,LONDON,-1
scalp_fade_3m,ETHUSDT,3m,1,TARGET,2026-03-21T20:18:00.000Z,2026-03-21T20:38:59.999Z,6,0.507173,0.9756,0.2700,50.7173,31.5385,NY,1
scalp_fade_3m,ETHUSDT,3m,1,STOP,2026-03-21T23:42:00.000Z,2026-03-21T23:47:59.999Z,1,-1.235193,0.0000,3.7860,-123.5193,39.2059,LATE,-1
scalp_fade_3m,ETHUSDT,3m,1,STOP,2026-03-21T23:48:00.000Z,2026-03-21T23:50:59.999Z,0,-1.129197,0.0000,1.4951,-112.9197,21.6191,LATE,-1
scalp_fade_3m,ETHUSDT,3m,1,TIME,2026-03-22T04:24:00.000Z,2026-03-22T05:26:59.999Z,20,0.403222,1.0469,0.1115,40.3222,18.6293,ASIA,1
scalp_fade_3m,ETHUSDT,3m,1,STOP,2026-03-22T05:54:00.000Z,2026-03-22T06:02:59.999Z,2,-1.169262,0.0000,0.9901,-116.9262,28.2232,ASIA,-1
scalp_fade_3m,ETHUSDT,3m,1,STOP,2026-03-22T07:09:00.000Z,2026-03-22T07:35:59.999Z,8,-1.188993,0.3397,0.8984,-118.8993,31.3028,LONDON,-1
scalp_fade_3m,ETHUSDT,3m,1,TIME,2026-03-22T09:18:00.000Z,2026-03-22T10:20:59.999Z,20,-0.617334,0.0264,0.6488,-61.7334,17.2380,LONDON,-1
scalp_fade_3m,ETHUSDT,3m,1,STOP,2026-03-22T10:33:00.000Z,2026-03-22T10:35:59.999Z,0,-1.175977,0.0017,0.8173,-117.5977,29.3987,LONDON,-1
scalp_fade_3m,ETHUSDT,3m,1,STOP,2026-03-22T10:54:00.000Z,2026-03-22T11:26:59.999Z,10,-1.165982,0.2103,1.0659,-116.5982,27.4508,LONDON,1
scalp_fade_3m,ETHUSDT,3m,1,STOP,2026-03-22T11:27:00.000Z,2026-03-22T11:41:59.999Z,4,-1.151235,0.2980,1.4977,-115.1235,25.1791,LONDON,-1
scalp_fade_3m,ETHUSDT,3m,1,TARGET,2026-03-22T11:42:00.000Z,2026-03-22T12:29:59.999Z,15,1.070555,1.4131,0.6347,107.0555,13.6189,LONDON,-1
scalp_fade_3m,ETHUSDT,3m,1,STOP,2026-03-22T13:36:00.000Z,2026-03-22T13:44:59.999Z,2,-1.147077,0.0000,1.2766,-114.7077,24.5414,NY,-1
scalp_fade_3m,ETHUSDT,3m,1,TIME,2026-03-22T14:27:00.000Z,2026-03-22T15:29:59.999Z,20,-0.377101,0.4056,0.4840,-37.7101,19.5463,NY,-1
scalp_fade_3m,ETHUSDT,3m,1,STOP,2026-03-22T17:39:00.000Z,2026-03-22T18:02:59.999Z,7,-1.192625,0.1989,0.7762,-119.2625,31.9348,NY,1
scalp_fade_3m,ETHUSDT,3m,1,TARGET,2026-03-22T22:06:00.000Z,2026-03-22T23:05:59.999Z,19,1.225380,1.3766,0.3340,122.5380,8.7065,LATE,-1
scalp_fade_3m,ETHUSDT,3m,1,STOP,2026-03-22T23:48:00.000Z,2026-03-23T00:05:59.999Z,5,-1.124006,0.1878,1.0134,-112.4006,20.6481,LATE,-1
scalp_fade_3m,ETHUSDT,3m,1,TARGET,2026-03-23T01:51:00.000Z,2026-03-23T02:29:59.999Z,12,1.150250,1.6997,0.2533,115.0250,11.1047,ASIA,1
scalp_fade_3m,ETHUSDT,3m,1,TARGET,2026-03-23T04:09:00.000Z,2026-03-23T04:56:59.999Z,15,0.983001,1.2737,0.2291,98.3001,16.3912,ASIA,-1
scalp_fade_3m,ETHUSDT,3m,1,STOP,2026-03-23T08:51:00.000Z,2026-03-23T09:05:59.999Z,4,-1.115367,0.1977,1.2157,-111.5367,19.2388,LONDON,-1
scalp_fade_3m,ETHUSDT,3m,-1,STOP,2026-03-23T13:33:00.000Z,2026-03-23T13:38:59.999Z,1,-1.088765,0.0234,0.9829,-108.8765,14.6470,NY,1
scalp_fade_3m,ETHUSDT,3m,-1,STOP,2026-03-23T13:39:00.000Z,2026-03-23T13:44:59.999Z,1,-1.077914,0.0000,1.3698,-107.7914,12.8402,NY,1
scalp_fade_3m,ETHUSDT,3m,-1,STOP,2026-03-23T16:48:00.000Z,2026-03-23T17:38:59.999Z,16,-1.072129,0.7710,1.1282,-107.2129,11.6951,NY,-1
scalp_fade_3m,ETHUSDT,3m,-1,STOP,2026-03-23T18:09:00.000Z,2026-03-23T18:47:59.999Z,12,-1.093068,0.1757,1.4911,-109.3068,15.1901,NY,1
scalp_fade_3m,ETHUSDT,3m,-1,STOP,2026-03-23T20:12:00.000Z,2026-03-23T20:38:59.999Z,8,-1.117839,0.0000,0.9173,-111.7839,19.3474,NY,-1
scalp_fade_3m,ETHUSDT,3m,-1,STOP,2026-03-23T21:36:00.000Z,2026-03-23T21:53:59.999Z,5,-1.179659,0.1063,0.7269,-117.9659,29.6583,LATE,-1
scalp_fade_3m,ETHUSDT,3m,-1,STOP,2026-03-23T23:27:00.000Z,2026-03-24T00:02:59.999Z,11,-1.131290,0.3539,0.8164,-113.1290,21.5045,LATE,1
scalp_fade_3m,ETHUSDT,3m,1,TIME,2026-03-24T02:06:00.000Z,2026-03-24T03:08:59.999Z,20,-0.756805,0.2260,0.6423,-75.6805,16.5999,ASIA,-1
scalp_fade_3m,ETHUSDT,3m,1,TARGET,2026-03-24T03:09:00.000Z,2026-03-24T04:05:59.999Z,18,1.009101,1.2119,0.5155,100.9101,15.5516,ASIA,-1
scalp_fade_3m,ETHUSDT,3m,1,STOP,2026-03-24T04:57:00.000Z,2026-03-24T05:02:59.999Z,1,-1.143311,0.0000,0.8577,-114.3311,23.9414,ASIA,-1
scalp_fade_3m,ETHUSDT,3m,1,TIME,2026-03-24T05:21:00.000Z,2026-03-24T06:23:59.999Z,20,0.174495,0.6010,0.5234,17.4495,20.4360,ASIA,-1
scalp_fade_3m,ETHUSDT,3m,-1,STOP,2026-03-24T07:36:00.000Z,2026-03-24T07:59:59.999Z,7,-1.102476,0.0209,1.3981,-110.2476,16.8252,LONDON,-1
scalp_fade_3m,ETHUSDT,3m,-1,STOP,2026-03-24T11:09:00.000Z,2026-03-24T11:35:59.999Z,8,-1.135627,0.4263,1.0904,-113.5627,22.2879,LONDON,-1
scalp_fade_3m,ETHUSDT,3m,1,STOP,2026-03-24T16:27:00.000Z,2026-03-24T16:38:59.999Z,3,-1.111433,0.4288,0.8799,-111.1433,18.6066,NY,-1
scalp_fade_3m,ETHUSDT,3m,1,TARGET,2026-03-24T19:33:00.000Z,2026-03-24T20:20:59.999Z,15,0.986066,1.7339,0.5345,98.6066,16.2942,NY,-1
scalp_fade_3m,ETHUSDT,3m,-1,STOP,2026-03-24T22:03:00.000Z,2026-03-24T22:08:59.999Z,1,-1.129920,0.1362,0.9139,-112.9920,21.4997,LATE,1
scalp_fade_3m,ETHUSDT,3m,-1,STOP,2026-03-24T22:27:00.000Z,2026-03-24T23:26:59.999Z,19,-1.138939,0.9598,0.9797,-113.8939,22.5793,LATE,1
scalp_fade_3m,ETHUSDT,3m,-1,TIME,2026-03-25T00:36:00.000Z,2026-03-25T01:38:59.999Z,20,-0.204555,0.3267,0.7424,-20.4555,19.2103,ASIA,-1
scalp_fade_3m,ETHUSDT,3m,-1,TIME,2026-03-25T01:42:00.000Z,2026-03-25T02:44:59.999Z,20,-0.457817,0.6834,0.6400,-45.7817,24.1773,ASIA,-1
scalp_fade_3m,ETHUSDT,3m,-1,STOP,2026-03-25T03:33:00.000Z,2026-03-25T03:59:59.999Z,8,-1.166870,0.0000,0.8430,-116.6870,27.4524,ASIA,1
scalp_fade_3m,ETHUSDT,3m,-1,STOP,2026-03-25T06:21:00.000Z,2026-03-25T06:35:59.999Z,4,-1.188341,0.0000,0.7145,-118.8341,31.1301,ASIA,-1
scalp_fade_3m,ETHUSDT,3m,-1,STOP,2026-03-25T11:12:00.000Z,2026-03-25T11:17:59.999Z,1,-1.199432,0.0000,0.9854,-119.9432,33.0740,LONDON,1
scalp_fade_3m,ETHUSDT,3m,-1,TIME,2026-03-25T12:57:00.000Z,2026-03-25T13:59:59.999Z,20,-0.092565,0.4521,0.7542,-9.2565,13.7996,LONDON,-1
scalp_fade_3m,ETHUSDT,3m,1,TARGET,2026-03-25T18:57:00.000Z,2026-03-25T19:20:59.999Z,7,0.994274,1.3453,0.1438,99.4274,16.0706,NY,1
scalp_fade_3m,ETHUSDT,3m,1,TIME,2026-03-25T21:27:00.000Z,2026-03-25T22:29:59.999Z,20,-0.665847,0.3790,0.5084,-66.5847,31.2617,LATE,1
scalp_fade_3m,ETHUSDT,3m,1,STOP,2026-03-26T00:18:00.000Z,2026-03-26T00:20:59.999Z,0,-1.175867,0.0000,0.7543,-117.5867,29.3805,ASIA,-1
scalp_fade_3m,ETHUSDT,3m,1,STOP,2026-03-26T00:21:00.000Z,2026-03-26T01:17:59.999Z,18,-1.164058,0.6423,0.9046,-116.4058,26.9122,ASIA,-1
scalp_fade_3m,ETHUSDT,3m,1,STOP,2026-03-26T04:54:00.000Z,2026-03-26T05:05:59.999Z,3,-1.207809,0.0000,0.9948,-120.7809,34.5846,ASIA,1
scalp_fade_3m,ETHUSDT,3m,1,STOP,2026-03-26T09:33:00.000Z,2026-03-26T09:35:59.999Z,0,-1.080908,0.0781,1.1242,-108.0908,13.5883,LONDON,1
scalp_fade_3m,ETHUSDT,3m,1,STOP,2026-03-26T11:09:00.000Z,2026-03-26T11:11:59.999Z,0,-1.154814,0.0143,1.9407,-115.4814,25.8792,LONDON,1
scalp_fade_3m,ETHUSDT,3m,1,TIME,2026-03-26T12:03:00.000Z,2026-03-26T13:05:59.999Z,20,0.001700,0.3981,0.7418,0.1700,24.2745,LONDON,1
scalp_fade_3m,ETHUSDT,3m,1,TARGET,2026-03-26T13:36:00.000Z,2026-03-26T13:44:59.999Z,2,1.001998,1.1706,0.2730,100.1998,15.8479,NY,1
scalp_fade_3m,ETHUSDT,3m,1,STOP,2026-03-26T15:00:00.000Z,2026-03-26T15:11:59.999Z,3,-1.084946,0.0000,0.8961,-108.4946,14.2153,NY,1
scalp_fade_3m,ETHUSDT,3m,1,STOP,2026-03-26T17:48:00.000Z,2026-03-26T17:53:59.999Z,1,-1.160065,0.0224,1.0892,-116.0065,26.7247,NY,1
scalp_fade_3m,ETHUSDT,3m,1,TIME,2026-03-26T22:27:00.000Z,2026-03-26T23:29:59.999Z,20,0.051789,1.0619,0.1141,5.1789,18.8820,LATE,-1
scalp_fade_3m,ETHUSDT,3m,1,STOP,2026-03-27T00:03:00.000Z,2026-03-27T00:38:59.999Z,11,-1.179047,0.8427,0.7711,-117.9047,29.5707,ASIA,-1
scalp_fade_3m,ETHUSDT,3m,1,STOP,2026-03-27T03:39:00.000Z,2026-03-27T04:02:59.999Z,7,-1.151979,0.2087,2.5872,-115.1979,25.2239,ASIA,-1
scalp_fade_3m,ETHUSDT,3m,1,TARGET,2026-03-27T06:48:00.000Z,2026-03-27T07:20:59.999Z,10,0.874714,1.3261,0.4350,87.4714,19.8482,ASIA,1
scalp_fade_3m,ETHUSDT,3m,1,STOP,2026-03-27T08:54:00.000Z,2026-03-27T09:11:59.999Z,5,-1.095088,0.0000,1.2962,-109.5088,15.8638,LONDON,-1
scalp_fade_3m,ETHUSDT,3m,1,STOP,2026-03-27T10:33:00.000Z,2026-03-27T10:38:59.999Z,1,-1.151931,0.0000,4.8746,-115.1931,25.3735,LONDON,-1
scalp_fade_3m,ETHUSDT,3m,1,STOP,2026-03-27T13:33:00.000Z,2026-03-27T13:38:59.999Z,1,-1.107027,0.0000,1.9768,-110.7027,17.9133,NY,1
scalp_fade_3m,ETHUSDT,3m,1,STOP,2026-03-27T15:54:00.000Z,2026-03-27T16:38:59.999Z,14,-1.086191,0.0062,0.8954,-108.6191,14.2588,NY,1
scalp_fade_3m,ETHUSDT,3m,1,STOP,2026-03-27T21:39:00.000Z,2026-03-27T22:08:59.999Z,9,-1.195135,0.4151,0.7735,-119.5135,32.2824,LATE,-1
scalp_fade_3m,ETHUSDT,3m,1,TARGET,2026-03-27T23:09:00.000Z,2026-03-27T23:26:59.999Z,5,0.841424,1.0801,0.2651,84.1424,20.9334,LATE,1
scalp_fade_3m,ETHUSDT,3m,1,STOP,2026-03-28T01:03:00.000Z,2026-03-28T01:08:59.999Z,1,-1.192291,0.0000,0.8248,-119.2291,32.0785,ASIA,1
scalp_fade_3m,ETHUSDT,3m,1,STOP,2026-03-28T01:09:00.000Z,2026-03-28T01:11:59.999Z,0,-1.180776,0.0000,0.8168,-118.0776,30.1968,ASIA,1
scalp_fade_3m,ETHUSDT,3m,1,TIME,2026-03-28T01:36:00.000Z,2026-03-28T02:38:59.999Z,20,-0.821123,0.9544,0.6313,-82.1123,27.8919,ASIA,-1
scalp_fade_3m,ETHUSDT,3m,1,TIME,2026-03-28T03:51:00.000Z,2026-03-28T04:53:59.999Z,20,-0.389494,0.5279,0.5720,-38.9494,40.7370,ASIA,1
scalp_fade_3m,ETHUSDT,3m,1,TARGET,2026-03-28T05:12:00.000Z,2026-03-28T05:26:59.999Z,4,0.501533,1.0156,0.2740,50.1533,31.7355,ASIA,1
scalp_fade_3m,ETHUSDT,3m,-1,TARGET,2026-03-28T10:15:00.000Z,2026-03-28T10:29:59.999Z,4,0.712882,1.0624,0.3988,71.2882,24.9960,LONDON,1
scalp_fade_3m,ETHUSDT,3m,-1,STOP,2026-03-28T12:09:00.000Z,2026-03-28T12:11:59.999Z,0,-1.264585,0.0000,0.7040,-126.4585,43.9682,LONDON,1
scalp_fade_3m,ETHUSDT,3m,-1,STOP,2026-03-28T12:51:00.000Z,2026-03-28T13:32:59.999Z,13,-1.173020,0.0990,1.0370,-117.3020,28.3229,LONDON,1
scalp_fade_3m,ETHUSDT,3m,-1,TIME,2026-03-28T13:42:00.000Z,2026-03-28T14:44:59.999Z,20,0.051789,0.6342,0.1405,5.1789,11.0517,NY,1
scalp_fade_3m,ETHUSDT,3m,-1,STOP,2026-03-28T15:18:00.000Z,2026-03-28T15:20:59.999Z,0,-1.135393,0.0000,1.4685,-113.5393,22.4342,NY,1
scalp_fade_3m,ETHUSDT,3m,-1,TIME,2026-03-28T15:36:00.000Z,2026-03-28T16:38:59.999Z,20,-0.320472,0.0977,0.4181,-32.0472,16.5486,NY,1
scalp_fade_3m,ETHUSDT,3m,-1,STOP,2026-03-28T19:42:00.000Z,2026-03-28T20:02:59.999Z,6,-1.288252,0.1457,0.8984,-128.8252,47.6157,NY,-1
scalp_fade_3m,ETHUSDT,3m,-1,STOP,2026-03-28T20:03:00.000Z,2026-03-28T20:08:59.999Z,1,-1.262610,0.0000,0.9252,-126.2610,43.5936,NY,-1
scalp_fade_3m,ETHUSDT,3m,1,TARGET,2026-03-29T00:24:00.000Z,2026-03-29T01:08:59.999Z,14,0.951317,1.6856,0.3481,95.1317,17.3994,ASIA,1
scalp_fade_3m,ETHUSDT,3m,1,TARGET,2026-03-29T07:03:00.000Z,2026-03-29T07:53:59.999Z,16,0.733586,1.4028,0.4122,73.3586,24.2821,LONDON,-1
scalp_fade_3m,ETHUSDT,3m,1,STOP,2026-03-29T08:15:00.000Z,2026-03-29T09:08:59.999Z,17,-1.201742,0.2528,0.7627,-120.1742,33.0980,LONDON,1
scalp_fade_3m,ETHUSDT,3m,1,STOP,2026-03-29T09:36:00.000Z,2026-03-29T10:17:59.999Z,13,-1.166111,0.0688,0.7559,-116.6111,27.3873,LONDON,-1
scalp_fade_3m,ETHUSDT,3m,1,STOP,2026-03-29T12:15:00.000Z,2026-03-29T12:35:59.999Z,6,-1.213364,0.0583,1.0992,-121.3364,35.3955,LONDON,1
scalp_fade_3m,ETHUSDT,3m,1,STOP,2026-03-29T12:36:00.000Z,2026-03-29T13:08:59.999Z,10,-1.203940,0.4912,2.4449,-120.3940,33.6985,LONDON,-1
scalp_fade_3m,ETHUSDT,3m,1,TARGET,2026-03-29T15:27:00.000Z,2026-03-29T16:20:59.999Z,17,0.979156,1.5971,0.5009,97.9156,16.5037,NY,-1
scalp_fade_3m,ETHUSDT,3m,1,STOP,2026-03-29T17:15:00.000Z,2026-03-29T17:23:59.999Z,2,-1.173278,0.0000,1.1007,-117.3278,28.8897,NY,1
scalp_fade_3m,ETHUSDT,3m,1,TARGET,2026-03-29T18:03:00.000Z,2026-03-29T18:41:59.999Z,12,0.774512,1.1670,0.5808,77.4512,23.0125,NY,-1
scalp_fade_3m,ETHUSDT,3m,1,TARGET,2026-03-29T23:51:00.000Z,2026-03-30T00:20:59.999Z,9,1.229784,2.7443,0.0876,122.9784,8.5914,LATE,-1
scalp_fade_3m,ETHUSDT,3m,-1,STOP,2026-03-30T02:09:00.000Z,2026-03-30T02:47:59.999Z,12,-1.096846,0.6129,2.2641,-109.6846,15.8120,ASIA,1
scalp_fade_3m,ETHUSDT,3m,-1,TIME,2026-03-30T06:03:00.000Z,2026-03-30T07:05:59.999Z,20,0.306138,1.1062,0.1612,30.6138,23.3974,ASIA,-1
scalp_fade_3m,ETHUSDT,3m,-1,STOP,2026-03-30T07:48:00.000Z,2026-03-30T07:50:59.999Z,0,-1.131777,0.3226,0.8177,-113.1777,21.8315,LONDON,-1
scalp_fade_3m,ETHUSDT,3m,-1,TARGET,2026-03-30T10:21:00.000Z,2026-03-30T10:38:59.999Z,5,0.811506,1.3829,0.1876,81.1506,21.8553,LONDON,-1
scalp_fade_3m,ETHUSDT,3m,-1,STOP,2026-03-30T10:51:00.000Z,2026-03-30T11:02:59.999Z,3,-1.174991,0.0558,0.7601,-117.4991,28.9441,LONDON,-1
scalp_fade_3m,ETHUSDT,3m,-1,TARGET,2026-03-30T13:27:00.000Z,2026-03-30T13:56:59.999Z,9,1.067565,1.3848,0.2236,106.7565,13.7038,NY,-1
scalp_fade_3m,ETHUSDT,3m,-1,STOP,2026-03-30T14:54:00.000Z,2026-03-30T14:59:59.999Z,1,-1.079045,0.0000,1.0235,-107.9045,13.0285,NY,-1
scalp_fade_3m,ETHUSDT,3m,1,TARGET,2026-03-30T21:00:00.000Z,2026-03-30T21:11:59.999Z,3,0.795125,1.7846,0.5508,79.5125,22.4163,LATE,-1
scalp_fade_3m,ETHUSDT,3m,1,STOP,2026-03-30T22:00:00.000Z,2026-03-30T22:50:59.999Z,16,-1.129250,0.7863,0.7948,-112.9250,21.2733,LATE,1
scalp_fade_3m,ETHUSDT,3m,1,STOP,2026-03-31T00:03:00.000Z,2026-03-31T00:11:59.999Z,2,-1.164624,0.0000,1.2226,-116.4624,27.4536,ASIA,1
scalp_fade_3m,ETHUSDT,3m,1,TARGET,2026-03-31T00:24:00.000Z,2026-03-31T00:47:59.999Z,7,1.063149,1.5742,0.1560,106.3149,13.8847,ASIA,1
scalp_fade_3m,ETHUSDT,3m,-1,TARGET,2026-03-31T04:09:00.000Z,2026-03-31T04:35:59.999Z,8,1.004631,1.1708,0.5056,100.4631,15.7057,ASIA,-1
scalp_fade_3m,ETHUSDT,3m,1,TARGET,2026-03-31T12:18:00.000Z,2026-03-31T12:29:59.999Z,3,1.070195,1.4474,0.1170,107.0195,13.6766,LONDON,1
scalp_fade_3m,ETHUSDT,3m,-1,TIME,2026-03-31T15:12:00.000Z,2026-03-31T16:14:59.999Z,20,0.055629,0.6953,0.4247,5.5629,9.2156,NY,-1
scalp_fade_3m,ETHUSDT,3m,-1,STOP,2026-03-31T16:39:00.000Z,2026-03-31T16:41:59.999Z,0,-1.083939,0.0351,2.3949,-108.3939,13.8577,NY,1
scalp_fade_3m,ETHUSDT,3m,-1,STOP,2026-03-31T20:03:00.000Z,2026-03-31T20:08:59.999Z,1,-1.128754,0.0701,0.7899,-112.8754,21.3055,NY,-1
scalp_fade_3m,ETHUSDT,3m,-1,TARGET,2026-03-31T21:54:00.000Z,2026-03-31T22:08:59.999Z,4,0.973634,1.2280,0.6162,97.3634,16.7087,LATE,-1
scalp_fade_3m,ETHUSDT,3m,-1,TIME,2026-03-31T23:18:00.000Z,2026-04-01T00:20:59.999Z,20,-0.385641,0.4982,0.5274,-38.5641,19.5222,LATE,-1
scalp_fade_3m,ETHUSDT,3m,-1,STOP,2026-04-01T00:51:00.000Z,2026-04-01T00:56:59.999Z,1,-1.123961,0.0742,0.8740,-112.3961,20.5073,ASIA,-1
scalp_fade_3m,ETHUSDT,3m,-1,TARGET,2026-04-01T01:09:00.000Z,2026-04-01T02:11:59.999Z,20,1.116725,1.4348,0.2613,111.6725,12.1058,ASIA,1
scalp_fade_3m,ETHUSDT,3m,-1,STOP,2026-04-01T04:15:00.000Z,2026-04-01T04:20:59.999Z,1,-1.163861,0.0012,0.9257,-116.3861,27.1511,ASIA,-1
scalp_fade_3m,ETHUSDT,3m,-1,STOP,2026-04-01T05:06:00.000Z,2026-04-01T05:17:59.999Z,3,-1.139262,0.0000,1.5238,-113.9262,23.0073,ASIA,1
scalp_fade_3m,ETHUSDT,3m,-1,STOP,2026-04-01T08:27:00.000Z,2026-04-01T08:38:59.999Z,3,-1.137155,0.0475,0.8318,-113.7155,22.6573,LONDON,-1
scalp_fade_3m,ETHUSDT,3m,-1,TARGET,2026-04-01T08:39:00.000Z,2026-04-01T09:23:59.999Z,14,1.020448,1.2973,0.2613,102.0448,15.1777,LONDON,-1
scalp_fade_3m,ETHUSDT,3m,-1,STOP,2026-04-01T11:06:00.000Z,2026-04-01T11:14:59.999Z,2,-1.156468,0.1941,0.9484,-115.6468,25.8932,LONDON,1
scalp_fade_3m,ETHUSDT,3m,-1,TIME,2026-04-01T11:15:00.000Z,2026-04-01T12:17:59.999Z,20,-0.318864,0.7770,0.1698,-31.8864,23.5113,LONDON,1
scalp_fade_3m,ETHUSDT,3m,-1,TARGET,2026-04-01T12:45:00.000Z,2026-04-01T13:02:59.999Z,5,1.202228,1.4812,0.2228,120.2228,9.4407,LONDON,-1
scalp_fade_3m,ETHUSDT,3m,-1,TIME,2026-04-01T13:12:00.000Z,2026-04-01T14:14:59.999Z,20,0.154332,1.1200,0.4238,15.4332,12.2882,NY,-1
scalp_fade_3m,ETHUSDT,3m,-1,TIME,2026-04-01T15:24:00.000Z,2026-04-01T16:26:59.999Z,20,-0.561962,0.5119,0.6058,-56.1962,16.9997,NY,1
scalp_fade_3m,ETHUSDT,3m,-1,STOP,2026-04-01T18:42:00.000Z,2026-04-01T19:29:59.999Z,15,-1.117066,0.5281,0.9675,-111.7066,19.0820,NY,-1
scalp_fade_3m,ETHUSDT,3m,-1,STOP,2026-04-01T21:54:00.000Z,2026-04-01T21:59:59.999Z,1,-1.141220,0.0000,1.4920,-114.1220,23.3811,LATE,1
scalp_fade_3m,ETHUSDT,3m,-1,STOP,2026-04-02T00:21:00.000Z,2026-04-02T00:41:59.999Z,6,-1.136096,0.4186,1.7469,-113.6096,22.4115,ASIA,-1
scalp_fade_3m,ETHUSDT,3m,-1,TARGET,2026-04-02T00:42:00.000Z,2026-04-02T01:05:59.999Z,7,1.113521,2.7448,0.5267,111.3521,12.2523,ASIA,1
scalp_fade_3m,ETHUSDT,3m,-1,TARGET,2026-04-02T01:12:00.000Z,2026-04-02T01:23:59.999Z,3,1.312810,1.5748,0.0515,131.2810,5.9305,ASIA,1
scalp_fade_3m,ETHUSDT,3m,1,STOP,2026-04-02T08:03:00.000Z,2026-04-02T08:23:59.999Z,6,-1.168339,0.0614,0.8052,-116.8339,27.9539,LONDON,-1
scalp_fade_3m,ETHUSDT,3m,1,TARGET,2026-04-02T13:33:00.000Z,2026-04-02T13:59:59.999Z,8,1.138842,1.4200,0.6939,113.8842,11.4792,NY,1
scalp_fade_3m,ETHUSDT,3m,-1,STOP,2026-04-02T16:33:00.000Z,2026-04-02T16:41:59.999Z,2,-1.112518,0.0282,1.3977,-111.2518,18.5827,NY,-1
scalp_fade_3m,ETHUSDT,3m,-1,STOP,2026-04-02T18:48:00.000Z,2026-04-02T18:53:59.999Z,1,-1.131815,0.0401,1.1587,-113.1815,21.8151,NY,-1
scalp_fade_3m,ETHUSDT,3m,-1,TARGET,2026-04-02T22:03:00.000Z,2026-04-02T22:26:59.999Z,7,0.834018,1.0670,0.6259,83.4018,21.1280,LATE,-1
scalp_fade_3m,ETHUSDT,3m,1,STOP,2026-04-03T00:42:00.000Z,2026-04-03T01:38:59.999Z,18,-1.157171,0.9782,1.0000,-115.7171,25.7880,ASIA,1
scalp_fade_3m,ETHUSDT,3m,1,STOP,2026-04-03T01:39:00.000Z,2026-04-03T02:32:59.999Z,17,-1.119638,1.0829,0.9226,-111.9638,19.6808,ASIA,1
scalp_fade_3m,ETHUSDT,3m,1,TARGET,2026-04-03T05:18:00.000Z,2026-04-03T05:32:59.999Z,4,0.801018,2.2410,0.5183,80.1018,22.2228,ASIA,1
scalp_fade_3m,ETHUSDT,3m,-1,STOP,2026-04-03T07:54:00.000Z,2026-04-03T08:11:59.999Z,5,-1.167325,0.0415,0.9603,-116.7325,27.6130,LONDON,1
scalp_fade_3m,ETHUSDT,3m,1,TIME,2026-04-03T15:48:00.000Z,2026-04-03T16:50:59.999Z,20,-0.077659,0.4925,0.5651,-7.7659,32.3090,NY,-1
scalp_fade_3m,ETHUSDT,3m,1,STOP,2026-04-03T18:30:00.000Z,2026-04-03T19:05:59.999Z,11,-1.212020,0.2974,0.8559,-121.2020,34.9923,NY,1
scalp_fade_3m,ETHUSDT,3m,-1,TARGET,2026-04-03T22:03:00.000Z,2026-04-03T22:47:59.999Z,14,0.749971,1.1754,0.3360,74.9971,23.7498,LATE,1
scalp_fade_3m,ETHUSDT,3m,1,STOP,2026-04-03T23:33:00.000Z,2026-04-03T23:38:59.999Z,1,-1.266975,0.0000,0.6100,-126.6975,44.4859,LATE,-1
scalp_fade_3m,ETHUSDT,3m,1,STOP,2026-04-04T00:57:00.000Z,2026-04-04T01:02:59.999Z,1,-1.310725,0.0000,0.5326,-131.0725,51.7542,ASIA,1
scalp_fade_3m,ETHUSDT,3m,1,STOP,2026-04-04T02:09:00.000Z,2026-04-04T02:11:59.999Z,0,-1.289148,0.0000,0.5246,-128.9148,48.2197,ASIA,1
scalp_fade_3m,ETHUSDT,3m,1,STOP,2026-04-04T03:45:00.000Z,2026-04-04T04:02:59.999Z,5,-1.338970,0.0029,0.4937,-133.8970,56.2130,ASIA,-1
scalp_fade_3m,ETHUSDT,3m,1,TIME,2026-04-04T04:15:00.000Z,2026-04-04T05:17:59.999Z,20,-0.385571,0.5764,0.4358,-38.5571,56.2162,ASIA,-1
scalp_fade_3m,ETHUSDT,3m,-1,STOP,2026-04-04T06:30:00.000Z,2026-04-04T06:47:59.999Z,5,-1.320098,0.0072,0.5058,-132.0098,52.9457,ASIA,1
scalp_fade_3m,ETHUSDT,3m,1,STOP,2026-04-04T10:06:00.000Z,2026-04-04T10:11:59.999Z,1,-1.336579,0.0000,0.6591,-133.6579,56.0494,LONDON,-1
scalp_fade_3m,ETHUSDT,3m,1,STOP,2026-04-04T10:12:00.000Z,2026-04-04T10:14:59.999Z,0,-1.318003,0.0000,0.7221,-131.8003,53.0185,LONDON,-1
scalp_fade_3m,ETHUSDT,3m,1,STOP,2026-04-04T12:09:00.000Z,2026-04-04T12:41:59.999Z,10,-1.306195,0.2541,0.6189,-130.6195,50.5290,LONDON,1
scalp_fade_3m,ETHUSDT,3m,1,TARGET,2026-04-04T14:42:00.000Z,2026-04-04T14:59:59.999Z,5,0.701236,0.9953,0.2191,70.1236,25.3850,NY,-1
scalp_fade_3m,ETHUSDT,3m,-1,STOP,2026-04-04T16:24:00.000Z,2026-04-04T16:26:59.999Z,0,-1.266407,0.0000,0.8319,-126.6407,44.2719,NY,1
scalp_fade_3m,ETHUSDT,3m,-1,TIME,2026-04-04T16:57:00.000Z,2026-04-04T17:59:59.999Z,20,-0.568806,0.7226,0.2303,-56.8806,35.7582,NY,1
scalp_fade_3m,ETHUSDT,3m,-1,STOP,2026-04-04T18:06:00.000Z,2026-04-04T18:17:59.999Z,3,-1.294751,0.0000,0.6232,-129.4751,48.8438,NY,1
scalp_fade_3m,ETHUSDT,3m,-1,STOP,2026-04-04T19:03:00.000Z,2026-04-04T19:08:59.999Z,1,-1.263663,0.0000,2.3417,-126.3663,43.7689,NY,-1
scalp_fade_3m,ETHUSDT,3m,-1,STOP,2026-04-04T21:03:00.000Z,2026-04-04T21:20:59.999Z,5,-1.303463,0.0000,0.5492,-130.3463,50.1872,LATE,-1
scalp_fade_3m,ETHUSDT,3m,-1,TARGET,2026-04-04T22:51:00.000Z,2026-04-04T23:35:59.999Z,14,0.619784,0.9787,0.2566,61.9784,27.8757,LATE,1
scalp_fade_3m,ETHUSDT,3m,1,STOP,2026-04-05T03:21:00.000Z,2026-04-05T03:32:59.999Z,3,-1.308455,0.0000,0.6567,-130.8455,51.2705,ASIA,1
scalp_fade_3m,ETHUSDT,3m,1,STOP,2026-04-05T03:48:00.000Z,2026-04-05T03:53:59.999Z,1,-1.312555,0.0000,0.5733,-131.2555,52.0583,ASIA,1
scalp_fade_3m,ETHUSDT,3m,1,STOP,2026-04-05T05:00:00.000Z,2026-04-05T05:14:59.999Z,4,-1.307592,0.0988,0.5353,-130.7592,51.0745,ASIA,1
scalp_fade_3m,ETHUSDT,3m,1,STOP,2026-04-05T05:15:00.000Z,2026-04-05T05:20:59.999Z,1,-1.281352,0.0000,0.9617,-128.1352,46.8744,ASIA,1
scalp_fade_3m,ETHUSDT,3m,1,STOP,2026-04-05T05:51:00.000Z,2026-04-05T05:53:59.999Z,0,-1.283677,0.0000,1.1933,-128.3677,47.3099,ASIA,-1
scalp_fade_3m,ETHUSDT,3m,1,STOP,2026-04-05T07:18:00.000Z,2026-04-05T07:32:59.999Z,4,-1.188703,0.0025,0.8430,-118.8703,31.3845,LONDON,1
scalp_fade_3m,ETHUSDT,3m,1,TIME,2026-04-05T07:33:00.000Z,2026-04-05T08:35:59.999Z,20,-0.559441,0.1817,0.6527,-55.9441,31.9400,LONDON,1
scalp_fade_3m,ETHUSDT,3m,1,STOP,2026-04-05T10:12:00.000Z,2026-04-05T10:17:59.999Z,1,-1.278394,0.0000,0.5601,-127.8394,46.3829,LONDON,1
scalp_fade_3m,ETHUSDT,3m,1,TARGET,2026-04-05T10:18:00.000Z,2026-04-05T10:38:59.999Z,6,0.475715,1.9543,0.2809,47.5715,32.5372,LONDON,1
scalp_fade_3m,ETHUSDT,3m,1,TARGET,2026-04-05T15:06:00.000Z,2026-04-05T15:17:59.999Z,3,0.706722,1.0555,0.5767,70.6722,25.2251,NY,1
scalp_fade_3m,ETHUSDT,3m,-1,STOP,2026-04-05T17:12:00.000Z,2026-04-05T17:47:59.999Z,11,-1.153579,0.4742,0.8408,-115.3579,25.1775,NY,1
scalp_fade_3m,ETHUSDT,3m,-1,STOP,2026-04-05T18:15:00.000Z,2026-04-05T18:32:59.999Z,5,-1.194433,0.0000,0.6914,-119.4433,32.1082,NY,1
scalp_fade_3m,ETHUSDT,3m,-1,TARGET,2026-04-05T22:03:00.000Z,2026-04-05T22:11:59.999Z,2,0.999173,1.2671,0.3373,99.9173,15.9060,LATE,-1
scalp_fade_3m,ETHUSDT,3m,-1,TIME,2026-04-06T01:06:00.000Z,2026-04-06T02:08:59.999Z,20,-0.122836,0.7497,0.1260,-12.2836,20.3447,ASIA,1
scalp_fade_3m,ETHUSDT,3m,-1,TIME,2026-04-06T02:12:00.000Z,2026-04-06T03:14:59.999Z,20,-0.003169,0.3111,0.4117,-0.3169,13.2235,ASIA,1
scalp_fade_3m,ETHUSDT,3m,-1,TIME,2026-04-06T03:21:00.000Z,2026-04-06T04:23:59.999Z,20,0.554464,0.9954,0.2103,55.4464,20.6314,ASIA,-1
scalp_fade_3m,ETHUSDT,3m,-1,TIME,2026-04-06T04:36:00.000Z,2026-04-06T05:38:59.999Z,20,-0.589675,0.0940,0.6961,-58.9675,28.5203,ASIA,-1
scalp_fade_3m,ETHUSDT,3m,-1,STOP,2026-04-06T06:09:00.000Z,2026-04-06T06:11:59.999Z,0,-1.185173,0.0000,1.1089,-118.5173,30.7316,ASIA,-1
scalp_fade_3m,ETHUSDT,3m,-1,STOP,2026-04-06T06:51:00.000Z,2026-04-06T07:23:59.999Z,10,-1.141251,0.4746,0.9078,-114.1251,23.1697,ASIA,-1
scalp_fade_3m,ETHUSDT,3m,-1,TIME,2026-04-06T09:42:00.000Z,2026-04-06T10:44:59.999Z,20,-0.386156,0.3680,0.3137,-38.6156,15.0765,LONDON,1
scalp_fade_3m,ETHUSDT,3m,-1,TARGET,2026-04-06T12:39:00.000Z,2026-04-06T12:56:59.999Z,5,0.835500,1.0957,0.5571,83.5500,21.0929,LONDON,-1
scalp_fade_3m,ETHUSDT,3m,-1,STOP,2026-04-06T13:36:00.000Z,2026-04-06T14:02:59.999Z,8,-1.127129,0.8260,1.3054,-112.7129,20.8831,NY,-1
scalp_fade_3m,ETHUSDT,3m,-1,STOP,2026-04-06T14:21:00.000Z,2026-04-06T14:23:59.999Z,0,-1.092562,0.0000,1.1496,-109.2562,15.2950,NY,1
scalp_fade_3m,ETHUSDT,3m,-1,STOP,2026-04-06T14:42:00.000Z,2026-04-06T15:14:59.999Z,10,-1.069870,0.2447,1.0532,-106.9870,11.3944,NY,1
scalp_fade_3m,ETHUSDT,3m,-1,TARGET,2026-04-06T16:48:00.000Z,2026-04-06T16:56:59.999Z,2,0.991287,2.3263,0.5664,99.1287,16.1568,NY,-1
scalp_fade_3m,ETHUSDT,3m,1,TARGET,2026-04-06T20:03:00.000Z,2026-04-06T20:26:59.999Z,7,1.007770,1.3510,0.1619,100.7770,15.6422,NY,1
scalp_fade_3m,ETHUSDT,3m,1,STOP,2026-04-06T22:21:00.000Z,2026-04-06T22:23:59.999Z,0,-1.152763,0.0000,0.9440,-115.2763,25.5382,LATE,-1
scalp_fade_3m,ETHUSDT,3m,1,STOP,2026-04-07T01:39:00.000Z,2026-04-07T01:53:59.999Z,4,-1.115852,0.0244,1.1775,-111.5852,19.3192,ASIA,-1
scalp_fade_3m,ETHUSDT,3m,1,TIME,2026-04-07T02:21:00.000Z,2026-04-07T03:23:59.999Z,20,-0.037596,0.6393,0.4626,-3.7596,20.3630,ASIA,-1
scalp_fade_3m,ETHUSDT,3m,1,STOP,2026-04-07T04:06:00.000Z,2026-04-07T04:20:59.999Z,4,-1.208588,0.0000,0.7735,-120.8588,34.6779,ASIA,-1
scalp_fade_3m,ETHUSDT,3m,1,TIME,2026-04-07T06:48:00.000Z,2026-04-07T07:50:59.999Z,20,-0.440973,0.4845,0.5858,-44.0973,26.2457,ASIA,-1
scalp_fade_3m,ETHUSDT,3m,1,TARGET,2026-04-07T12:09:00.000Z,2026-04-07T12:56:59.999Z,15,1.111142,1.2624,0.2393,111.1142,12.3337,LONDON,1
scalp_fade_3m,ETHUSDT,3m,1,STOP,2026-04-07T13:33:00.000Z,2026-04-07T14:02:59.999Z,9,-1.114682,0.1193,1.2020,-111.4682,19.0267,NY,1
scalp_fade_3m,ETHUSDT,3m,1,TIME,2026-04-07T16:24:00.000Z,2026-04-07T17:26:59.999Z,20,0.209549,0.9976,0.1301,20.9549,19.2501,NY,1
scalp_fade_3m,ETHUSDT,3m,1,TARGET,2026-04-07T19:09:00.000Z,2026-04-07T19:20:59.999Z,3,1.023196,1.8613,0.1940,102.3196,15.1699,NY,-1
scalp_fade_3m,ETHUSDT,3m,-1,STOP,2026-04-07T19:48:00.000Z,2026-04-07T20:02:59.999Z,4,-1.092316,0.2308,1.0755,-109.2316,15.1910,NY,1
scalp_fade_3m,ETHUSDT,3m,-1,STOP,2026-04-08T02:06:00.000Z,2026-04-08T02:08:59.999Z,0,-1.139747,0.0000,1.0303,-113.9747,23.1599,ASIA,1
scalp_fade_3m,ETHUSDT,3m,-1,TARGET,2026-04-08T02:09:00.000Z,2026-04-08T02:20:59.999Z,3,1.050549,1.2093,0.3784,105.0549,14.2682,ASIA,1
scalp_fade_3m,ETHUSDT,3m,-1,STOP,2026-04-08T03:30:00.000Z,2026-04-08T04:05:59.999Z,11,-1.160834,0.4846,1.5552,-116.0834,26.3731,ASIA,1
scalp_fade_3m,ETHUSDT,3m,-1,STOP,2026-04-08T06:21:00.000Z,2026-04-08T06:26:59.999Z,1,-1.152404,0.0506,0.7660,-115.2404,25.2433,ASIA,-1
scalp_fade_3m,ETHUSDT,3m,-1,STOP,2026-04-08T08:57:00.000Z,2026-04-08T09:08:59.999Z,3,-1.141461,0.0255,0.8924,-114.1461,23.3727,LONDON,1
scalp_fade_3m,ETHUSDT,3m,1,TIME,2026-04-08T16:33:00.000Z,2026-04-08T17:35:59.999Z,20,0.424094,1.0661,0.2332,42.4094,18.6833,NY,1
scalp_fade_3m,ETHUSDT,3m,1,TIME,2026-04-08T19:42:00.000Z,2026-04-08T20:44:59.999Z,20,0.020672,1.1614,0.1122,2.0672,18.7220,NY,-1
scalp_fade_3m,ETHUSDT,3m,1,STOP,2026-04-08T21:57:00.000Z,2026-04-08T22:14:59.999Z,5,-1.173672,0.0000,0.8784,-117.3672,28.8652,LATE,1
scalp_fade_3m,ETHUSDT,3m,1,STOP,2026-04-09T00:57:00.000Z,2026-04-09T01:08:59.999Z,3,-1.128894,0.1104,2.1567,-112.8894,21.5015,ASIA,-1
scalp_fade_3m,ETHUSDT,3m,1,TARGET,2026-04-09T04:51:00.000Z,2026-04-09T05:32:59.999Z,13,0.704860,1.1593,0.5298,70.4860,25.2128,ASIA,1
scalp_fade_3m,ETHUSDT,3m,1,TARGET,2026-04-09T08:12:00.000Z,2026-04-09T08:41:59.999Z,9,0.834638,1.2808,0.4534,83.4638,21.1250,LONDON,-1
scalp_fade_3m,ETHUSDT,3m,1,STOP,2026-04-09T12:21:00.000Z,2026-04-09T12:23:59.999Z,0,-1.195844,0.0000,1.0333,-119.5844,32.7028,LONDON,1
scalp_fade_3m,ETHUSDT,3m,1,STOP,2026-04-09T12:39:00.000Z,2026-04-09T13:23:59.999Z,14,-1.137608,0.6049,0.7972,-113.7608,22.6871,LONDON,1
scalp_fade_3m,ETHUSDT,3m,1,STOP,2026-04-09T13:33:00.000Z,2026-04-09T13:38:59.999Z,1,-1.139912,0.2423,1.0018,-113.9912,23.3767,NY,-1
scalp_fade_3m,ETHUSDT,3m,-1,TARGET,2026-04-09T17:39:00.000Z,2026-04-09T18:23:59.999Z,14,1.176338,1.2993,0.2247,117.6338,10.2371,NY,1
scalp_fade_3m,ETHUSDT,3m,-1,STOP,2026-04-09T19:03:00.000Z,2026-04-09T19:08:59.999Z,1,-1.124876,0.0210,0.9103,-112.4876,20.6597,NY,-1
scalp_fade_3m,ETHUSDT,3m,-1,STOP,2026-04-09T19:09:00.000Z,2026-04-09T19:50:59.999Z,13,-1.117371,0.8857,0.9115,-111.7371,19.1712,NY,-1
scalp_fade_3m,ETHUSDT,3m,-1,STOP,2026-04-09T21:06:00.000Z,2026-04-09T21:08:59.999Z,0,-1.153854,0.2861,1.1653,-115.3854,25.5113,LATE,-1
scalp_fade_3m,ETHUSDT,3m,-1,TARGET,2026-04-09T22:33:00.000Z,2026-04-09T22:59:59.999Z,8,1.191397,1.3312,0.1573,119.1397,9.7765,LATE,1
scalp_fade_3m,ETHUSDT,3m,1,STOP,2026-04-10T03:06:00.000Z,2026-04-10T03:23:59.999Z,5,-1.167120,0.0000,0.8111,-116.7120,27.7812,ASIA,1
scalp_fade_3m,ETHUSDT,3m,-1,STOP,2026-04-10T12:30:00.000Z,2026-04-10T12:41:59.999Z,3,-1.121179,0.6581,1.2420,-112.1179,20.0026,LONDON,-1
scalp_fade_3m,ETHUSDT,3m,-1,TIME,2026-04-10T12:42:00.000Z,2026-04-10T13:44:59.999Z,20,0.324054,1.0561,0.2782,32.4054,14.8961,LONDON,-1
scalp_fade_3m,ETHUSDT,3m,-1,STOP,2026-04-10T13:51:00.000Z,2026-04-10T14:05:59.999Z,4,-1.105856,0.0000,1.0729,-110.5856,17.4384,NY,1
scalp_fade_3m,ETHUSDT,3m,-1,STOP,2026-04-10T14:45:00.000Z,2026-04-10T15:26:59.999Z,13,-1.087279,0.0980,1.3133,-108.7279,14.2225,NY,1
scalp_fade_3m,ETHUSDT,3m,-1,STOP,2026-04-10T19:24:00.000Z,2026-04-10T19:59:59.999Z,11,-1.169221,0.6130,0.8298,-116.9221,27.7551,NY,1
scalp_fade_3m,ETHUSDT,3m,-1,TARGET,2026-04-10T20:57:00.000Z,2026-04-10T21:44:59.999Z,15,0.999259,1.2735,0.2518,99.9259,15.8447,NY,1
scalp_fade_3m,ETHUSDT,3m,-1,STOP,2026-04-10T21:45:00.000Z,2026-04-10T21:59:59.999Z,4,-1.149146,0.0767,0.8521,-114.9146,24.6242,LATE,-1
scalp_fade_3m,ETHUSDT,3m,-1,STOP,2026-04-11T01:33:00.000Z,2026-04-11T01:53:59.999Z,6,-1.192736,0.2558,0.6965,-119.2736,31.7937,ASIA,1
scalp_fade_3m,ETHUSDT,3m,1,TIME,2026-04-11T06:15:00.000Z,2026-04-11T07:17:59.999Z,20,-0.401158,0.5470,0.5101,-40.1158,33.7966,ASIA,-1
scalp_fade_3m,ETHUSDT,3m,1,TIME,2026-04-11T08:03:00.000Z,2026-04-11T09:05:59.999Z,20,-1.145036,0.3913,0.4184,-114.5036,51.3225,LONDON,1
scalp_fade_3m,ETHUSDT,3m,-1,TIME,2026-04-11T20:51:00.000Z,2026-04-11T21:53:59.999Z,20,-0.452112,0.7110,0.3522,-45.2112,19.1151,NY,-1
scalp_fade_3m,ETHUSDT,3m,1,TARGET,2026-04-12T04:54:00.000Z,2026-04-12T05:32:59.999Z,12,0.791761,1.0852,0.6273,79.1761,22.4659,ASIA,-1
scalp_fade_3m,ETHUSDT,3m,1,STOP,2026-04-12T06:36:00.000Z,2026-04-12T07:02:59.999Z,8,-1.218682,0.0000,0.7567,-121.8682,36.1995,ASIA,1
scalp_fade_3m,ETHUSDT,3m,1,TARGET,2026-04-12T07:15:00.000Z,2026-04-12T07:53:59.999Z,12,0.638006,0.9223,0.3997,63.8006,27.3387,LONDON,-1
scalp_fade_3m,ETHUSDT,3m,1,STOP,2026-04-12T08:06:00.000Z,2026-04-12T08:14:59.999Z,2,-1.255745,0.0000,0.6976,-125.5745,42.5760,LONDON,1
scalp_fade_3m,ETHUSDT,3m,1,STOP,2026-04-12T08:48:00.000Z,2026-04-12T08:53:59.999Z,1,-1.264420,0.0000,0.8499,-126.4420,44.0615,LONDON,-1
scalp_fade_3m,ETHUSDT,3m,1,STOP,2026-04-12T09:15:00.000Z,2026-04-12T09:47:59.999Z,10,-1.237310,0.0269,0.6816,-123.7310,39.1910,LONDON,-1
scalp_fade_3m,ETHUSDT,3m,1,STOP,2026-04-12T10:06:00.000Z,2026-04-12T10:38:59.999Z,10,-1.301486,0.5245,0.6359,-130.1486,49.7540,LONDON,-1
scalp_fade_3m,ETHUSDT,3m,1,STOP,2026-04-12T12:36:00.000Z,2026-04-12T12:53:59.999Z,5,-1.215234,0.6804,2.9075,-121.5234,35.7415,LONDON,-1
scalp_fade_3m,ETHUSDT,3m,1,STOP,2026-04-12T12:54:00.000Z,2026-04-12T13:02:59.999Z,2,-1.124747,0.0068,1.3227,-112.4747,20.8356,LONDON,-1
scalp_fade_3m,ETHUSDT,3m,-1,TARGET,2026-04-12T22:00:00.000Z,2026-04-12T22:02:59.999Z,0,0.901538,2.5095,0.2003,90.1538,19.0217,LATE,1
scalp_fade_3m,ETHUSDT,3m,1,TARGET,2026-04-13T00:03:00.000Z,2026-04-13T00:26:59.999Z,7,0.998916,1.1902,0.1362,99.8916,15.9232,ASIA,1
scalp_fade_3m,ETHUSDT,3m,-1,TIME,2026-04-13T02:27:00.000Z,2026-04-13T03:29:59.999Z,20,0.241920,1.0696,0.5497,24.1920,26.3032,ASIA,-1
scalp_fade_3m,ETHUSDT,3m,1,STOP,2026-04-13T04:51:00.000Z,2026-04-13T04:53:59.999Z,0,-1.187891,0.0000,0.7963,-118.7891,31.3801,ASIA,1
scalp_fade_3m,ETHUSDT,3m,1,TARGET,2026-04-13T05:48:00.000Z,2026-04-13T06:20:59.999Z,10,0.879936,1.3751,0.1684,87.9936,19.6826,ASIA,-1
scalp_fade_3m,ETHUSDT,3m,1,STOP,2026-04-13T08:27:00.000Z,2026-04-13T08:41:59.999Z,4,-1.177402,0.0000,1.0977,-117.7402,29.5129,LONDON,-1
scalp_fade_3m,ETHUSDT,3m,1,STOP,2026-04-13T10:12:00.000Z,2026-04-13T10:17:59.999Z,1,-1.207012,0.0000,0.8316,-120.7012,34.5242,LONDON,-1
scalp_fade_3m,ETHUSDT,3m,1,TIME,2026-04-13T10:39:00.000Z,2026-04-13T11:41:59.999Z,20,-0.452482,0.2272,0.6100,-45.2482,26.9733,LONDON,-1
scalp_fade_3m,ETHUSDT,3m,1,STOP,2026-04-13T12:03:00.000Z,2026-04-13T12:26:59.999Z,7,-1.198729,0.3379,0.7983,-119.8729,32.9426,LONDON,1
scalp_fade_3m,ETHUSDT,3m,1,TARGET,2026-04-13T12:48:00.000Z,2026-04-13T12:53:59.999Z,1,0.927473,1.2958,0.3464,92.7473,18.2216,LONDON,-1
scalp_fade_3m,ETHUSDT,3m,-1,STOP,2026-04-13T13:51:00.000Z,2026-04-13T14:44:59.999Z,17,-1.064899,0.4655,1.0826,-106.4899,10.4990,NY,1
scalp_fade_3m,ETHUSDT,3m,-1,STOP,2026-04-13T16:09:00.000Z,2026-04-13T16:17:59.999Z,2,-1.092974,0.0000,0.8520,-109.2974,15.3318,NY,-1
scalp_fade_3m,ETHUSDT,3m,-1,STOP,2026-04-13T19:18:00.000Z,2026-04-13T19:23:59.999Z,1,-1.123406,0.0000,1.1412,-112.3406,20.4149,NY,1
scalp_fade_3m,ETHUSDT,3m,-1,STOP,2026-04-13T21:27:00.000Z,2026-04-13T21:41:59.999Z,4,-1.146457,0.0000,1.6911,-114.6457,24.1778,LATE,1
scalp_fade_3m,ETHUSDT,3m,-1,TIME,2026-04-14T02:39:00.000Z,2026-04-14T03:41:59.999Z,20,-0.249498,0.8523,0.5728,-24.9498,25.1204,ASIA,1
scalp_fade_3m,ETHUSDT,3m,-1,STOP,2026-04-14T05:21:00.000Z,2026-04-14T05:23:59.999Z,0,-1.206404,0.0000,0.7848,-120.6404,34.2705,ASIA,-1
scalp_fade_3m,ETHUSDT,3m,-1,STOP,2026-04-14T06:21:00.000Z,2026-04-14T06:38:59.999Z,5,-1.189003,0.0000,0.8521,-118.9003,31.2076,ASIA,-1
scalp_fade_3m,ETHUSDT,3m,-1,STOP,2026-04-14T08:24:00.000Z,2026-04-14T08:32:59.999Z,2,-1.165576,0.0000,0.8787,-116.5576,27.4082,LONDON,1
scalp_fade_3m,ETHUSDT,3m,-1,TARGET,2026-04-14T09:42:00.000Z,2026-04-14T10:41:59.999Z,19,0.967350,1.2125,0.1446,96.7350,16.8367,LONDON,1
scalp_fade_3m,ETHUSDT,3m,-1,TIME,2026-04-14T11:51:00.000Z,2026-04-14T12:53:59.999Z,20,-0.075281,0.7805,0.3950,-7.5281,30.1895,LONDON,-1
scalp_fade_3m,ETHUSDT,3m,-1,STOP,2026-04-14T13:03:00.000Z,2026-04-14T13:20:59.999Z,5,-1.148344,0.0000,0.8026,-114.8344,24.4657,NY,-1
scalp_fade_3m,ETHUSDT,3m,-1,STOP,2026-04-14T13:33:00.000Z,2026-04-14T13:35:59.999Z,0,-1.133679,0.0000,0.8964,-113.3679,22.1486,NY,1
scalp_fade_3m,ETHUSDT,3m,-1,STOP,2026-04-14T14:03:00.000Z,2026-04-14T14:32:59.999Z,9,-1.099145,0.4064,2.2939,-109.9145,16.2405,NY,1
scalp_fade_3m,ETHUSDT,3m,-1,TARGET,2026-04-14T14:36:00.000Z,2026-04-14T14:59:59.999Z,7,1.278034,1.5429,0.1407,127.8034,7.0281,NY,1
scalp_fade_3m,ETHUSDT,3m,1,STOP,2026-04-14T18:24:00.000Z,2026-04-14T18:41:59.999Z,5,-1.114131,0.4621,0.8452,-111.4131,19.0144,NY,-1
scalp_fade_3m,ETHUSDT,3m,1,TIME,2026-04-14T22:21:00.000Z,2026-04-14T23:23:59.999Z,20,-0.220414,0.2489,0.6947,-22.0414,19.4979,LATE,1
scalp_fade_3m,ETHUSDT,3m,1,TARGET,2026-04-14T23:54:00.000Z,2026-04-15T00:05:59.999Z,3,0.943839,1.4711,0.2220,94.3839,17.6912,LATE,1
scalp_fade_3m,ETHUSDT,3m,1,STOP,2026-04-15T05:09:00.000Z,2026-04-15T05:23:59.999Z,4,-1.150163,0.1550,0.8885,-115.0163,25.0016,ASIA,1
scalp_fade_3m,ETHUSDT,3m,1,TIME,2026-04-15T07:18:00.000Z,2026-04-15T08:20:59.999Z,20,0.469881,1.1059,0.2832,46.9881,23.1931,LONDON,1
scalp_fade_3m,ETHUSDT,3m,1,STOP,2026-04-15T10:06:00.000Z,2026-04-15T10:17:59.999Z,3,-1.193265,0.6288,0.9541,-119.3265,32.1733,LONDON,-1
scalp_fade_3m,ETHUSDT,3m,1,TARGET,2026-04-15T10:18:00.000Z,2026-04-15T11:14:59.999Z,18,0.951291,1.5484,0.6901,95.1291,17.3806,LONDON,-1
scalp_fade_3m,ETHUSDT,3m,-1,TARGET,2026-04-15T13:27:00.000Z,2026-04-15T13:44:59.999Z,5,0.952694,1.3931,0.3838,95.2694,17.3693,NY,-1
scalp_fade_3m,ETHUSDT,3m,-1,STOP,2026-04-15T14:00:00.000Z,2026-04-15T14:17:59.999Z,5,-1.099419,0.2515,1.2940,-109.9419,16.3530,NY,-1
scalp_fade_3m,ETHUSDT,3m,-1,TARGET,2026-04-15T15:15:00.000Z,2026-04-15T15:32:59.999Z,5,1.163737,1.6615,0.2193,116.3737,10.6637,NY,1
scalp_fade_3m,ETHUSDT,3m,-1,STOP,2026-04-15T17:54:00.000Z,2026-04-15T18:50:59.999Z,18,-1.112065,0.0567,0.9978,-111.2065,18.2054,NY,1
scalp_fade_3m,ETHUSDT,3m,-1,STOP,2026-04-15T21:42:00.000Z,2026-04-15T22:05:59.999Z,7,-1.147017,0.1480,1.6243,-114.7017,24.1955,LATE,-1
scalp_fade_3m,ETHUSDT,3m,-1,STOP,2026-04-15T22:21:00.000Z,2026-04-15T22:41:59.999Z,6,-1.114273,0.1458,1.1056,-111.4273,18.7966,LATE,1
scalp_fade_3m,ETHUSDT,3m,-1,TARGET,2026-04-16T00:33:00.000Z,2026-04-16T01:08:59.999Z,11,0.987582,1.3993,0.5325,98.7582,16.2331,ASIA,1
scalp_fade_3m,ETHUSDT,3m,-1,STOP,2026-04-16T02:21:00.000Z,2026-04-16T02:32:59.999Z,3,-1.149583,0.0429,1.5294,-114.9583,24.7223,ASIA,1
scalp_fade_3m,ETHUSDT,3m,1,TIME,2026-04-16T09:00:00.000Z,2026-04-16T10:02:59.999Z,20,-0.516175,0.9018,0.3556,-51.6175,26.9718,LONDON,1
scalp_fade_3m,ETHUSDT,3m,1,STOP,2026-04-16T10:27:00.000Z,2026-04-16T10:47:59.999Z,6,-1.155255,0.0065,0.8063,-115.5255,25.7914,LONDON,-1
scalp_fade_3m,ETHUSDT,3m,1,TARGET,2026-04-16T11:39:00.000Z,2026-04-16T12:02:59.999Z,7,0.738289,1.1850,0.2678,73.8289,24.1947,LONDON,-1
scalp_fade_3m,ETHUSDT,3m,1,STOP,2026-04-16T13:36:00.000Z,2026-04-16T13:41:59.999Z,1,-1.129047,0.0000,0.9458,-112.9047,21.5716,NY,1
scalp_fade_3m,ETHUSDT,3m,1,TARGET,2026-04-16T17:57:00.000Z,2026-04-16T18:47:59.999Z,16,1.077005,1.3031,0.3452,107.7005,13.4108,NY,1
scalp_fade_3m,ETHUSDT,3m,-1,TIME,2026-04-16T22:03:00.000Z,2026-04-16T23:05:59.999Z,20,-0.162805,0.8903,0.3441,-16.2805,24.7723,LATE,-1
scalp_fade_3m,ETHUSDT,3m,-1,TARGET,2026-04-17T00:33:00.000Z,2026-04-17T01:23:59.999Z,16,0.911666,1.8100,0.3493,91.1666,18.6147,ASIA,-1
scalp_fade_3m,ETHUSDT,3m,1,STOP,2026-04-17T03:18:00.000Z,2026-04-17T03:41:59.999Z,7,-1.200171,0.0000,1.1032,-120.0171,33.1806,ASIA,1
scalp_fade_3m,ETHUSDT,3m,1,TIME,2026-04-17T03:42:00.000Z,2026-04-17T04:44:59.999Z,20,0.372915,0.9749,0.2990,37.2915,32.1569,ASIA,-1
scalp_fade_3m,ETHUSDT,3m,1,STOP,2026-04-17T04:51:00.000Z,2026-04-17T05:05:59.999Z,4,-1.213897,0.0000,1.1958,-121.3897,35.5571,ASIA,1
scalp_fade_3m,ETHUSDT,3m,-1,TIME,2026-04-17T09:36:00.000Z,2026-04-17T10:38:59.999Z,20,0.316441,0.9083,0.5412,31.6441,13.0399,LONDON,1
scalp_fade_3m,ETHUSDT,3m,-1,STOP,2026-04-17T12:30:00.000Z,2026-04-17T12:47:59.999Z,5,-1.125312,0.3413,0.9182,-112.5312,20.6465,LONDON,1
scalp_fade_3m,ETHUSDT,3m,-1,STOP,2026-04-17T12:48:00.000Z,2026-04-17T12:53:59.999Z,1,-1.112868,0.0000,1.2970,-111.2868,18.6603,LONDON,1
scalp_fade_3m,ETHUSDT,3m,-1,STOP,2026-04-17T13:33:00.000Z,2026-04-17T13:53:59.999Z,6,-1.051448,0.1802,1.5374,-105.1448,8.3899,NY,1
scalp_fade_3m,ETHUSDT,3m,-1,TIME,2026-04-17T15:06:00.000Z,2026-04-17T16:08:59.999Z,20,-0.761194,0.1655,0.7906,-76.1194,12.6875,NY,-1
scalp_fade_3m,ETHUSDT,3m,-1,TARGET,2026-04-17T17:48:00.000Z,2026-04-17T18:11:59.999Z,7,1.169497,1.3668,0.1989,116.9497,10.4748,NY,-1
scalp_fade_3m,ETHUSDT,3m,-1,TIME,2026-04-17T19:18:00.000Z,2026-04-17T20:20:59.999Z,20,-0.402293,0.3751,0.5357,-40.2293,18.8076,NY,-1
scalp_fade_3m,ETHUSDT,3m,-1,STOP,2026-04-17T22:24:00.000Z,2026-04-17T22:32:59.999Z,2,-1.151579,0.0000,0.7962,-115.1579,25.0800,LATE,-1
scalp_fade_3m,ETHUSDT,3m,-1,STOP,2026-04-17T22:33:00.000Z,2026-04-17T22:35:59.999Z,0,-1.147105,0.0000,0.9197,-114.7105,24.3863,LATE,-1
scalp_fade_3m,ETHUSDT,3m,-1,TIME,2026-04-18T02:39:00.000Z,2026-04-18T03:41:59.999Z,20,0.248654,0.8830,0.2800,24.8654,32.5079,ASIA,-1
scalp_fade_3m,ETHUSDT,3m,1,STOP,2026-04-18T03:54:00.000Z,2026-04-18T03:56:59.999Z,0,-1.144667,0.0791,1.1386,-114.4667,24.1917,ASIA,-1
scalp_fade_3m,ETHUSDT,3m,1,STOP,2026-04-18T06:06:00.000Z,2026-04-18T06:26:59.999Z,6,-1.258384,0.1523,0.8375,-125.8384,42.8361,ASIA,1
scalp_fade_3m,ETHUSDT,3m,1,STOP,2026-04-18T11:33:00.000Z,2026-04-18T11:38:59.999Z,1,-1.148815,0.0000,0.8559,-114.8815,24.8558,LONDON,-1
scalp_fade_3m,ETHUSDT,3m,1,TARGET,2026-04-18T14:24:00.000Z,2026-04-18T14:44:59.999Z,6,0.912533,1.1253,0.1597,91.2533,18.6701,NY,1
scalp_fade_3m,ETHUSDT,3m,1,STOP,2026-04-18T16:03:00.000Z,2026-04-18T16:20:59.999Z,5,-1.175730,0.8963,1.0018,-117.5730,29.2057,NY,-1
scalp_fade_3m,ETHUSDT,3m,1,TIME,2026-04-18T17:15:00.000Z,2026-04-18T18:17:59.999Z,20,-0.482122,0.5367,0.2587,-48.2122,21.7429,NY,-1
scalp_fade_3m,ETHUSDT,3m,1,TIME,2026-04-18T20:21:00.000Z,2026-04-18T21:23:59.999Z,20,-0.550938,0.5591,0.5601,-55.0938,30.3189,NY,-1
scalp_fade_3m,ETHUSDT,3m,1,TIME,2026-04-18T21:27:00.000Z,2026-04-18T22:29:59.999Z,20,-0.237066,0.6058,0.4246,-23.7066,31.9924,LATE,1
scalp_fade_3m,ETHUSDT,3m,1,STOP,2026-04-19T04:00:00.000Z,2026-04-19T04:32:59.999Z,10,-1.207095,0.7126,0.9331,-120.7095,34.2177,ASIA,1
scalp_fade_3m,ETHUSDT,3m,1,STOP,2026-04-19T06:24:00.000Z,2026-04-19T07:11:59.999Z,15,-1.129688,0.2330,1.0517,-112.9688,21.3668,ASIA,1
scalp_fade_3m,ETHUSDT,3m,1,TIME,2026-04-19T07:45:00.000Z,2026-04-19T08:47:59.999Z,20,-0.118049,0.2958,0.4010,-11.8049,15.8508,LONDON,-1
scalp_fade_3m,ETHUSDT,3m,1,STOP,2026-04-19T09:09:00.000Z,2026-04-19T09:23:59.999Z,4,-1.185704,0.0041,0.8959,-118.5704,30.8878,LONDON,1
scalp_fade_3m,ETHUSDT,3m,1,STOP,2026-04-19T09:30:00.000Z,2026-04-19T09:47:59.999Z,5,-1.155068,0.0393,0.8869,-115.5068,25.7873,LONDON,1
scalp_fade_3m,ETHUSDT,3m,-1,TIME,2026-04-19T14:27:00.000Z,2026-04-19T15:29:59.999Z,20,-0.256603,0.3586,0.6662,-25.6603,21.8089,NY,-1
scalp_fade_3m,ETHUSDT,3m,1,TIME,2026-04-19T18:30:00.000Z,2026-04-19T19:32:59.999Z,20,-0.269501,0.4152,0.8257,-26.9501,16.1053,NY,-1
scalp_fade_3m,ETHUSDT,3m,1,STOP,2026-04-19T20:03:00.000Z,2026-04-19T20:41:59.999Z,12,-1.147387,0.2791,1.0500,-114.7387,24.3399,NY,1
scalp_fade_3m,ETHUSDT,3m,1,STOP,2026-04-19T20:42:00.000Z,2026-04-19T20:44:59.999Z,0,-1.128804,0.0000,1.0568,-112.8804,21.5536,NY,-1
scalp_fade_3m,ETHUSDT,3m,1,STOP,2026-04-19T21:51:00.000Z,2026-04-19T21:53:59.999Z,0,-1.143268,0.0000,1.0363,-114.3268,23.9591,LATE,1
scalp_fade_3m,ETHUSDT,3m,1,STOP,2026-04-20T02:03:00.000Z,2026-04-20T02:14:59.999Z,3,-1.145568,0.2789,1.3570,-114.5568,24.2658,ASIA,1
scalp_fade_3m,ETHUSDT,3m,1,STOP,2026-04-20T04:21:00.000Z,2026-04-20T05:08:59.999Z,15,-1.195124,0.4538,1.2278,-119.5124,32.0822,ASIA,1
scalp_fade_3m,ETHUSDT,3m,-1,TIME,2026-04-20T07:39:00.000Z,2026-04-20T08:41:59.999Z,20,0.002673,0.5183,0.4590,0.2673,10.2999,LONDON,1
scalp_fade_3m,ETHUSDT,3m,-1,STOP,2026-04-20T11:48:00.000Z,2026-04-20T12:20:59.999Z,10,-1.148699,0.6111,1.4563,-114.8699,24.3984,LONDON,1
scalp_fade_3m,ETHUSDT,3m,-1,TARGET,2026-04-20T13:09:00.000Z,2026-04-20T13:32:59.999Z,7,1.110684,1.4760,0.4519,111.0684,12.3424,NY,1
scalp_fade_3m,ETHUSDT,3m,-1,TARGET,2026-04-20T14:21:00.000Z,2026-04-20T14:56:59.999Z,11,1.238330,1.4465,0.5943,123.8330,8.2795,NY,-1
scalp_fade_3m,ETHUSDT,3m,-1,TIME,2026-04-20T15:24:00.000Z,2026-04-20T16:26:59.999Z,20,0.042361,0.3927,0.5746,4.2361,11.2382,NY,-1
scalp_fade_3m,ETHUSDT,3m,-1,STOP,2026-04-20T16:45:00.000Z,2026-04-20T17:14:59.999Z,9,-1.115644,0.6401,0.8615,-111.5644,18.9650,NY,-1
scalp_fade_3m,ETHUSDT,3m,-1,TIME,2026-04-20T18:42:00.000Z,2026-04-20T19:44:59.999Z,20,0.164740,0.5409,0.6737,16.4740,15.8600,NY,1
scalp_fade_3m,ETHUSDT,3m,-1,STOP,2026-04-20T20:03:00.000Z,2026-04-20T20:17:59.999Z,4,-1.160758,0.0856,0.8456,-116.0758,26.5516,NY,1
scalp_fade_3m,ETHUSDT,3m,-1,STOP,2026-04-20T20:18:00.000Z,2026-04-20T21:02:59.999Z,14,-1.149551,0.9057,0.9162,-114.9551,24.4383,NY,1
scalp_fade_3m,ETHUSDT,3m,1,TARGET,2026-04-21T00:09:00.000Z,2026-04-21T00:50:59.999Z,13,0.868286,1.2486,0.3667,86.8286,20.0350,ASIA,1
scalp_fade_3m,ETHUSDT,3m,-1,STOP,2026-04-21T01:18:00.000Z,2026-04-21T01:32:59.999Z,4,-1.156842,0.1003,0.8090,-115.6842,25.9016,ASIA,1
scalp_fade_3m,ETHUSDT,3m,1,TIME,2026-04-21T03:30:00.000Z,2026-04-21T04:32:59.999Z,20,-0.401276,0.6010,0.4606,-40.1276,25.8226,ASIA,-1
scalp_fade_3m,ETHUSDT,3m,1,TARGET,2026-04-21T06:03:00.000Z,2026-04-21T06:35:59.999Z,10,0.750131,2.3983,0.6447,75.0131,23.7987,ASIA,-1
scalp_fade_3m,ETHUSDT,3m,-1,STOP,2026-04-21T07:36:00.000Z,2026-04-21T07:50:59.999Z,4,-1.151330,0.0000,0.8088,-115.1330,24.9867,LONDON,1
scalp_fade_3m,ETHUSDT,3m,-1,TARGET,2026-04-21T10:45:00.000Z,2026-04-21T11:11:59.999Z,8,0.855860,1.7951,0.6780,85.5860,20.4286,LONDON,1
scalp_fade_3m,ETHUSDT,3m,1,TARGET,2026-04-21T14:03:00.000Z,2026-04-21T14:41:59.999Z,12,1.111551,1.4434,0.3660,111.1551,12.3311,NY,-1
scalp_fade_3m,ETHUSDT,3m,1,STOP,2026-04-21T14:48:00.000Z,2026-04-21T14:59:59.999Z,3,-1.090784,0.0970,1.3244,-109.0784,15.1832,NY,1
scalp_fade_3m,ETHUSDT,3m,-1,TARGET,2026-04-21T22:03:00.000Z,2026-04-21T22:32:59.999Z,9,0.875559,1.4360,0.5669,87.5559,19.7976,LATE,-1
scalp_fade_3m,ETHUSDT,3m,-1,STOP,2026-04-21T23:33:00.000Z,2026-04-21T23:44:59.999Z,3,-1.167361,0.0000,1.0749,-116.7361,27.6764,LATE,-1
scalp_fade_3m,ETHUSDT,3m,-1,TARGET,2026-04-22T01:15:00.000Z,2026-04-22T01:26:59.999Z,3,0.888619,1.2045,0.1667,88.8619,19.4162,ASIA,-1
scalp_fade_3m,ETHUSDT,3m,-1,STOP,2026-04-22T01:54:00.000Z,2026-04-22T02:11:59.999Z,5,-1.145323,0.0152,1.8485,-114.5323,23.9648,ASIA,1
scalp_fade_3m,ETHUSDT,3m,-1,STOP,2026-04-22T02:12:00.000Z,2026-04-22T02:17:59.999Z,1,-1.119770,0.1243,1.0996,-111.9770,19.8095,ASIA,1
scalp_fade_3m,ETHUSDT,3m,-1,STOP,2026-04-22T05:18:00.000Z,2026-04-22T05:26:59.999Z,2,-1.103076,0.2852,0.8625,-110.3076,17.0123,ASIA,1
scalp_fade_3m,ETHUSDT,3m,-1,TARGET,2026-04-22T07:18:00.000Z,2026-04-22T07:23:59.999Z,1,0.843328,1.1163,0.2266,84.3328,20.8679,LONDON,1
scalp_fade_3m,ETHUSDT,3m,-1,TIME,2026-04-22T07:45:00.000Z,2026-04-22T08:47:59.999Z,20,0.397392,0.9302,0.2137,39.7392,24.9526,LONDON,1
scalp_fade_3m,ETHUSDT,3m,-1,STOP,2026-04-22T11:03:00.000Z,2026-04-22T11:35:59.999Z,10,-1.213302,0.7272,0.9572,-121.3302,35.0555,LONDON,-1
scalp_fade_3m,ETHUSDT,3m,-1,STOP,2026-04-22T11:39:00.000Z,2026-04-22T11:50:59.999Z,3,-1.183925,0.0007,0.7533,-118.3925,30.4287,LONDON,-1
scalp_fade_3m,ETHUSDT,3m,-1,STOP,2026-04-22T12:30:00.000Z,2026-04-22T12:47:59.999Z,5,-1.145558,0.0672,1.0589,-114.5558,24.0038,LONDON,1
scalp_fade_3m,ETHUSDT,3m,-1,STOP,2026-04-22T13:39:00.000Z,2026-04-22T13:47:59.999Z,2,-1.096228,0.0000,1.1616,-109.6228,15.8731,NY,1
scalp_fade_3m,ETHUSDT,3m,-1,TIME,2026-04-22T15:39:00.000Z,2026-04-22T16:41:59.999Z,20,0.481415,0.8817,0.5096,48.1415,13.7439,NY,-1
scalp_fade_3m,ETHUSDT,3m,-1,TIME,2026-04-22T17:48:00.000Z,2026-04-22T18:50:59.999Z,20,-0.663519,0.3288,0.4890,-66.3519,19.8294,NY,1
scalp_fade_3m,ETHUSDT,3m,-1,TIME,2026-04-22T19:21:00.000Z,2026-04-22T20:23:59.999Z,20,0.049489,0.8231,0.6172,4.9489,21.4818,NY,-1
scalp_fade_3m,ETHUSDT,3m,-1,STOP,2026-04-22T22:06:00.000Z,2026-04-22T22:08:59.999Z,0,-1.187736,0.0000,0.7447,-118.7736,31.1589,LATE,1
scalp_fade_3m,ETHUSDT,3m,-1,TARGET,2026-04-22T22:09:00.000Z,2026-04-22T22:38:59.999Z,9,0.850212,1.0926,0.3192,85.0212,20.6020,LATE,1
scalp_fade_3m,ETHUSDT,3m,-1,TARGET,2026-04-22T23:00:00.000Z,2026-04-22T23:23:59.999Z,7,0.798555,1.5025,0.2800,79.8555,22.2541,LATE,-1
scalp_fade_3m,ETHUSDT,3m,1,STOP,2026-04-23T02:24:00.000Z,2026-04-23T02:26:59.999Z,0,-1.138619,0.0000,1.4722,-113.8619,23.1859,ASIA,-1
scalp_fade_3m,ETHUSDT,3m,1,TIME,2026-04-23T04:00:00.000Z,2026-04-23T05:02:59.999Z,20,0.537254,1.0174,0.4989,53.7254,23.2849,ASIA,-1
scalp_fade_3m,ETHUSDT,3m,1,STOP,2026-04-23T05:27:00.000Z,2026-04-23T05:32:59.999Z,1,-1.200673,0.0000,0.8078,-120.0673,33.4710,ASIA,1
scalp_fade_3m,ETHUSDT,3m,1,STOP,2026-04-23T07:18:00.000Z,2026-04-23T07:53:59.999Z,11,-1.186816,0.2577,1.1211,-118.6816,30.8482,LONDON,-1
scalp_fade_3m,ETHUSDT,3m,1,STOP,2026-04-23T07:54:00.000Z,2026-04-23T08:29:59.999Z,11,-1.148740,0.0000,0.8256,-114.8740,24.5875,LONDON,-1
scalp_fade_3m,ETHUSDT,3m,1,STOP,2026-04-23T12:48:00.000Z,2026-04-23T13:50:59.999Z,20,-1.136454,0.8224,0.8442,-113.6454,22.3601,LONDON,1
scalp_fade_3m,ETHUSDT,3m,1,TIME,2026-04-23T15:48:00.000Z,2026-04-23T16:50:59.999Z,20,-0.671537,0.1197,0.5561,-67.1537,18.8379,NY,1
scalp_fade_3m,ETHUSDT,3m,1,STOP,2026-04-23T16:54:00.000Z,2026-04-23T17:02:59.999Z,2,-1.141820,0.1758,0.9699,-114.1820,23.6689,NY,1
scalp_fade_3m,ETHUSDT,3m,1,STOP,2026-04-23T17:03:00.000Z,2026-04-23T17:11:59.999Z,2,-1.116755,0.1701,0.8109,-111.6755,19.5092,NY,1
scalp_fade_3m,ETHUSDT,3m,1,TIME,2026-04-23T17:54:00.000Z,2026-04-23T18:56:59.999Z,20,-0.032705,0.6586,0.1927,-3.2705,11.3839,NY,-1
scalp_fade_3m,ETHUSDT,3m,1,TARGET,2026-04-23T22:00:00.000Z,2026-04-23T22:08:59.999Z,2,0.807934,1.3695,0.1938,80.7934,22.0156,LATE,-1
scalp_fade_3m,ETHUSDT,3m,-1,STOP,2026-04-24T01:48:00.000Z,2026-04-24T01:53:59.999Z,1,-1.143503,0.0000,0.7951,-114.3503,23.7614,ASIA,-1
scalp_fade_3m,ETHUSDT,3m,1,TIME,2026-04-24T06:33:00.000Z,2026-04-24T07:35:59.999Z,20,-0.023307,0.6532,0.3963,-2.3307,29.1191,ASIA,1
scalp_fade_3m,ETHUSDT,3m,1,STOP,2026-04-24T07:39:00.000Z,2026-04-24T07:59:59.999Z,6,-1.198644,0.1874,0.7603,-119.8644,32.9626,LONDON,-1
scalp_fade_3m,ETHUSDT,3m,1,TIME,2026-04-24T09:24:00.000Z,2026-04-24T10:26:59.999Z,20,0.250811,0.8394,0.2959,25.0811,25.7549,LONDON,-1
scalp_fade_3m,ETHUSDT,3m,-1,TARGET,2026-04-24T13:03:00.000Z,2026-04-24T13:47:59.999Z,14,0.982989,1.2654,0.5464,98.2989,16.3648,NY,-1
scalp_fade_3m,ETHUSDT,3m,1,TARGET,2026-04-24T15:06:00.000Z,2026-04-24T15:44:59.999Z,12,1.043081,1.7491,0.4936,104.3081,14.5011,NY,1
scalp_fade_3m,ETHUSDT,3m,1,TIME,2026-04-24T18:15:00.000Z,2026-04-24T19:17:59.999Z,20,0.436753,1.0142,0.7154,43.6753,25.0545,NY,-1
scalp_fade_3m,ETHUSDT,3m,-1,TIME,2026-04-24T19:33:00.000Z,2026-04-24T20:35:59.999Z,20,-0.759501,0.6577,0.4712,-75.9501,31.2174,NY,1
scalp_fade_3m,ETHUSDT,3m,1,STOP,2026-04-25T00:06:00.000Z,2026-04-25T00:11:59.999Z,1,-1.314895,0.0000,0.6345,-131.4895,52.4469,ASIA,1
scalp_fade_3m,ETHUSDT,3m,-1,STOP,2026-04-25T03:24:00.000Z,2026-04-25T03:47:59.999Z,7,-1.309131,0.2752,0.6033,-130.9131,51.0215,ASIA,-1
scalp_fade_3m,ETHUSDT,3m,-1,TARGET,2026-04-25T04:12:00.000Z,2026-04-25T05:05:59.999Z,17,0.360646,0.9942,0.3094,36.0646,36.0578,ASIA,1
scalp_fade_3m,ETHUSDT,3m,1,STOP,2026-04-25T06:48:00.000Z,2026-04-25T07:02:59.999Z,4,-1.363829,0.2875,0.6233,-136.3829,60.3884,ASIA,1
scalp_fade_3m,ETHUSDT,3m,1,TARGET,2026-04-25T07:03:00.000Z,2026-04-25T07:59:59.999Z,18,0.326275,0.7960,0.3480,32.6275,37.1549,LONDON,1
scalp_fade_3m,ETHUSDT,3m,-1,STOP,2026-04-25T09:15:00.000Z,2026-04-25T09:17:59.999Z,0,-1.349355,0.0000,0.5089,-134.9355,58.0977,LONDON,-1
scalp_fade_3m,ETHUSDT,3m,-1,STOP,2026-04-25T09:42:00.000Z,2026-04-25T09:47:59.999Z,1,-1.270933,0.0000,0.8476,-127.0933,44.9795,LONDON,-1
scalp_fade_3m,ETHUSDT,3m,-1,TARGET,2026-04-25T11:00:00.000Z,2026-04-25T11:23:59.999Z,7,0.325177,1.4503,0.3199,32.5177,37.2864,LONDON,-1
scalp_fade_3m,ETHUSDT,3m,1,TIME,2026-04-25T14:06:00.000Z,2026-04-25T15:08:59.999Z,20,-0.823462,0.3439,0.3583,-82.3462,42.9999,NY,1
scalp_fade_3m,ETHUSDT,3m,1,STOP,2026-04-25T19:18:00.000Z,2026-04-25T19:29:59.999Z,3,-1.314142,0.0000,0.8423,-131.4142,52.2134,NY,-1
scalp_fade_3m,ETHUSDT,3m,1,STOP,2026-04-25T19:30:00.000Z,2026-04-25T19:35:59.999Z,1,-1.296482,0.0000,0.5447,-129.6482,49.3879,NY,-1
scalp_fade_3m,ETHUSDT,3m,1,TARGET,2026-04-25T20:06:00.000Z,2026-04-25T21:02:59.999Z,18,0.492181,1.0347,0.2968,49.2181,31.9060,NY,-1
scalp_fade_3m,ETHUSDT,3m,-1,TARGET,2026-04-25T23:36:00.000Z,2026-04-26T00:23:59.999Z,15,0.335439,0.7596,0.4279,33.5439,36.8769,LATE,-1
scalp_fade_3m,ETHUSDT,3m,1,TARGET,2026-04-26T04:06:00.000Z,2026-04-26T04:50:59.999Z,14,0.546504,1.6711,0.2606,54.6504,30.2214,ASIA,-1
scalp_fade_3m,ETHUSDT,3m,-1,STOP,2026-04-26T07:54:00.000Z,2026-04-26T07:56:59.999Z,0,-1.326831,0.0000,0.4939,-132.6831,54.3434,LONDON,1
scalp_fade_3m,ETHUSDT,3m,-1,STOP,2026-04-26T08:57:00.000Z,2026-04-26T09:53:59.999Z,18,-1.268770,0.3499,0.8401,-126.8770,43.8444,LONDON,1
scalp_fade_3m,ETHUSDT,3m,-1,TIME,2026-04-26T10:09:00.000Z,2026-04-26T11:11:59.999Z,20,-0.903706,0.3930,0.4376,-90.3706,43.2633,LONDON,1
scalp_fade_3m,ETHUSDT,3m,-1,TIME,2026-04-26T14:21:00.000Z,2026-04-26T15:23:59.999Z,20,-0.346744,0.3420,0.5730,-34.6744,25.9669,NY,1
scalp_fade_3m,ETHUSDT,3m,-1,STOP,2026-04-26T15:36:00.000Z,2026-04-26T16:02:59.999Z,8,-1.215812,0.2018,0.6811,-121.5812,35.5428,NY,-1
scalp_fade_3m,ETHUSDT,3m,-1,TIME,2026-04-26T16:12:00.000Z,2026-04-26T17:14:59.999Z,20,-0.494476,0.7634,0.3702,-49.4476,34.2083,NY,1
scalp_fade_3m,ETHUSDT,3m,-1,STOP,2026-04-26T18:09:00.000Z,2026-04-26T18:14:59.999Z,1,-1.195220,0.0000,2.2206,-119.5220,32.3726,NY,1
scalp_fade_3m,ETHUSDT,3m,-1,TIME,2026-04-26T19:27:00.000Z,2026-04-26T20:29:59.999Z,20,-0.490125,0.1471,0.5564,-49.0125,21.3313,NY,1
scalp_fade_3m,ETHUSDT,3m,-1,STOP,2026-04-26T21:57:00.000Z,2026-04-26T22:17:59.999Z,6,-1.103132,0.1175,1.3133,-110.3132,16.9512,LATE,-1
scalp_fade_3m,ETHUSDT,3m,-1,STOP,2026-04-26T23:24:00.000Z,2026-04-26T23:44:59.999Z,6,-1.151650,0.6828,0.8461,-115.1650,24.9881,LATE,1
scalp_fade_3m,ETHUSDT,3m,1,STOP,2026-04-27T07:48:00.000Z,2026-04-27T08:02:59.999Z,4,-1.184722,0.0981,0.8081,-118.4722,30.7252,LONDON,-1
scalp_fade_3m,ETHUSDT,3m,1,STOP,2026-04-27T08:09:00.000Z,2026-04-27T08:26:59.999Z,5,-1.165095,0.1593,0.7514,-116.5095,27.4462,LONDON,-1
scalp_fade_3m,ETHUSDT,3m,1,STOP,2026-04-27T11:06:00.000Z,2026-04-27T11:11:59.999Z,1,-1.228374,0.0000,0.7444,-122.8374,38.0731,LONDON,1
scalp_fade_3m,ETHUSDT,3m,1,STOP,2026-04-27T12:03:00.000Z,2026-04-27T12:38:59.999Z,11,-1.246469,0.5377,0.8379,-124.6469,40.6567,LONDON,-1
scalp_fade_3m,ETHUSDT,3m,1,STOP,2026-04-27T13:12:00.000Z,2026-04-27T13:32:59.999Z,6,-1.205753,0.0194,0.8618,-120.5753,34.1376,NY,-1
scalp_fade_3m,ETHUSDT,3m,1,STOP,2026-04-27T13:33:00.000Z,2026-04-27T13:47:59.999Z,4,-1.186877,0.6214,1.8740,-118.6877,31.0820,NY,1
scalp_fade_3m,ETHUSDT,3m,1,TARGET,2026-04-27T13:48:00.000Z,2026-04-27T14:38:59.999Z,16,1.098111,1.4663,0.4585,109.8111,12.7427,NY,-1
scalp_fade_3m,ETHUSDT,3m,1,STOP,2026-04-27T14:54:00.000Z,2026-04-27T15:05:59.999Z,3,-1.101877,0.1113,1.8457,-110.1877,17.0224,NY,1
scalp_fade_3m,ETHUSDT,3m,1,STOP,2026-04-27T19:21:00.000Z,2026-04-27T19:26:59.999Z,1,-1.206146,0.0000,0.8986,-120.6146,34.3803,NY,-1
scalp_fade_3m,ETHUSDT,3m,1,STOP,2026-04-28T09:33:00.000Z,2026-04-28T09:47:59.999Z,4,-1.215886,0.0000,0.8760,-121.5886,35.8865,LONDON,1
scalp_fade_3m,ETHUSDT,3m,1,STOP,2026-04-28T13:30:00.000Z,2026-04-28T14:26:59.999Z,18,-1.121788,1.1279,0.8627,-112.1788,20.0117,NY,-1
scalp_fade_3m,ETHUSDT,3m,-1,STOP,2026-04-28T18:57:00.000Z,2026-04-28T19:47:59.999Z,16,-1.171401,0.5239,1.0943,-117.1401,27.9706,NY,1
scalp_fade_3m,ETHUSDT,3m,-1,TIME,2026-04-28T21:57:00.000Z,2026-04-28T22:59:59.999Z,20,-0.055460,0.5329,0.6903,-5.5460,29.3310,LATE,-1
scalp_fade_3m,ETHUSDT,3m,-1,STOP,2026-04-28T23:48:00.000Z,2026-04-28T23:59:59.999Z,3,-1.260995,0.0000,0.6202,-126.0995,43.2348,LATE,-1
scalp_fade_3m,ETHUSDT,3m,-1,STOP,2026-04-29T00:09:00.000Z,2026-04-29T00:56:59.999Z,15,-1.252700,0.5771,1.0658,-125.2700,41.3418,ASIA,-1
scalp_fade_3m,ETHUSDT,3m,-1,TIME,2026-04-29T07:33:00.000Z,2026-04-29T08:35:59.999Z,20,-0.037889,0.6544,0.6494,-3.7889,30.0856,LONDON,1
scalp_fade_3m,ETHUSDT,3m,-1,STOP,2026-04-29T09:15:00.000Z,2026-04-29T09:20:59.999Z,1,-1.200895,0.0000,0.7207,-120.0895,33.3175,LONDON,1
scalp_fade_3m,ETHUSDT,3m,-1,TARGET,2026-04-29T11:36:00.000Z,2026-04-29T12:11:59.999Z,11,0.834530,1.0918,0.4824,83.4530,21.0878,LONDON,-1
scalp_fade_3m,ETHUSDT,3m,1,STOP,2026-04-29T18:06:00.000Z,2026-04-29T18:08:59.999Z,0,-1.100205,0.0000,2.0421,-110.0205,16.7975,NY,1
scalp_fade_3m,ETHUSDT,3m,1,TARGET,2026-04-29T21:00:00.000Z,2026-04-29T21:47:59.999Z,15,0.982949,2.4021,0.3542,98.2949,16.3929,LATE,1
scalp_fade_3m,ETHUSDT,3m,1,STOP,2026-04-29T23:06:00.000Z,2026-04-29T23:26:59.999Z,6,-1.207778,0.8159,0.8042,-120.7778,34.4722,LATE,1
scalp_fade_3m,ETHUSDT,3m,1,TARGET,2026-04-30T00:21:00.000Z,2026-04-30T00:32:59.999Z,3,0.933559,1.1379,0.4475,93.3559,18.0179,ASIA,-1
scalp_fade_3m,ETHUSDT,3m,1,STOP,2026-04-30T04:06:00.000Z,2026-04-30T04:20:59.999Z,4,-1.162733,0.1208,0.7778,-116.2733,27.0834,ASIA,1
scalp_fade_3m,ETHUSDT,3m,1,STOP,2026-04-30T05:27:00.000Z,2026-04-30T05:29:59.999Z,0,-1.166398,0.0000,0.8704,-116.6398,27.8058,ASIA,-1
scalp_fade_3m,ETHUSDT,3m,1,TIME,2026-04-30T05:33:00.000Z,2026-04-30T06:35:59.999Z,20,0.353650,0.9700,0.1378,35.3650,22.6689,ASIA,-1
scalp_fade_3m,ETHUSDT,3m,1,TARGET,2026-04-30T06:45:00.000Z,2026-04-30T07:32:59.999Z,15,0.867668,1.1146,0.6299,86.7668,20.0432,ASIA,1
scalp_fade_3m,ETHUSDT,3m,-1,STOP,2026-04-30T12:18:00.000Z,2026-04-30T12:20:59.999Z,0,-1.175734,0.0000,0.7610,-117.5734,29.1584,LONDON,1
scalp_fade_3m,ETHUSDT,3m,-1,TARGET,2026-04-30T13:42:00.000Z,2026-04-30T14:17:59.999Z,11,1.014745,1.8313,0.7334,101.4745,15.3715,NY,-1
scalp_fade_3m,ETHUSDT,3m,-1,TIME,2026-04-30T14:33:00.000Z,2026-04-30T15:35:59.999Z,20,-0.340090,0.5519,0.7579,-34.0090,13.7727,NY,-1
scalp_fade_3m,ETHUSDT,3m,1,TIME,2026-04-30T17:33:00.000Z,2026-04-30T18:35:59.999Z,20,-0.457651,0.6313,0.3811,-45.7651,27.8840,NY,-1
scalp_fade_3m,ETHUSDT,3m,-1,STOP,2026-05-01T03:09:00.000Z,2026-05-01T03:17:59.999Z,2,-1.246671,0.0000,1.8513,-124.6671,40.8970,ASIA,-1
scalp_fade_3m,ETHUSDT,3m,-1,TIME,2026-05-01T05:06:00.000Z,2026-05-01T06:08:59.999Z,20,-0.626535,0.2727,0.4609,-62.6535,32.7861,ASIA,-1
scalp_fade_3m,ETHUSDT,3m,-1,STOP,2026-05-01T06:12:00.000Z,2026-05-01T06:17:59.999Z,1,-1.245644,0.0000,0.6640,-124.5644,40.7686,ASIA,1
scalp_fade_3m,ETHUSDT,3m,-1,STOP,2026-05-01T07:51:00.000Z,2026-05-01T08:14:59.999Z,7,-1.205806,0.3067,0.7403,-120.5806,33.9237,LONDON,-1
scalp_fade_3m,ETHUSDT,3m,-1,STOP,2026-05-01T12:15:00.000Z,2026-05-01T12:17:59.999Z,0,-1.160046,0.0000,1.3459,-116.0046,26.5433,LONDON,-1
scalp_fade_3m,ETHUSDT,3m,-1,TIME,2026-05-01T16:03:00.000Z,2026-05-01T17:05:59.999Z,20,0.529672,1.1145,0.2664,52.9672,20.5649,NY,1
scalp_fade_3m,ETHUSDT,3m,-1,TARGET,2026-05-01T19:54:00.000Z,2026-05-01T20:20:59.999Z,8,0.572465,0.9582,0.4936,57.2465,29.4254,NY,-1
scalp_fade_3m,ETHUSDT,3m,1,TIME,2026-05-01T21:45:00.000Z,2026-05-01T22:47:59.999Z,20,-0.130496,1.0397,0.1883,-13.0496,26.7298,LATE,1
scalp_fade_3m,ETHUSDT,3m,1,STOP,2026-05-02T02:12:00.000Z,2026-05-02T02:26:59.999Z,4,-1.277456,0.0000,0.5798,-127.7456,46.0835,ASIA,-1
scalp_fade_3m,ETHUSDT,3m,-1,STOP,2026-05-02T05:48:00.000Z,2026-05-02T06:05:59.999Z,5,-1.287933,0.0642,0.6250,-128.7933,47.6121,ASIA,-1
scalp_fade_3m,ETHUSDT,3m,-1,STOP,2026-05-02T14:27:00.000Z,2026-05-02T14:53:59.999Z,8,-1.280197,0.0614,0.5534,-128.0197,46.1859,NY,-1
scalp_fade_3m,ETHUSDT,3m,-1,STOP,2026-05-02T18:18:00.000Z,2026-05-02T18:20:59.999Z,0,-1.309524,0.0000,0.6477,-130.9524,51.4587,NY,-1
scalp_fade_3m,ETHUSDT,3m,-1,TIME,2026-05-02T19:15:00.000Z,2026-05-02T20:17:59.999Z,20,-0.619546,0.2085,0.4552,-61.9546,48.9774,NY,1
scalp_fade_3m,ETHUSDT,3m,-1,STOP_GAP,2026-05-02T20:21:00.000Z,2026-05-02T20:23:59.999Z,0,-1.434770,0.0000,0.3940,-143.4770,65.1983,NY,-1
scalp_fade_3m,ETHUSDT,3m,-1,STOP,2026-05-02T20:33:00.000Z,2026-05-02T20:35:59.999Z,0,-1.371748,0.0000,0.4807,-137.1748,61.8303,NY,-1
scalp_fade_3m,ETHUSDT,3m,-1,STOP,2026-05-02T20:39:00.000Z,2026-05-02T20:41:59.999Z,0,-1.365714,0.0000,0.5914,-136.5714,60.8245,NY,-1
scalp_fade_3m,ETHUSDT,3m,-1,STOP,2026-05-02T20:51:00.000Z,2026-05-02T20:53:59.999Z,0,-1.359593,0.0000,0.5711,-135.9593,59.8043,NY,1
scalp_fade_3m,ETHUSDT,3m,-1,TARGET,2026-05-02T21:39:00.000Z,2026-05-02T22:20:59.999Z,13,1.065501,1.3850,0.1628,106.5501,13.7537,LATE,1
scalp_fade_3m,ETHUSDT,3m,1,STOP,2026-05-03T02:12:00.000Z,2026-05-03T02:14:59.999Z,0,-1.218882,0.0000,0.7292,-121.8882,36.5341,ASIA,-1
scalp_fade_3m,ETHUSDT,3m,1,STOP,2026-05-03T03:51:00.000Z,2026-05-03T04:05:59.999Z,4,-1.272721,0.0000,0.5713,-127.2721,45.2993,ASIA,-1
scalp_fade_3m,ETHUSDT,3m,1,STOP,2026-05-03T06:06:00.000Z,2026-05-03T06:08:59.999Z,0,-1.344417,0.0000,0.4443,-134.4417,57.4112,ASIA,-1
scalp_fade_3m,ETHUSDT,3m,1,STOP,2026-05-03T06:33:00.000Z,2026-05-03T06:44:59.999Z,3,-1.336061,0.0000,0.4516,-133.6061,55.8472,ASIA,-1
scalp_fade_3m,ETHUSDT,3m,-1,STOP,2026-05-03T14:03:00.000Z,2026-05-03T14:53:59.999Z,16,-1.230176,0.4198,0.8061,-123.0176,37.6066,NY,-1
scalp_fade_3m,ETHUSDT,3m,-1,STOP,2026-05-03T16:27:00.000Z,2026-05-03T16:35:59.999Z,2,-1.205076,0.0000,1.3187,-120.5076,33.9784,NY,-1
scalp_fade_3m,ETHUSDT,3m,-1,STOP,2026-05-03T19:33:00.000Z,2026-05-03T19:35:59.999Z,0,-1.299409,0.0000,1.6243,-129.9409,49.7728,NY,-1
scalp_fade_3m,ETHUSDT,3m,-1,STOP,2026-05-03T20:27:00.000Z,2026-05-03T20:35:59.999Z,2,-1.210454,0.0000,1.5708,-121.0454,34.8730,NY,1
scalp_fade_3m,ETHUSDT,3m,-1,STOP,2026-05-03T22:03:00.000Z,2026-05-03T22:14:59.999Z,3,-1.105018,0.5962,0.9882,-110.5018,17.3173,LATE,-1
scalp_fade_3m,ETHUSDT,3m,1,TARGET,2026-05-04T01:03:00.000Z,2026-05-04T01:32:59.999Z,9,1.005610,2.3236,0.3868,100.5610,15.7019,ASIA,-1
scalp_fade_3m,ETHUSDT,3m,-1,STOP,2026-05-04T09:33:00.000Z,2026-05-04T09:44:59.999Z,3,-1.178780,0.0563,0.7232,-117.8780,29.5738,LONDON,1
scalp_fade_3m,ETHUSDT,3m,1,TIME,2026-05-04T11:42:00.000Z,2026-05-04T12:44:59.999Z,20,0.203482,0.7896,0.1971,20.3482,21.3274,LONDON,1
scalp_fade_3m,ETHUSDT,3m,1,STOP,2026-05-04T13:00:00.000Z,2026-05-04T13:02:59.999Z,0,-1.172435,0.0000,1.4035,-117.2435,28.8097,NY,1
scalp_fade_3m,ETHUSDT,3m,1,STOP,2026-05-04T13:39:00.000Z,2026-05-04T14:08:59.999Z,9,-1.126623,0.3563,0.8831,-112.6623,20.9941,NY,-1
scalp_fade_3m,ETHUSDT,3m,1,TARGET,2026-05-04T14:12:00.000Z,2026-05-04T14:26:59.999Z,4,1.084339,1.2508,0.1292,108.4339,13.2234,NY,-1
scalp_fade_3m,ETHUSDT,3m,-1,TARGET,2026-05-04T15:15:00.000Z,2026-05-04T15:20:59.999Z,1,1.170784,1.4236,0.3514,117.0784,10.4517,NY,-1
scalp_fade_3m,ETHUSDT,3m,-1,TIME,2026-05-04T18:03:00.000Z,2026-05-04T19:05:59.999Z,20,0.356923,1.0335,0.6144,35.6923,19.6200,NY,1
scalp_fade_3m,ETHUSDT,3m,-1,STOP,2026-05-05T01:36:00.000Z,2026-05-05T01:38:59.999Z,0,-1.200707,0.0000,0.8747,-120.0707,33.3209,ASIA,1
scalp_fade_3m,ETHUSDT,3m,-1,STOP,2026-05-05T02:06:00.000Z,2026-05-05T02:47:59.999Z,13,-1.149049,0.3831,0.8603,-114.9049,24.3808,ASIA,1
scalp_fade_3m,ETHUSDT,3m,-1,STOP,2026-05-05T02:48:00.000Z,2026-05-05T03:20:59.999Z,10,-1.130418,0.3120,0.9912,-113.0418,21.3826,ASIA,1
scalp_fade_3m,ETHUSDT,3m,-1,STOP,2026-05-05T04:51:00.000Z,2026-05-05T05:38:59.999Z,15,-1.170297,0.5100,0.7536,-117.0297,27.8181,ASIA,-1
scalp_fade_3m,ETHUSDT,3m,-1,TIME,2026-05-05T07:48:00.000Z,2026-05-05T08:50:59.999Z,20,0.148834,0.9169,0.4059,14.8834,26.4536,LONDON,1
scalp_fade_3m,ETHUSDT,3m,-1,STOP,2026-05-05T11:03:00.000Z,2026-05-05T11:38:59.999Z,11,-1.187592,0.5504,0.7422,-118.7592,30.7825,LONDON,-1
scalp_fade_3m,ETHUSDT,3m,-1,STOP,2026-05-05T13:27:00.000Z,2026-05-05T13:50:59.999Z,7,-1.129121,0.5719,0.8131,-112.9121,21.2342,NY,1
scalp_fade_3m,ETHUSDT,3m,1,TARGET,2026-05-05T19:36:00.000Z,2026-05-05T20:14:59.999Z,12,0.703000,1.5944,0.5192,70.3000,25.2789,NY,1
scalp_fade_3m,ETHUSDT,3m,1,STOP,2026-05-05T22:54:00.000Z,2026-05-05T23:35:59.999Z,13,-1.096453,0.2786,0.8756,-109.6453,15.9572,LATE,-1
scalp_fade_3m,ETHUSDT,3m,1,STOP,2026-05-06T00:00:00.000Z,2026-05-06T00:50:59.999Z,16,-1.171470,0.5588,1.0121,-117.1470,28.1798,ASIA,-1
scalp_fade_3m,ETHUSDT,3m,-1,STOP,2026-05-06T10:45:00.000Z,2026-05-06T11:17:59.999Z,10,-1.141490,0.0554,1.1333,-114.1490,23.2091,LONDON,1
scalp_fade_3m,ETHUSDT,3m,-1,TARGET,2026-05-06T12:21:00.000Z,2026-05-06T13:08:59.999Z,15,1.089677,1.9562,0.3607,108.9677,12.9800,LONDON,-1
scalp_fade_3m,ETHUSDT,3m,1,STOP,2026-05-06T15:45:00.000Z,2026-05-06T16:29:59.999Z,14,-1.131915,0.7809,0.9352,-113.1915,21.7538,NY,-1
scalp_fade_3m,ETHUSDT,3m,1,STOP,2026-05-06T17:18:00.000Z,2026-05-06T18:11:59.999Z,17,-1.145825,0.3366,0.8092,-114.5825,23.9601,NY,-1
scalp_fade_3m,ETHUSDT,3m,1,STOP,2026-05-06T22:09:00.000Z,2026-05-06T22:26:59.999Z,5,-1.176340,0.0276,0.7330,-117.6340,29.3066,LATE,1
scalp_fade_3m,ETHUSDT,3m,1,STOP,2026-05-07T06:09:00.000Z,2026-05-07T06:14:59.999Z,1,-1.212762,0.0000,0.9384,-121.2762,35.4794,ASIA,-1
scalp_fade_3m,ETHUSDT,3m,-1,TIME,2026-05-07T08:54:00.000Z,2026-05-07T09:56:59.999Z,20,0.478767,1.0905,0.1577,47.8767,26.0384,LONDON,-1
scalp_fade_3m,ETHUSDT,3m,1,STOP,2026-05-07T10:12:00.000Z,2026-05-07T10:29:59.999Z,5,-1.160575,0.2928,1.0448,-116.0575,26.6984,LONDON,1
scalp_fade_3m,ETHUSDT,3m,1,TARGET,2026-05-07T11:51:00.000Z,2026-05-07T12:05:59.999Z,4,0.752585,1.0093,0.3695,75.2585,23.7612,LONDON,1
scalp_fade_3m,ETHUSDT,3m,1,STOP,2026-05-07T13:24:00.000Z,2026-05-07T13:29:59.999Z,1,-1.164861,0.0000,0.7584,-116.4861,27.5214,NY,-1
scalp_fade_3m,ETHUSDT,3m,1,TARGET,2026-05-07T17:27:00.000Z,2026-05-07T17:56:59.999Z,9,1.095320,1.2406,0.4022,109.5320,12.8564,NY,-1
scalp_fade_3m,ETHUSDT,3m,1,STOP,2026-05-07T18:45:00.000Z,2026-05-07T18:50:59.999Z,1,-1.143333,0.0233,0.7696,-114.3333,23.9450,NY,1
scalp_fade_3m,ETHUSDT,3m,1,STOP,2026-05-07T19:36:00.000Z,2026-05-07T19:53:59.999Z,5,-1.164087,0.3748,0.7275,-116.4087,27.2795,NY,-1
scalp_fade_3m,ETHUSDT,3m,1,TIME,2026-05-07T19:54:00.000Z,2026-05-07T20:56:59.999Z,20,-0.742753,1.0374,0.4972,-74.2753,23.4962,NY,-1
scalp_fade_3m,ETHUSDT,3m,1,TIME,2026-05-07T22:24:00.000Z,2026-05-07T23:26:59.999Z,20,-0.245723,0.3687,0.7211,-24.5723,23.8973,LATE,-1
scalp_fade_3m,ETHUSDT,3m,1,TIME,2026-05-07T23:36:00.000Z,2026-05-08T00:38:59.999Z,20,-0.827616,0.8864,0.2554,-82.7616,36.4590,LATE,1
scalp_fade_3m,ETHUSDT,3m,1,STOP,2026-05-08T02:03:00.000Z,2026-05-08T02:17:59.999Z,4,-1.148463,0.3136,1.2890,-114.8463,24.7202,ASIA,-1
scalp_fade_3m,ETHUSDT,3m,1,STOP,2026-05-08T03:03:00.000Z,2026-05-08T03:05:59.999Z,0,-1.144046,0.0000,0.9815,-114.4046,24.0885,ASIA,-1
scalp_fade_3m,ETHUSDT,3m,1,TIME,2026-05-08T04:36:00.000Z,2026-05-08T05:38:59.999Z,20,-0.291359,0.6010,0.5968,-29.1359,36.0137,ASIA,1
scalp_fade_3m,ETHUSDT,3m,1,STOP,2026-05-08T05:48:00.000Z,2026-05-08T06:02:59.999Z,4,-1.205329,0.1925,1.5984,-120.5329,34.1381,ASIA,1
scalp_fade_3m,ETHUSDT,3m,1,TARGET,2026-05-08T09:03:00.000Z,2026-05-08T09:14:59.999Z,3,0.724850,1.0985,0.2912,72.4850,24.6491,LONDON,1
scalp_fade_3m,ETHUSDT,3m,-1,STOP,2026-05-08T10:33:00.000Z,2026-05-08T10:38:59.999Z,1,-1.204305,0.0000,0.8969,-120.4305,33.8853,LONDON,-1
scalp_fade_3m,ETHUSDT,3m,-1,STOP,2026-05-08T10:57:00.000Z,2026-05-08T11:02:59.999Z,1,-1.205000,0.0368,0.8039,-120.5000,34.0010,LONDON,-1
scalp_fade_3m,ETHUSDT,3m,-1,STOP,2026-05-08T12:18:00.000Z,2026-05-08T12:32:59.999Z,4,-1.187240,0.3864,1.4738,-118.7240,30.9473,LONDON,1
scalp_fade_3m,ETHUSDT,3m,1,TIME,2026-05-08T14:33:00.000Z,2026-05-08T15:35:59.999Z,20,-0.097620,0.8684,0.3355,-9.7620,18.0460,NY,-1
scalp_fade_3m,ETHUSDT,3m,-1,STOP,2026-05-08T17:03:00.000Z,2026-05-08T17:05:59.999Z,0,-1.167116,0.0000,0.8370,-116.7116,27.7219,NY,1
scalp_fade_3m,ETHUSDT,3m,-1,STOP,2026-05-08T18:00:00.000Z,2026-05-08T18:17:59.999Z,5,-1.109768,0.0000,1.1148,-110.9768,18.0690,NY,1
scalp_fade_3m,ETHUSDT,3m,-1,TARGET,2026-05-08T19:42:00.000Z,2026-05-08T20:44:59.999Z,20,0.849807,1.1628,0.2488,84.9807,20.5508,NY,1
scalp_fade_3m,ETHUSDT,3m,-1,STOP,2026-05-09T00:18:00.000Z,2026-05-09T00:20:59.999Z,0,-1.285071,0.0000,0.7567,-128.5071,47.3829,ASIA,-1
scalp_fade_3m,ETHUSDT,3m,-1,STOP,2026-05-09T00:21:00.000Z,2026-05-09T00:23:59.999Z,0,-1.270069,0.0000,0.6094,-127.0069,44.8823,ASIA,-1
scalp_fade_3m,ETHUSDT,3m,-1,STOP,2026-05-09T01:30:00.000Z,2026-05-09T01:32:59.999Z,0,-1.246564,0.0000,0.8554,-124.6564,40.9645,ASIA,1
scalp_fade_3m,ETHUSDT,3m,-1,STOP,2026-05-09T03:06:00.000Z,2026-05-09T03:20:59.999Z,4,-1.252095,0.0000,0.6083,-125.2095,41.7126,ASIA,-1
scalp_fade_3m,ETHUSDT,3m,-1,STOP,2026-05-09T06:03:00.000Z,2026-05-09T06:05:59.999Z,0,-1.290881,0.0000,0.6867,-129.0881,48.3513,ASIA,1
scalp_fade_3m,ETHUSDT,3m,-1,STOP,2026-05-09T06:30:00.000Z,2026-05-09T06:35:59.999Z,1,-1.282867,0.0000,0.7278,-128.2867,46.9666,ASIA,1
scalp_fade_3m,ETHUSDT,3m,-1,TIME,2026-05-09T08:03:00.000Z,2026-05-09T09:05:59.999Z,20,-0.559460,0.2896,0.4938,-55.9460,41.4433,LONDON,-1
scalp_fade_3m,ETHUSDT,3m,-1,STOP,2026-05-09T11:18:00.000Z,2026-05-09T11:23:59.999Z,1,-1.318571,0.0000,0.6284,-131.8571,52.9115,LONDON,1
scalp_fade_3m,ETHUSDT,3m,-1,STOP,2026-05-09T11:48:00.000Z,2026-05-09T11:56:59.999Z,2,-1.372667,0.0000,0.5422,-137.2667,61.8547,LONDON,1
scalp_fade_3m,ETHUSDT,3m,-1,STOP,2026-05-09T12:24:00.000Z,2026-05-09T12:26:59.999Z,0,-1.269645,0.0000,0.5531,-126.9645,44.8117,LONDON,-1
scalp_fade_3m,ETHUSDT,3m,1,STOP,2026-05-09T14:24:00.000Z,2026-05-09T14:41:59.999Z,5,-1.227239,0.0353,0.7272,-122.7239,37.7277,NY,1
scalp_fade_3m,ETHUSDT,3m,1,STOP,2026-05-09T15:06:00.000Z,2026-05-09T15:11:59.999Z,1,-1.187104,0.0000,1.2354,-118.7104,31.2168,NY,-1
scalp_fade_3m,ETHUSDT,3m,-1,TIME,2026-05-09T17:21:00.000Z,2026-05-09T18:23:59.999Z,20,-0.689916,0.0320,0.6210,-68.9916,23.0378,NY,1
scalp_fade_3m,ETHUSDT,3m,-1,TARGET,2026-05-09T18:27:00.000Z,2026-05-09T18:56:59.999Z,9,0.806171,1.0919,0.2602,80.6171,21.9998,NY,1
scalp_fade_3m,ETHUSDT,3m,-1,STOP,2026-05-09T21:03:00.000Z,2026-05-09T21:05:59.999Z,0,-1.343530,0.0000,0.5046,-134.3530,57.1269,LATE,-1
scalp_fade_3m,ETHUSDT,3m,-1,STOP,2026-05-09T21:45:00.000Z,2026-05-09T21:50:59.999Z,1,-1.336870,0.0000,0.8186,-133.6870,55.9586,LATE,1
scalp_fade_3m,ETHUSDT,3m,-1,STOP,2026-05-09T21:51:00.000Z,2026-05-09T22:17:59.999Z,8,-1.296629,0.0000,0.5913,-129.6629,48.9021,LATE,1
scalp_fade_3m,ETHUSDT,3m,-1,STOP,2026-05-09T22:18:00.000Z,2026-05-09T22:44:59.999Z,8,-1.287548,0.6347,0.6564,-128.7548,47.4011,LATE,1
scalp_fade_3m,ETHUSDT,3m,-1,STOP,2026-05-10T04:03:00.000Z,2026-05-10T04:32:59.999Z,9,-1.244520,0.0957,0.7289,-124.4520,40.2468,ASIA,1
scalp_fade_3m,ETHUSDT,3m,-1,STOP,2026-05-10T06:03:00.000Z,2026-05-10T06:38:59.999Z,11,-1.317315,0.0926,0.6400,-131.7315,52.1600,ASIA,1
scalp_fade_3m,ETHUSDT,3m,-1,STOP,2026-05-10T06:51:00.000Z,2026-05-10T07:05:59.999Z,4,-1.290471,0.0000,0.6661,-129.0471,48.0827,ASIA,1
scalp_fade_3m,ETHUSDT,3m,-1,STOP,2026-05-10T07:24:00.000Z,2026-05-10T08:11:59.999Z,15,-1.283903,0.4493,0.5380,-128.3903,46.4627,LONDON,1
scalp_fade_3m,ETHUSDT,3m,-1,STOP,2026-05-10T08:12:00.000Z,2026-05-10T08:23:59.999Z,3,-1.288531,0.0000,0.5640,-128.8531,47.8103,LONDON,-1
scalp_fade_3m,ETHUSDT,3m,1,STOP,2026-05-10T11:21:00.000Z,2026-05-10T11:23:59.999Z,0,-1.244601,0.0000,0.8132,-124.4601,40.8113,LONDON,-1
scalp_fade_3m,ETHUSDT,3m,1,TIME,2026-05-10T12:03:00.000Z,2026-05-10T13:05:59.999Z,20,-0.249723,0.5342,0.4723,-24.9723,45.6601,LONDON,-1
scalp_fade_3m,ETHUSDT,3m,-1,STOP,2026-05-10T14:51:00.000Z,2026-05-10T15:02:59.999Z,3,-1.196140,0.0000,0.9591,-119.6140,32.4583,NY,1
scalp_fade_3m,ETHUSDT,3m,-1,STOP,2026-05-10T17:15:00.000Z,2026-05-10T17:23:59.999Z,2,-1.144662,0.0000,1.0234,-114.4662,23.9295,NY,1
scalp_fade_3m,ETHUSDT,3m,-1,STOP,2026-05-10T19:18:00.000Z,2026-05-10T19:26:59.999Z,2,-1.173390,0.0000,0.8379,-117.3390,28.7079,NY,-1
scalp_fade_3m,ETHUSDT,3m,-1,TARGET,2026-05-11T00:03:00.000Z,2026-05-11T00:17:59.999Z,4,1.004596,1.9883,0.1360,100.4596,15.7246,ASIA,-1
scalp_fade_3m,ETHUSDT,3m,-1,TARGET,2026-05-11T01:42:00.000Z,2026-05-11T02:32:59.999Z,16,1.048619,1.2988,0.2439,104.8619,14.2768,ASIA,1
scalp_fade_3m,ETHUSDT,3m,1,STOP,2026-05-11T08:03:00.000Z,2026-05-11T08:11:59.999Z,2,-1.214586,0.0204,0.7199,-121.4586,35.7453,LONDON,-1
scalp_fade_3m,ETHUSDT,3m,1,STOP,2026-05-11T08:18:00.000Z,2026-05-11T08:32:59.999Z,4,-1.206824,0.3254,0.7279,-120.6824,34.3857,LONDON,1
scalp_fade_3m,ETHUSDT,3m,1,STOP,2026-05-11T10:06:00.000Z,2026-05-11T10:38:59.999Z,10,-1.247468,0.5866,0.8110,-124.7468,40.8629,LONDON,1
scalp_fade_3m,ETHUSDT,3m,1,STOP,2026-05-11T12:06:00.000Z,2026-05-11T12:08:59.999Z,0,-1.241440,0.0000,0.6358,-124.1440,40.2856,LONDON,1
scalp_fade_3m,ETHUSDT,3m,1,STOP,2026-05-11T12:21:00.000Z,2026-05-11T12:53:59.999Z,10,-1.216326,0.9484,0.7270,-121.6326,35.7372,LONDON,1
scalp_fade_3m,ETHUSDT,3m,1,STOP,2026-05-11T13:45:00.000Z,2026-05-11T14:29:59.999Z,14,-1.124616,0.1528,1.3600,-112.4616,20.5574,NY,-1
scalp_fade_3m,ETHUSDT,3m,-1,TIME,2026-05-11T19:24:00.000Z,2026-05-11T20:26:59.999Z,20,-0.143523,0.5105,0.5729,-14.3523,26.0967,NY,-1
scalp_fade_3m,ETHUSDT,3m,-1,STOP,2026-05-11T21:15:00.000Z,2026-05-11T22:02:59.999Z,15,-1.235498,0.4553,0.7757,-123.5498,38.5187,LATE,-1
scalp_fade_3m,ETHUSDT,3m,-1,TIME,2026-05-11T22:03:00.000Z,2026-05-11T23:05:59.999Z,20,-0.190097,0.8267,0.5921,-19.0097,34.7711,LATE,1
scalp_fade_3m,ETHUSDT,3m,1,STOP,2026-05-12T03:48:00.000Z,2026-05-12T04:17:59.999Z,9,-1.204077,0.1441,0.7895,-120.4077,33.7557,ASIA,-1
scalp_fade_3m,ETHUSDT,3m,1,STOP,2026-05-12T11:06:00.000Z,2026-05-12T11:08:59.999Z,0,-1.176307,0.1578,0.8359,-117.6307,29.4536,LONDON,-1
scalp_fade_3m,ETHUSDT,3m,1,TIME,2026-05-12T11:12:00.000Z,2026-05-12T12:14:59.999Z,20,-0.075587,0.4341,0.7042,-7.5587,24.7935,LONDON,-1
scalp_fade_3m,ETHUSDT,3m,1,TIME,2026-05-12T12:33:00.000Z,2026-05-12T13:35:59.999Z,20,-0.624881,1.0666,0.4112,-62.4881,21.2131,LONDON,1
scalp_fade_3m,ETHUSDT,3m,1,STOP,2026-05-12T13:48:00.000Z,2026-05-12T14:32:59.999Z,14,-1.121945,0.3928,1.0218,-112.1945,20.1196,NY,-1
scalp_fade_3m,ETHUSDT,3m,1,TARGET,2026-05-12T16:48:00.000Z,2026-05-12T17:17:59.999Z,9,1.014417,1.4565,0.3286,101.4417,15.4226,NY,1
scalp_fade_3m,ETHUSDT,3m,1,TIME,2026-05-12T19:00:00.000Z,2026-05-12T20:02:59.999Z,20,0.136192,1.0040,0.2386,13.6192,32.6590,NY,1
scalp_fade_3m,ETHUSDT,3m,1,TARGET,2026-05-13T01:00:00.000Z,2026-05-13T01:11:59.999Z,3,0.832535,1.2934,0.2680,83.2535,21.2277,ASIA,-1
scalp_fade_3m,ETHUSDT,3m,-1,TARGET,2026-05-13T12:15:00.000Z,2026-05-13T12:23:59.999Z,2,0.889023,1.4062,0.3511,88.9023,19.4088,LONDON,-1
scalp_fade_3m,ETHUSDT,3m,1,STOP,2026-05-13T18:48:00.000Z,2026-05-13T19:05:59.999Z,5,-1.181455,0.1343,0.7076,-118.1455,30.1528,NY,1
scalp_fade_3m,ETHUSDT,3m,1,STOP,2026-05-13T21:06:00.000Z,2026-05-13T21:08:59.999Z,0,-1.252499,0.0000,1.0679,-125.2499,42.1248,LATE,1
scalp_fade_3m,ETHUSDT,3m,1,TARGET,2026-05-13T23:30:00.000Z,2026-05-14T00:14:59.999Z,14,0.798128,1.0374,0.6307,79.8128,22.2515,LATE,1
scalp_fade_3m,ETHUSDT,3m,1,STOP,2026-05-14T02:15:00.000Z,2026-05-14T02:47:59.999Z,10,-1.194919,0.0789,1.0019,-119.4919,32.2137,ASIA,-1
scalp_fade_3m,ETHUSDT,3m,-1,TIME,2026-05-14T08:12:00.000Z,2026-05-14T09:14:59.999Z,20,-0.070122,0.4437,0.4825,-7.0122,29.2239,LONDON,-1
scalp_fade_3m,ETHUSDT,3m,1,TIME,2026-05-14T10:42:00.000Z,2026-05-14T11:44:59.999Z,20,-1.007821,0.8196,0.5891,-100.7821,29.8194,LONDON,1
scalp_fade_3m,ETHUSDT,3m,1,STOP,2026-05-14T13:21:00.000Z,2026-05-14T13:35:59.999Z,4,-1.156564,0.5970,1.2499,-115.6564,26.0617,NY,1
scalp_fade_3m,ETHUSDT,3m,1,TARGET,2026-05-14T13:36:00.000Z,2026-05-14T14:20:59.999Z,14,1.052911,1.3620,0.4350,105.2911,14.1815,NY,-1
scalp_fade_3m,ETHUSDT,3m,-1,TIME,2026-05-14T17:00:00.000Z,2026-05-14T18:02:59.999Z,20,0.357837,1.0732,0.2783,35.7837,13.2249,NY,-1
scalp_fade_3m,ETHUSDT,3m,-1,TARGET,2026-05-14T19:03:00.000Z,2026-05-14T19:29:59.999Z,8,0.918937,1.3423,0.3569,91.8937,18.4261,NY,1
scalp_fade_3m,ETHUSDT,3m,1,STOP,2026-05-15T08:03:00.000Z,2026-05-15T08:17:59.999Z,4,-1.179057,0.0956,1.0670,-117.9057,29.7870,LONDON,1
scalp_fade_3m,ETHUSDT,3m,1,TARGET,2026-05-15T09:57:00.000Z,2026-05-15T10:53:59.999Z,18,0.894424,1.1825,0.3535,89.4424,19.1798,LONDON,-1
scalp_fade_3m,ETHUSDT,3m,1,STOP,2026-05-15T12:12:00.000Z,2026-05-15T12:14:59.999Z,0,-1.185929,0.0000,0.7984,-118.5929,31.0539,LONDON,-1
scalp_fade_3m,ETHUSDT,3m,1,STOP,2026-05-15T12:33:00.000Z,2026-05-15T12:47:59.999Z,4,-1.170113,0.0000,0.7314,-117.0113,28.3057,LONDON,-1
scalp_fade_3m,ETHUSDT,3m,1,TIME,2026-05-15T16:48:00.000Z,2026-05-15T17:50:59.999Z,20,-0.064811,0.9183,0.5145,-6.4811,25.1390,NY,1
scalp_fade_3m,ETHUSDT,3m,1,STOP,2026-05-15T18:21:00.000Z,2026-05-15T19:14:59.999Z,17,-1.186634,0.2885,0.7762,-118.6634,30.6290,NY,1
scalp_fade_3m,ETHUSDT,3m,1,STOP,2026-05-15T19:45:00.000Z,2026-05-15T20:05:59.999Z,6,-1.205423,0.1928,0.9090,-120.5423,34.0830,NY,-1
scalp_fade_3m,ETHUSDT,3m,1,STOP,2026-05-15T20:06:00.000Z,2026-05-15T20:32:59.999Z,8,-1.176676,0.4841,0.7353,-117.6676,29.2712,NY,-1
scalp_fade_3m,ETHUSDT,3m,1,TIME,2026-05-15T20:33:00.000Z,2026-05-15T21:35:59.999Z,20,-0.637821,0.2100,0.6991,-63.7821,23.9466,NY,-1
scalp_fade_3m,ETHUSDT,3m,1,STOP,2026-05-15T21:48:00.000Z,2026-05-15T21:59:59.999Z,3,-1.233284,0.0000,1.0995,-123.3284,38.8080,LATE,1
scalp_fade_3m,ETHUSDT,3m,1,TARGET,2026-05-15T23:36:00.000Z,2026-05-16T00:26:59.999Z,16,0.480484,1.4383,0.3055,48.0484,32.2943,LATE,1
scalp_fade_3m,ETHUSDT,3m,-1,TARGET,2026-05-16T04:06:00.000Z,2026-05-16T04:35:59.999Z,9,0.501121,1.9514,0.2719,50.1121,31.6813,ASIA,-1
scalp_fade_3m,ETHUSDT,3m,1,TIME,2026-05-16T05:03:00.000Z,2026-05-16T06:05:59.999Z,20,-0.433114,0.2443,0.3150,-43.3114,37.5881,ASIA,-1
scalp_fade_3m,ETHUSDT,3m,1,TIME,2026-05-16T10:33:00.000Z,2026-05-16T11:35:59.999Z,20,0.265921,0.6459,0.3297,26.5921,19.9085,LONDON,-1
scalp_fade_3m,ETHUSDT,3m,1,STOP,2026-05-16T12:18:00.000Z,2026-05-16T13:14:59.999Z,18,-1.237793,0.6015,0.7339,-123.7793,38.9497,LONDON,1
scalp_fade_3m,ETHUSDT,3m,1,TARGET,2026-05-16T14:03:00.000Z,2026-05-16T14:47:59.999Z,14,0.775040,1.6602,0.5735,77.5040,22.9828,NY,1
scalp_fade_3m,ETHUSDT,3m,1,STOP,2026-05-16T16:06:00.000Z,2026-05-16T16:11:59.999Z,1,-1.199972,0.0000,0.8850,-119.9972,33.3545,NY,-1
scalp_fade_3m,ETHUSDT,3m,1,TIME,2026-05-16T19:54:00.000Z,2026-05-16T20:56:59.999Z,20,-0.676691,0.4235,0.4307,-67.6691,45.1904,NY,1
scalp_fade_3m,ETHUSDT,3m,1,STOP,2026-05-16T21:51:00.000Z,2026-05-16T22:02:59.999Z,3,-1.315969,0.0268,0.7197,-131.5969,52.5162,LATE,-1
scalp_fade_3m,ETHUSDT,3m,1,STOP,2026-05-16T22:03:00.000Z,2026-05-16T23:05:59.999Z,20,-1.282823,0.2910,0.5530,-128.2823,46.2065,LATE,1
scalp_fade_3m,ETHUSDT,3m,1,TARGET,2026-05-16T23:51:00.000Z,2026-05-17T00:05:59.999Z,4,0.375706,0.7962,0.3972,37.5706,35.7323,LATE,1
scalp_fade_3m,ETHUSDT,3m,1,STOP,2026-05-17T00:57:00.000Z,2026-05-17T00:59:59.999Z,0,-1.249559,0.0000,1.4657,-124.9559,41.6358,ASIA,-1
scalp_fade_3m,ETHUSDT,3m,-1,STOP,2026-05-17T07:27:00.000Z,2026-05-17T07:32:59.999Z,1,-1.282959,0.0664,0.5892,-128.2959,46.9820,LONDON,-1
scalp_fade_3m,ETHUSDT,3m,-1,TIME,2026-05-17T08:03:00.000Z,2026-05-17T09:05:59.999Z,20,-1.080831,0.4525,0.3883,-108.0831,44.1794,LONDON,1
scalp_fade_3m,ETHUSDT,3m,-1,STOP,2026-05-17T11:36:00.000Z,2026-05-17T12:35:59.999Z,19,-1.202975,0.0000,0.8627,-120.2975,33.0456,LONDON,-1
scalp_fade_3m,ETHUSDT,3m,1,STOP,2026-05-17T16:48:00.000Z,2026-05-17T16:56:59.999Z,2,-1.244562,0.0000,0.7220,-124.4562,40.7201,NY,1
scalp_fade_3m,ETHUSDT,3m,1,TARGET,2026-05-17T18:21:00.000Z,2026-05-17T18:56:59.999Z,11,0.750257,1.0827,0.3733,75.0257,23.7879,NY,1
scalp_fade_3m,ETHUSDT,3m,1,TIME,2026-05-17T23:42:00.000Z,2026-05-18T00:44:59.999Z,20,0.316300,1.2102,0.3560,31.6300,7.1540,LATE,-1
scalp_fade_3m,ETHUSDT,3m,1,TIME,2026-05-18T01:42:00.000Z,2026-05-18T02:44:59.999Z,20,0.256654,1.1645,0.3901,25.6654,19.4137,ASIA,-1
scalp_fade_3m,ETHUSDT,3m,1,TIME,2026-05-18T03:33:00.000Z,2026-05-18T04:35:59.999Z,20,-0.597561,0.5455,0.5757,-59.7561,26.6592,ASIA,-1
scalp_fade_3m,ETHUSDT,3m,1,STOP,2026-05-18T06:03:00.000Z,2026-05-18T06:08:59.999Z,1,-1.188562,0.0000,1.3416,-118.8562,31.4590,ASIA,-1
scalp_fade_3m,ETHUSDT,3m,1,STOP,2026-05-18T06:18:00.000Z,2026-05-18T06:20:59.999Z,0,-1.149263,0.0000,1.2073,-114.9263,24.9561,ASIA,-1
scalp_fade_3m,ETHUSDT,3m,1,STOP,2026-05-18T10:18:00.000Z,2026-05-18T11:08:59.999Z,16,-1.209247,0.0880,0.9932,-120.9247,34.3596,LONDON,-1
scalp_fade_3m,ETHUSDT,3m,-1,TARGET,2026-05-18T13:03:00.000Z,2026-05-18T13:32:59.999Z,9,1.053170,1.2192,0.4023,105.3170,14.1607,NY,1
scalp_fade_3m,ETHUSDT,3m,1,STOP,2026-05-18T18:03:00.000Z,2026-05-18T18:17:59.999Z,4,-1.145269,0.0000,1.0917,-114.5269,24.1910,NY,1
scalp_fade_3m,ETHUSDT,3m,-1,STOP,2026-05-19T00:15:00.000Z,2026-05-19T00:20:59.999Z,1,-1.180183,0.0000,1.1801,-118.0183,29.8689,ASIA,-1
scalp_fade_3m,ETHUSDT,3m,-1,TARGET,2026-05-19T05:09:00.000Z,2026-05-19T05:20:59.999Z,3,0.690869,1.0550,0.3516,69.0869,25.7029,ASIA,-1
scalp_fade_3m,ETHUSDT,3m,-1,STOP,2026-05-19T07:12:00.000Z,2026-05-19T07:41:59.999Z,9,-1.180750,0.0000,0.7465,-118.0750,29.7162,LONDON,1
scalp_fade_3m,ETHUSDT,3m,1,STOP,2026-05-19T13:06:00.000Z,2026-05-19T13:08:59.999Z,0,-1.198192,0.0000,0.8206,-119.8192,33.0932,NY,1
scalp_fade_3m,ETHUSDT,3m,1,STOP,2026-05-19T13:45:00.000Z,2026-05-19T14:23:59.999Z,12,-1.101784,0.9358,1.2783,-110.1784,16.8494,NY,-1
scalp_fade_3m,ETHUSDT,3m,1,TARGET,2026-05-19T16:12:00.000Z,2026-05-19T16:53:59.999Z,13,0.990477,1.4653,0.1853,99.0477,16.1636,NY,-1
scalp_fade_3m,ETHUSDT,3m,1,STOP,2026-05-19T18:24:00.000Z,2026-05-19T18:32:59.999Z,2,-1.176815,0.0000,0.7563,-117.6815,29.4768,NY,-1
scalp_fade_3m,ETHUSDT,3m,1,STOP,2026-05-19T18:39:00.000Z,2026-05-19T19:29:59.999Z,16,-1.181615,0.9579,0.7343,-118.1615,29.8394,NY,-1
scalp_fade_3m,ETHUSDT,3m,-1,STOP,2026-05-19T21:30:00.000Z,2026-05-19T21:32:59.999Z,0,-1.292091,0.0000,0.6076,-129.2091,48.5530,LATE,1
scalp_fade_3m,ETHUSDT,3m,-1,TARGET,2026-05-19T21:48:00.000Z,2026-05-19T22:02:59.999Z,4,0.485392,1.5014,0.4811,48.5392,32.2262,LATE,-1
scalp_fade_3m,ETHUSDT,3m,1,STOP,2026-05-19T23:48:00.000Z,2026-05-20T00:08:59.999Z,6,-1.197643,0.1295,0.7533,-119.7643,32.7971,LATE,1
scalp_fade_3m,ETHUSDT,3m,1,STOP,2026-05-20T00:36:00.000Z,2026-05-20T01:29:59.999Z,17,-1.142194,0.6873,0.9215,-114.2194,23.3668,ASIA,-1
scalp_fade_3m,ETHUSDT,3m,1,STOP,2026-05-20T04:36:00.000Z,2026-05-20T04:38:59.999Z,0,-1.220391,0.0000,0.7165,-122.0391,36.7850,ASIA,1
scalp_fade_3m,ETHUSDT,3m,-1,STOP,2026-05-20T10:15:00.000Z,2026-05-20T10:32:59.999Z,5,-1.221642,0.0000,0.7261,-122.1642,36.6198,LONDON,1
scalp_fade_3m,ETHUSDT,3m,-1,STOP,2026-05-20T12:03:00.000Z,2026-05-20T12:26:59.999Z,7,-1.205099,0.2147,0.7676,-120.5099,33.8066,LONDON,-1
scalp_fade_3m,ETHUSDT,3m,-1,STOP,2026-05-20T12:27:00.000Z,2026-05-20T12:47:59.999Z,6,-1.192618,0.0000,0.7510,-119.2618,31.7743,LONDON,1
scalp_fade_3m,ETHUSDT,3m,-1,STOP,2026-05-20T14:18:00.000Z,2026-05-20T15:17:59.999Z,19,-1.084836,0.2391,1.1849,-108.4836,13.7363,NY,-1
scalp_fade_3m,ETHUSDT,3m,-1,TIME,2026-05-20T15:18:00.000Z,2026-05-20T16:20:59.999Z,20,0.476529,0.8262,0.4166,47.6529,15.8160,NY,1
scalp_fade_3m,ETHUSDT,3m,-1,STOP,2026-05-20T17:15:00.000Z,2026-05-20T17:26:59.999Z,3,-1.140284,0.0647,0.8448,-114.0284,23.1771,NY,-1
scalp_fade_3m,ETHUSDT,3m,-1,STOP,2026-05-20T19:21:00.000Z,2026-05-20T19:41:59.999Z,6,-1.187707,0.0000,1.0377,-118.7707,30.9607,NY,-1
scalp_fade_3m,ETHUSDT,3m,1,TARGET,2026-05-20T23:21:00.000Z,2026-05-21T00:05:59.999Z,14,0.717902,1.0300,0.4853,71.7902,24.7926,LATE,1
scalp_fade_3m,ETHUSDT,3m,1,TARGET,2026-05-21T07:27:00.000Z,2026-05-21T08:05:59.999Z,12,0.856666,1.1943,0.2745,85.6666,20.4089,LONDON,-1
scalp_fade_3m,ETHUSDT,3m,1,STOP,2026-05-21T09:33:00.000Z,2026-05-21T09:38:59.999Z,1,-1.199465,0.0000,0.7382,-119.9465,33.2704,LONDON,1
scalp_fade_3m,ETHUSDT,3m,1,TIME,2026-05-21T10:27:00.000Z,2026-05-21T11:29:59.999Z,20,0.115675,0.6299,0.4336,11.5675,21.4337,LONDON,-1
scalp_fade_3m,ETHUSDT,3m,1,STOP,2026-05-21T11:51:00.000Z,2026-05-21T12:14:59.999Z,7,-1.208194,0.0442,0.7769,-120.8194,34.5052,LONDON,1
scalp_fade_3m,ETHUSDT,3m,1,TARGET,2026-05-21T12:33:00.000Z,2026-05-21T12:38:59.999Z,1,0.696208,0.9732,0.2897,69.6208,25.5737,LONDON,-1
scalp_fade_3m,ETHUSDT,3m,1,STOP,2026-05-21T13:33:00.000Z,2026-05-21T13:38:59.999Z,1,-1.173265,0.1632,1.2597,-117.3265,28.9177,NY,1
scalp_fade_3m,ETHUSDT,3m,-1,STOP,2026-05-21T17:12:00.000Z,2026-05-21T17:17:59.999Z,1,-1.125723,0.1682,1.0993,-112.5723,20.8007,NY,-1
scalp_fade_3m,ETHUSDT,3m,-1,TARGET,2026-05-21T21:30:00.000Z,2026-05-21T21:59:59.999Z,9,0.463413,0.8592,0.3107,46.3413,32.8780,LATE,1
scalp_fade_3m,ETHUSDT,3m,1,STOP,2026-05-22T01:18:00.000Z,2026-05-22T01:35:59.999Z,5,-1.183830,0.1496,1.0145,-118.3830,30.5458,ASIA,-1
scalp_fade_3m,ETHUSDT,3m,1,TARGET,2026-05-22T01:36:00.000Z,2026-05-22T02:02:59.999Z,8,0.887630,1.2028,0.2616,88.7630,19.4496,ASIA,1
scalp_fade_3m,ETHUSDT,3m,-1,STOP,2026-05-22T02:42:00.000Z,2026-05-22T02:47:59.999Z,1,-1.214618,0.0000,0.7733,-121.4618,35.6025,ASIA,1
scalp_fade_3m,ETHUSDT,3m,-1,STOP,2026-05-22T02:51:00.000Z,2026-05-22T03:05:59.999Z,4,-1.197146,0.0000,0.9716,-119.7146,32.5916,ASIA,-1
scalp_fade_3m,ETHUSDT,3m,-1,STOP,2026-05-22T04:03:00.000Z,2026-05-22T04:08:59.999Z,1,-1.270983,0.0000,0.6358,-127.0983,44.9879,ASIA,-1
scalp_fade_3m,ETHUSDT,3m,-1,TARGET,2026-05-22T04:21:00.000Z,2026-05-22T04:47:59.999Z,8,0.500201,1.0265,0.5226,50.0201,31.7195,ASIA,1
scalp_fade_3m,ETHUSDT,3m,1,STOP,2026-05-22T06:54:00.000Z,2026-05-22T06:56:59.999Z,0,-1.228547,0.0000,0.6778,-122.8547,38.1414,ASIA,-1
scalp_fade_3m,ETHUSDT,3m,1,STOP,2026-05-22T08:36:00.000Z,2026-05-22T09:17:59.999Z,13,-1.152644,0.2062,0.7663,-115.2644,25.1776,LONDON,-1
scalp_fade_3m,ETHUSDT,3m,1,STOP,2026-05-22T10:39:00.000Z,2026-05-22T11:17:59.999Z,12,-1.240805,0.1228,0.6834,-124.0805,39.6846,LONDON,-1
scalp_fade_3m,ETHUSDT,3m,1,TIME,2026-05-22T15:42:00.000Z,2026-05-22T16:44:59.999Z,20,-0.234063,0.4533,0.2574,-23.4063,22.0652,NY,1
scalp_fade_3m,ETHUSDT,3m,1,TIME,2026-05-22T20:57:00.000Z,2026-05-22T21:59:59.999Z,20,0.094691,0.5747,0.3131,9.4691,20.9295,NY,1
scalp_fade_3m,ETHUSDT,3m,1,STOP,2026-05-22T23:18:00.000Z,2026-05-22T23:23:59.999Z,1,-1.205773,0.0000,0.6648,-120.5773,34.3183,LATE,-1
scalp_fade_3m,ETHUSDT,3m,1,STOP,2026-05-22T23:48:00.000Z,2026-05-22T23:50:59.999Z,0,-1.140154,0.0000,0.9543,-114.0154,23.4412,LATE,1
scalp_fade_3m,ETHUSDT,3m,1,TIME,2026-05-23T01:48:00.000Z,2026-05-23T02:50:59.999Z,20,-0.181233,0.6733,0.1897,-18.1233,30.8962,ASIA,1
scalp_fade_3m,ETHUSDT,3m,1,STOP,2026-05-23T04:06:00.000Z,2026-05-23T04:17:59.999Z,3,-1.347964,0.0000,0.4839,-134.7964,57.8207,ASIA,1
scalp_fade_3m,ETHUSDT,3m,1,STOP,2026-05-23T05:51:00.000Z,2026-05-23T06:26:59.999Z,11,-1.260194,0.0712,0.6987,-126.0194,42.9133,ASIA,-1
scalp_fade_3m,ETHUSDT,3m,1,STOP,2026-05-23T07:03:00.000Z,2026-05-23T07:08:59.999Z,1,-1.246717,0.0000,1.0000,-124.6717,41.1204,LONDON,-1
scalp_fade_3m,ETHUSDT,3m,1,STOP,2026-05-23T07:39:00.000Z,2026-05-23T07:44:59.999Z,1,-1.190812,0.0000,0.7005,-119.0812,31.8328,LONDON,-1
scalp_fade_3m,ETHUSDT,3m,1,STOP,2026-05-23T07:48:00.000Z,2026-05-23T07:50:59.999Z,0,-1.084448,0.0000,2.2758,-108.4448,14.1771,LONDON,-1
scalp_fade_3m,ETHUSDT,3m,1,STOP,2026-05-23T09:45:00.000Z,2026-05-23T09:59:59.999Z,4,-1.237713,0.1740,0.6638,-123.7713,39.5014,LONDON,-1
scalp_fade_3m,ETHUSDT,3m,-1,STOP,2026-05-23T15:57:00.000Z,2026-05-23T16:02:59.999Z,1,-1.156327,0.0000,0.8474,-115.6327,25.8966,NY,1
scalp_fade_3m,ETHUSDT,3m,-1,STOP,2026-05-23T16:57:00.000Z,2026-05-23T17:17:59.999Z,6,-1.214388,0.1585,0.8265,-121.4388,35.3804,NY,-1
scalp_fade_3m,ETHUSDT,3m,-1,STOP,2026-05-23T20:12:00.000Z,2026-05-23T20:32:59.999Z,6,-1.164687,0.3004,1.9448,-116.4687,27.1475,NY,-1
scalp_fade_3m,ETHUSDT,3m,-1,STOP,2026-05-23T20:33:00.000Z,2026-05-23T20:38:59.999Z,1,-1.109061,0.2301,2.9279,-110.9061,18.0265,NY,-1
scalp_fade_3m,ETHUSDT,3m,-1,STOP,2026-05-23T22:45:00.000Z,2026-05-23T23:32:59.999Z,15,-1.120140,0.1011,0.8243,-112.0140,19.5865,LATE,-1
scalp_fade_3m,ETHUSDT,3m,-1,STOP,2026-05-24T00:33:00.000Z,2026-05-24T00:47:59.999Z,4,-1.195411,0.0000,0.8449,-119.5411,32.3037,ASIA,-1
scalp_fade_3m,ETHUSDT,3m,-1,STOP,2026-05-24T00:48:00.000Z,2026-05-24T01:23:59.999Z,11,-1.182597,0.4232,0.9193,-118.2597,29.9594,ASIA,-1
scalp_fade_3m,ETHUSDT,3m,-1,TARGET,2026-05-24T03:06:00.000Z,2026-05-24T03:44:59.999Z,12,0.777744,1.1768,0.3321,77.7744,22.8825,ASIA,-1
scalp_fade_3m,ETHUSDT,3m,-1,STOP,2026-05-24T05:51:00.000Z,2026-05-24T05:53:59.999Z,0,-1.239077,0.0000,0.6317,-123.9077,39.7165,ASIA,-1
scalp_fade_3m,ETHUSDT,3m,-1,STOP,2026-05-24T06:39:00.000Z,2026-05-24T06:44:59.999Z,1,-1.268176,0.0000,0.6325,-126.8176,44.5204,ASIA,1
scalp_fade_3m,ETHUSDT,3m,-1,STOP,2026-05-24T09:12:00.000Z,2026-05-24T09:26:59.999Z,4,-1.256648,0.1075,0.6169,-125.6648,42.4684,LONDON,-1
scalp_fade_3m,ETHUSDT,3m,-1,STOP,2026-05-24T09:30:00.000Z,2026-05-24T09:38:59.999Z,2,-1.240932,0.0128,0.7536,-124.0932,39.9424,LONDON,-1
scalp_fade_3m,ETHUSDT,3m,-1,STOP,2026-05-24T09:45:00.000Z,2026-05-24T10:29:59.999Z,14,-1.208263,0.4489,1.6312,-120.8263,34.0838,LONDON,1
scalp_fade_3m,ETHUSDT,3m,-1,TIME,2026-05-24T10:30:00.000Z,2026-05-24T11:32:59.999Z,20,-0.720375,0.5854,0.4720,-72.0375,27.6667,LONDON,-1
scalp_fade_3m,ETHUSDT,3m,1,TARGET,2026-05-24T15:51:00.000Z,2026-05-24T16:05:59.999Z,4,0.791451,1.0203,0.3799,79.1451,22.5266,NY,-1
scalp_fade_3m,ETHUSDT,3m,1,STOP,2026-05-24T18:27:00.000Z,2026-05-24T18:32:59.999Z,1,-1.229938,0.0110,0.8018,-122.9938,38.3328,NY,1
scalp_fade_3m,ETHUSDT,3m,1,STOP,2026-05-24T20:03:00.000Z,2026-05-24T20:05:59.999Z,0,-1.177826,0.0000,0.7300,-117.7826,29.7062,NY,-1
scalp_fade_3m,ETHUSDT,3m,1,STOP,2026-05-24T21:30:00.000Z,2026-05-24T21:35:59.999Z,1,-1.157868,0.0755,2.2186,-115.7868,26.3598,LATE,-1
scalp_fade_3m,ETHUSDT,3m,-1,TIME,2026-05-25T02:09:00.000Z,2026-05-25T03:11:59.999Z,20,0.522193,0.9936,0.4016,52.2193,19.7471,ASIA,-1
scalp_fade_3m,ETHUSDT,3m,1,TIME,2026-05-25T03:36:00.000Z,2026-05-25T04:38:59.999Z,20,-0.244655,0.5487,0.6295,-24.4655,26.7261,ASIA,-1
scalp_fade_3m,ETHUSDT,3m,-1,STOP,2026-05-25T11:33:00.000Z,2026-05-25T11:35:59.999Z,0,-1.274795,0.0000,0.5564,-127.4795,45.6700,LONDON,-1
scalp_fade_3m,ETHUSDT,3m,-1,STOP,2026-05-25T12:24:00.000Z,2026-05-25T12:32:59.999Z,2,-1.219556,0.0000,0.7272,-121.9556,36.3869,LONDON,-1
scalp_fade_3m,ETHUSDT,3m,-1,STOP,2026-05-25T14:06:00.000Z,2026-05-25T14:26:59.999Z,6,-1.215846,0.3118,1.4239,-121.5846,35.6219,NY,1
scalp_fade_3m,ETHUSDT,3m,-1,STOP,2026-05-25T16:39:00.000Z,2026-05-25T16:47:59.999Z,2,-1.201901,0.0000,0.9907,-120.1901,33.4503,NY,1
scalp_fade_3m,ETHUSDT,3m,1,STOP,2026-05-26T00:12:00.000Z,2026-05-26T00:20:59.999Z,2,-1.244502,0.1013,0.7560,-124.4502,40.7101,ASIA,1
scalp_fade_3m,ETHUSDT,3m,1,STOP,2026-05-26T01:15:00.000Z,2026-05-26T01:35:59.999Z,6,-1.115171,0.0138,1.0579,-111.5171,19.1666,ASIA,-1
scalp_fade_3m,ETHUSDT,3m,1,STOP,2026-05-26T02:03:00.000Z,2026-05-26T02:47:59.999Z,14,-1.141033,0.1630,1.0679,-114.1033,23.2485,ASIA,-1
scalp_fade_3m,ETHUSDT,3m,1,STOP,2026-05-26T04:15:00.000Z,2026-05-26T04:17:59.999Z,0,-1.230856,0.0000,0.6370,-123.0856,38.5254,ASIA,1
scalp_fade_3m,ETHUSDT,3m,1,STOP,2026-05-26T06:30:00.000Z,2026-05-26T07:14:59.999Z,14,-1.192419,0.9802,0.7739,-119.2419,31.6717,ASIA,-1
scalp_fade_3m,ETHUSDT,3m,1,TIME,2026-05-26T07:57:00.000Z,2026-05-26T08:59:59.999Z,20,-0.172129,0.6583,0.1607,-17.2129,26.5966,LONDON,-1
scalp_fade_3m,ETHUSDT,3m,1,TARGET,2026-05-26T09:24:00.000Z,2026-05-26T10:17:59.999Z,17,0.818475,1.0389,0.2921,81.8475,21.5887,LONDON,-1
scalp_fade_3m,ETHUSDT,3m,1,TIME,2026-05-26T17:51:00.000Z,2026-05-26T18:53:59.999Z,20,-0.351875,0.8438,0.4246,-35.1875,17.0934,NY,-1
scalp_fade_3m,ETHUSDT,3m,1,STOP,2026-05-26T20:36:00.000Z,2026-05-26T21:14:59.999Z,12,-1.205467,0.4276,1.1597,-120.5467,33.8800,NY,1
scalp_fade_3m,ETHUSDT,3m,1,STOP,2026-05-26T22:06:00.000Z,2026-05-26T22:41:59.999Z,11,-1.178824,0.0168,0.7112,-117.8824,29.5340,LATE,1
scalp_fade_3m,ETHUSDT,3m,1,STOP,2026-05-27T02:36:00.000Z,2026-05-27T02:41:59.999Z,1,-1.184841,0.0000,0.7617,-118.4841,30.8407,ASIA,-1
scalp_fade_3m,ETHUSDT,3m,-1,STOP,2026-05-27T07:36:00.000Z,2026-05-27T07:56:59.999Z,6,-1.216139,0.2145,0.6731,-121.6139,35.6703,LONDON,-1
scalp_fade_3m,ETHUSDT,3m,-1,TIME,2026-05-27T11:03:00.000Z,2026-05-27T12:05:59.999Z,20,-0.069356,0.9034,0.3578,-6.9356,33.1008,LONDON,-1
scalp_fade_3m,ETHUSDT,3m,-1,STOP,2026-05-27T12:21:00.000Z,2026-05-27T12:23:59.999Z,0,-1.128004,0.0000,1.2497,-112.8004,21.2025,LONDON,-1
scalp_fade_3m,ETHUSDT,3m,1,STOP,2026-05-27T16:18:00.000Z,2026-05-27T17:14:59.999Z,18,-1.122020,0.5550,1.0607,-112.2020,20.0495,NY,-1
scalp_fade_3m,ETHUSDT,3m,1,TIME,2026-05-27T18:39:00.000Z,2026-05-27T19:41:59.999Z,20,0.189307,0.8096,0.2088,18.9307,22.3367,NY,-1
scalp_fade_3m,ETHUSDT,3m,1,TARGET,2026-05-27T19:45:00.000Z,2026-05-27T20:20:59.999Z,11,0.853966,1.1924,0.5750,85.3966,20.5003,NY,1
scalp_fade_3m,ETHUSDT,3m,1,STOP,2026-05-28T01:18:00.000Z,2026-05-28T01:29:59.999Z,3,-1.134582,1.0926,0.7859,-113.4582,22.4445,ASIA,1
scalp_fade_3m,ETHUSDT,3m,1,STOP,2026-05-28T02:45:00.000Z,2026-05-28T03:11:59.999Z,8,-1.155198,0.2119,1.1749,-115.5198,25.7288,ASIA,-1
scalp_fade_3m,ETHUSDT,3m,1,STOP,2026-05-28T03:12:00.000Z,2026-05-28T03:17:59.999Z,1,-1.134067,0.1163,1.3046,-113.4067,22.4056,ASIA,1
scalp_fade_3m,ETHUSDT,3m,1,TIME,2026-05-28T05:33:00.000Z,2026-05-28T06:35:59.999Z,20,-0.942612,0.3111,0.6234,-94.2612,25.7835,ASIA,-1
scalp_fade_3m,ETHUSDT,3m,1,STOP,2026-05-28T08:42:00.000Z,2026-05-28T09:11:59.999Z,9,-1.174526,0.1726,0.8802,-117.4526,28.8868,LONDON,-1
scalp_fade_3m,ETHUSDT,3m,1,STOP,2026-05-28T10:21:00.000Z,2026-05-28T10:53:59.999Z,10,-1.186556,0.2488,0.7989,-118.6556,30.8371,LONDON,1
scalp_fade_3m,ETHUSDT,3m,1,STOP,2026-05-28T11:06:00.000Z,2026-05-28T11:23:59.999Z,5,-1.162196,0.0131,0.7427,-116.2196,26.9666,LONDON,-1
scalp_fade_3m,ETHUSDT,3m,1,STOP,2026-05-28T13:30:00.000Z,2026-05-28T13:32:59.999Z,0,-1.148390,0.0000,0.7607,-114.8390,24.8109,NY,1
scalp_fade_3m,ETHUSDT,3m,-1,TARGET,2026-05-28T19:03:00.000Z,2026-05-28T20:02:59.999Z,19,0.923641,1.2847,0.2647,92.3641,18.2199,NY,1
scalp_fade_3m,ETHUSDT,3m,1,STOP,2026-05-29T04:03:00.000Z,2026-05-29T04:08:59.999Z,1,-1.226168,0.0562,0.9403,-122.6168,37.7066,ASIA,-1
scalp_fade_3m,ETHUSDT,3m,1,TARGET,2026-05-29T04:09:00.000Z,2026-05-29T04:47:59.999Z,12,0.757875,1.1403,0.5558,75.7875,23.5398,ASIA,-1
scalp_fade_3m,ETHUSDT,3m,-1,TARGET,2026-05-29T07:21:00.000Z,2026-05-29T07:32:59.999Z,3,0.642775,1.2247,0.4829,64.2775,27.2319,LONDON,1
scalp_fade_3m,ETHUSDT,3m,-1,STOP,2026-05-29T08:24:00.000Z,2026-05-29T09:20:59.999Z,18,-1.194782,0.9448,0.7058,-119.4782,31.7389,LONDON,-1
scalp_fade_3m,ETHUSDT,3m,-1,TARGET,2026-05-29T11:06:00.000Z,2026-05-29T11:38:59.999Z,10,0.652692,0.9344,0.5208,65.2692,26.8632,LONDON,-1
scalp_fade_3m,ETHUSDT,3m,1,STOP,2026-05-29T12:54:00.000Z,2026-05-29T13:02:59.999Z,2,-1.151903,0.0000,0.8090,-115.1903,25.3423,LONDON,-1
scalp_fade_3m,ETHUSDT,3m,1,STOP,2026-05-29T14:09:00.000Z,2026-05-29T14:23:59.999Z,4,-1.114970,0.3574,0.9439,-111.4970,19.1731,NY,1
scalp_fade_3m,ETHUSDT,3m,1,TARGET,2026-05-29T14:36:00.000Z,2026-05-29T15:08:59.999Z,10,1.178087,1.5949,0.7101,117.8087,10.2283,NY,-1
scalp_fade_3m,ETHUSDT,3m,-1,STOP,2026-05-29T20:39:00.000Z,2026-05-29T21:14:59.999Z,11,-1.188485,0.5047,0.7547,-118.8485,30.9297,NY,1
scalp_fade_3m,ETHUSDT,3m,1,STOP,2026-05-29T22:39:00.000Z,2026-05-29T23:17:59.999Z,12,-1.181962,0.2663,0.7060,-118.1962,30.0191,LATE,-1
scalp_fade_3m,ETHUSDT,3m,1,TIME,2026-05-29T23:18:00.000Z,2026-05-30T00:20:59.999Z,20,0.182674,0.7692,0.6214,18.2674,29.4473,LATE,-1
scalp_fade_3m,ETHUSDT,3m,-1,STOP,2026-05-30T03:03:00.000Z,2026-05-30T03:05:59.999Z,0,-1.264762,0.0000,0.5709,-126.4762,43.9977,ASIA,-1
scalp_fade_3m,ETHUSDT,3m,1,STOP,2026-05-30T07:03:00.000Z,2026-05-30T07:38:59.999Z,11,-1.249248,0.2718,0.6245,-124.9248,41.1135,LONDON,1
scalp_fade_3m,ETHUSDT,3m,1,TARGET,2026-05-30T09:06:00.000Z,2026-05-30T09:53:59.999Z,15,0.222585,0.6663,0.3494,22.2585,40.4698,LONDON,1
scalp_fade_3m,ETHUSDT,3m,-1,TIME,2026-05-30T10:30:00.000Z,2026-05-30T11:32:59.999Z,20,-0.554794,0.4988,0.5846,-55.4794,41.0798,LONDON,1
scalp_fade_3m,ETHUSDT,3m,-1,STOP,2026-05-30T12:57:00.000Z,2026-05-30T12:59:59.999Z,0,-1.348073,0.0000,0.7459,-134.8073,57.8842,LONDON,1
scalp_fade_3m,ETHUSDT,3m,-1,STOP,2026-05-30T17:51:00.000Z,2026-05-30T18:47:59.999Z,18,-1.207996,0.3049,0.6980,-120.7996,33.9010,NY,1
scalp_fade_3m,ETHUSDT,3m,-1,TIME,2026-05-30T18:54:00.000Z,2026-05-30T19:56:59.999Z,20,-0.998939,0.2976,0.5700,-99.8939,38.8198,NY,1
scalp_fade_3m,ETHUSDT,3m,-1,STOP,2026-05-30T20:06:00.000Z,2026-05-30T20:08:59.999Z,0,-1.290922,0.0000,0.5763,-129.0922,48.3580,NY,-1
scalp_fade_3m,ETHUSDT,3m,-1,TARGET,2026-05-30T23:03:00.000Z,2026-05-30T23:20:59.999Z,5,0.580314,0.8797,0.3455,58.0314,29.2010,LATE,-1
scalp_fade_3m,ETHUSDT,3m,1,TARGET,2026-05-31T00:03:00.000Z,2026-05-31T00:26:59.999Z,7,0.456297,1.2212,0.5061,45.6297,33.1442,ASIA,-1
scalp_fade_3m,ETHUSDT,3m,-1,STOP,2026-05-31T02:27:00.000Z,2026-05-31T03:02:59.999Z,11,-1.193844,0.5729,0.7165,-119.3844,31.8129,ASIA,-1
scalp_fade_3m,ETHUSDT,3m,-1,TARGET,2026-05-31T06:39:00.000Z,2026-05-31T07:05:59.999Z,8,0.386186,0.7499,0.4003,38.6186,35.3390,ASIA,1
scalp_fade_3m,ETHUSDT,3m,1,STOP,2026-05-31T08:12:00.000Z,2026-05-31T08:44:59.999Z,10,-1.223327,0.2234,0.7009,-122.3327,36.8895,LONDON,1
scalp_fade_3m,ETHUSDT,3m,1,STOP,2026-05-31T09:54:00.000Z,2026-05-31T09:59:59.999Z,1,-1.252836,0.0000,1.8001,-125.2836,42.1371,LONDON,1
scalp_fade_3m,ETHUSDT,3m,1,TIME,2026-05-31T12:03:00.000Z,2026-05-31T13:05:59.999Z,20,-0.667337,0.7860,0.5054,-66.7337,41.4707,LONDON,1
scalp_fade_3m,ETHUSDT,3m,1,STOP,2026-05-31T13:39:00.000Z,2026-05-31T13:53:59.999Z,4,-1.251719,0.0000,0.9111,-125.1719,41.8209,NY,1
scalp_fade_3m,ETHUSDT,3m,1,STOP,2026-05-31T14:15:00.000Z,2026-05-31T14:20:59.999Z,1,-1.165442,0.2403,1.5519,-116.5442,27.6180,NY,-1
scalp_fade_3m,ETHUSDT,3m,1,STOP,2026-05-31T15:42:00.000Z,2026-05-31T16:14:59.999Z,10,-1.198342,0.1965,1.0111,-119.8342,32.7770,NY,1
scalp_fade_3m,ETHUSDT,3m,1,TARGET,2026-05-31T22:03:00.000Z,2026-05-31T23:05:59.999Z,20,0.895157,1.8204,0.7092,89.5157,19.1458,LATE,1
scalp_fade_3m,ETHUSDT,3m,-1,TARGET,2026-06-01T03:21:00.000Z,2026-06-01T04:11:59.999Z,16,0.972270,1.2993,0.3985,97.2270,16.6951,ASIA,1
scalp_fade_3m,ETHUSDT,3m,1,STOP,2026-06-01T06:51:00.000Z,2026-06-01T07:35:59.999Z,14,-1.125081,0.1443,1.0642,-112.5081,20.6335,ASIA,-1
scalp_fade_3m,ETHUSDT,3m,1,STOP,2026-06-01T10:06:00.000Z,2026-06-01T10:23:59.999Z,5,-1.197556,0.1867,0.9247,-119.7556,32.8167,LONDON,-1
scalp_fade_3m,ETHUSDT,3m,1,STOP,2026-06-01T12:03:00.000Z,2026-06-01T12:08:59.999Z,1,-1.149576,0.2936,0.7998,-114.9576,24.9821,LONDON,1
scalp_fade_3m,ETHUSDT,3m,1,STOP,2026-06-01T12:09:00.000Z,2026-06-01T12:11:59.999Z,0,-1.116554,0.1402,0.9541,-111.6554,19.5165,LONDON,-1
scalp_fade_3m,ETHUSDT,3m,1,STOP,2026-06-01T13:33:00.000Z,2026-06-01T13:53:59.999Z,6,-1.096714,0.1029,1.0227,-109.6714,16.1161,NY,1
scalp_fade_3m,ETHUSDT,3m,1,TARGET,2026-06-01T15:18:00.000Z,2026-06-01T15:38:59.999Z,6,1.084908,1.3927,0.5611,108.4908,13.1979,NY,-1
scalp_fade_3m,ETHUSDT,3m,1,TARGET,2026-06-01T16:09:00.000Z,2026-06-01T16:59:59.999Z,16,1.053138,1.3782,0.7412,105.3138,14.1664,NY,1
scalp_fade_3m,ETHUSDT,3m,-1,STOP,2026-06-01T21:00:00.000Z,2026-06-01T21:05:59.999Z,1,-1.217958,0.1905,1.0117,-121.7958,36.1586,LATE,1
scalp_fade_3m,ETHUSDT,3m,-1,STOP,2026-06-01T22:21:00.000Z,2026-06-01T22:26:59.999Z,1,-1.124173,0.0000,0.9560,-112.4173,20.5426,LATE,-1
scalp_fade_3m,ETHUSDT,3m,-1,TIME,2026-06-01T23:39:00.000Z,2026-06-02T00:41:59.999Z,20,0.584794,0.9982,0.3466,58.4794,22.2067,LATE,1
scalp_fade_3m,ETHUSDT,3m,-1,TARGET,2026-06-02T05:15:00.000Z,2026-06-02T05:41:59.999Z,8,0.978202,1.4250,0.2072,97.8202,16.5447,ASIA,1
scalp_fade_3m,ETHUSDT,3m,1,STOP,2026-06-02T06:48:00.000Z,2026-06-02T07:05:59.999Z,5,-1.126839,0.5834,0.9174,-112.6839,21.1169,ASIA,-1
scalp_fade_3m,ETHUSDT,3m,1,STOP,2026-06-02T08:18:00.000Z,2026-06-02T09:02:59.999Z,14,-1.143261,0.8131,1.1923,-114.3261,23.6137,LONDON,1
scalp_fade_3m,ETHUSDT,3m,1,TIME,2026-06-02T09:36:00.000Z,2026-06-02T10:38:59.999Z,20,-0.345503,0.5160,0.6992,-34.5503,21.9354,LONDON,-1
scalp_fade_3m,ETHUSDT,3m,1,TIME,2026-06-02T12:06:00.000Z,2026-06-02T13:08:59.999Z,20,-0.730771,0.6962,0.6651,-73.0771,25.6764,LONDON,1
scalp_fade_3m,ETHUSDT,3m,1,STOP,2026-06-02T13:12:00.000Z,2026-06-02T13:41:59.999Z,9,-1.140590,0.4231,1.0654,-114.0590,23.2953,NY,-1
scalp_fade_3m,ETHUSDT,3m,1,STOP,2026-06-02T13:54:00.000Z,2026-06-02T14:11:59.999Z,5,-1.114472,0.2196,1.4969,-111.4472,19.0708,NY,-1
scalp_fade_3m,ETHUSDT,3m,1,TIME,2026-06-03T02:03:00.000Z,2026-06-03T03:05:59.999Z,20,-0.747687,0.2528,0.7834,-74.7687,15.5101,ASIA,-1
scalp_fade_3m,ETHUSDT,3m,1,STOP,2026-06-03T03:18:00.000Z,2026-06-03T03:29:59.999Z,3,-1.105577,0.0268,0.9602,-110.5577,17.6358,ASIA,-1
scalp_fade_3m,ETHUSDT,3m,-1,STOP,2026-06-03T08:06:00.000Z,2026-06-03T08:50:59.999Z,14,-1.150359,0.5428,0.7994,-115.0359,24.5711,LONDON,1
scalp_fade_3m,ETHUSDT,3m,-1,TARGET,2026-06-03T09:12:00.000Z,2026-06-03T09:50:59.999Z,12,0.943236,1.2891,0.4414,94.3236,17.6347,LONDON,1
scalp_fade_3m,ETHUSDT,3m,-1,STOP,2026-06-03T09:51:00.000Z,2026-06-03T10:08:59.999Z,5,-1.126301,0.6144,1.2437,-112.6301,20.8106,LONDON,1
scalp_fade_3m,ETHUSDT,3m,1,STOP,2026-06-03T15:33:00.000Z,2026-06-03T15:47:59.999Z,4,-1.085988,0.0000,0.9794,-108.5988,14.3733,NY,-1
scalp_fade_3m,ETHUSDT,3m,1,STOP,2026-06-03T16:09:00.000Z,2026-06-03T16:23:59.999Z,4,-1.069718,0.2997,0.9611,-106.9718,11.6786,NY,-1
scalp_fade_3m,ETHUSDT,3m,1,STOP,2026-06-03T19:09:00.000Z,2026-06-03T19:23:59.999Z,4,-1.126619,0.1266,1.6691,-112.6619,21.1023,NY,1
scalp_fade_3m,ETHUSDT,3m,1,STOP,2026-06-03T19:51:00.000Z,2026-06-03T19:53:59.999Z,0,-1.099239,0.0185,1.0959,-109.9239,16.6368,NY,-1
scalp_fade_3m,ETHUSDT,3m,1,TIME,2026-06-03T23:03:00.000Z,2026-06-04T00:05:59.999Z,20,-0.777572,0.2378,0.7230,-77.7572,12.2548,LATE,-1
scalp_fade_3m,ETHUSDT,3m,1,STOP,2026-06-04T00:06:00.000Z,2026-06-04T00:26:59.999Z,6,-1.092251,0.3563,1.5221,-109.2251,15.3786,ASIA,-1
scalp_fade_3m,ETHUSDT,3m,1,STOP,2026-06-04T08:33:00.000Z,2026-06-04T09:08:59.999Z,11,-1.082122,0.2690,0.9624,-108.2122,13.6338,LONDON,-1
scalp_fade_3m,ETHUSDT,3m,1,STOP,2026-06-04T10:45:00.000Z,2026-06-04T10:47:59.999Z,0,-1.085430,0.0032,0.9793,-108.5430,14.3404,LONDON,1
scalp_fade_3m,ETHUSDT,3m,1,TARGET,2026-06-04T12:12:00.000Z,2026-06-04T12:23:59.999Z,3,1.185273,1.5114,0.0922,118.5273,10.0202,LONDON,1
scalp_fade_3m,ETHUSDT,3m,1,STOP,2026-06-04T13:18:00.000Z,2026-06-04T13:26:59.999Z,2,-1.080223,0.0382,1.0418,-108.0223,13.4463,NY,1
scalp_fade_3m,ETHUSDT,3m,-1,TIME,2026-06-04T15:06:00.000Z,2026-06-04T16:08:59.999Z,20,0.286414,0.6327,0.7657,28.6414,11.7766,NY,-1
scalp_fade_3m,ETHUSDT,3m,-1,TARGET,2026-06-04T16:39:00.000Z,2026-06-04T17:35:59.999Z,18,1.177671,1.4641,0.4309,117.7671,10.1834,NY,-1
scalp_fade_3m,ETHUSDT,3m,1,TIME,2026-06-04T22:06:00.000Z,2026-06-04T23:08:59.999Z,20,0.905882,1.2742,0.5097,90.5882,12.7945,LATE,-1
scalp_fade_3m,ETHUSDT,3m,1,TIME,2026-06-04T23:18:00.000Z,2026-06-05T00:20:59.999Z,20,-0.041117,0.6198,0.7339,-4.1117,15.5395,LATE,-1
scalp_fade_3m,ETHUSDT,3m,1,STOP,2026-06-05T04:09:00.000Z,2026-06-05T04:20:59.999Z,3,-1.070284,0.0781,0.9151,-107.0284,11.7845,ASIA,-1
scalp_fade_3m,ETHUSDT,3m,1,STOP,2026-06-05T10:06:00.000Z,2026-06-05T11:05:59.999Z,19,-1.091951,0.3549,0.8516,-109.1951,15.1252,LONDON,-1
scalp_fade_3m,ETHUSDT,3m,1,STOP,2026-06-05T11:18:00.000Z,2026-06-05T11:47:59.999Z,9,-1.098354,0.6268,1.0639,-109.8354,16.3364,LONDON,-1
scalp_fade_3m,ETHUSDT,3m,1,STOP,2026-06-05T12:09:00.000Z,2026-06-05T12:32:59.999Z,7,-1.067123,0.5026,0.9674,-106.7123,11.2138,LONDON,1
scalp_fade_3m,ETHUSDT,3m,1,TIME,2026-06-05T12:33:00.000Z,2026-06-05T13:35:59.999Z,20,0.777447,1.0731,0.7105,77.7447,9.2864,LONDON,1
scalp_fade_3m,ETHUSDT,3m,1,STOP,2026-06-06T01:15:00.000Z,2026-06-06T02:08:59.999Z,17,-1.092609,0.6721,1.0431,-109.2609,15.2638,ASIA,-1
scalp_fade_3m,ETHUSDT,3m,1,STOP,2026-06-06T04:06:00.000Z,2026-06-06T04:14:59.999Z,2,-1.060409,0.0064,1.1081,-106.0409,10.1580,ASIA,1
scalp_fade_3m,ETHUSDT,3m,1,TARGET,2026-06-06T08:03:00.000Z,2026-06-06T08:29:59.999Z,8,1.100538,1.7933,0.3215,110.0538,12.6945,LONDON,1
scalp_fade_3m,ETHUSDT,3m,1,TARGET,2026-06-06T12:00:00.000Z,2026-06-06T12:53:59.999Z,17,1.168340,1.5688,0.7841,116.8340,10.5165,LONDON,1
scalp_fade_3m,ETHUSDT,3m,1,STOP,2026-06-06T15:00:00.000Z,2026-06-06T15:14:59.999Z,4,-1.097991,0.2976,1.0104,-109.7991,16.3611,NY,1
scalp_fade_3m,ETHUSDT,3m,1,TIME,2026-06-06T15:24:00.000Z,2026-06-06T16:26:59.999Z,20,0.072449,1.0135,0.1217,7.2449,12.3524,NY,1
scalp_fade_3m,ETHUSDT,3m,1,TIME,2026-06-06T16:27:00.000Z,2026-06-06T17:29:59.999Z,20,-0.027573,0.8875,0.4453,-2.7573,15.5033,NY,-1
scalp_fade_3m,ETHUSDT,3m,1,STOP,2026-06-06T17:39:00.000Z,2026-06-06T17:47:59.999Z,2,-1.098074,0.1372,1.0401,-109.8074,16.4090,NY,-1
scalp_fade_3m,ETHUSDT,3m,1,TIME,2026-06-06T20:00:00.000Z,2026-06-06T21:02:59.999Z,20,0.027051,0.6796,0.6970,2.7051,23.7129,NY,-1
scalp_fade_3m,ETHUSDT,3m,1,TIME,2026-06-06T22:06:00.000Z,2026-06-06T23:08:59.999Z,20,0.711228,1.1613,0.4275,71.1228,20.3479,LATE,-1
scalp_fade_3m,ETHUSDT,3m,-1,STOP,2026-06-07T01:03:00.000Z,2026-06-07T01:05:59.999Z,0,-1.137930,0.0000,1.1455,-113.7930,22.8571,ASIA,1
scalp_fade_3m,ETHUSDT,3m,-1,STOP,2026-06-07T02:24:00.000Z,2026-06-07T02:50:59.999Z,8,-1.101320,0.4398,0.8426,-110.1320,16.6168,ASIA,1
scalp_fade_3m,ETHUSDT,3m,-1,STOP,2026-06-07T04:36:00.000Z,2026-06-07T04:44:59.999Z,2,-1.123250,0.0210,0.8395,-112.3250,20.3678,ASIA,-1
scalp_fade_3m,ETHUSDT,3m,-1,STOP,2026-06-07T05:15:00.000Z,2026-06-07T05:20:59.999Z,1,-1.099494,0.1528,1.0919,-109.9494,16.4333,ASIA,1
scalp_fade_3m,ETHUSDT,3m,-1,STOP,2026-06-07T06:18:00.000Z,2026-06-07T06:23:59.999Z,1,-1.115088,0.0000,0.8597,-111.5088,19.0300,ASIA,-1
scalp_fade_3m,ETHUSDT,3m,-1,TARGET,2026-06-07T11:39:00.000Z,2026-06-07T12:11:59.999Z,10,1.044912,2.5214,0.3073,104.4912,14.4187,LONDON,-1
scalp_fade_3m,ETHUSDT,3m,-1,TIME,2026-06-07T14:42:00.000Z,2026-06-07T15:44:59.999Z,20,-0.732515,0.4071,0.8030,-73.2515,12.7412,NY,1
scalp_fade_3m,ETHUSDT,3m,-1,TIME,2026-06-07T15:48:00.000Z,2026-06-07T16:50:59.999Z,20,-0.473003,0.6476,0.3844,-47.3003,16.9921,NY,1
scalp_fade_3m,ETHUSDT,3m,1,TARGET,2026-06-07T19:51:00.000Z,2026-06-07T20:23:59.999Z,10,1.218230,1.5496,0.2538,121.8230,8.9554,NY,-1
scalp_fade_3m,ETHUSDT,3m,-1,STOP,2026-06-07T21:36:00.000Z,2026-06-07T21:59:59.999Z,7,-1.131623,0.4028,0.9224,-113.1623,21.6483,LATE,1
scalp_fade_3m,ETHUSDT,3m,-1,STOP,2026-06-07T22:09:00.000Z,2026-06-07T22:14:59.999Z,1,-1.109364,0.0000,8.9317,-110.9364,18.0769,LATE,-1
scalp_fade_3m,ETHUSDT,3m,-1,TIME,2026-06-08T09:18:00.000Z,2026-06-08T10:20:59.999Z,20,-0.409153,0.8198,0.6980,-40.9153,15.7170,LONDON,-1
scalp_fade_3m,ETHUSDT,3m,-1,STOP,2026-06-08T10:36:00.000Z,2026-06-08T11:11:59.999Z,11,-1.098830,0.2410,1.1649,-109.8830,16.1552,LONDON,1
scalp_fade_3m,ETHUSDT,3m,-1,TIME,2026-06-08T13:36:00.000Z,2026-06-08T14:38:59.999Z,20,0.012175,0.9362,0.2808,1.2175,12.3933,NY,1
scalp_fade_3m,ETHUSDT,3m,-1,STOP,2026-06-08T14:48:00.000Z,2026-06-08T15:02:59.999Z,4,-1.092393,0.3082,1.1320,-109.2393,15.2037,NY,1
scalp_fade_3m,ETHUSDT,3m,-1,TIME,2026-06-08T15:33:00.000Z,2026-06-08T16:35:59.999Z,20,0.019121,0.4520,0.7717,1.9121,12.6295,NY,1
scalp_fade_3m,ETHUSDT,3m,-1,TARGET,2026-06-09T00:18:00.000Z,2026-06-09T00:26:59.999Z,2,1.178699,1.3900,0.2395,117.8699,10.1970,ASIA,-1
scalp_fade_3m,ETHUSDT,3m,1,TIME,2026-06-09T02:48:00.000Z,2026-06-09T03:50:59.999Z,20,-0.045968,0.6799,0.4951,-4.5968,16.4917,ASIA,-1
scalp_fade_3m,ETHUSDT,3m,1,TARGET,2026-06-09T04:33:00.000Z,2026-06-09T04:35:59.999Z,0,0.948727,2.4939,0.1997,94.8727,17.5509,ASIA,-1
scalp_fade_3m,ETHUSDT,3m,-1,TIME,2026-06-09T06:09:00.000Z,2026-06-09T07:11:59.999Z,20,-0.442724,0.6174,0.7883,-44.2724,20.6679,ASIA,1
scalp_fade_3m,ETHUSDT,3m,1,STOP,2026-06-09T09:30:00.000Z,2026-06-09T09:35:59.999Z,1,-1.157488,0.0000,1.6112,-115.7488,26.2966,LONDON,-1
scalp_fade_3m,ETHUSDT,3m,1,TIME,2026-06-09T10:09:00.000Z,2026-06-09T11:11:59.999Z,20,-0.320147,0.9660,0.3783,-32.0147,23.8157,LONDON,-1
scalp_fade_3m,ETHUSDT,3m,1,STOP,2026-06-09T13:33:00.000Z,2026-06-09T13:38:59.999Z,1,-1.104829,0.0000,1.1599,-110.4829,17.5482,NY,-1
scalp_fade_3m,ETHUSDT,3m,1,STOP,2026-06-09T13:51:00.000Z,2026-06-09T14:05:59.999Z,4,-1.086533,0.4771,0.8923,-108.6533,14.4635,NY,-1
scalp_fade_3m,ETHUSDT,3m,1,TARGET,2026-06-09T16:39:00.000Z,2026-06-09T17:05:59.999Z,8,1.277178,1.5846,0.3802,127.7178,7.0901,NY,-1
scalp_fade_3m,ETHUSDT,3m,1,TARGET,2026-06-09T19:42:00.000Z,2026-06-09T20:17:59.999Z,11,1.099403,1.3426,0.4394,109.9403,12.7197,NY,1
scalp_fade_3m,ETHUSDT,3m,1,STOP,2026-06-09T22:36:00.000Z,2026-06-09T22:41:59.999Z,1,-1.132064,0.0000,0.8766,-113.2064,22.0729,LATE,-1
scalp_fade_3m,ETHUSDT,3m,1,TIME,2026-06-10T00:51:00.000Z,2026-06-10T01:53:59.999Z,20,0.112343,1.0938,0.2425,11.2343,15.8691,ASIA,-1
scalp_fade_3m,ETHUSDT,3m,1,STOP,2026-06-10T04:06:00.000Z,2026-06-10T04:38:59.999Z,10,-1.131135,0.4212,1.0669,-113.1135,21.7151,ASIA,1
scalp_fade_3m,ETHUSDT,3m,1,STOP,2026-06-10T04:51:00.000Z,2026-06-10T05:14:59.999Z,7,-1.127891,0.0000,0.8330,-112.7891,21.2469,ASIA,1
scalp_fade_3m,ETHUSDT,3m,1,TIME,2026-06-10T05:27:00.000Z,2026-06-10T06:29:59.999Z,20,0.151328,0.8695,0.3256,15.1328,18.8763,ASIA,-1
scalp_fade_3m,ETHUSDT,3m,1,TARGET,2026-06-10T06:33:00.000Z,2026-06-10T07:05:59.999Z,10,1.028269,1.1922,0.3924,102.8269,14.9790,ASIA,1
scalp_fade_3m,ETHUSDT,3m,1,TIME,2026-06-10T11:06:00.000Z,2026-06-10T12:08:59.999Z,20,-0.195383,0.4891,0.7908,-19.5383,14.9710,LONDON,1
scalp_fade_3m,ETHUSDT,3m,-1,STOP,2026-06-10T13:33:00.000Z,2026-06-10T13:35:59.999Z,0,-1.090529,0.1765,0.9446,-109.0529,14.9562,NY,1
scalp_fade_3m,ETHUSDT,3m,-1,STOP,2026-06-10T15:03:00.000Z,2026-06-10T15:56:59.999Z,17,-1.068215,0.9641,1.0668,-106.8215,11.0421,NY,-1
scalp_fade_3m,ETHUSDT,3m,1,TIME,2026-06-10T18:36:00.000Z,2026-06-10T19:38:59.999Z,20,-0.040771,0.2700,0.6681,-4.0771,13.6499,NY,1
scalp_fade_3m,ETHUSDT,3m,1,STOP,2026-06-10T21:51:00.000Z,2026-06-10T21:59:59.999Z,2,-1.082191,0.0000,0.9252,-108.2191,13.7730,LATE,1
scalp_fade_3m,ETHUSDT,3m,-1,STOP,2026-06-11T02:57:00.000Z,2026-06-11T03:35:59.999Z,12,-1.122963,0.6635,1.2199,-112.2963,20.1116,ASIA,-1
scalp_fade_3m,ETHUSDT,3m,-1,STOP,2026-06-11T06:12:00.000Z,2026-06-11T06:14:59.999Z,0,-1.155075,0.0000,0.9082,-115.5075,25.7149,ASIA,-1
scalp_fade_3m,ETHUSDT,3m,-1,STOP,2026-06-11T07:57:00.000Z,2026-06-11T08:11:59.999Z,4,-1.185163,0.0000,0.7916,-118.5163,30.6027,LONDON,-1
scalp_fade_3m,ETHUSDT,3m,-1,TIME,2026-06-11T10:09:00.000Z,2026-06-11T11:11:59.999Z,20,-1.114892,0.9395,0.6192,-111.4892,34.3105,LONDON,1
scalp_fade_3m,ETHUSDT,3m,-1,STOP,2026-06-11T11:21:00.000Z,2026-06-11T11:32:59.999Z,3,-1.141559,0.0231,0.9435,-114.1559,23.3890,LONDON,1
scalp_fade_3m,ETHUSDT,3m,-1,TARGET,2026-06-11T12:03:00.000Z,2026-06-11T12:23:59.999Z,6,1.075288,2.1183,0.1273,107.5288,13.4702,LONDON,1
scalp_fade_3m,ETHUSDT,3m,-1,TARGET,2026-06-11T13:48:00.000Z,2026-06-11T14:17:59.999Z,9,1.170161,1.4963,0.3656,117.0161,10.4477,NY,-1
scalp_fade_3m,ETHUSDT,3m,1,STOP,2026-06-11T14:27:00.000Z,2026-06-11T15:02:59.999Z,11,-1.086095,0.7158,0.9896,-108.6095,14.2870,NY,-1
scalp_fade_3m,ETHUSDT,3m,1,STOP,2026-06-11T16:24:00.000Z,2026-06-11T17:05:59.999Z,13,-1.125347,0.5435,1.3150,-112.5347,20.6984,NY,1
scalp_fade_3m,ETHUSDT,3m,-1,TARGET,2026-06-11T19:33:00.000Z,2026-06-11T20:29:59.999Z,18,1.179548,1.7687,0.4185,117.9548,10.1239,NY,-1
scalp_fade_3m,ETHUSDT,3m,-1,TIME,2026-06-11T21:15:00.000Z,2026-06-11T22:17:59.999Z,20,-0.496528,0.6568,0.3879,-49.6528,23.3785,LATE,-1
scalp_fade_3m,ETHUSDT,3m,-1,TIME,2026-06-11T23:42:00.000Z,2026-06-12T00:44:59.999Z,20,-0.010826,1.0655,0.2095,-1.0826,23.1454,LATE,-1
scalp_fade_3m,ETHUSDT,3m,-1,STOP,2026-06-12T04:18:00.000Z,2026-06-12T04:26:59.999Z,2,-1.155908,0.0000,0.9220,-115.5908,25.8001,ASIA,-1
scalp_fade_3m,ETHUSDT,3m,-1,TARGET,2026-06-12T11:06:00.000Z,2026-06-12T12:02:59.999Z,18,0.855346,1.0918,0.4308,85.5346,20.3871,LONDON,-1
scalp_fade_3m,ETHUSDT,3m,1,STOP,2026-06-12T13:33:00.000Z,2026-06-12T13:41:59.999Z,2,-1.131806,0.3468,0.8038,-113.1806,22.0071,NY,1
scalp_fade_3m,ETHUSDT,3m,-1,TIME,2026-06-12T16:15:00.000Z,2026-06-12T17:17:59.999Z,20,-0.297671,0.3323,0.6167,-29.7671,12.8259,NY,-1
scalp_fade_3m,ETHUSDT,3m,1,TIME,2026-06-12T18:15:00.000Z,2026-06-12T19:17:59.999Z,20,-0.332058,0.5859,0.6518,-33.2058,20.3540,NY,-1
scalp_fade_3m,ETHUSDT,3m,1,TIME,2026-06-12T19:51:00.000Z,2026-06-12T20:53:59.999Z,20,-0.883677,0.1956,0.6700,-88.3677,22.8907,NY,1
scalp_fade_3m,ETHUSDT,3m,1,STOP,2026-06-12T22:33:00.000Z,2026-06-12T23:02:59.999Z,9,-1.196991,0.0000,1.0511,-119.6991,32.5883,LATE,1
scalp_fade_3m,ETHUSDT,3m,1,STOP,2026-06-13T04:03:00.000Z,2026-06-13T04:05:59.999Z,0,-1.267820,0.0000,0.6573,-126.7820,44.6728,ASIA,-1
scalp_fade_3m,ETHUSDT,3m,1,STOP,2026-06-13T04:57:00.000Z,2026-06-13T05:02:59.999Z,1,-1.262192,0.0000,0.7454,-126.2192,43.6914,ASIA,1
scalp_fade_3m,ETHUSDT,3m,1,TARGET,2026-06-13T05:48:00.000Z,2026-06-13T06:35:59.999Z,15,0.637253,0.9654,0.3326,63.7253,27.3393,ASIA,-1
scalp_fade_3m,ETHUSDT,3m,-1,STOP,2026-06-13T10:27:00.000Z,2026-06-13T10:35:59.999Z,2,-1.280894,0.0000,0.6496,-128.0894,46.5897,LONDON,-1
scalp_fade_3m,ETHUSDT,3m,-1,STOP,2026-06-13T10:45:00.000Z,2026-06-13T10:47:59.999Z,0,-1.269183,0.0000,0.6396,-126.9183,44.7345,LONDON,-1
scalp_fade_3m,ETHUSDT,3m,-1,STOP,2026-06-13T11:06:00.000Z,2026-06-13T11:11:59.999Z,1,-1.239998,0.0000,0.8358,-123.9998,39.8285,LONDON,1
scalp_fade_3m,ETHUSDT,3m,-1,STOP,2026-06-13T15:00:00.000Z,2026-06-13T15:14:59.999Z,4,-1.248049,0.1325,0.6102,-124.8049,41.0411,NY,1
scalp_fade_3m,ETHUSDT,3m,-1,STOP,2026-06-13T19:36:00.000Z,2026-06-13T19:41:59.999Z,1,-1.250065,0.0000,0.7660,-125.0065,41.5048,NY,-1
scalp_fade_3m,ETHUSDT,3m,-1,TIME,2026-06-13T19:42:00.000Z,2026-06-13T20:44:59.999Z,20,-0.059527,0.7228,0.4655,-5.9527,38.3118,NY,-1
scalp_fade_3m,ETHUSDT,3m,-1,STOP,2026-06-13T21:18:00.000Z,2026-06-13T21:35:59.999Z,5,-1.259917,0.0190,0.6190,-125.9917,42.9666,LATE,1
scalp_fade_3m,ETHUSDT,3m,-1,STOP,2026-06-13T23:18:00.000Z,2026-06-13T23:20:59.999Z,0,-1.252375,0.0000,0.6079,-125.2375,41.9330,LATE,-1
scalp_fade_3m,ETHUSDT,3m,-1,STOP,2026-06-14T01:09:00.000Z,2026-06-14T01:11:59.999Z,0,-1.230341,0.0000,0.9068,-123.0341,38.2603,ASIA,-1
scalp_fade_3m,ETHUSDT,3m,1,STOP,2026-06-14T06:27:00.000Z,2026-06-14T06:38:59.999Z,3,-1.231775,0.1526,0.6478,-123.1775,38.5579,ASIA,1
scalp_fade_3m,ETHUSDT,3m,1,TIME,2026-06-14T09:33:00.000Z,2026-06-14T10:35:59.999Z,20,-0.097417,0.7143,0.3611,-9.7417,30.9507,LONDON,-1
scalp_fade_3m,ETHUSDT,3m,1,STOP,2026-06-14T14:12:00.000Z,2026-06-14T14:17:59.999Z,1,-1.225786,0.0000,0.8073,-122.5786,37.6430,NY,1
scalp_fade_3m,ETHUSDT,3m,1,STOP,2026-06-14T16:48:00.000Z,2026-06-14T16:50:59.999Z,0,-1.225846,0.0000,0.8178,-122.5846,37.6923,NY,1
scalp_fade_3m,ETHUSDT,3m,1,STOP,2026-06-14T17:51:00.000Z,2026-06-14T18:23:59.999Z,10,-1.172398,0.0692,0.7517,-117.2398,28.5068,NY,-1
scalp_fade_3m,ETHUSDT,3m,1,STOP,2026-06-14T20:06:00.000Z,2026-06-14T20:08:59.999Z,0,-1.265553,0.0000,0.7453,-126.5553,44.2958,NY,-1
scalp_fade_3m,ETHUSDT,3m,-1,STOP,2026-06-15T01:39:00.000Z,2026-06-15T02:17:59.999Z,12,-1.142065,0.3841,1.3769,-114.2065,23.2562,ASIA,-1
scalp_fade_3m,ETHUSDT,3m,-1,STOP,2026-06-15T03:06:00.000Z,2026-06-15T03:11:59.999Z,1,-1.178556,0.0652,0.8881,-117.8556,29.5978,ASIA,-1
scalp_fade_3m,ETHUSDT,3m,-1,TIME,2026-06-15T03:54:00.000Z,2026-06-15T04:56:59.999Z,20,-0.123371,0.8600,0.2683,-12.3371,30.5044,ASIA,1
scalp_fade_3m,ETHUSDT,3m,-1,STOP,2026-06-15T05:51:00.000Z,2026-06-15T06:05:59.999Z,4,-1.218459,0.0585,0.7313,-121.8459,36.1295,ASIA,-1
scalp_fade_3m,ETHUSDT,3m,-1,TARGET,2026-06-15T07:09:00.000Z,2026-06-15T08:02:59.999Z,17,0.779189,1.1613,0.5237,77.9189,22.8044,LONDON,-1
scalp_fade_3m,ETHUSDT,3m,-1,TIME,2026-06-15T08:06:00.000Z,2026-06-15T09:08:59.999Z,20,-0.875377,0.4754,0.5109,-87.5377,31.5868,LONDON,1
scalp_fade_3m,ETHUSDT,3m,-1,TARGET,2026-06-15T09:18:00.000Z,2026-06-15T09:35:59.999Z,5,0.757995,1.5781,0.6185,75.7995,23.5555,LONDON,-1
scalp_fade_3m,ETHUSDT,3m,-1,STOP,2026-06-15T18:33:00.000Z,2026-06-15T18:50:59.999Z,5,-1.139431,0.1119,0.7964,-113.9431,22.9878,NY,1
scalp_fade_3m,ETHUSDT,3m,-1,TARGET,2026-06-15T18:54:00.000Z,2026-06-15T19:20:59.999Z,8,0.962588,2.4961,0.5981,96.2588,17.0404,NY,-1
scalp_fade_3m,ETHUSDT,3m,-1,TARGET,2026-06-15T21:12:00.000Z,2026-06-15T21:56:59.999Z,14,0.997894,1.4039,0.1990,99.7894,15.8925,LATE,-1
scalp_fade_3m,ETHUSDT,3m,1,STOP,2026-06-16T01:09:00.000Z,2026-06-16T02:11:59.999Z,20,-1.126268,0.3163,1.1480,-112.6268,20.7006,ASIA,1
scalp_fade_3m,ETHUSDT,3m,-1,STOP,2026-06-16T10:21:00.000Z,2026-06-16T10:29:59.999Z,2,-1.136045,0.1832,0.8397,-113.6045,22.4961,LONDON,-1
scalp_fade_3m,ETHUSDT,3m,-1,TIME,2026-06-16T10:57:00.000Z,2026-06-16T11:59:59.999Z,20,-0.945669,0.5901,0.6962,-94.5669,23.9799,LONDON,1
scalp_fade_3m,ETHUSDT,3m,-1,STOP,2026-06-16T23:00:00.000Z,2026-06-16T23:02:59.999Z,0,-1.199207,0.0000,0.6953,-119.9207,33.0708,LATE,-1
scalp_fade_3m,ETHUSDT,3m,-1,STOP,2026-06-17T00:03:00.000Z,2026-06-17T00:35:59.999Z,10,-1.196418,0.2021,0.8462,-119.6418,32.2703,ASIA,-1
scalp_fade_3m,ETHUSDT,3m,-1,STOP,2026-06-17T05:03:00.000Z,2026-06-17T05:05:59.999Z,0,-1.175768,0.0000,0.7982,-117.5768,29.1639,ASIA,1
scalp_fade_3m,ETHUSDT,3m,-1,TIME,2026-06-17T05:06:00.000Z,2026-06-17T06:08:59.999Z,20,-0.276414,1.0413,0.2456,-27.6414,26.9256,ASIA,1
scalp_fade_3m,ETHUSDT,3m,1,STOP,2026-06-17T07:21:00.000Z,2026-06-17T07:53:59.999Z,10,-1.140602,0.3500,0.8910,-114.0602,23.2734,LONDON,-1
scalp_fade_3m,ETHUSDT,3m,1,STOP,2026-06-17T08:00:00.000Z,2026-06-17T08:14:59.999Z,4,-1.120676,0.0248,0.8019,-112.0676,20.1182,LONDON,-1
scalp_fade_3m,ETHUSDT,3m,1,TIME,2026-06-17T09:57:00.000Z,2026-06-17T10:59:59.999Z,20,-0.826499,0.6455,0.6335,-82.6499,24.5093,LONDON,1
scalp_fade_3m,ETHUSDT,3m,1,STOP,2026-06-17T11:21:00.000Z,2026-06-17T12:20:59.999Z,19,-1.102130,0.0629,1.4841,-110.2130,16.7853,LONDON,-1
scalp_fade_3m,ETHUSDT,3m,1,TARGET,2026-06-17T14:48:00.000Z,2026-06-17T15:26:59.999Z,12,1.218752,1.3941,0.0770,121.8752,8.9337,NY,-1
scalp_fade_3m,ETHUSDT,3m,-1,TARGET,2026-06-17T17:54:00.000Z,2026-06-17T18:02:59.999Z,2,1.146392,2.2649,0.6970,114.6392,11.2244,NY,1
scalp_fade_3m,ETHUSDT,3m,1,STOP,2026-06-17T21:45:00.000Z,2026-06-17T22:02:59.999Z,5,-1.146883,0.0000,1.2778,-114.6883,24.4331,LATE,1
scalp_fade_3m,ETHUSDT,3m,1,TIME,2026-06-17T22:15:00.000Z,2026-06-17T23:17:59.999Z,20,0.823555,1.1106,0.2033,82.3555,17.7723,LATE,-1
scalp_fade_3m,ETHUSDT,3m,1,TIME,2026-06-18T05:12:00.000Z,2026-06-18T06:14:59.999Z,20,-0.639159,0.3104,0.7066,-63.9159,16.4056,ASIA,-1
scalp_fade_3m,ETHUSDT,3m,-1,TARGET,2026-06-18T09:18:00.000Z,2026-06-18T09:32:59.999Z,4,0.920207,1.1589,0.3010,92.0207,18.4067,LONDON,-1
scalp_fade_3m,ETHUSDT,3m,-1,TARGET,2026-06-18T13:27:00.000Z,2026-06-18T13:35:59.999Z,2,0.902508,1.5589,0.2453,90.2508,18.9800,NY,1
scalp_fade_3m,ETHUSDT,3m,1,STOP,2026-06-18T14:27:00.000Z,2026-06-18T15:17:59.999Z,16,-1.081302,0.4924,1.1039,-108.1302,13.4297,NY,-1
scalp_fade_3m,ETHUSDT,3m,1,TIME,2026-06-18T17:36:00.000Z,2026-06-18T18:38:59.999Z,20,-0.358217,0.4088,0.6217,-35.8217,13.3227,NY,-1
scalp_fade_3m,ETHUSDT,3m,1,STOP,2026-06-18T21:12:00.000Z,2026-06-18T21:17:59.999Z,1,-1.154698,0.0542,0.7560,-115.4698,25.8331,LATE,-1
scalp_fade_3m,ETHUSDT,3m,1,STOP,2026-06-19T02:54:00.000Z,2026-06-19T03:14:59.999Z,6,-1.141185,0.1442,1.7874,-114.1185,23.4660,ASIA,-1
scalp_fade_3m,ETHUSDT,3m,1,STOP,2026-06-19T07:33:00.000Z,2026-06-19T07:38:59.999Z,1,-1.154022,0.0000,1.1687,-115.4022,25.7207,LONDON,-1
scalp_fade_3m,ETHUSDT,3m,1,TIME,2026-06-19T07:54:00.000Z,2026-06-19T08:56:59.999Z,20,-0.277077,0.5229,0.3027,-27.7077,23.3565,LONDON,-1
scalp_fade_3m,ETHUSDT,3m,1,STOP,2026-06-19T09:33:00.000Z,2026-06-19T09:50:59.999Z,5,-1.162727,0.0279,0.8407,-116.2727,27.0544,LONDON,1
scalp_fade_3m,ETHUSDT,3m,1,STOP,2026-06-19T10:12:00.000Z,2026-06-19T10:17:59.999Z,1,-1.168427,0.0876,0.7717,-116.8427,28.1140,LONDON,-1
scalp_fade_3m,ETHUSDT,3m,1,TIME,2026-06-19T11:09:00.000Z,2026-06-19T12:11:59.999Z,20,-0.353198,0.4037,0.4795,-35.3198,26.2869,LONDON,-1
scalp_fade_3m,ETHUSDT,3m,1,STOP,2026-06-19T12:42:00.000Z,2026-06-19T12:47:59.999Z,1,-1.148262,0.0144,1.4480,-114.8262,24.7639,LONDON,-1
scalp_fade_3m,ETHUSDT,3m,-1,STOP,2026-06-19T15:36:00.000Z,2026-06-19T15:41:59.999Z,1,-1.125720,0.1056,0.9444,-112.5720,20.8002,NY,-1
scalp_fade_3m,ETHUSDT,3m,-1,TIME,2026-06-19T15:42:00.000Z,2026-06-19T16:44:59.999Z,20,0.233903,0.6642,0.2087,23.3903,18.3116,NY,-1
scalp_fade_3m,ETHUSDT,3m,-1,STOP,2026-06-19T17:21:00.000Z,2026-06-19T17:50:59.999Z,9,-1.136928,0.8420,0.8170,-113.6928,22.4797,NY,-1
scalp_fade_3m,ETHUSDT,3m,-1,STOP,2026-06-19T19:51:00.000Z,2026-06-19T20:53:59.999Z,20,-1.189678,0.7380,0.7404,-118.9678,30.8408,NY,-1
scalp_fade_3m,ETHUSDT,3m,-1,STOP,2026-06-19T22:21:00.000Z,2026-06-19T22:29:59.999Z,2,-1.209404,0.0000,0.9438,-120.9404,34.6983,LATE,-1
scalp_fade_3m,ETHUSDT,3m,-1,STOP,2026-06-19T23:54:00.000Z,2026-06-19T23:56:59.999Z,0,-1.262867,0.0000,2.2574,-126.2867,43.6818,LATE,1
scalp_fade_3m,ETHUSDT,3m,-1,STOP,2026-06-19T23:57:00.000Z,2026-06-20T00:35:59.999Z,12,-1.179046,0.9222,0.8156,-117.9046,29.3441,LATE,1
scalp_fade_3m,ETHUSDT,3m,-1,TARGET,2026-06-20T02:03:00.000Z,2026-06-20T02:29:59.999Z,8,0.730190,1.0106,0.2300,73.0190,24.4182,ASIA,1
scalp_fade_3m,ETHUSDT,3m,-1,STOP,2026-06-20T04:12:00.000Z,2026-06-20T04:20:59.999Z,2,-1.252295,0.0000,0.7383,-125.2295,41.8326,ASIA,1
scalp_fade_3m,ETHUSDT,3m,-1,TARGET,2026-06-20T07:48:00.000Z,2026-06-20T08:38:59.999Z,16,0.659908,1.1464,0.4044,65.9908,26.5890,LONDON,-1
scalp_fade_3m,ETHUSDT,3m,-1,STOP,2026-06-20T10:51:00.000Z,2026-06-20T11:50:59.999Z,19,-1.265106,0.3284,0.6716,-126.5106,43.2007,LONDON,-1
scalp_fade_3m,ETHUSDT,3m,-1,TARGET,2026-06-20T12:06:00.000Z,2026-06-20T12:38:59.999Z,10,0.644325,0.9371,0.6056,64.4325,27.1287,LONDON,1
scalp_fade_3m,ETHUSDT,3m,-1,STOP,2026-06-20T19:15:00.000Z,2026-06-20T20:02:59.999Z,15,-1.204063,0.3211,0.7096,-120.4063,33.3597,NY,-1
scalp_fade_3m,ETHUSDT,3m,-1,STOP,2026-06-20T20:48:00.000Z,2026-06-20T20:53:59.999Z,1,-1.261611,0.0000,0.7980,-126.1611,43.4272,NY,1
scalp_fade_3m,ETHUSDT,3m,-1,STOP,2026-06-20T22:00:00.000Z,2026-06-20T22:14:59.999Z,4,-1.196271,0.2391,1.1198,-119.6271,32.4465,LATE,1
scalp_fade_3m,ETHUSDT,3m,-1,STOP,2026-06-20T22:15:00.000Z,2026-06-20T22:29:59.999Z,4,-1.154636,0.2798,0.9703,-115.4636,25.5355,LATE,1
scalp_fade_3m,ETHUSDT,3m,-1,STOP,2026-06-21T01:36:00.000Z,2026-06-21T01:47:59.999Z,3,-1.253179,0.0000,1.0387,-125.3179,41.9361,ASIA,-1
scalp_fade_3m,ETHUSDT,3m,-1,STOP,2026-06-21T03:21:00.000Z,2026-06-21T03:23:59.999Z,0,-1.220124,0.0000,1.0713,-122.0124,36.5574,ASIA,1
scalp_fade_3m,ETHUSDT,3m,-1,TARGET,2026-06-21T04:39:00.000Z,2026-06-21T04:53:59.999Z,4,0.736330,1.2013,0.3080,73.6330,24.2508,ASIA,-1
scalp_fade_3m,ETHUSDT,3m,1,TARGET,2026-06-21T06:06:00.000Z,2026-06-21T06:35:59.999Z,9,0.578733,0.9158,0.2503,57.8733,29.2419,ASIA,-1
scalp_fade_3m,ETHUSDT,3m,-1,TARGET,2026-06-21T07:00:00.000Z,2026-06-21T07:56:59.999Z,18,0.486357,0.8745,0.3333,48.6357,32.0680,LONDON,1
scalp_fade_3m,ETHUSDT,3m,1,STOP,2026-06-21T10:54:00.000Z,2026-06-21T10:56:59.999Z,0,-1.231792,0.0000,0.6411,-123.1792,38.6812,LONDON,1
scalp_fade_3m,ETHUSDT,3m,1,STOP,2026-06-21T10:57:00.000Z,2026-06-21T11:02:59.999Z,1,-1.220922,0.0981,0.7574,-122.0922,36.8351,LONDON,1
scalp_fade_3m,ETHUSDT,3m,1,STOP,2026-06-21T11:06:00.000Z,2026-06-21T11:17:59.999Z,3,-1.163383,0.4937,0.8491,-116.3383,27.2193,LONDON,1
scalp_fade_3m,ETHUSDT,3m,1,STOP,2026-06-21T11:18:00.000Z,2026-06-21T11:20:59.999Z,0,-1.136958,0.0000,1.1909,-113.6958,22.9097,LONDON,-1
scalp_fade_3m,ETHUSDT,3m,1,STOP,2026-06-21T11:48:00.000Z,2026-06-21T12:14:59.999Z,8,-1.155998,0.0000,0.9698,-115.5998,25.8608,LONDON,-1
scalp_fade_3m,ETHUSDT,3m,1,TIME,2026-06-21T13:33:00.000Z,2026-06-21T14:35:59.999Z,20,-0.709917,0.1972,0.4960,-70.9917,28.1625,NY,1
scalp_fade_3m,ETHUSDT,3m,1,STOP,2026-06-21T17:45:00.000Z,2026-06-21T18:02:59.999Z,5,-1.248420,0.2973,1.3729,-124.8420,41.2319,NY,-1
scalp_fade_3m,ETHUSDT,3m,1,TARGET,2026-06-21T18:03:00.000Z,2026-06-21T18:32:59.999Z,9,0.748266,2.8248,0.4000,74.8266,23.8646,NY,1
scalp_fade_3m,ETHUSDT,3m,1,STOP,2026-06-21T23:03:00.000Z,2026-06-21T23:32:59.999Z,9,-1.126153,0.3639,0.8649,-112.6153,20.9167,LATE,1
scalp_fade_3m,ETHUSDT,3m,1,TARGET,2026-06-21T23:33:00.000Z,2026-06-22T00:20:59.999Z,15,1.053180,1.3170,0.6120,105.3180,14.1690,LATE,1
scalp_fade_3m,ETHUSDT,3m,-1,TIME,2026-06-22T05:09:00.000Z,2026-06-22T06:11:59.999Z,20,-0.734624,0.3851,0.6607,-73.4624,27.7749,ASIA,1
scalp_fade_3m,ETHUSDT,3m,-1,STOP,2026-06-22T06:12:00.000Z,2026-06-22T07:05:59.999Z,17,-1.186034,0.6888,0.9514,-118.6034,30.3386,ASIA,-1
scalp_fade_3m,ETHUSDT,3m,-1,STOP,2026-06-22T07:06:00.000Z,2026-06-22T07:11:59.999Z,1,-1.165953,0.1036,0.7348,-116.5953,27.4994,LONDON,-1
scalp_fade_3m,ETHUSDT,3m,-1,STOP,2026-06-22T10:33:00.000Z,2026-06-22T11:05:59.999Z,10,-1.180555,0.2746,0.9656,-118.0555,29.6534,LONDON,1
scalp_fade_3m,ETHUSDT,3m,-1,STOP,2026-06-22T11:06:00.000Z,2026-06-22T11:08:59.999Z,0,-1.176634,0.0000,0.8389,-117.6634,29.3084,LONDON,-1
scalp_fade_3m,ETHUSDT,3m,-1,STOP,2026-06-22T11:21:00.000Z,2026-06-22T11:32:59.999Z,3,-1.146638,0.1632,0.9431,-114.6638,24.2330,LONDON,1
scalp_fade_3m,ETHUSDT,3m,-1,STOP,2026-06-22T13:33:00.000Z,2026-06-22T13:38:59.999Z,1,-1.126163,0.3779,1.7448,-112.6163,20.8740,NY,-1
scalp_fade_3m,ETHUSDT,3m,1,STOP,2026-06-22T18:30:00.000Z,2026-06-22T18:47:59.999Z,5,-1.155912,0.0336,1.3946,-115.5912,25.9268,NY,-1
scalp_fade_3m,ETHUSDT,3m,1,STOP,2026-06-22T20:54:00.000Z,2026-06-22T21:41:59.999Z,15,-1.179558,0.6812,1.2100,-117.9558,29.5332,NY,-1
scalp_fade_3m,ETHUSDT,3m,1,STOP,2026-06-23T03:03:00.000Z,2026-06-23T03:08:59.999Z,1,-1.181302,0.0000,0.7017,-118.1302,30.2529,ASIA,1
scalp_fade_3m,ETHUSDT,3m,1,STOP,2026-06-23T04:18:00.000Z,2026-06-23T04:23:59.999Z,1,-1.194139,0.0000,0.8213,-119.4139,32.3856,ASIA,-1
scalp_fade_3m,ETHUSDT,3m,1,STOP,2026-06-23T12:33:00.000Z,2026-06-23T12:50:59.999Z,5,-1.161828,0.0000,0.8929,-116.1828,26.9056,LONDON,-1
scalp_fade_3m,ETHUSDT,3m,1,STOP,2026-06-23T12:51:00.000Z,2026-06-23T13:05:59.999Z,4,-1.145447,0.0000,0.9130,-114.5447,24.2205,LONDON,-1
scalp_fade_3m,ETHUSDT,3m,1,STOP,2026-06-23T15:00:00.000Z,2026-06-23T15:20:59.999Z,6,-1.091475,0.0436,0.8905,-109.1475,15.2503,NY,1
scalp_fade_3m,ETHUSDT,3m,1,TIME,2026-06-23T17:33:00.000Z,2026-06-23T18:35:59.999Z,20,-0.928713,0.6862,0.7467,-92.8713,22.3086,NY,-1
scalp_fade_3m,ETHUSDT,3m,1,TARGET,2026-06-23T19:00:00.000Z,2026-06-23T20:02:59.999Z,20,0.991928,1.5727,0.1459,99.1928,16.0859,NY,-1
scalp_fade_3m,ETHUSDT,3m,-1,STOP,2026-06-23T23:27:00.000Z,2026-06-23T23:47:59.999Z,6,-1.175506,0.3009,1.0215,-117.5506,28.9397,LATE,-1
scalp_fade_3m,ETHUSDT,3m,-1,STOP,2026-06-24T01:00:00.000Z,2026-06-24T01:32:59.999Z,10,-1.150619,0.6513,1.5327,-115.0619,24.7151,ASIA,1
scalp_fade_3m,ETHUSDT,3m,-1,STOP,2026-06-24T07:09:00.000Z,2026-06-24T07:14:59.999Z,1,-1.174217,0.0630,0.7968,-117.4217,28.8755,LONDON,1
scalp_fade_3m,ETHUSDT,3m,-1,TIME,2026-06-24T08:03:00.000Z,2026-06-24T09:05:59.999Z,20,0.031676,0.8927,0.4316,3.1676,29.1580,LONDON,-1
scalp_fade_3m,ETHUSDT,3m,1,STOP,2026-06-24T10:24:00.000Z,2026-06-24T11:05:59.999Z,13,-1.153749,0.2014,0.8812,-115.3749,25.3590,LONDON,-1
scalp_fade_3m,ETHUSDT,3m,1,STOP,2026-06-24T13:36:00.000Z,2026-06-24T13:44:59.999Z,2,-1.064387,0.1213,1.1488,-106.4387,10.8182,NY,-1
scalp_fade_3m,ETHUSDT,3m,-1,TIME,2026-06-25T01:24:00.000Z,2026-06-25T02:26:59.999Z,20,-0.065482,0.7498,0.4605,-6.5482,21.0512,ASIA,-1
scalp_fade_3m,ETHUSDT,3m,-1,TIME,2026-06-25T03:18:00.000Z,2026-06-25T04:20:59.999Z,20,-0.224506,0.3974,0.2857,-22.4506,23.5701,ASIA,1
scalp_fade_3m,ETHUSDT,3m,1,STOP,2026-06-25T13:33:00.000Z,2026-06-25T13:38:59.999Z,1,-1.086933,0.4329,0.9289,-108.6933,14.5751,NY,1
scalp_fade_3m,ETHUSDT,3m,1,TIME,2026-06-25T16:33:00.000Z,2026-06-25T17:35:59.999Z,20,-0.022414,0.5229,0.8751,-2.2414,12.0621,NY,1
scalp_fade_3m,ETHUSDT,3m,1,TIME,2026-06-25T18:15:00.000Z,2026-06-25T19:17:59.999Z,20,-0.878493,0.9762,0.8000,-87.8493,13.6663,NY,1
scalp_fade_3m,ETHUSDT,3m,1,TARGET,2026-06-25T20:33:00.000Z,2026-06-25T21:35:59.999Z,20,1.125555,1.7531,0.6297,112.5555,11.8605,NY,-1
scalp_fade_3m,ETHUSDT,3m,1,TIME,2026-06-25T22:12:00.000Z,2026-06-25T23:14:59.999Z,20,-0.432044,0.0000,0.7678,-43.2044,15.0629,LATE,1
scalp_fade_3m,ETHUSDT,3m,1,STOP,2026-06-25T23:45:00.000Z,2026-06-25T23:50:59.999Z,1,-1.133351,0.0000,0.8214,-113.3351,22.2867,LATE,-1
scalp_fade_3m,ETHUSDT,3m,1,STOP,2026-06-26T01:03:00.000Z,2026-06-26T01:05:59.999Z,0,-1.117529,0.0000,0.9831,-111.7529,19.6786,ASIA,-1
scalp_fade_3m,ETHUSDT,3m,1,STOP,2026-06-26T01:24:00.000Z,2026-06-26T02:11:59.999Z,15,-1.099994,0.0937,1.4237,-109.9994,16.5044,ASIA,-1
scalp_fade_3m,ETHUSDT,3m,1,STOP,2026-06-26T06:03:00.000Z,2026-06-26T06:11:59.999Z,2,-1.113615,0.0000,0.8256,-111.3615,18.9881,ASIA,1
scalp_fade_3m,ETHUSDT,3m,-1,TARGET,2026-06-26T09:42:00.000Z,2026-06-26T09:53:59.999Z,3,1.051055,1.9750,0.2750,105.1055,14.2521,LONDON,-1
scalp_fade_3m,ETHUSDT,3m,1,TARGET,2026-06-26T11:51:00.000Z,2026-06-26T12:35:59.999Z,14,1.092775,2.0304,0.3254,109.2775,12.9189,LONDON,-1
scalp_fade_3m,ETHUSDT,3m,1,STOP,2026-06-26T12:39:00.000Z,2026-06-26T12:41:59.999Z,0,-1.083151,0.0000,1.5972,-108.3151,13.9614,LONDON,1
scalp_fade_3m,ETHUSDT,3m,1,TARGET,2026-06-26T13:33:00.000Z,2026-06-26T13:56:59.999Z,7,1.254684,2.3477,0.6789,125.4684,7.8060,NY,-1
scalp_fade_3m,ETHUSDT,3m,-1,STOP,2026-06-26T15:54:00.000Z,2026-06-26T16:02:59.999Z,2,-1.069752,0.0018,1.4780,-106.9752,11.4693,NY,-1
scalp_fade_3m,ETHUSDT,3m,-1,STOP,2026-06-26T19:09:00.000Z,2026-06-26T19:11:59.999Z,0,-1.113920,0.0000,0.9294,-111.3920,18.8551,NY,-1
scalp_fade_3m,ETHUSDT,3m,-1,TARGET,2026-06-26T19:51:00.000Z,2026-06-26T20:35:59.999Z,14,1.020472,1.2794,0.7389,102.0472,15.1769,NY,-1
scalp_fade_3m,ETHUSDT,3m,-1,STOP,2026-06-26T22:15:00.000Z,2026-06-26T22:59:59.999Z,14,-1.143188,0.4474,0.7870,-114.3188,23.3930,LATE,-1
scalp_fade_3m,ETHUSDT,3m,-1,STOP,2026-06-27T02:06:00.000Z,2026-06-27T02:11:59.999Z,1,-1.222868,0.0000,0.7445,-122.2868,36.9762,ASIA,-1
scalp_fade_3m,ETHUSDT,3m,-1,TARGET,2026-06-27T04:30:00.000Z,2026-06-27T05:29:59.999Z,19,0.757770,1.0041,0.5092,75.7770,23.4694,ASIA,1
scalp_fade_3m,ETHUSDT,3m,-1,STOP,2026-06-27T07:18:00.000Z,2026-06-27T07:23:59.999Z,1,-1.232198,0.0000,0.8134,-123.2198,38.5297,LONDON,-1
scalp_fade_3m,ETHUSDT,3m,-1,STOP,2026-06-27T10:51:00.000Z,2026-06-27T11:02:59.999Z,3,-1.286109,0.0000,0.6168,-128.6109,47.4078,LONDON,1
scalp_fade_3m,ETHUSDT,3m,-1,TIME,2026-06-27T11:48:00.000Z,2026-06-27T12:50:59.999Z,20,-0.876876,0.4272,0.4868,-87.6876,33.6668,LONDON,-1
scalp_fade_3m,ETHUSDT,3m,1,STOP,2026-06-27T20:39:00.000Z,2026-06-27T21:41:59.999Z,20,-1.211442,0.6921,0.8556,-121.1442,34.5770,NY,1
scalp_fade_3m,ETHUSDT,3m,1,TIME,2026-06-27T23:15:00.000Z,2026-06-28T00:17:59.999Z,20,0.044618,0.4286,0.5605,4.4618,23.6969,LATE,1
scalp_fade_3m,ETHUSDT,3m,1,STOP,2026-06-28T01:03:00.000Z,2026-06-28T01:05:59.999Z,0,-1.225938,0.0000,1.4391,-122.5938,37.7075,ASIA,-1
scalp_fade_3m,ETHUSDT,3m,1,STOP,2026-06-28T02:21:00.000Z,2026-06-28T02:23:59.999Z,0,-1.190843,0.0000,1.5623,-119.0843,31.8711,ASIA,1
scalp_fade_3m,ETHUSDT,3m,1,TIME,2026-06-28T02:24:00.000Z,2026-06-28T03:26:59.999Z,20,0.235573,0.8705,0.2463,23.5573,24.4779,ASIA,1
scalp_fade_3m,ETHUSDT,3m,1,STOP,2026-06-28T03:36:00.000Z,2026-06-28T04:32:59.999Z,18,-1.239616,0.3687,0.8748,-123.9616,39.2471,ASIA,1
scalp_fade_3m,ETHUSDT,3m,1,TARGET,2026-06-28T04:33:00.000Z,2026-06-28T04:47:59.999Z,4,0.733695,1.1971,0.3103,73.3695,24.3612,ASIA,-1
scalp_fade_3m,ETHUSDT,3m,1,STOP,2026-06-28T05:03:00.000Z,2026-06-28T05:05:59.999Z,0,-1.211141,0.0000,1.0371,-121.1141,35.2467,ASIA,-1
scalp_fade_3m,ETHUSDT,3m,-1,STOP,2026-06-28T11:03:00.000Z,2026-06-28T11:23:59.999Z,6,-1.201689,0.8464,0.7698,-120.1689,33.2768,LONDON,-1
scalp_fade_3m,ETHUSDT,3m,-1,STOP,2026-06-28T12:15:00.000Z,2026-06-28T12:29:59.999Z,4,-1.218114,0.5842,1.0259,-121.8114,36.0721,LONDON,1
scalp_fade_3m,ETHUSDT,3m,-1,STOP,2026-06-28T12:30:00.000Z,2026-06-28T12:32:59.999Z,0,-1.172851,0.0036,0.9896,-117.2851,28.6777,LONDON,-1
scalp_fade_3m,ETHUSDT,3m,-1,TIME,2026-06-28T13:33:00.000Z,2026-06-28T14:35:59.999Z,20,-0.648136,0.6288,0.7002,-64.8136,25.1869,NY,-1
scalp_fade_3m,ETHUSDT,3m,-1,TIME,2026-06-28T15:03:00.000Z,2026-06-28T16:05:59.999Z,20,-0.318581,0.7510,0.6872,-31.8581,27.0985,NY,1
scalp_fade_3m,ETHUSDT,3m,1,STOP,2026-06-28T17:03:00.000Z,2026-06-28T17:14:59.999Z,3,-1.139549,0.5538,0.8408,-113.9549,23.2680,NY,-1
scalp_fade_3m,ETHUSDT,3m,1,STOP,2026-06-28T19:36:00.000Z,2026-06-28T19:47:59.999Z,3,-1.159107,0.0015,2.2418,-115.9107,26.5104,NY,1
scalp_fade_3m,ETHUSDT,3m,1,STOP,2026-06-28T21:24:00.000Z,2026-06-28T21:47:59.999Z,7,-1.179692,0.5375,1.3553,-117.9692,29.7994,LATE,-1
scalp_fade_3m,ETHUSDT,3m,1,STOP,2026-06-28T21:48:00.000Z,2026-06-28T21:50:59.999Z,0,-1.143029,0.0000,1.0906,-114.3029,23.9193,LATE,1
scalp_fade_3m,ETHUSDT,3m,1,STOP,2026-06-28T22:21:00.000Z,2026-06-28T22:53:59.999Z,10,-1.074285,0.8634,1.1146,-107.4285,12.3579,LATE,1
scalp_fade_3m,ETHUSDT,3m,1,TIME,2026-06-28T23:03:00.000Z,2026-06-29T00:05:59.999Z,20,0.058613,1.3101,0.3259,5.8613,11.5866,LATE,-1
scalp_fade_3m,ETHUSDT,3m,1,STOP,2026-06-29T02:09:00.000Z,2026-06-29T02:14:59.999Z,1,-1.096554,0.0000,1.5101,-109.6554,16.1735,ASIA,-1
scalp_fade_3m,ETHUSDT,3m,-1,TARGET,2026-06-29T04:09:00.000Z,2026-06-29T05:02:59.999Z,17,1.007041,1.3985,0.3061,100.7041,15.5893,ASIA,1
scalp_fade_3m,ETHUSDT,3m,-1,STOP,2026-06-29T05:45:00.000Z,2026-06-29T06:02:59.999Z,5,-1.116063,0.0000,1.2284,-111.6063,19.1129,ASIA,1
scalp_fade_3m,ETHUSDT,3m,-1,TIME,2026-06-29T07:15:00.000Z,2026-06-29T08:17:59.999Z,20,-0.440502,0.5541,0.7278,-44.0502,24.7961,LONDON,1
scalp_fade_3m,ETHUSDT,3m,-1,TARGET,2026-06-29T09:18:00.000Z,2026-06-29T09:26:59.999Z,2,0.937602,1.1431,0.5245,93.7602,17.8640,LONDON,-1
scalp_fade_3m,ETHUSDT,3m,-1,STOP,2026-06-29T09:30:00.000Z,2026-06-29T10:11:59.999Z,13,-1.119182,0.3088,1.4213,-111.9182,19.4691,LONDON,1
scalp_fade_3m,ETHUSDT,3m,-1,TARGET,2026-06-29T11:33:00.000Z,2026-06-29T12:02:59.999Z,9,1.043765,1.3203,0.3829,104.3765,14.4592,LONDON,-1
scalp_fade_3m,ETHUSDT,3m,-1,TARGET,2026-06-29T13:33:00.000Z,2026-06-29T14:08:59.999Z,11,1.217768,1.6093,0.3214,121.7768,8.9317,NY,-1
scalp_fade_3m,ETHUSDT,3m,-1,TARGET,2026-06-29T22:21:00.000Z,2026-06-29T22:35:59.999Z,4,0.895464,1.1856,0.1767,89.5464,19.1931,LATE,1
scalp_fade_3m,ETHUSDT,3m,-1,TARGET,2026-06-29T23:48:00.000Z,2026-06-30T00:29:59.999Z,13,0.828844,1.6050,0.6128,82.8844,21.2561,LATE,-1
scalp_fade_3m,ETHUSDT,3m,1,STOP,2026-06-30T03:27:00.000Z,2026-06-30T03:35:59.999Z,2,-1.180530,0.0000,0.8073,-118.0530,30.0933,ASIA,1
scalp_fade_3m,ETHUSDT,3m,1,STOP,2026-06-30T03:39:00.000Z,2026-06-30T03:47:59.999Z,2,-1.178445,0.0000,0.8093,-117.8445,29.7473,ASIA,1
scalp_fade_3m,ETHUSDT,3m,1,TIME,2026-06-30T04:15:00.000Z,2026-06-30T05:17:59.999Z,20,-0.535116,0.2806,0.7687,-53.5116,21.4332,ASIA,-1
scalp_fade_3m,ETHUSDT,3m,1,STOP,2026-06-30T07:30:00.000Z,2026-06-30T08:14:59.999Z,14,-1.207311,0.4111,0.7263,-120.7311,34.1127,LONDON,-1
scalp_fade_3m,ETHUSDT,3m,1,STOP,2026-06-30T11:18:00.000Z,2026-06-30T11:23:59.999Z,1,-1.200524,0.0000,0.8375,-120.0524,33.4463,LONDON,1
scalp_fade_3m,ETHUSDT,3m,1,TARGET,2026-06-30T13:33:00.000Z,2026-06-30T14:02:59.999Z,9,1.181450,1.8776,0.7443,118.1450,10.1245,NY,-1
scalp_fade_3m,ETHUSDT,3m,1,TIME,2026-06-30T14:39:00.000Z,2026-06-30T15:41:59.999Z,20,-0.212373,0.6989,0.6916,-21.2373,13.6613,NY,1
scalp_fade_3m,ETHUSDT,3m,1,TARGET,2026-06-30T16:36:00.000Z,2026-06-30T16:56:59.999Z,6,1.055236,1.3879,0.1209,105.5236,14.1398,NY,-1
scalp_fade_3m,ETHUSDT,3m,-1,STOP,2026-06-30T19:51:00.000Z,2026-06-30T20:05:59.999Z,4,-1.163009,0.0000,0.7530,-116.3009,26.9252,NY,1
scalp_fade_3m,ETHUSDT,3m,-1,TARGET,2026-06-30T20:48:00.000Z,2026-06-30T21:23:59.999Z,11,0.926755,1.3201,0.1560,92.6755,18.1625,NY,1
scalp_fade_3m,ETHUSDT,3m,1,TARGET,2026-06-30T23:18:00.000Z,2026-07-01T00:05:59.999Z,15,0.805410,1.0889,0.3346,80.5410,22.0146,LATE,-1
scalp_fade_3m,ETHUSDT,3m,1,STOP,2026-07-01T00:21:00.000Z,2026-07-01T00:26:59.999Z,1,-1.164208,0.0000,1.0767,-116.4208,27.4130,ASIA,1
scalp_fade_3m,ETHUSDT,3m,1,STOP,2026-07-01T01:06:00.000Z,2026-07-01T01:11:59.999Z,1,-1.138315,0.0132,1.1337,-113.8315,23.1114,ASIA,1
scalp_fade_3m,ETHUSDT,3m,1,STOP,2026-07-01T08:03:00.000Z,2026-07-01T08:23:59.999Z,6,-1.154184,0.3231,1.0020,-115.4184,25.6144,LONDON,1
scalp_fade_3m,ETHUSDT,3m,1,STOP,2026-07-01T09:51:00.000Z,2026-07-01T10:11:59.999Z,6,-1.172747,0.4371,0.9017,-117.2747,28.6825,LONDON,1
scalp_fade_3m,ETHUSDT,3m,1,STOP,2026-07-01T10:12:00.000Z,2026-07-01T10:26:59.999Z,4,-1.152763,0.0000,0.7554,-115.2763,25.4323,LONDON,-1
scalp_fade_3m,ETHUSDT,3m,1,STOP,2026-07-01T11:39:00.000Z,2026-07-01T11:56:59.999Z,5,-1.183053,0.0000,1.4526,-118.3053,30.4173,LONDON,1
scalp_fade_3m,ETHUSDT,3m,1,STOP,2026-07-01T12:03:00.000Z,2026-07-01T12:50:59.999Z,15,-1.150387,0.4030,0.7526,-115.0387,24.7564,LONDON,1
scalp_fade_3m,ETHUSDT,3m,-1,TIME,2026-07-01T17:21:00.000Z,2026-07-01T18:23:59.999Z,20,-0.241739,0.2859,0.5943,-24.1739,17.6838,NY,-1
scalp_fade_3m,ETHUSDT,3m,-1,TIME,2026-07-01T18:36:00.000Z,2026-07-01T19:38:59.999Z,20,-0.563973,0.9174,0.6573,-56.3973,20.7860,NY,-1
scalp_fade_3m,ETHUSDT,3m,1,TARGET,2026-07-02T01:06:00.000Z,2026-07-02T01:32:59.999Z,8,0.999089,1.6141,0.2833,99.9089,15.9133,ASIA,-1
scalp_fade_3m,ETHUSDT,3m,-1,STOP,2026-07-02T02:54:00.000Z,2026-07-02T03:29:59.999Z,11,-1.139671,0.1663,2.4188,-113.9671,22.8855,ASIA,1
scalp_fade_3m,ETHUSDT,3m,-1,STOP,2026-07-02T03:30:00.000Z,2026-07-02T03:50:59.999Z,6,-1.099907,0.1049,1.0096,-109.9907,16.4171,ASIA,-1
scalp_fade_3m,ETHUSDT,3m,-1,TARGET,2026-07-02T06:21:00.000Z,2026-07-02T06:47:59.999Z,8,0.901607,1.1041,0.5686,90.1607,18.9763,ASIA,-1
scalp_fade_3m,ETHUSDT,3m,-1,STOP,2026-07-02T11:57:00.000Z,2026-07-02T12:14:59.999Z,5,-1.129240,0.0299,1.4252,-112.9240,21.2979,LONDON,1
scalp_fade_3m,ETHUSDT,3m,-1,STOP,2026-07-02T12:36:00.000Z,2026-07-02T13:14:59.999Z,12,-1.070140,0.0000,1.1986,-107.0140,11.4156,LONDON,1
scalp_fade_3m,ETHUSDT,3m,-1,STOP,2026-07-02T16:42:00.000Z,2026-07-02T16:50:59.999Z,2,-1.094670,0.0000,0.8966,-109.4670,15.6140,NY,1
scalp_fade_3m,ETHUSDT,3m,-1,TIME,2026-07-02T19:15:00.000Z,2026-07-02T20:17:59.999Z,20,-0.201730,0.9566,0.5855,-20.1730,23.9281,NY,1
scalp_fade_3m,ETHUSDT,3m,-1,STOP,2026-07-02T20:51:00.000Z,2026-07-02T20:59:59.999Z,2,-1.188271,0.2125,1.1929,-118.8271,31.1832,NY,-1
scalp_fade_3m,ETHUSDT,3m,-1,TARGET,2026-07-02T21:00:00.000Z,2026-07-02T21:50:59.999Z,16,0.935540,1.1255,0.2223,93.5540,17.8585,LATE,-1
scalp_fade_3m,ETHUSDT,3m,-1,STOP,2026-07-02T22:54:00.000Z,2026-07-02T22:56:59.999Z,0,-1.204644,0.0000,0.6977,-120.4644,33.9770,LATE,-1
scalp_fade_3m,ETHUSDT,3m,-1,STOP,2026-07-02T23:48:00.000Z,2026-07-03T00:14:59.999Z,8,-1.168753,0.0000,0.8231,-116.8753,27.7637,LATE,1
scalp_fade_3m,ETHUSDT,3m,-1,STOP,2026-07-03T01:06:00.000Z,2026-07-03T01:14:59.999Z,2,-1.133016,0.0821,1.9550,-113.3016,21.9923,ASIA,-1
scalp_fade_3m,ETHUSDT,3m,-1,TIME,2026-07-03T03:21:00.000Z,2026-07-03T04:23:59.999Z,20,0.329850,0.9030,0.1129,32.9850,18.7775,ASIA,1
scalp_fade_3m,ETHUSDT,3m,-1,STOP,2026-07-03T05:06:00.000Z,2026-07-03T05:26:59.999Z,6,-1.164877,0.0472,0.8983,-116.4877,27.1790,ASIA,-1
scalp_fade_3m,ETHUSDT,3m,-1,STOP,2026-07-03T07:09:00.000Z,2026-07-03T07:53:59.999Z,14,-1.161797,0.3400,0.8863,-116.1797,26.4502,LONDON,-1
scalp_fade_3m,ETHUSDT,3m,-1,STOP,2026-07-03T08:03:00.000Z,2026-07-03T08:26:59.999Z,7,-1.161360,0.2749,0.7448,-116.1360,26.5691,LONDON,1
scalp_fade_3m,ETHUSDT,3m,-1,STOP,2026-07-03T08:27:00.000Z,2026-07-03T08:44:59.999Z,5,-1.160039,0.4761,2.6208,-116.0039,26.4050,LONDON,-1
scalp_fade_3m,ETHUSDT,3m,-1,TIME,2026-07-03T09:06:00.000Z,2026-07-03T10:08:59.999Z,20,-0.740752,0.5211,0.6985,-74.0752,15.8770,LONDON,1
scalp_fade_3m,ETHUSDT,3m,-1,TIME,2026-07-03T11:03:00.000Z,2026-07-03T12:05:59.999Z,20,-0.519453,0.1032,0.7781,-51.9453,16.5552,LONDON,1
scalp_fade_3m,ETHUSDT,3m,-1,TIME,2026-07-03T15:09:00.000Z,2026-07-03T16:11:59.999Z,20,0.692627,1.2055,0.4132,69.2627,17.4332,NY,1
scalp_fade_3m,ETHUSDT,3m,-1,STOP,2026-07-03T17:27:00.000Z,2026-07-03T17:38:59.999Z,3,-1.166249,0.0000,0.7821,-116.6249,27.4915,NY,1
scalp_fade_3m,ETHUSDT,3m,-1,STOP,2026-07-03T19:18:00.000Z,2026-07-03T19:35:59.999Z,5,-1.151597,0.0635,1.1477,-115.1597,25.0051,NY,-1
scalp_fade_3m,ETHUSDT,3m,-1,STOP,2026-07-03T20:09:00.000Z,2026-07-03T20:26:59.999Z,5,-1.143086,0.3679,1.4901,-114.3086,23.5938,NY,1
scalp_fade_3m,ETHUSDT,3m,-1,STOP,2026-07-03T23:18:00.000Z,2026-07-04T00:08:59.999Z,16,-1.179190,0.3280,0.8248,-117.9190,29.2475,LATE,-1
scalp_fade_3m,ETHUSDT,3m,-1,TARGET,2026-07-04T00:09:00.000Z,2026-07-04T01:02:59.999Z,17,0.871070,1.6723,0.3291,87.1070,19.8949,ASIA,-1
scalp_fade_3m,ETHUSDT,3m,-1,STOP,2026-07-04T02:54:00.000Z,2026-07-04T03:35:59.999Z,13,-1.197592,0.3587,0.8577,-119.7592,32.3640,ASIA,-1
scalp_fade_3m,ETHUSDT,3m,-1,TIME,2026-07-04T09:06:00.000Z,2026-07-04T10:08:59.999Z,20,-0.477568,0.8107,0.4158,-47.7568,28.7369,LONDON,1
scalp_fade_3m,ETHUSDT,3m,-1,STOP,2026-07-04T12:03:00.000Z,2026-07-04T12:05:59.999Z,0,-1.262739,0.0000,0.9939,-126.2739,43.6605,LONDON,1
scalp_fade_3m,ETHUSDT,3m,-1,STOP,2026-07-04T12:21:00.000Z,2026-07-04T12:26:59.999Z,1,-1.248655,0.0000,0.5945,-124.8655,41.2699,LONDON,1
scalp_fade_3m,ETHUSDT,3m,-1,STOP,2026-07-04T13:15:00.000Z,2026-07-04T13:20:59.999Z,1,-1.234368,0.0000,3.8783,-123.4368,38.8912,NY,-1
scalp_fade_3m,ETHUSDT,3m,-1,TARGET,2026-07-04T13:21:00.000Z,2026-07-04T13:32:59.999Z,3,1.036695,1.4318,0.2413,103.6695,14.7086,NY,-1
scalp_fade_3m,ETHUSDT,3m,-1,STOP,2026-07-04T13:33:00.000Z,2026-07-04T14:17:59.999Z,14,-1.111819,0.3548,1.0042,-111.1819,18.2396,NY,-1
scalp_fade_3m,ETHUSDT,3m,-1,TARGET,2026-07-04T19:24:00.000Z,2026-07-04T20:20:59.999Z,18,0.902932,1.5314,0.4782,90.2932,18.8807,NY,-1
scalp_fade_3m,ETHUSDT,3m,-1,STOP,2026-07-04T21:15:00.000Z,2026-07-04T21:23:59.999Z,2,-1.195592,0.0000,0.7461,-119.5592,32.4009,LATE,-1
scalp_fade_3m,ETHUSDT,3m,1,STOP,2026-07-05T00:42:00.000Z,2026-07-05T00:56:59.999Z,4,-1.176252,0.0000,1.4752,-117.6252,29.3224,ASIA,1
scalp_fade_3m,ETHUSDT,3m,1,TIME,2026-07-05T02:45:00.000Z,2026-07-05T03:47:59.999Z,20,0.040843,0.6280,0.3222,4.0843,23.4833,ASIA,1
scalp_fade_3m,ETHUSDT,3m,1,TARGET,2026-07-05T03:54:00.000Z,2026-07-05T04:20:59.999Z,8,0.763156,1.0150,0.4486,76.3156,23.3989,ASIA,1
scalp_fade_3m,ETHUSDT,3m,1,STOP,2026-07-05T11:24:00.000Z,2026-07-05T12:05:59.999Z,13,-1.194876,0.3734,0.9307,-119.4876,32.1074,LONDON,1
scalp_fade_3m,ETHUSDT,3m,-1,STOP,2026-07-05T14:39:00.000Z,2026-07-05T14:44:59.999Z,1,-1.202850,0.0417,0.7265,-120.2850,33.6430,NY,1
scalp_fade_3m,ETHUSDT,3m,-1,STOP,2026-07-05T17:00:00.000Z,2026-07-05T17:02:59.999Z,0,-1.225585,0.0000,0.6600,-122.5585,37.4675,NY,-1
scalp_fade_3m,ETHUSDT,3m,-1,TIME,2026-07-05T19:03:00.000Z,2026-07-05T20:05:59.999Z,20,-0.365708,0.6374,0.5515,-36.5708,29.3222,NY,1
scalp_fade_3m,ETHUSDT,3m,-1,STOP,2026-07-05T21:21:00.000Z,2026-07-05T21:23:59.999Z,0,-1.153173,0.0375,0.7868,-115.3173,25.3979,LATE,1
scalp_fade_3m,ETHUSDT,3m,-1,TARGET,2026-07-06T01:33:00.000Z,2026-07-06T02:08:59.999Z,11,1.120736,1.2616,0.4454,112.0736,12.0095,ASIA,1
scalp_fade_3m,ETHUSDT,3m,1,STOP,2026-07-06T05:00:00.000Z,2026-07-06T05:08:59.999Z,2,-1.162963,0.0000,0.7389,-116.2963,27.1779,ASIA,-1
scalp_fade_3m,ETHUSDT,3m,1,STOP,2026-07-06T06:36:00.000Z,2026-07-06T07:02:59.999Z,8,-1.184815,0.4686,0.9453,-118.4815,30.6137,ASIA,-1
scalp_fade_3m,ETHUSDT,3m,1,STOP,2026-07-06T12:00:00.000Z,2026-07-06T12:02:59.999Z,0,-1.119026,0.0494,1.1403,-111.9026,19.9275,LONDON,1
scalp_fade_3m,ETHUSDT,3m,1,STOP,2026-07-06T13:33:00.000Z,2026-07-06T13:38:59.999Z,1,-1.083334,0.0649,1.0089,-108.3334,13.9773,NY,-1
scalp_fade_3m,ETHUSDT,3m,1,TARGET,2026-07-06T13:39:00.000Z,2026-07-06T13:50:59.999Z,3,1.232393,1.3429,0.1274,123.2393,8.5231,NY,-1
scalp_fade_3m,ETHUSDT,3m,-1,TIME,2026-07-06T19:33:00.000Z,2026-07-06T20:35:59.999Z,20,-0.748846,1.0616,0.5720,-74.8846,28.4620,NY,1
scalp_fade_3m,ETHUSDT,3m,1,TIME,2026-07-07T07:36:00.000Z,2026-07-07T08:38:59.999Z,20,-0.844936,0.3447,0.7296,-84.4936,24.7327,LONDON,1
scalp_fade_3m,ETHUSDT,3m,1,TARGET,2026-07-07T09:00:00.000Z,2026-07-07T09:44:59.999Z,14,0.854623,1.2480,0.5098,85.4623,20.4621,LONDON,-1
scalp_fade_3m,ETHUSDT,3m,1,STOP,2026-07-07T10:33:00.000Z,2026-07-07T11:02:59.999Z,9,-1.160048,0.0000,1.0044,-116.0048,26.5013,LONDON,1
scalp_fade_3m,ETHUSDT,3m,1,TARGET,2026-07-07T14:36:00.000Z,2026-07-07T14:53:59.999Z,5,1.244613,1.4795,0.4468,124.4613,8.1302,NY,-1
scalp_fade_3m,ETHUSDT,3m,-1,TARGET,2026-07-07T18:21:00.000Z,2026-07-07T18:50:59.999Z,9,0.983686,1.4219,0.2574,98.3686,16.3660,NY,1
scalp_fade_3m,ETHUSDT,3m,1,STOP,2026-07-07T21:18:00.000Z,2026-07-07T21:38:59.999Z,6,-1.124266,0.1145,1.0279,-112.4266,20.6698,LATE,-1
scalp_fade_3m,ETHUSDT,3m,1,TARGET,2026-07-08T00:03:00.000Z,2026-07-08T00:26:59.999Z,7,0.898246,1.4794,0.2021,89.8246,19.1182,ASIA,-1
scalp_fade_3m,ETHUSDT,3m,1,STOP,2026-07-08T06:03:00.000Z,2026-07-08T06:23:59.999Z,6,-1.169388,0.0000,0.8648,-116.9388,28.1272,ASIA,-1
scalp_fade_3m,ETHUSDT,3m,1,STOP,2026-07-08T06:27:00.000Z,2026-07-08T06:35:59.999Z,2,-1.163277,0.1509,0.9700,-116.3277,27.2300,ASIA,-1
scalp_fade_3m,ETHUSDT,3m,1,TARGET,2026-07-08T07:03:00.000Z,2026-07-08T07:50:59.999Z,15,0.977146,1.1829,0.4638,97.7146,16.5766,LONDON,-1
scalp_fade_3m,ETHUSDT,3m,1,STOP,2026-07-08T08:18:00.000Z,2026-07-08T08:32:59.999Z,4,-1.093010,0.4880,0.9508,-109.3010,15.5362,LONDON,1
scalp_fade_3m,ETHUSDT,3m,1,TARGET,2026-07-08T11:06:00.000Z,2026-07-08T11:44:59.999Z,12,0.831569,1.4928,0.6287,83.1569,21.2043,LONDON,1
scalp_fade_3m,ETHUSDT,3m,1,STOP,2026-07-08T12:57:00.000Z,2026-07-08T13:08:59.999Z,3,-1.155345,0.0000,0.7734,-115.5345,25.8867,LONDON,1
scalp_fade_3m,ETHUSDT,3m,1,STOP,2026-07-08T13:12:00.000Z,2026-07-08T13:23:59.999Z,3,-1.149770,0.1186,0.8394,-114.9770,24.9624,NY,-1
scalp_fade_3m,ETHUSDT,3m,1,STOP,2026-07-08T13:36:00.000Z,2026-07-08T13:50:59.999Z,4,-1.114661,0.4548,1.0130,-111.4661,19.1219,NY,-1
scalp_fade_3m,ETHUSDT,3m,1,STOP,2026-07-08T14:00:00.000Z,2026-07-08T14:17:59.999Z,5,-1.100307,0.1861,1.2510,-110.0307,16.7272,NY,-1
scalp_fade_3m,ETHUSDT,3m,1,STOP,2026-07-08T17:54:00.000Z,2026-07-08T17:56:59.999Z,0,-1.141330,0.0000,0.7833,-114.1330,23.6368,NY,-1
scalp_fade_3m,ETHUSDT,3m,1,TIME,2026-07-08T18:03:00.000Z,2026-07-08T19:05:59.999Z,20,-0.314278,0.5110,0.7776,-31.4278,19.7556,NY,-1
scalp_fade_3m,ETHUSDT,3m,1,TIME,2026-07-08T19:51:00.000Z,2026-07-08T20:53:59.999Z,20,-0.401624,0.8718,0.2314,-40.1624,26.3982,NY,1
scalp_fade_3m,ETHUSDT,3m,-1,STOP,2026-07-08T23:18:00.000Z,2026-07-08T23:53:59.999Z,11,-1.202128,0.1727,0.9231,-120.2128,33.1780,LATE,1
scalp_fade_3m,ETHUSDT,3m,-1,TIME,2026-07-09T00:03:00.000Z,2026-07-09T01:05:59.999Z,20,-0.173876,0.7248,0.6763,-17.3876,31.1726,ASIA,1
scalp_fade_3m,ETHUSDT,3m,-1,STOP,2026-07-09T01:09:00.000Z,2026-07-09T01:11:59.999Z,0,-1.164794,0.0000,2.3103,-116.4794,27.3349,ASIA,-1
scalp_fade_3m,ETHUSDT,3m,1,TIME,2026-07-09T12:45:00.000Z,2026-07-09T13:47:59.999Z,20,0.163538,1.2029,0.5529,16.3538,19.3909,LONDON,1
scalp_fade_3m,ETHUSDT,3m,1,STOP,2026-07-09T15:30:00.000Z,2026-07-09T16:17:59.999Z,15,-1.118140,0.2066,0.8373,-111.8140,19.4758,NY,1
scalp_fade_3m,ETHUSDT,3m,-1,TIME,2026-07-09T21:03:00.000Z,2026-07-09T22:05:59.999Z,20,-0.284363,0.8646,0.4311,-28.4363,37.1306,LATE,-1
scalp_fade_3m,ETHUSDT,3m,-1,TIME,2026-07-09T22:09:00.000Z,2026-07-09T23:11:59.999Z,20,-0.280927,0.3835,0.5499,-28.0927,32.3583,LATE,-1
scalp_fade_3m,ETHUSDT,3m,-1,TARGET,2026-07-09T23:27:00.000Z,2026-07-10T00:26:59.999Z,19,0.868489,1.0947,0.2712,86.8489,19.9654,LATE,1
scalp_fade_3m,ETHUSDT,3m,1,STOP,2026-07-10T00:42:00.000Z,2026-07-10T00:53:59.999Z,3,-1.149509,0.0000,0.7785,-114.9509,24.9191,ASIA,-1
scalp_fade_3m,ETHUSDT,3m,1,TARGET,2026-07-10T01:03:00.000Z,2026-07-10T01:20:59.999Z,5,0.973847,1.4211,0.4927,97.3847,16.7283,ASIA,-1
scalp_fade_3m,ETHUSDT,3m,-1,STOP,2026-07-10T05:33:00.000Z,2026-07-10T05:35:59.999Z,0,-1.215995,0.0000,0.8451,-121.5995,35.8691,ASIA,-1
scalp_fade_3m,ETHUSDT,3m,-1,TARGET,2026-07-10T06:09:00.000Z,2026-07-10T06:26:59.999Z,5,0.825309,1.4245,0.2252,82.5309,21.4167,ASIA,1
scalp_fade_3m,ETHUSDT,3m,-1,STOP,2026-07-10T08:03:00.000Z,2026-07-10T08:08:59.999Z,1,-1.266423,0.0000,0.8615,-126.6423,44.2285,LONDON,1
scalp_fade_3m,ETHUSDT,3m,-1,STOP,2026-07-10T12:12:00.000Z,2026-07-10T12:14:59.999Z,0,-1.155697,0.0000,0.9752,-115.5697,25.8185,LONDON,1
scalp_fade_3m,ETHUSDT,3m,-1,STOP,2026-07-10T13:33:00.000Z,2026-07-10T13:44:59.999Z,3,-1.162414,0.1881,0.8695,-116.2414,26.8544,NY,-1
scalp_fade_3m,ETHUSDT,3m,-1,TIME,2026-07-10T17:12:00.000Z,2026-07-10T18:14:59.999Z,20,0.053546,0.5720,0.3166,5.3546,22.9958,NY,-1
scalp_fade_3m,ETHUSDT,3m,-1,STOP,2026-07-10T21:09:00.000Z,2026-07-10T21:32:59.999Z,7,-1.198004,0.0000,0.8127,-119.8004,32.6327,LATE,-1
scalp_fade_3m,ETHUSDT,3m,-1,STOP,2026-07-10T22:30:00.000Z,2026-07-10T23:17:59.999Z,15,-1.231396,0.3486,0.8826,-123.1396,37.8455,LATE,-1
scalp_fade_3m,ETHUSDT,3m,-1,STOP,2026-07-11T01:06:00.000Z,2026-07-11T01:20:59.999Z,4,-1.215028,0.1671,0.7025,-121.5028,35.5600,ASIA,-1
scalp_fade_3m,ETHUSDT,3m,-1,TARGET,2026-07-11T01:36:00.000Z,2026-07-11T01:41:59.999Z,1,0.751955,1.0029,0.2306,75.1955,23.7744,ASIA,1
scalp_fade_3m,ETHUSDT,3m,-1,STOP,2026-07-11T03:21:00.000Z,2026-07-11T03:41:59.999Z,6,-1.217732,0.0466,0.7216,-121.7732,35.9342,ASIA,1
scalp_fade_3m,ETHUSDT,3m,-1,STOP,2026-07-11T04:33:00.000Z,2026-07-11T04:38:59.999Z,1,-1.248130,0.0000,0.6204,-124.8130,41.1826,ASIA,-1
scalp_fade_3m,ETHUSDT,3m,-1,STOP,2026-07-11T07:15:00.000Z,2026-07-11T07:26:59.999Z,3,-1.260505,0.0000,0.6353,-126.0505,43.1533,LONDON,-1
scalp_fade_3m,ETHUSDT,3m,-1,STOP,2026-07-11T07:45:00.000Z,2026-07-11T08:11:59.999Z,8,-1.260955,0.0430,0.5828,-126.0955,43.0051,LONDON,-1
scalp_fade_3m,ETHUSDT,3m,-1,STOP,2026-07-11T08:12:00.000Z,2026-07-11T08:41:59.999Z,9,-1.283825,0.0000,0.7966,-128.3825,46.7374,LONDON,-1
scalp_fade_3m,ETHUSDT,3m,-1,TARGET,2026-07-11T09:39:00.000Z,2026-07-11T09:59:59.999Z,6,0.595122,0.9521,0.3629,59.5122,28.7224,LONDON,-1
scalp_fade_3m,ETHUSDT,3m,-1,STOP,2026-07-11T10:45:00.000Z,2026-07-11T10:47:59.999Z,0,-1.265596,0.0000,0.6207,-126.5596,44.1367,LONDON,-1
scalp_fade_3m,ETHUSDT,3m,-1,STOP,2026-07-11T12:09:00.000Z,2026-07-11T12:11:59.999Z,0,-1.315210,0.0000,0.4833,-131.5210,52.4065,LONDON,1
scalp_fade_3m,ETHUSDT,3m,-1,STOP,2026-07-11T12:33:00.000Z,2026-07-11T12:50:59.999Z,5,-1.320451,0.0945,0.5566,-132.0451,53.0041,LONDON,-1
scalp_fade_3m,ETHUSDT,3m,-1,STOP,2026-07-11T20:51:00.000Z,2026-07-11T21:02:59.999Z,3,-1.248812,0.0000,0.6128,-124.8812,41.2104,NY,1
scalp_fade_3m,ETHUSDT,3m,1,STOP,2026-07-12T10:39:00.000Z,2026-07-12T10:50:59.999Z,3,-1.246290,0.0000,0.6057,-124.6290,40.9643,LONDON,-1
scalp_fade_3m,ETHUSDT,3m,1,STOP,2026-07-12T10:54:00.000Z,2026-07-12T11:11:59.999Z,5,-1.242178,0.2015,0.8653,-124.2178,40.1993,LONDON,-1
scalp_fade_3m,ETHUSDT,3m,1,TARGET,2026-07-12T11:12:00.000Z,2026-07-12T11:35:59.999Z,7,0.716496,1.5899,0.2130,71.6496,24.8864,LONDON,-1
scalp_fade_3m,ETHUSDT,3m,-1,STOP,2026-07-12T14:33:00.000Z,2026-07-12T14:44:59.999Z,3,-1.242825,0.0000,0.7750,-124.2825,40.2157,NY,-1
scalp_fade_3m,ETHUSDT,3m,-1,TIME,2026-07-12T18:03:00.000Z,2026-07-12T19:05:59.999Z,20,-0.948884,0.8054,0.4852,-94.8884,31.4152,NY,-1
scalp_fade_3m,ETHUSDT,3m,-1,TIME,2026-07-13T00:48:00.000Z,2026-07-13T01:50:59.999Z,20,0.158715,0.5531,0.5714,15.8715,10.5719,ASIA,1
scalp_fade_3m,ETHUSDT,3m,1,STOP,2026-07-13T05:03:00.000Z,2026-07-13T05:32:59.999Z,9,-1.131319,0.4555,1.0721,-113.1319,21.7678,ASIA,1
scalp_fade_3m,ETHUSDT,3m,1,TARGET,2026-07-13T08:12:00.000Z,2026-07-13T08:50:59.999Z,12,0.860081,1.2743,0.1867,86.0081,20.3007,LONDON,1
scalp_fade_3m,ETHUSDT,3m,1,STOP,2026-07-13T10:03:00.000Z,2026-07-13T10:08:59.999Z,1,-1.233841,0.0000,0.7806,-123.3841,38.9812,LONDON,-1
scalp_fade_3m,ETHUSDT,3m,1,STOP,2026-07-13T10:21:00.000Z,2026-07-13T10:26:59.999Z,1,-1.217430,0.0000,0.7809,-121.7430,36.2549,LONDON,-1
scalp_fade_3m,ETHUSDT,3m,1,STOP,2026-07-13T10:42:00.000Z,2026-07-13T10:47:59.999Z,1,-1.189512,0.0000,0.7430,-118.9512,31.6168,LONDON,-1
scalp_fade_3m,ETHUSDT,3m,1,STOP,2026-07-13T11:57:00.000Z,2026-07-13T12:23:59.999Z,8,-1.210932,0.3204,1.2029,-121.0932,34.9212,LONDON,1
scalp_fade_3m,ETHUSDT,3m,1,STOP,2026-07-13T12:24:00.000Z,2026-07-13T12:35:59.999Z,3,-1.156270,0.1939,1.8097,-115.6270,26.0400,LONDON,1
scalp_fade_3m,ETHUSDT,3m,1,TIME,2026-07-13T13:42:00.000Z,2026-07-13T14:44:59.999Z,20,0.697462,1.2229,0.4549,69.7462,18.1000,NY,1
scalp_fade_3m,ETHUSDT,3m,1,STOP,2026-07-13T16:06:00.000Z,2026-07-13T16:20:59.999Z,4,-1.150193,0.1500,0.9070,-115.0193,25.0066,NY,-1
scalp_fade_3m,ETHUSDT,3m,1,STOP,2026-07-13T20:18:00.000Z,2026-07-13T20:23:59.999Z,1,-1.169241,0.0000,0.7869,-116.9241,28.2491,NY,1
scalp_fade_3m,ETHUSDT,3m,-1,TARGET,2026-07-14T02:42:00.000Z,2026-07-14T03:23:59.999Z,13,0.976466,1.2475,0.3525,97.6466,16.5763,ASIA,-1
scalp_fade_3m,ETHUSDT,3m,-1,STOP,2026-07-14T03:30:00.000Z,2026-07-14T03:38:59.999Z,2,-1.171530,0.0100,0.7634,-117.1530,28.3985,ASIA,-1
scalp_fade_3m,ETHUSDT,3m,-1,STOP,2026-07-14T03:39:00.000Z,2026-07-14T04:05:59.999Z,8,-1.163429,0.1660,1.0567,-116.3429,26.8837,ASIA,-1
scalp_fade_3m,ETHUSDT,3m,-1,STOP,2026-07-14T04:48:00.000Z,2026-07-14T05:08:59.999Z,6,-1.190081,0.0770,1.5499,-119.0081,31.3540,ASIA,1
scalp_fade_3m,ETHUSDT,3m,-1,STOP,2026-07-14T07:21:00.000Z,2026-07-14T07:26:59.999Z,1,-1.214403,0.2352,0.7395,-121.4403,35.5667,LONDON,-1
scalp_fade_3m,ETHUSDT,3m,-1,TARGET,2026-07-14T07:27:00.000Z,2026-07-14T08:05:59.999Z,12,0.825186,1.1238,0.2401,82.5186,21.3781,LONDON,-1
scalp_fade_3m,ETHUSDT,3m,-1,STOP,2026-07-14T10:03:00.000Z,2026-07-14T10:08:59.999Z,1,-1.194321,0.0085,0.7191,-119.4321,32.2229,LONDON,1
scalp_fade_3m,ETHUSDT,3m,-1,STOP,2026-07-14T10:30:00.000Z,2026-07-14T10:38:59.999Z,2,-1.198689,0.1965,0.9243,-119.8689,32.9160,LONDON,1
scalp_fade_3m,ETHUSDT,3m,-1,STOP,2026-07-14T12:30:00.000Z,2026-07-14T12:32:59.999Z,0,-1.123579,0.0000,3.0047,-112.3579,20.4650,LONDON,-1
scalp_fade_3m,ETHUSDT,3m,-1,STOP,2026-07-14T12:33:00.000Z,2026-07-14T12:47:59.999Z,4,-1.075085,0.1130,1.5349,-107.5085,12.3308,LONDON,-1
scalp_fade_3m,ETHUSDT,3m,-1,TIME,2026-07-14T19:21:00.000Z,2026-07-14T20:23:59.999Z,20,-0.248296,0.4802,0.5881,-24.8296,26.8787,NY,1
scalp_fade_3m,ETHUSDT,3m,-1,TARGET,2026-07-14T21:30:00.000Z,2026-07-14T22:14:59.999Z,14,0.655071,1.0365,0.5803,65.5071,26.7574,LATE,1
scalp_fade_3m,ETHUSDT,3m,-1,STOP,2026-07-14T22:21:00.000Z,2026-07-14T22:35:59.999Z,4,-1.137550,0.4190,1.8251,-113.7550,22.6993,LATE,1
scalp_fade_3m,ETHUSDT,3m,-1,STOP,2026-07-15T03:33:00.000Z,2026-07-15T03:35:59.999Z,0,-1.196936,0.0000,0.7303,-119.6936,32.6923,ASIA,1
scalp_fade_3m,ETHUSDT,3m,-1,STOP,2026-07-15T09:36:00.000Z,2026-07-15T10:05:59.999Z,9,-1.199677,0.0667,1.0175,-119.9677,32.8416,LONDON,1
scalp_fade_3m,ETHUSDT,3m,-1,STOP,2026-07-15T11:03:00.000Z,2026-07-15T11:53:59.999Z,16,-1.193638,0.3499,0.7777,-119.3638,31.6163,LONDON,-1
scalp_fade_3m,ETHUSDT,3m,-1,STOP,2026-07-15T12:30:00.000Z,2026-07-15T12:32:59.999Z,0,-1.168890,0.0000,1.5936,-116.8890,28.0175,LONDON,1
scalp_fade_3m,ETHUSDT,3m,-1,STOP,2026-07-15T17:48:00.000Z,2026-07-15T18:14:59.999Z,8,-1.118214,0.3109,0.9926,-111.8214,19.4094,NY,1
scalp_fade_3m,ETHUSDT,3m,-1,STOP,2026-07-15T22:03:00.000Z,2026-07-15T22:56:59.999Z,17,-1.178045,0.6297,0.7757,-117.8045,29.0301,LATE,-1
scalp_fade_3m,ETHUSDT,3m,-1,TARGET,2026-07-16T00:03:00.000Z,2026-07-16T00:32:59.999Z,9,0.885460,1.1057,0.6506,88.5460,19.4834,ASIA,-1
scalp_fade_3m,ETHUSDT,3m,-1,STOP,2026-07-16T05:15:00.000Z,2026-07-16T05:23:59.999Z,2,-1.194257,0.0000,0.9948,-119.4257,32.1787,ASIA,1
scalp_fade_3m,ETHUSDT,3m,-1,STOP,2026-07-16T05:36:00.000Z,2026-07-16T06:08:59.999Z,10,-1.162669,0.0000,1.0885,-116.2669,26.7029,ASIA,1
scalp_fade_3m,ETHUSDT,3m,-1,TARGET,2026-07-16T06:09:00.000Z,2026-07-16T06:38:59.999Z,9,0.885495,1.6038,0.2613,88.5495,19.4823,ASIA,1
scalp_fade_3m,ETHUSDT,3m,1,TIME,2026-07-16T10:03:00.000Z,2026-07-16T11:05:59.999Z,20,-0.278359,0.9846,0.1928,-27.8359,27.3193,LONDON,1
scalp_fade_3m,ETHUSDT,3m,1,STOP,2026-07-16T11:15:00.000Z,2026-07-16T11:17:59.999Z,0,-1.195201,0.0000,0.8168,-119.5201,32.5959,LONDON,-1
scalp_fade_3m,ETHUSDT,3m,1,STOP,2026-07-16T11:18:00.000Z,2026-07-16T11:50:59.999Z,10,-1.175062,0.4740,0.8955,-117.5062,28.9452,LONDON,-1
scalp_fade_3m,ETHUSDT,3m,1,STOP,2026-07-16T11:51:00.000Z,2026-07-16T12:38:59.999Z,15,-1.145245,0.5085,1.3321,-114.5245,23.9143,LONDON,-1
scalp_fade_3m,ETHUSDT,3m,1,TARGET,2026-07-16T13:18:00.000Z,2026-07-16T13:32:59.999Z,4,0.969057,1.4597,0.1830,96.9057,16.8852,NY,-1
scalp_fade_3m,ETHUSDT,3m,1,TARGET,2026-07-16T13:45:00.000Z,2026-07-16T14:11:59.999Z,8,1.101935,1.4288,0.2791,110.1935,12.6502,NY,1
scalp_fade_3m,ETHUSDT,3m,1,TIME,2026-07-16T19:51:00.000Z,2026-07-16T20:53:59.999Z,20,-0.659676,0.2144,0.4630,-65.9676,26.4843,NY,-1
scalp_fade_3m,ETHUSDT,3m,1,STOP,2026-07-16T22:21:00.000Z,2026-07-16T22:23:59.999Z,0,-1.224233,0.0000,0.7591,-122.4233,37.4241,LATE,1
scalp_fade_3m,ETHUSDT,3m,1,STOP,2026-07-17T01:21:00.000Z,2026-07-17T01:47:59.999Z,8,-1.116932,0.3697,1.1084,-111.6932,19.4175,ASIA,1
scalp_fade_3m,ETHUSDT,3m,1,STOP,2026-07-17T03:48:00.000Z,2026-07-17T04:17:59.999Z,9,-1.166793,0.0000,0.8223,-116.6793,27.6127,ASIA,1
scalp_fade_3m,ETHUSDT,3m,1,STOP,2026-07-17T04:45:00.000Z,2026-07-17T05:26:59.999Z,13,-1.148758,0.4429,1.4651,-114.8758,24.5399,ASIA,-1
scalp_fade_3m,ETHUSDT,3m,1,STOP,2026-07-17T07:36:00.000Z,2026-07-17T08:20:59.999Z,14,-1.162598,0.3704,0.7391,-116.2598,26.7834,LONDON,-1
scalp_fade_3m,ETHUSDT,3m,-1,STOP,2026-07-17T18:45:00.000Z,2026-07-17T18:47:59.999Z,0,-1.152058,0.0000,0.7498,-115.2058,25.2120,NY,-1
scalp_fade_3m,ETHUSDT,3m,-1,TIME,2026-07-17T20:00:00.000Z,2026-07-17T21:02:59.999Z,20,-0.778388,0.9208,0.5853,-77.8388,30.3373,NY,1
scalp_fade_3m,ETHUSDT,3m,-1,STOP,2026-07-18T00:51:00.000Z,2026-07-18T01:29:59.999Z,12,-1.259629,0.3922,0.5864,-125.9629,42.6100,ASIA,1
scalp_fade_3m,ETHUSDT,3m,-1,STOP,2026-07-18T02:06:00.000Z,2026-07-18T02:11:59.999Z,1,-1.281566,0.0000,0.8846,-128.1566,46.7500,ASIA,1
scalp_fade_3m,ETHUSDT,3m,-1,STOP,2026-07-18T02:12:00.000Z,2026-07-18T02:35:59.999Z,7,-1.250997,0.1647,0.6883,-125.0997,41.4016,ASIA,1
scalp_fade_3m,ETHUSDT,3m,-1,STOP,2026-07-18T03:57:00.000Z,2026-07-18T03:59:59.999Z,0,-1.265373,0.0000,0.6016,-126.5373,44.0995,ASIA,-1
scalp_fade_3m,ETHUSDT,3m,-1,STOP,2026-07-18T05:24:00.000Z,2026-07-18T05:26:59.999Z,0,-1.315202,0.0000,1.0022,-131.5202,52.4052,ASIA,1
scalp_fade_3m,ETHUSDT,3m,-1,TIME,2026-07-18T05:54:00.000Z,2026-07-18T06:56:59.999Z,20,-0.629660,0.4597,0.5536,-62.9660,37.3160,ASIA,1
scalp_fade_3m,ETHUSDT,3m,-1,TIME,2026-07-18T07:24:00.000Z,2026-07-18T08:26:59.999Z,20,-1.073325,0.4805,0.3929,-107.3325,46.5593,LONDON,1
scalp_fade_3m,ETHUSDT,3m,-1,STOP_GAP,2026-07-18T11:51:00.000Z,2026-07-18T11:53:59.999Z,0,-1.436521,0.0000,0.3917,-143.6521,65.2779,LONDON,1
scalp_fade_3m,ETHUSDT,3m,-1,TARGET,2026-07-18T12:48:00.000Z,2026-07-18T13:14:59.999Z,8,0.756736,1.5117,0.4637,75.6736,23.5754,LONDON,1
scalp_fade_3m,ETHUSDT,3m,1,TIME,2026-07-18T14:03:00.000Z,2026-07-18T15:05:59.999Z,20,0.051965,0.8742,0.2969,5.1965,39.5213,NY,-1
scalp_fade_3m,ETHUSDT,3m,-1,STOP,2026-07-18T20:03:00.000Z,2026-07-18T20:14:59.999Z,3,-1.239591,0.0000,0.6629,-123.9591,39.6782,NY,-1
scalp_fade_3m,ETHUSDT,3m,-1,STOP,2026-07-18T20:30:00.000Z,2026-07-18T21:14:59.999Z,14,-1.224773,0.5887,0.7906,-122.4773,36.7962,NY,-1
scalp_fade_3m,ETHUSDT,3m,-1,STOP,2026-07-18T21:54:00.000Z,2026-07-18T22:11:59.999Z,5,-1.189705,0.1956,0.7427,-118.9705,31.3241,LATE,-1
scalp_fade_3m,ETHUSDT,3m,-1,TIME,2026-07-18T23:24:00.000Z,2026-07-19T00:26:59.999Z,20,-0.855007,0.0751,0.5269,-85.5007,39.5947,LATE,-1
scalp_fade_3m,ETHUSDT,3m,-1,STOP,2026-07-19T00:27:00.000Z,2026-07-19T00:53:59.999Z,8,-1.301739,0.5486,0.5282,-130.1739,49.7468,ASIA,-1
scalp_fade_3m,ETHUSDT,3m,-1,STOP,2026-07-19T02:03:00.000Z,2026-07-19T02:05:59.999Z,0,-1.259767,0.0000,0.8178,-125.9767,43.1650,ASIA,-1
scalp_fade_3m,ETHUSDT,3m,-1,TIME,2026-07-19T05:03:00.000Z,2026-07-19T06:05:59.999Z,20,-0.707251,0.6002,0.4581,-70.7251,40.3500,ASIA,-1
scalp_fade_3m,ETHUSDT,3m,-1,STOP,2026-07-19T06:27:00.000Z,2026-07-19T06:35:59.999Z,2,-1.283188,0.0000,0.8900,-128.3188,46.9711,ASIA,1
scalp_fade_3m,ETHUSDT,3m,-1,TIME,2026-07-19T06:36:00.000Z,2026-07-19T07:38:59.999Z,20,-0.974093,0.5258,0.3067,-97.4093,41.5067,ASIA,1
scalp_fade_3m,ETHUSDT,3m,-1,STOP,2026-07-19T07:51:00.000Z,2026-07-19T07:56:59.999Z,1,-1.302558,0.0000,0.5030,-130.2558,50.2453,LONDON,-1
scalp_fade_3m,ETHUSDT,3m,-1,STOP,2026-07-19T08:42:00.000Z,2026-07-19T08:50:59.999Z,2,-1.257972,0.0000,1.2946,-125.7972,42.7768,LONDON,1
scalp_fade_3m,ETHUSDT,3m,-1,STOP,2026-07-19T10:30:00.000Z,2026-07-19T10:44:59.999Z,4,-1.270085,0.0000,1.3066,-127.0085,44.6988,LONDON,-1
scalp_fade_3m,ETHUSDT,3m,-1,STOP,2026-07-19T11:03:00.000Z,2026-07-19T11:05:59.999Z,0,-1.182918,0.0000,0.7251,-118.2918,30.3558,LONDON,1
scalp_fade_3m,ETHUSDT,3m,-1,TIME,2026-07-19T12:24:00.000Z,2026-07-19T13:26:59.999Z,20,-0.157506,0.6461,0.6062,-15.7506,27.0920,LONDON,-1
scalp_fade_3m,ETHUSDT,3m,-1,STOP,2026-07-19T13:33:00.000Z,2026-07-19T14:35:59.999Z,20,-1.203253,0.4850,0.9573,-120.3253,33.0575,NY,-1
scalp_fade_3m,ETHUSDT,3m,-1,TARGET,2026-07-19T16:06:00.000Z,2026-07-19T16:53:59.999Z,15,0.761258,1.0342,0.2329,76.1258,23.3854,NY,-1
scalp_fade_3m,ETHUSDT,3m,1,STOP,2026-07-19T17:09:00.000Z,2026-07-19T18:05:59.999Z,18,-1.135769,0.6507,0.8851,-113.5769,22.2941,NY,-1
scalp_fade_3m,ETHUSDT,3m,1,TARGET,2026-07-19T19:33:00.000Z,2026-07-19T20:02:59.999Z,9,0.719058,1.1598,0.3625,71.9058,24.7910,NY,-1
scalp_fade_3m,ETHUSDT,3m,1,STOP,2026-07-19T21:21:00.000Z,2026-07-19T21:38:59.999Z,5,-1.214917,0.0000,1.0366,-121.4917,35.6890,LATE,1
scalp_fade_3m,ETHUSDT,3m,1,TARGET,2026-07-19T22:06:00.000Z,2026-07-19T22:17:59.999Z,3,1.087724,1.3764,0.5263,108.7724,13.1196,LATE,1
scalp_fade_3m,ETHUSDT,3m,-1,STOP,2026-07-19T23:39:00.000Z,2026-07-20T00:08:59.999Z,9,-1.140738,0.3603,1.1557,-114.0738,23.1088,LATE,1
scalp_fade_3m,ETHUSDT,3m,-1,TARGET,2026-07-20T04:36:00.000Z,2026-07-20T05:02:59.999Z,8,0.942377,1.1686,0.3690,94.2377,17.6820,ASIA,-1
scalp_fade_3m,ETHUSDT,3m,1,TIME,2026-07-20T08:39:00.000Z,2026-07-20T09:41:59.999Z,20,0.473411,0.8980,0.4560,47.3411,21.6776,LONDON,1
scalp_fade_3m,ETHUSDT,3m,-1,STOP,2026-07-20T11:06:00.000Z,2026-07-20T11:11:59.999Z,1,-1.166861,0.0000,0.7411,-116.6861,27.6507,LONDON,-1
scalp_fade_3m,ETHUSDT,3m,-1,TIME,2026-07-20T12:03:00.000Z,2026-07-20T13:05:59.999Z,20,0.418259,0.9088,0.1585,41.8259,15.1878,LONDON,1
scalp_fade_3m,ETHUSDT,3m,-1,TARGET,2026-07-20T13:36:00.000Z,2026-07-20T13:47:59.999Z,3,1.037310,1.3145,0.5657,103.7310,14.6891,NY,-1
scalp_fade_3m,ETHUSDT,3m,-1,STOP,2026-07-20T17:51:00.000Z,2026-07-20T17:53:59.999Z,0,-1.147857,0.0000,1.0182,-114.7857,24.5118,NY,-1
scalp_fade_3m,ETHUSDT,3m,-1,TARGET,2026-07-20T21:45:00.000Z,2026-07-20T22:02:59.999Z,5,0.667759,0.9701,0.3320,66.7759,26.4226,LATE,1
scalp_fade_3m,ETHUSDT,3m,-1,STOP,2026-07-20T23:06:00.000Z,2026-07-20T23:08:59.999Z,0,-1.249249,0.0000,0.9794,-124.9249,41.4120,LATE,-1
scalp_fade_3m,ETHUSDT,3m,-1,STOP,2026-07-20T23:09:00.000Z,2026-07-20T23:20:59.999Z,3,-1.216517,0.0209,0.8280,-121.6517,35.8443,LATE,-1
scalp_fade_3m,ETHUSDT,3m,-1,STOP,2026-07-20T23:57:00.000Z,2026-07-21T00:20:59.999Z,7,-1.193886,0.3923,0.9701,-119.3886,31.9513,LATE,1
scalp_fade_3m,ETHUSDT,3m,-1,STOP,2026-07-21T04:48:00.000Z,2026-07-21T05:47:59.999Z,19,-1.186584,0.3997,0.9072,-118.6584,30.3667,ASIA,1
scalp_fade_3m,ETHUSDT,3m,-1,STOP,2026-07-21T07:48:00.000Z,2026-07-21T08:20:59.999Z,10,-1.157345,0.5355,1.4846,-115.7345,25.8247,LONDON,1
scalp_fade_3m,ETHUSDT,3m,-1,STOP,2026-07-21T12:12:00.000Z,2026-07-21T12:20:59.999Z,2,-1.180367,0.4988,0.9370,-118.0367,29.8684,LONDON,-1
scalp_fade_3m,ETHUSDT,3m,-1,TIME,2026-07-21T13:54:00.000Z,2026-07-21T14:56:59.999Z,20,0.161817,0.9082,0.7857,16.1817,19.8044,NY,1
scalp_fade_3m,ETHUSDT,3m,1,TIME,2026-07-21T17:48:00.000Z,2026-07-21T18:50:59.999Z,20,-0.162241,0.4926,0.4541,-16.2241,20.5418,NY,-1
scalp_fade_3m,ETHUSDT,3m,1,TIME,2026-07-21T19:03:00.000Z,2026-07-21T20:05:59.999Z,20,-0.164030,0.7977,0.5742,-16.4030,33.1105,NY,-1
scalp_fade_3m,ETHUSDT,3m,1,STOP,2026-07-21T20:27:00.000Z,2026-07-21T21:05:59.999Z,12,-1.243556,0.6935,0.7092,-124.3556,40.1364,NY,-1
scalp_fade_3m,ETHUSDT,3m,1,TIME,2026-07-21T21:09:00.000Z,2026-07-21T22:11:59.999Z,20,-0.637338,0.6237,0.5553,-63.7338,39.3410,LATE,1
scalp_fade_3m,ETHUSDT,3m,-1,TIME,2026-07-22T03:03:00.000Z,2026-07-22T04:05:59.999Z,20,-0.649431,0.7217,0.6599,-64.9431,27.6626,ASIA,-1
scalp_fade_3m,ETHUSDT,3m,1,TARGET,2026-07-22T09:36:00.000Z,2026-07-22T10:32:59.999Z,18,0.782005,1.1275,0.5914,78.2005,22.7365,LONDON,1
scalp_fade_3m,ETHUSDT,3m,-1,STOP,2026-07-22T16:33:00.000Z,2026-07-22T16:35:59.999Z,0,-1.101125,0.0000,0.8681,-110.1125,16.7224,NY,-1
scalp_fade_3m,ETHUSDT,3m,1,TIME,2026-07-22T19:51:00.000Z,2026-07-22T20:53:59.999Z,20,-0.150724,0.7354,0.4147,-15.0724,28.1656,NY,1
scalp_fade_3m,ETHUSDT,3m,-1,STOP,2026-07-23T00:18:00.000Z,2026-07-23T00:23:59.999Z,1,-1.169429,0.0724,0.7657,-116.9429,28.0783,ASIA,1
scalp_fade_3m,ETHUSDT,3m,1,STOP,2026-07-23T03:06:00.000Z,2026-07-23T03:14:59.999Z,2,-1.187937,0.1055,0.7034,-118.7937,31.3226,ASIA,1
scalp_fade_3m,ETHUSDT,3m,1,TARGET,2026-07-23T05:24:00.000Z,2026-07-23T05:32:59.999Z,2,0.670376,1.5340,0.2808,67.0376,26.3874,ASIA,-1
scalp_fade_3m,ETHUSDT,3m,1,TIME,2026-07-23T05:51:00.000Z,2026-07-23T06:53:59.999Z,20,-0.024598,0.6693,0.3184,-2.4598,32.5205,ASIA,1
scalp_fade_3m,ETHUSDT,3m,1,STOP,2026-07-23T07:03:00.000Z,2026-07-23T07:11:59.999Z,2,-1.222093,0.0000,1.8373,-122.2093,36.9912,LONDON,1
scalp_fade_3m,ETHUSDT,3m,1,TIME,2026-07-23T07:12:00.000Z,2026-07-23T08:14:59.999Z,20,-0.125282,0.4597,0.7036,-12.5282,27.5314,LONDON,1
scalp_fade_3m,ETHUSDT,3m,-1,STOP,2026-07-23T10:27:00.000Z,2026-07-23T10:50:59.999Z,7,-1.227211,0.0000,0.6872,-122.7211,37.4657,LONDON,-1
scalp_fade_3m,ETHUSDT,3m,1,STOP,2026-07-23T13:57:00.000Z,2026-07-23T14:50:59.999Z,17,-1.099751,0.2362,1.1073,-109.9751,16.4308,NY,-1
scalp_fade_3m,ETHUSDT,3m,1,TIME,2026-07-23T15:24:00.000Z,2026-07-23T16:26:59.999Z,20,-0.681030,0.4532,0.7987,-68.1030,17.4554,NY,-1
scalp_fade_3m,ETHUSDT,3m,1,STOP,2026-07-23T21:12:00.000Z,2026-07-23T22:02:59.999Z,16,-1.194077,0.0510,0.6999,-119.4077,31.8780,LATE,1
scalp_fade_3m,ETHUSDT,3m,1,STOP,2026-07-23T22:12:00.000Z,2026-07-23T22:17:59.999Z,1,-1.182734,0.0000,1.2287,-118.2734,30.4907,LATE,-1
scalp_fade_3m,ETHUSDT,3m,1,TIME,2026-07-23T22:27:00.000Z,2026-07-23T23:29:59.999Z,20,-0.273501,0.3599,0.2863,-27.3501,25.4305,LATE,-1
scalp_fade_3m,ETHUSDT,3m,1,STOP,2026-07-23T23:42:00.000Z,2026-07-23T23:53:59.999Z,3,-1.226170,0.0000,1.1325,-122.6170,37.6286,LATE,-1
scalp_fade_3m,ETHUSDT,3m,1,TARGET,2026-07-24T05:51:00.000Z,2026-07-24T06:20:59.999Z,9,0.692581,1.1217,0.3732,69.2581,25.6308,ASIA,-1
scalp_fade_3m,ETHUSDT,3m,-1,TIME,2026-07-24T07:36:00.000Z,2026-07-24T08:38:59.999Z,20,-0.074553,0.7990,0.2130,-7.4553,18.1076,LONDON,1
scalp_fade_3m,ETHUSDT,3m,1,TARGET,2026-07-24T17:09:00.000Z,2026-07-24T17:26:59.999Z,5,0.866366,1.0754,0.3148,86.6366,20.1414,NY,-1
scalp_fade_3m,ETHUSDT,3m,1,STOP,2026-07-24T21:03:00.000Z,2026-07-24T21:14:59.999Z,3,-1.226076,0.0000,0.6446,-122.6076,37.6131,LATE,-1
scalp_fade_3m,ETHUSDT,3m,1,TIME,2026-07-24T22:09:00.000Z,2026-07-24T23:11:59.999Z,20,-0.518530,0.4655,0.2940,-51.8530,38.3499,LATE,-1
scalp_fade_3m,ETHUSDT,3m,1,TARGET,2026-07-24T23:39:00.000Z,2026-07-25T00:05:59.999Z,8,0.413897,0.8750,0.2952,41.3897,34.4801,LATE,1
scalp_fade_3m,ETHUSDT,3m,1,STOP,2026-07-25T02:51:00.000Z,2026-07-25T03:02:59.999Z,3,-1.281553,0.0000,0.5883,-128.1553,46.8106,ASIA,-1
scalp_fade_3m,ETHUSDT,3m,1,STOP,2026-07-25T03:06:00.000Z,2026-07-25T03:50:59.999Z,14,-1.266069,0.0388,1.2397,-126.6069,43.7444,ASIA,-1
scalp_fade_3m,ETHUSDT,3m,1,STOP,2026-07-25T04:33:00.000Z,2026-07-25T04:35:59.999Z,0,-1.325229,0.0000,0.6725,-132.5229,54.2201,ASIA,1
scalp_fade_3m,ETHUSDT,3m,1,STOP,2026-07-25T06:24:00.000Z,2026-07-25T06:35:59.999Z,3,-1.275631,0.0000,0.8160,-127.5631,45.8288,ASIA,1
scalp_fade_3m,ETHUSDT,3m,1,STOP,2026-07-25T07:51:00.000Z,2026-07-25T07:56:59.999Z,1,-1.333502,0.0000,0.5009,-133.3502,55.5382,LONDON,-1
scalp_fade_3m,ETHUSDT,3m,1,STOP,2026-07-25T12:03:00.000Z,2026-07-25T12:05:59.999Z,0,-1.345375,0.0000,0.4353,-134.5375,57.5705,LONDON,1
scalp_fade_3m,ETHUSDT,3m,1,STOP,2026-07-25T12:18:00.000Z,2026-07-25T12:23:59.999Z,1,-1.328352,0.0000,0.6667,-132.8352,54.6827,LONDON,-1
scalp_fade_3m,ETHUSDT,3m,1,TARGET,2026-07-25T12:42:00.000Z,2026-07-25T13:05:59.999Z,7,0.353962,1.1650,0.4011,35.3962,36.3920,LONDON,-1
scalp_fade_3m,ETHUSDT,3m,-1,STOP,2026-07-25T19:51:00.000Z,2026-07-25T19:53:59.999Z,0,-1.312558,0.0000,0.4891,-131.2558,51.9643,NY,-1
scalp_fade_3m,ETHUSDT,3m,-1,STOP,2026-07-25T21:48:00.000Z,2026-07-25T22:50:59.999Z,20,-1.244748,0.2436,0.8552,-124.4748,39.8327,LATE,-1
scalp_fade_3m,ETHUSDT,3m,-1,STOP,2026-07-25T23:51:00.000Z,2026-07-26T00:05:59.999Z,4,-1.349632,0.0000,0.6316,-134.9632,57.9028,LATE,1
scalp_fade_3m,ETHUSDT,3m,-1,STOP,2026-07-26T03:06:00.000Z,2026-07-26T03:14:59.999Z,2,-1.286274,0.0000,1.4371,-128.6274,47.4846,ASIA,1
scalp_fade_3m,ETHUSDT,3m,-1,TIME,2026-07-26T03:15:00.000Z,2026-07-26T04:17:59.999Z,20,-0.326089,0.5259,0.3705,-32.6089,40.5351,ASIA,1
scalp_fade_3m,ETHUSDT,3m,-1,STOP,2026-07-26T08:45:00.000Z,2026-07-26T08:53:59.999Z,2,-1.316575,0.0000,0.5049,-131.6575,52.5247,LONDON,-1
scalp_fade_3m,ETHUSDT,3m,-1,STOP,2026-07-26T10:03:00.000Z,2026-07-26T10:05:59.999Z,0,-1.302834,0.0000,0.4998,-130.2834,50.3436,LONDON,1
scalp_fade_3m,ETHUSDT,3m,-1,STOP,2026-07-26T12:03:00.000Z,2026-07-26T12:05:59.999Z,0,-1.299253,0.0000,0.8153,-129.9253,49.7467,LONDON,-1
scalp_fade_3m,ETHUSDT,3m,-1,STOP,2026-07-26T13:21:00.000Z,2026-07-26T14:05:59.999Z,14,-1.217415,0.3822,2.2885,-121.7415,35.5873,NY,-1
scalp_fade_3m,ETHUSDT,3m,-1,STOP,2026-07-26T14:33:00.000Z,2026-07-26T14:47:59.999Z,4,-1.164531,0.0177,1.0547,-116.4531,27.1779,NY,1
scalp_fade_3m,ETHUSDT,3m,-1,STOP,2026-07-26T16:12:00.000Z,2026-07-26T16:29:59.999Z,5,-1.151787,0.0476,1.6790,-115.1787,25.0367,NY,1
scalp_fade_3m,ETHUSDT,3m,-1,STOP,2026-07-26T18:18:00.000Z,2026-07-26T18:23:59.999Z,1,-1.247324,0.0000,0.6687,-124.7324,41.0484,NY,-1
scalp_fade_3m,ETHUSDT,3m,-1,STOP,2026-07-26T19:24:00.000Z,2026-07-26T19:35:59.999Z,3,-1.276846,0.0000,0.5986,-127.6846,45.8687,NY,-1
scalp_fade_3m,ETHUSDT,3m,-1,STOP,2026-07-26T20:33:00.000Z,2026-07-26T21:02:59.999Z,9,-1.315109,0.2584,0.9490,-131.5109,51.9034,NY,-1
scalp_fade_3m,ETHUSDT,3m,-1,STOP,2026-07-27T04:00:00.000Z,2026-07-27T04:05:59.999Z,1,-1.200031,0.0154,1.1650,-120.0031,33.1737,ASIA,1
scalp_fade_3m,ETHUSDT,3m,-1,STOP,2026-07-27T05:18:00.000Z,2026-07-27T05:20:59.999Z,0,-1.173556,0.0000,0.8173,-117.3556,28.7953,ASIA,1
scalp_fade_3m,ETHUSDT,3m,-1,TIME,2026-07-27T07:48:00.000Z,2026-07-27T08:50:59.999Z,20,-0.309880,0.7953,0.1394,-30.9880,23.2279,LONDON,-1
scalp_fade_3m,ETHUSDT,3m,-1,STOP,2026-07-27T09:36:00.000Z,2026-07-27T09:50:59.999Z,4,-1.171821,0.0003,0.7565,-117.1821,28.3880,LONDON,1
scalp_fade_3m,ETHUSDT,3m,-1,TARGET,2026-07-27T12:03:00.000Z,2026-07-27T12:14:59.999Z,3,0.801501,1.1392,0.4072,80.1501,22.1858,LONDON,-1
scalp_fade_3m,ETHUSDT,3m,-1,STOP,2026-07-27T13:36:00.000Z,2026-07-27T13:38:59.999Z,0,-1.116551,0.0000,0.8562,-111.6551,19.2937,NY,1
scalp_fade_3m,ETHUSDT,3m,1,STOP,2026-07-27T18:18:00.000Z,2026-07-27T18:35:59.999Z,5,-1.170965,0.0000,0.9104,-117.0965,28.4173,NY,-1
scalp_fade_3m,ETHUSDT,3m,1,STOP,2026-07-28T04:18:00.000Z,2026-07-28T04:38:59.999Z,6,-1.197277,0.1121,0.7127,-119.7277,32.7366,ASIA,1
scalp_fade_3m,ETHUSDT,3m,1,TARGET,2026-07-28T05:00:00.000Z,2026-07-28T05:17:59.999Z,5,0.716117,1.1983,0.4138,71.6117,24.9125,ASIA,-1
scalp_fade_3m,ETHUSDT,3m,1,STOP,2026-07-28T07:30:00.000Z,2026-07-28T07:38:59.999Z,2,-1.216941,0.0000,0.7427,-121.6941,36.1361,LONDON,-1
scalp_fade_3m,ETHUSDT,3m,1,STOP,2026-07-28T08:54:00.000Z,2026-07-28T09:05:59.999Z,3,-1.200281,0.1597,0.7089,-120.0281,33.3366,LONDON,1
scalp_fade_3m,ETHUSDT,3m,1,STOP,2026-07-28T09:06:00.000Z,2026-07-28T09:56:59.999Z,16,-1.187954,0.4935,1.1948,-118.7954,30.8764,LONDON,1
scalp_fade_3m,ETHUSDT,3m,1,STOP,2026-07-28T10:21:00.000Z,2026-07-28T10:26:59.999Z,1,-1.173441,0.0000,1.0485,-117.3441,28.9468,LONDON,-1
scalp_fade_3m,ETHUSDT,3m,1,TIME,2026-07-28T11:24:00.000Z,2026-07-28T12:26:59.999Z,20,-0.197356,0.2926,0.6535,-19.7356,21.4941,LONDON,1
scalp_fade_3m,ETHUSDT,3m,1,STOP,2026-07-28T13:33:00.000Z,2026-07-28T13:38:59.999Z,1,-1.103352,0.3301,0.9953,-110.3352,17.3028,NY,1
scalp_fade_3m,ETHUSDT,3m,-1,STOP,2026-07-28T18:03:00.000Z,2026-07-28T18:47:59.999Z,14,-1.105867,0.0000,0.8572,-110.5867,17.2617,NY,-1
scalp_fade_3m,ETHUSDT,3m,-1,STOP,2026-07-28T21:36:00.000Z,2026-07-28T21:44:59.999Z,2,-1.229246,0.0000,0.6313,-122.9246,37.9987,LATE,-1
scalp_fade_3m,ETHUSDT,3m,-1,TARGET,2026-07-28T22:03:00.000Z,2026-07-28T22:47:59.999Z,14,0.855683,1.4606,0.5924,85.5683,20.3995,LATE,1
scalp_fade_3m,ETHUSDT,3m,-1,STOP,2026-07-28T23:33:00.000Z,2026-07-28T23:41:59.999Z,2,-1.147529,0.0000,0.7786,-114.7529,24.4063,LATE,-1
scalp_fade_3m,ETHUSDT,3m,-1,STOP,2026-07-29T07:57:00.000Z,2026-07-29T07:59:59.999Z,0,-1.213727,0.0000,2.0933,-121.3727,35.4910,LONDON,-1
scalp_fade_3m,ETHUSDT,3m,-1,TARGET,2026-07-29T08:00:00.000Z,2026-07-29T08:14:59.999Z,4,0.947936,1.2300,0.2300,94.7936,17.5254,LONDON,-1
scalp_fade_3m,ETHUSDT,3m,-1,TARGET,2026-07-29T09:54:00.000Z,2026-07-29T10:53:59.999Z,19,0.875232,1.5572,0.1711,87.5232,19.7520,LONDON,1
scalp_fade_3m,ETHUSDT,3m,1,STOP,2026-07-29T13:39:00.000Z,2026-07-29T14:26:59.999Z,15,-1.113945,0.8355,1.0664,-111.3945,18.7889,NY,-1
scalp_fade_3m,ETHUSDT,3m,1,TARGET,2026-07-29T16:45:00.000Z,2026-07-29T17:14:59.999Z,9,1.018869,1.2914,0.1561,101.8869,15.2814,NY,1
scalp_fade_3m,ETHUSDT,3m,1,TARGET,2026-07-29T18:33:00.000Z,2026-07-29T18:47:59.999Z,4,1.254007,1.4581,0.0839,125.4007,7.8341,NY,-1
scalp_fade_3m,ETHUSDT,3m,-1,STOP,2026-07-29T23:36:00.000Z,2026-07-29T23:47:59.999Z,3,-1.164589,0.2274,0.8415,-116.4589,27.2157,LATE,-1
scalp_fade_3m,ETHUSDT,3m,-1,STOP,2026-07-30T01:09:00.000Z,2026-07-30T01:35:59.999Z,8,-1.103722,0.6519,0.9197,-110.3722,17.0137,ASIA,1
scalp_fade_3m,ETHUSDT,3m,-1,TIME,2026-07-30T03:18:00.000Z,2026-07-30T04:20:59.999Z,20,0.572301,1.1084,0.1825,57.2301,25.1064,ASIA,-1
scalp_fade_3m,ETHUSDT,3m,1,STOP,2026-07-30T06:42:00.000Z,2026-07-30T06:47:59.999Z,1,-1.199727,0.0000,0.7202,-119.9727,33.3139,ASIA,-1
scalp_fade_3m,ETHUSDT,3m,-1,STOP,2026-07-30T09:57:00.000Z,2026-07-30T10:41:59.999Z,14,-1.196887,0.0000,0.7287,-119.6887,32.2150,LONDON,1
scalp_fade_3m,ETHUSDT,3m,-1,STOP,2026-07-30T10:42:00.000Z,2026-07-30T11:38:59.999Z,18,-1.265627,0.7531,1.0495,-126.5627,43.3301,LONDON,1
scalp_fade_3m,ETHUSDT,3m,-1,STOP,2026-07-30T11:39:00.000Z,2026-07-30T11:50:59.999Z,3,-1.215842,0.2001,0.8293,-121.5842,35.7321,LONDON,1
scalp_fade_3m,ETHUSDT,3m,-1,STOP,2026-07-30T13:45:00.000Z,2026-07-30T13:50:59.999Z,1,-1.117817,0.0000,0.8395,-111.7817,19.4843,NY,-1
scalp_fade_3m,ETHUSDT,3m,-1,TIME,2026-07-30T14:27:00.000Z,2026-07-30T15:29:59.999Z,20,0.200312,0.6883,0.2738,20.0312,16.7723,NY,-1
scalp_fade_3m,ETHUSDT,3m,-1,TIME,2026-07-30T17:21:00.000Z,2026-07-30T18:23:59.999Z,20,-0.263681,0.4317,0.6501,-26.3681,28.6127,NY,-1
scalp_fade_3m,ETHUSDT,3m,-1,STOP,2026-07-30T19:06:00.000Z,2026-07-30T19:08:59.999Z,0,-1.228753,0.0000,0.7446,-122.8753,37.9957,NY,-1
scalp_fade_3m,ETHUSDT,3m,-1,TIME,2026-07-30T20:03:00.000Z,2026-07-30T21:05:59.999Z,20,0.104103,0.8874,0.3147,10.4103,30.1831,NY,-1
scalp_fade_3m,ETHUSDT,3m,-1,TARGET,2026-07-30T21:21:00.000Z,2026-07-30T21:56:59.999Z,11,0.594169,1.0738,0.5391,59.4169,28.7119,LATE,-1
scalp_fade_3m,ETHUSDT,3m,-1,STOP,2026-07-30T22:03:00.000Z,2026-07-30T22:08:59.999Z,1,-1.186287,0.0000,1.1090,-118.6287,30.8851,LATE,1
scalp_fade_3m,ETHUSDT,3m,1,STOP,2026-07-31T05:27:00.000Z,2026-07-31T05:35:59.999Z,2,-1.235958,0.0000,0.7002,-123.5958,39.2921,ASIA,1
scalp_fade_3m,ETHUSDT,3m,1,STOP,2026-07-31T12:03:00.000Z,2026-07-31T12:05:59.999Z,0,-1.227022,0.0000,0.6988,-122.7022,37.8878,LONDON,-1
scalp_fade_3m,ETHUSDT,3m,1,STOP,2026-07-31T13:33:00.000Z,2026-07-31T13:41:59.999Z,2,-1.142892,0.5531,1.0185,-114.2892,23.8469,NY,1
scalp_fade_3m,ETHUSDT,3m,1,STOP,2026-07-31T20:03:00.000Z,2026-07-31T20:35:59.999Z,10,-1.217421,0.1749,0.8217,-121.7421,35.9173,NY,1
scalp_fade_3m,ETHUSDT,3m,1,STOP,2026-07-31T20:36:00.000Z,2026-07-31T20:53:59.999Z,5,-1.208429,0.1228,0.7818,-120.8429,34.6156,NY,1
scalp_fade_3m,ETHUSDT,3m,1,STOP,2026-07-31T23:54:00.000Z,2026-07-31T23:56:59.999Z,0,-1.248845,0.0000,0.5927,-124.8845,41.5172,LATE,1
scalp_fade_3m,ETHUSDT,3m,1,STOP,2026-08-01T01:27:00.000Z,2026-08-01T01:29:59.999Z,0,-1.281394,0.0000,0.5308,-128.1394,46.9301,ASIA,-1
scalp_fade_3m,ETHUSDT,3m,1,TIME,2026-08-01T03:36:00.000Z,2026-08-01T04:38:59.999Z,20,-0.724340,0.4562,0.3840,-72.4340,51.9630,ASIA,-1
scalp_fade_3m,ETHUSDT,3m,-1,STOP,2026-08-01T08:54:00.000Z,2026-08-01T08:56:59.999Z,0,-1.375421,0.0000,0.4549,-137.5421,62.4426,LONDON,1
scalp_fade_3m,ETHUSDT,3m,-1,STOP,2026-08-01T09:12:00.000Z,2026-08-01T09:14:59.999Z,0,-1.340225,0.0000,0.4423,-134.0225,56.5759,LONDON,1
scalp_fade_3m,ETHUSDT,3m,-1,STOP,2026-08-01T13:33:00.000Z,2026-08-01T14:02:59.999Z,9,-1.355069,0.1719,0.8050,-135.5069,58.5021,NY,-1
scalp_fade_3m,ETHUSDT,3m,-1,STOP,2026-08-01T16:36:00.000Z,2026-08-01T16:38:59.999Z,0,-1.278136,0.0000,0.7466,-127.8136,46.2268,NY,-1
scalp_fade_3m,ETHUSDT,3m,1,TARGET,2026-08-01T20:39:00.000Z,2026-08-01T21:02:59.999Z,7,0.849116,1.3048,0.2268,84.9116,20.6774,NY,1
scalp_fade_3m,ETHUSDT,3m,1,TIME,2026-08-01T23:39:00.000Z,2026-08-02T00:41:59.999Z,20,-0.988763,0.7513,0.5097,-98.8763,42.9919,LATE,-1
scalp_fade_3m,ETHUSDT,3m,-1,TARGET,2026-08-02T04:57:00.000Z,2026-08-02T05:38:59.999Z,13,0.649470,1.1395,0.4894,64.9470,26.9425,ASIA,-1
scalp_fade_3m,ETHUSDT,3m,-1,STOP,2026-08-02T06:42:00.000Z,2026-08-02T07:26:59.999Z,14,-1.278439,0.0277,0.6040,-127.8439,45.6128,ASIA,-1
scalp_fade_3m,ETHUSDT,3m,-1,STOP,2026-08-02T07:45:00.000Z,2026-08-02T08:11:59.999Z,8,-1.347861,0.2885,0.8058,-134.7861,57.3710,LONDON,1
scalp_fade_3m,ETHUSDT,3m,-1,TARGET,2026-08-02T08:12:00.000Z,2026-08-02T08:26:59.999Z,4,0.499750,0.8282,0.2726,49.9750,31.7698,LONDON,-1
scalp_fade_3m,ETHUSDT,3m,1,TARGET,2026-08-02T16:03:00.000Z,2026-08-02T16:35:59.999Z,10,0.602978,1.0741,0.3597,60.2978,28.4649,NY,-1
scalp_fade_3m,ETHUSDT,3m,-1,STOP,2026-08-02T20:48:00.000Z,2026-08-02T21:05:59.999Z,5,-1.210177,0.2412,0.7404,-121.0177,34.7188,NY,-1
scalp_fade_3m,ETHUSDT,3m,1,STOP,2026-08-03T02:30:00.000Z,2026-08-03T03:26:59.999Z,18,-1.157184,0.2895,0.7433,-115.7184,25.7901,ASIA,-1
scalp_fade_3m,ETHUSDT,3m,1,STOP,2026-08-03T13:30:00.000Z,2026-08-03T13:32:59.999Z,0,-1.145725,0.0000,0.9008,-114.5725,24.3677,NY,1
scalp_fade_3m,ETHUSDT,3m,1,TARGET,2026-08-03T13:33:00.000Z,2026-08-03T13:38:59.999Z,1,1.020258,1.2519,0.2005,102.0258,15.2719,NY,1
scalp_fade_3m,ETHUSDT,3m,1,STOP,2026-08-03T23:45:00.000Z,2026-08-04T00:17:59.999Z,10,-1.228678,0.7110,0.6803,-122.8678,37.7701,LATE,1
scalp_fade_3m,ETHUSDT,3m,1,STOP,2026-08-04T00:18:00.000Z,2026-08-04T00:32:59.999Z,4,-1.183087,0.1635,0.9462,-118.3087,30.4544,ASIA,1
scalp_fade_3m,ETHUSDT,3m,1,TARGET,2026-08-04T00:51:00.000Z,2026-08-04T01:41:59.999Z,16,1.061518,1.5315,0.6875,106.1518,13.9011,ASIA,1
scalp_fade_3m,ETHUSDT,3m,-1,TIME,2026-08-04T03:33:00.000Z,2026-08-04T04:35:59.999Z,20,-1.039567,0.2168,0.7008,-103.9567,27.4738,ASIA,-1
scalp_fade_3m,ETHUSDT,3m,-1,TARGET,2026-08-04T06:21:00.000Z,2026-08-04T06:41:59.999Z,6,0.678750,1.7413,0.4676,67.8750,26.0660,ASIA,-1
scalp_fade_3m,ETHUSDT,3m,1,TIME,2026-08-04T09:33:00.000Z,2026-08-04T10:35:59.999Z,20,-0.597479,0.8223,0.5947,-59.7479,38.9488,LONDON,-1
scalp_fade_3m,ETHUSDT,3m,-1,TARGET,2026-08-04T13:21:00.000Z,2026-08-04T13:47:59.999Z,8,0.892895,1.5013,0.2652,89.2895,19.2529,NY,-1
scalp_fade_3m,ETHUSDT,3m,-1,TIME,2026-08-04T15:45:00.000Z,2026-08-04T16:47:59.999Z,20,0.055347,0.6354,0.7795,5.5347,20.9541,NY,-1
scalp_fade_3m,ETHUSDT,3m,-1,STOP,2026-08-04T17:03:00.000Z,2026-08-04T17:08:59.999Z,1,-1.160501,0.0000,0.7465,-116.0501,26.5915,NY,-1
scalp_fade_3m,ETHUSDT,3m,-1,STOP,2026-08-04T17:27:00.000Z,2026-08-04T17:44:59.999Z,5,-1.150181,0.0000,0.7563,-115.0181,24.7704,NY,1
scalp_fade_3m,ETHUSDT,3m,-1,TARGET,2026-08-04T19:39:00.000Z,2026-08-04T20:02:59.999Z,7,0.874904,1.0811,0.1718,87.4904,19.8296,NY,1
scalp_fade_3m,ETHUSDT,3m,-1,STOP,2026-08-04T22:18:00.000Z,2026-08-04T22:20:59.999Z,0,-1.218299,0.0000,0.8134,-121.8299,36.2531,LATE,-1
scalp_fade_3m,ETHUSDT,3m,-1,STOP,2026-08-04T22:21:00.000Z,2026-08-04T23:08:59.999Z,15,-1.201947,0.2596,0.7716,-120.1947,33.0123,LATE,-1
scalp_fade_3m,ETHUSDT,3m,1,STOP,2026-08-05T00:42:00.000Z,2026-08-05T01:02:59.999Z,6,-1.148032,0.0186,0.8606,-114.8032,24.5977,ASIA,-1
scalp_fade_3m,ETHUSDT,3m,1,TARGET,2026-08-05T07:48:00.000Z,2026-08-05T07:59:59.999Z,3,0.645684,1.1367,0.2325,64.5684,27.1645,LONDON,-1
scalp_fade_3m,ETHUSDT,3m,-1,TARGET,2026-08-05T10:27:00.000Z,2026-08-05T10:53:59.999Z,8,0.685281,1.2839,0.6264,68.5281,25.8439,LONDON,-1
scalp_fade_3m,ETHUSDT,3m,-1,STOP,2026-08-05T20:15:00.000Z,2026-08-05T20:44:59.999Z,9,-1.192253,0.2283,0.6946,-119.2253,31.6157,NY,-1
scalp_fade_3m,ETHUSDT,3m,-1,TARGET,2026-08-05T22:12:00.000Z,2026-08-05T23:02:59.999Z,16,0.856243,1.1819,0.2328,85.6243,20.3702,LATE,1
scalp_fade_3m,ETHUSDT,3m,-1,STOP,2026-08-06T00:12:00.000Z,2026-08-06T00:23:59.999Z,3,-1.205283,0.0000,0.7408,-120.5283,33.9776,ASIA,-1
scalp_fade_3m,ETHUSDT,3m,-1,TARGET,2026-08-06T01:03:00.000Z,2026-08-06T01:26:59.999Z,7,0.685221,0.9533,0.2451,68.5221,25.8531,ASIA,1
scalp_fade_3m,ETHUSDT,3m,-1,TARGET,2026-08-06T01:48:00.000Z,2026-08-06T02:17:59.999Z,9,0.756432,1.9123,0.5896,75.6432,23.5784,ASIA,-1
scalp_fade_3m,ETHUSDT,3m,1,STOP,2026-08-06T03:54:00.000Z,2026-08-06T03:56:59.999Z,0,-1.238429,0.0000,0.6710,-123.8429,39.7849,ASIA,1
scalp_fade_3m,ETHUSDT,3m,-1,TARGET,2026-08-06T09:06:00.000Z,2026-08-06T09:14:59.999Z,2,0.860361,1.1207,0.3143,86.0361,20.3203,LONDON,1
scalp_fade_3m,ETHUSDT,3m,1,STOP,2026-08-06T12:03:00.000Z,2026-08-06T12:05:59.999Z,0,-1.212932,0.0000,0.7665,-121.2932,35.5445,LONDON,1
scalp_fade_3m,ETHUSDT,3m,1,STOP,2026-08-06T12:33:00.000Z,2026-08-06T12:56:59.999Z,7,-1.202526,0.1514,1.0663,-120.2526,33.5694,LONDON,-1
scalp_fade_3m,ETHUSDT,3m,1,TARGET,2026-08-06T13:36:00.000Z,2026-08-06T13:44:59.999Z,2,0.951411,1.1965,0.3461,95.1411,17.4556,NY,-1
scalp_fade_3m,ETHUSDT,3m,-1,TIME,2026-08-06T15:48:00.000Z,2026-08-06T16:50:59.999Z,20,-0.336404,0.8473,0.3019,-33.6404,22.0756,NY,-1
scalp_fade_3m,ETHUSDT,3m,-1,TARGET,2026-08-06T18:24:00.000Z,2026-08-06T18:41:59.999Z,5,0.794407,1.0801,0.2241,79.4407,22.3986,NY,-1
scalp_fade_3m,ETHUSDT,3m,1,STOP,2026-08-06T19:48:00.000Z,2026-08-06T20:29:59.999Z,13,-1.252114,0.5304,0.5887,-125.2114,41.4994,NY,1
scalp_fade_3m,ETHUSDT,3m,1,STOP,2026-08-06T21:45:00.000Z,2026-08-06T21:56:59.999Z,3,-1.258258,0.0000,0.5958,-125.8258,42.9485,LATE,1
scalp_fade_3m,ETHUSDT,3m,1,STOP,2026-08-06T21:57:00.000Z,2026-08-06T22:02:59.999Z,1,-1.268726,0.0000,0.8119,-126.8726,44.7768,LATE,-1
scalp_fade_3m,ETHUSDT,3m,1,TIME,2026-08-07T00:39:00.000Z,2026-08-07T01:41:59.999Z,20,-0.692460,0.9198,0.5499,-69.2460,31.6651,ASIA,-1
scalp_fade_3m,ETHUSDT,3m,1,STOP,2026-08-07T01:48:00.000Z,2026-08-07T02:11:59.999Z,7,-1.182180,0.2018,0.9653,-118.2180,30.2103,ASIA,-1
scalp_fade_3m,BTCUSDT,3m,-1,STOP,2025-08-07T18:54:00.000Z,2025-08-07T18:56:59.999Z,0,-1.251807,0.0000,0.8103,-125.1807,41.8383,NY,-1
scalp_fade_3m,BTCUSDT,3m,-1,STOP,2025-08-07T22:12:00.000Z,2025-08-07T22:14:59.999Z,0,-1.201678,0.0000,0.6770,-120.1678,33.4827,LATE,-1
scalp_fade_3m,BTCUSDT,3m,-1,STOP,2025-08-08T00:03:00.000Z,2025-08-08T00:05:59.999Z,0,-1.317997,0.2576,0.5023,-131.7997,52.8709,ASIA,-1
scalp_fade_3m,BTCUSDT,3m,-1,TARGET,2025-08-08T00:39:00.000Z,2025-08-08T01:05:59.999Z,8,0.999517,1.2659,0.1595,99.9517,15.8680,ASIA,-1
scalp_fade_3m,BTCUSDT,3m,1,STOP,2025-08-08T05:12:00.000Z,2025-08-08T05:14:59.999Z,0,-1.306897,0.0000,0.5107,-130.6897,51.1715,ASIA,-1
scalp_fade_3m,BTCUSDT,3m,1,STOP,2025-08-08T06:18:00.000Z,2025-08-08T06:23:59.999Z,1,-1.313098,0.0000,0.5821,-131.3098,52.1485,ASIA,-1
scalp_fade_3m,BTCUSDT,3m,1,STOP,2025-08-08T08:03:00.000Z,2025-08-08T08:26:59.999Z,7,-1.282880,0.3205,0.5905,-128.2880,46.8362,LONDON,1
scalp_fade_3m,BTCUSDT,3m,1,TARGET,2025-08-08T10:57:00.000Z,2025-08-08T11:08:59.999Z,3,0.411444,0.7634,0.3014,41.1444,34.6069,LONDON,-1
scalp_fade_3m,BTCUSDT,3m,1,STOP,2025-08-08T12:09:00.000Z,2025-08-08T12:11:59.999Z,0,-1.304175,0.0000,0.8722,-130.4175,50.7187,LONDON,1
scalp_fade_3m,BTCUSDT,3m,1,TARGET,2025-08-08T13:33:00.000Z,2025-08-08T13:41:59.999Z,2,0.476030,0.9846,0.5137,47.6030,32.5641,NY,-1
scalp_fade_3m,BTCUSDT,3m,1,TIME,2025-08-08T18:39:00.000Z,2025-08-08T19:41:59.999Z,20,-0.765444,0.5087,0.5356,-76.5444,31.4488,NY,1
scalp_fade_3m,BTCUSDT,3m,1,STOP,2025-08-08T20:00:00.000Z,2025-08-08T20:02:59.999Z,0,-1.249131,0.0000,0.5860,-124.9131,41.5647,NY,-1
scalp_fade_3m,BTCUSDT,3m,-1,STOP,2025-08-08T23:03:00.000Z,2025-08-08T23:05:59.999Z,0,-1.367225,0.0000,0.4401,-136.7225,61.0764,LATE,-1
scalp_fade_3m,BTCUSDT,3m,1,TARGET,2025-08-09T03:42:00.000Z,2025-08-09T04:14:59.999Z,10,0.180927,0.7545,0.3589,18.0927,41.8480,ASIA,1
scalp_fade_3m,BTCUSDT,3m,1,TARGET,2025-08-09T04:45:00.000Z,2025-08-09T05:08:59.999Z,7,0.592888,0.9537,0.3954,59.2888,28.8093,ASIA,1
scalp_fade_3m,BTCUSDT,3m,-1,TIME,2025-08-09T05:39:00.000Z,2025-08-09T06:41:59.999Z,20,-0.290930,0.5453,0.6155,-29.0930,33.4411,ASIA,1
scalp_fade_3m,BTCUSDT,3m,-1,STOP,2025-08-09T08:54:00.000Z,2025-08-09T09:02:59.999Z,2,-1.200405,0.0000,0.7794,-120.0405,33.2014,LONDON,1
scalp_fade_3m,BTCUSDT,3m,1,TARGET,2025-08-09T15:12:00.000Z,2025-08-09T15:17:59.999Z,1,0.298226,0.7777,0.3273,29.8226,38.2258,NY,-1
scalp_fade_3m,BTCUSDT,3m,1,TIME,2025-08-09T15:24:00.000Z,2025-08-09T16:26:59.999Z,20,-1.150228,0.0420,0.6509,-115.0228,34.0502,NY,1
scalp_fade_3m,BTCUSDT,3m,1,STOP,2025-08-09T18:06:00.000Z,2025-08-09T18:41:59.999Z,11,-1.344718,0.0000,0.4573,-134.4718,56.8113,NY,1
scalp_fade_3m,BTCUSDT,3m,1,STOP,2025-08-09T20:12:00.000Z,2025-08-09T20:17:59.999Z,1,-1.350122,0.0000,0.4544,-135.0122,58.2993,NY,-1
scalp_fade_3m,BTCUSDT,3m,1,STOP,2025-08-09T22:54:00.000Z,2025-08-09T23:02:59.999Z,2,-1.312182,0.0000,0.4999,-131.2182,51.9423,LATE,1
scalp_fade_3m,BTCUSDT,3m,1,STOP,2025-08-10T01:09:00.000Z,2025-08-10T01:47:59.999Z,12,-1.313145,0.0000,0.5523,-131.3145,51.5668,ASIA,1
scalp_fade_3m,BTCUSDT,3m,-1,STOP,2025-08-10T06:54:00.000Z,2025-08-10T07:05:59.999Z,3,-1.203939,0.0000,0.7040,-120.3939,33.7543,ASIA,-1
scalp_fade_3m,BTCUSDT,3m,-1,STOP,2025-08-10T11:21:00.000Z,2025-08-10T11:29:59.999Z,2,-1.258915,0.0000,1.0272,-125.8915,42.9338,LONDON,-1
scalp_fade_3m,BTCUSDT,3m,-1,STOP,2025-08-10T12:00:00.000Z,2025-08-10T12:08:59.999Z,2,-1.226542,0.1025,0.9520,-122.6542,37.5490,LONDON,-1
scalp_fade_3m,BTCUSDT,3m,-1,STOP,2025-08-10T13:42:00.000Z,2025-08-10T13:53:59.999Z,3,-1.225379,0.0000,0.6864,-122.5379,37.3167,NY,-1
scalp_fade_3m,BTCUSDT,3m,-1,STOP,2025-08-10T14:06:00.000Z,2025-08-10T14:20:59.999Z,4,-1.192918,0.0000,0.7123,-119.2918,31.8898,NY,1
scalp_fade_3m,BTCUSDT,3m,-1,STOP,2025-08-10T14:21:00.000Z,2025-08-10T14:47:59.999Z,8,-1.210034,0.1666,0.7148,-121.0034,34.5876,NY,1
scalp_fade_3m,BTCUSDT,3m,-1,STOP,2025-08-10T14:48:00.000Z,2025-08-10T15:08:59.999Z,6,-1.199807,0.1583,0.9014,-119.9807,32.9652,NY,1
scalp_fade_3m,BTCUSDT,3m,-1,TIME,2025-08-10T15:12:00.000Z,2025-08-10T16:14:59.999Z,20,-0.354872,0.8259,0.1780,-35.4872,29.6095,NY,1
scalp_fade_3m,BTCUSDT,3m,-1,STOP,2025-08-10T18:42:00.000Z,2025-08-10T18:50:59.999Z,2,-1.360700,0.0000,0.6284,-136.0700,59.8642,NY,-1
scalp_fade_3m,BTCUSDT,3m,-1,STOP,2025-08-10T18:51:00.000Z,2025-08-10T18:53:59.999Z,0,-1.344303,0.0000,0.5425,-134.4303,57.2557,NY,-1
scalp_fade_3m,BTCUSDT,3m,-1,STOP,2025-08-10T19:09:00.000Z,2025-08-10T19:11:59.999Z,0,-1.332521,0.0000,0.6424,-133.2521,55.2918,NY,-1
scalp_fade_3m,BTCUSDT,3m,-1,STOP,2025-08-10T19:39:00.000Z,2025-08-10T19:41:59.999Z,0,-1.310592,0.0000,0.5570,-131.0592,51.6367,NY,1
scalp_fade_3m,BTCUSDT,3m,-1,TARGET,2025-08-10T20:06:00.000Z,2025-08-10T20:11:59.999Z,1,0.362274,0.9031,0.3731,36.2274,36.1699,NY,-1
scalp_fade_3m,BTCUSDT,3m,-1,STOP,2025-08-11T00:12:00.000Z,2025-08-11T00:23:59.999Z,3,-1.231576,0.0190,1.0945,-123.1576,38.3464,ASIA,-1
scalp_fade_3m,BTCUSDT,3m,-1,STOP,2025-08-11T01:33:00.000Z,2025-08-11T01:59:59.999Z,8,-1.161372,0.1887,1.2360,-116.1372,26.5436,ASIA,-1
scalp_fade_3m,BTCUSDT,3m,-1,STOP,2025-08-11T04:24:00.000Z,2025-08-11T04:53:59.999Z,9,-1.180100,0.2124,1.8502,-118.0100,29.6089,ASIA,1
scalp_fade_3m,BTCUSDT,3m,-1,TIME,2025-08-11T04:54:00.000Z,2025-08-11T05:56:59.999Z,20,-0.422402,0.4181,0.6410,-42.2402,24.5603,ASIA,-1
scalp_fade_3m,BTCUSDT,3m,1,STOP,2025-08-11T21:33:00.000Z,2025-08-11T21:35:59.999Z,0,-1.200825,0.0000,0.7115,-120.0825,33.5311,LATE,1
scalp_fade_3m,BTCUSDT,3m,1,STOP,2025-08-12T00:03:00.000Z,2025-08-12T00:11:59.999Z,2,-1.237269,0.0000,0.6632,-123.7269,39.5098,ASIA,-1
scalp_fade_3m,BTCUSDT,3m,1,STOP,2025-08-12T05:03:00.000Z,2025-08-12T05:05:59.999Z,0,-1.227222,0.0000,0.7732,-122.7222,37.9212,ASIA,1
scalp_fade_3m,BTCUSDT,3m,1,STOP,2025-08-12T07:36:00.000Z,2025-08-12T07:59:59.999Z,7,-1.311817,0.0183,0.5050,-131.1817,51.6139,LONDON,-1
scalp_fade_3m,BTCUSDT,3m,1,STOP,2025-08-12T08:54:00.000Z,2025-08-12T08:56:59.999Z,0,-1.265590,0.0000,0.5818,-126.5590,44.3019,LONDON,-1
scalp_fade_3m,BTCUSDT,3m,1,STOP,2025-08-12T09:06:00.000Z,2025-08-12T09:08:59.999Z,0,-1.270278,0.0000,0.9051,-127.0278,45.0814,LONDON,-1
scalp_fade_3m,BTCUSDT,3m,1,TIME,2025-08-12T11:12:00.000Z,2025-08-12T12:14:59.999Z,20,-0.573735,0.9451,0.4629,-57.3735,35.7982,LONDON,-1
scalp_fade_3m,BTCUSDT,3m,-1,TARGET,2025-08-12T17:21:00.000Z,2025-08-12T17:29:59.999Z,2,0.787194,1.1211,0.5504,78.7194,22.6470,NY,-1
scalp_fade_3m,BTCUSDT,3m,-1,STOP,2025-08-12T20:12:00.000Z,2025-08-12T20:17:59.999Z,1,-1.214043,0.1569,0.8400,-121.4043,35.5069,NY,1
scalp_fade_3m,BTCUSDT,3m,-1,STOP,2025-08-12T22:33:00.000Z,2025-08-12T22:56:59.999Z,7,-1.228462,0.0000,0.6966,-122.8462,37.6728,LATE,-1
scalp_fade_3m,BTCUSDT,3m,-1,TARGET,2025-08-12T23:57:00.000Z,2025-08-13T00:53:59.999Z,18,0.713517,1.0835,0.3024,71.3517,24.8769,LATE,1
scalp_fade_3m,BTCUSDT,3m,1,STOP,2025-08-13T03:06:00.000Z,2025-08-13T03:20:59.999Z,4,-1.213773,0.0000,0.6591,-121.3773,35.5365,ASIA,-1
scalp_fade_3m,BTCUSDT,3m,1,TARGET,2025-08-13T03:21:00.000Z,2025-08-13T04:08:59.999Z,15,0.737602,1.3033,0.2071,73.7602,24.1618,ASIA,-1
scalp_fade_3m,BTCUSDT,3m,1,STOP,2025-08-13T04:42:00.000Z,2025-08-13T05:41:59.999Z,19,-1.208823,0.7736,0.6904,-120.8823,34.1853,ASIA,-1
scalp_fade_3m,BTCUSDT,3m,-1,STOP,2025-08-13T13:09:00.000Z,2025-08-13T13:20:59.999Z,3,-1.211474,0.0000,0.6693,-121.1474,35.0063,NY,1
scalp_fade_3m,BTCUSDT,3m,-1,STOP,2025-08-13T13:48:00.000Z,2025-08-13T13:50:59.999Z,0,-1.143453,0.0000,1.9740,-114.3453,23.7777,NY,-1
scalp_fade_3m,BTCUSDT,3m,-1,STOP,2025-08-13T13:51:00.000Z,2025-08-13T13:56:59.999Z,1,-1.102608,0.0258,0.9406,-110.2608,16.9520,NY,-1
scalp_fade_3m,BTCUSDT,3m,-1,STOP,2025-08-13T21:06:00.000Z,2025-08-13T21:08:59.999Z,0,-1.214746,0.0000,0.9434,-121.4746,35.6609,LATE,1
scalp_fade_3m,BTCUSDT,3m,-1,STOP,2025-08-13T22:03:00.000Z,2025-08-13T22:20:59.999Z,5,-1.147436,0.0533,0.7985,-114.7436,24.3151,LATE,-1
scalp_fade_3m,BTCUSDT,3m,-1,STOP,2025-08-14T00:03:00.000Z,2025-08-14T00:05:59.999Z,0,-1.182095,0.0000,0.7436,-118.2095,30.2186,ASIA,1
scalp_fade_3m,BTCUSDT,3m,-1,TIME,2025-08-14T00:39:00.000Z,2025-08-14T01:41:59.999Z,20,0.078418,0.6900,0.3474,7.8418,16.6219,ASIA,1
scalp_fade_3m,BTCUSDT,3m,-1,STOP,2025-08-14T02:33:00.000Z,2025-08-14T02:47:59.999Z,4,-1.201978,0.0000,0.8309,-120.1978,33.3938,ASIA,-1
scalp_fade_3m,BTCUSDT,3m,1,STOP,2025-08-14T09:33:00.000Z,2025-08-14T09:38:59.999Z,1,-1.222006,0.0000,0.6557,-122.2006,37.0152,LONDON,1
scalp_fade_3m,BTCUSDT,3m,1,STOP,2025-08-14T12:06:00.000Z,2025-08-14T12:17:59.999Z,3,-1.250873,0.3257,1.0379,-125.0873,41.7241,LONDON,-1
scalp_fade_3m,BTCUSDT,3m,1,STOP,2025-08-14T12:18:00.000Z,2025-08-14T12:20:59.999Z,0,-1.201630,0.0000,0.6927,-120.1630,33.6650,LONDON,-1
scalp_fade_3m,BTCUSDT,3m,1,STOP,2025-08-14T12:33:00.000Z,2025-08-14T12:35:59.999Z,0,-1.105897,0.0000,4.3946,-110.5897,17.7442,LONDON,1
scalp_fade_3m,BTCUSDT,3m,1,STOP,2025-08-14T18:15:00.000Z,2025-08-14T18:23:59.999Z,2,-1.168853,0.0000,1.5936,-116.8853,28.1555,NY,1
scalp_fade_3m,BTCUSDT,3m,1,TIME,2025-08-14T19:57:00.000Z,2025-08-14T20:59:59.999Z,20,-0.835837,0.1194,0.7425,-83.5837,24.1800,NY,1
scalp_fade_3m,BTCUSDT,3m,1,STOP,2025-08-14T21:06:00.000Z,2025-08-14T21:26:59.999Z,6,-1.209119,0.5629,0.8933,-120.9119,34.6938,LATE,-1
scalp_fade_3m,BTCUSDT,3m,1,STOP,2025-08-14T21:27:00.000Z,2025-08-14T21:35:59.999Z,2,-1.181620,0.2034,0.9985,-118.1620,30.2742,LATE,1
scalp_fade_3m,BTCUSDT,3m,1,STOP,2025-08-14T23:57:00.000Z,2025-08-15T00:32:59.999Z,11,-1.244381,0.6006,0.9146,-124.4381,40.3132,LATE,1
scalp_fade_3m,BTCUSDT,3m,1,STOP,2025-08-15T00:48:00.000Z,2025-08-15T01:05:59.999Z,5,-1.176335,0.0000,0.8238,-117.6335,29.3058,ASIA,1
scalp_fade_3m,BTCUSDT,3m,-1,STOP,2025-08-15T05:57:00.000Z,2025-08-15T05:59:59.999Z,0,-1.232822,0.0000,0.7465,-123.2822,38.6739,ASIA,-1
scalp_fade_3m,BTCUSDT,3m,-1,TARGET,2025-08-15T08:51:00.000Z,2025-08-15T09:29:59.999Z,12,0.600450,0.9810,0.2871,60.0450,28.5046,LONDON,1
scalp_fade_3m,BTCUSDT,3m,-1,STOP,2025-08-15T10:03:00.000Z,2025-08-15T10:20:59.999Z,5,-1.225005,0.0000,0.6605,-122.5005,37.1775,LONDON,-1
scalp_fade_3m,BTCUSDT,3m,-1,STOP,2025-08-15T11:18:00.000Z,2025-08-15T11:20:59.999Z,0,-1.268756,0.0000,0.6568,-126.8756,44.6635,LONDON,1
scalp_fade_3m,BTCUSDT,3m,-1,TARGET,2025-08-15T12:33:00.000Z,2025-08-15T13:14:59.999Z,13,0.922003,1.2729,0.2451,92.2003,18.3028,LONDON,1
scalp_fade_3m,BTCUSDT,3m,1,STOP,2025-08-15T14:06:00.000Z,2025-08-15T14:47:59.999Z,13,-1.125603,0.2941,1.4064,-112.5603,20.7404,NY,-1
scalp_fade_3m,BTCUSDT,3m,1,STOP,2025-08-15T23:09:00.000Z,2025-08-15T23:17:59.999Z,2,-1.215416,0.0000,0.9970,-121.5416,35.8831,LATE,1
scalp_fade_3m,BTCUSDT,3m,1,TARGET,2025-08-16T00:03:00.000Z,2025-08-16T00:17:59.999Z,4,0.526381,0.9993,0.2653,52.6381,30.9463,ASIA,-1
scalp_fade_3m,BTCUSDT,3m,1,TARGET,2025-08-16T07:21:00.000Z,2025-08-16T07:41:59.999Z,6,0.424219,0.8910,0.3192,42.4219,34.1719,LONDON,1
scalp_fade_3m,BTCUSDT,3m,-1,STOP,2025-08-16T09:06:00.000Z,2025-08-16T09:08:59.999Z,0,-1.307191,0.0000,0.6468,-130.7191,51.0698,LONDON,1
scalp_fade_3m,BTCUSDT,3m,-1,TARGET,2025-08-16T09:15:00.000Z,2025-08-16T09:59:59.999Z,14,0.422177,1.2002,0.4818,42.2177,34.1384,LONDON,1
scalp_fade_3m,BTCUSDT,3m,1,STOP_GAP,2025-08-16T11:33:00.000Z,2025-08-16T11:35:59.999Z,0,-1.392821,0.0000,0.4110,-139.2821,63.2920,LONDON,1
scalp_fade_3m,BTCUSDT,3m,1,STOP,2025-08-16T11:54:00.000Z,2025-08-16T12:26:59.999Z,10,-1.359160,0.2283,0.5797,-135.9160,59.2468,LONDON,1
scalp_fade_3m,BTCUSDT,3m,1,TARGET,2025-08-16T12:27:00.000Z,2025-08-16T12:32:59.999Z,1,0.430968,0.8479,0.2916,43.0968,34.0059,LONDON,1
scalp_fade_3m,BTCUSDT,3m,-1,STOP,2025-08-16T16:06:00.000Z,2025-08-16T16:08:59.999Z,0,-1.351070,0.0000,0.5016,-135.1070,58.3836,NY,-1
scalp_fade_3m,BTCUSDT,3m,-1,STOP,2025-08-16T16:12:00.000Z,2025-08-16T16:14:59.999Z,0,-1.332284,0.0000,0.4859,-133.2284,55.2524,NY,-1
scalp_fade_3m,BTCUSDT,3m,-1,STOP_GAP,2025-08-16T18:18:00.000Z,2025-08-16T18:20:59.999Z,0,-1.481461,0.0000,0.4045,-148.1461,67.3200,NY,-1
scalp_fade_3m,BTCUSDT,3m,-1,STOP,2025-08-16T20:33:00.000Z,2025-08-16T20:47:59.999Z,4,-1.372241,0.0000,0.4648,-137.2241,61.6558,NY,1
scalp_fade_3m,BTCUSDT,3m,1,STOP,2025-08-17T00:06:00.000Z,2025-08-17T00:08:59.999Z,0,-1.317248,0.0000,0.5451,-131.7248,52.8929,ASIA,1
scalp_fade_3m,BTCUSDT,3m,1,STOP,2025-08-17T00:39:00.000Z,2025-08-17T00:47:59.999Z,2,-1.286001,0.0000,0.5378,-128.6001,47.5974,ASIA,-1
scalp_fade_3m,BTCUSDT,3m,1,STOP,2025-08-17T01:15:00.000Z,2025-08-17T01:17:59.999Z,0,-1.294493,0.0000,0.5591,-129.4493,49.1086,ASIA,-1
scalp_fade_3m,BTCUSDT,3m,-1,STOP,2025-08-17T10:06:00.000Z,2025-08-17T10:59:59.999Z,17,-1.319262,0.4124,0.6030,-131.9262,52.1588,LONDON,1
scalp_fade_3m,BTCUSDT,3m,-1,STOP,2025-08-17T13:30:00.000Z,2025-08-17T13:32:59.999Z,0,-1.356946,0.0000,0.6356,-135.6946,59.3632,NY,-1
scalp_fade_3m,BTCUSDT,3m,-1,STOP_GAP,2025-08-17T15:54:00.000Z,2025-08-17T15:56:59.999Z,0,-1.376908,0.0000,0.5570,-137.6908,62.5690,NY,-1
scalp_fade_3m,BTCUSDT,3m,-1,TARGET,2025-08-17T16:06:00.000Z,2025-08-17T16:14:59.999Z,2,0.264077,0.9625,0.3793,26.4077,39.2824,NY,-1
scalp_fade_3m,BTCUSDT,3m,1,STOP_GAP,2025-08-17T21:42:00.000Z,2025-08-17T21:44:59.999Z,0,-1.468011,0.3329,0.4008,-146.8011,66.7088,LATE,1
scalp_fade_3m,BTCUSDT,3m,1,STOP,2025-08-17T23:06:00.000Z,2025-08-17T23:11:59.999Z,1,-1.303350,0.0000,0.6181,-130.3350,50.5291,LATE,1
scalp_fade_3m,BTCUSDT,3m,1,STOP,2025-08-18T04:00:00.000Z,2025-08-18T04:05:59.999Z,1,-1.174898,0.0000,0.7849,-117.4898,29.1889,ASIA,-1
scalp_fade_3m,BTCUSDT,3m,1,TIME,2025-08-18T08:06:00.000Z,2025-08-18T09:08:59.999Z,20,-1.124288,0.4908,0.6188,-112.4288,32.5696,LONDON,-1
scalp_fade_3m,BTCUSDT,3m,1,TIME,2025-08-18T10:30:00.000Z,2025-08-18T11:32:59.999Z,20,-0.835027,0.5679,0.3873,-83.5027,30.5766,LONDON,1
scalp_fade_3m,BTCUSDT,3m,1,TARGET,2025-08-18T12:00:00.000Z,2025-08-18T12:35:59.999Z,11,0.486269,0.9268,0.4622,48.6269,32.1566,LONDON,-1
scalp_fade_3m,BTCUSDT,3m,1,STOP,2025-08-19T06:48:00.000Z,2025-08-19T07:20:59.999Z,10,-1.214961,0.1762,0.7737,-121.4961,35.5124,ASIA,1
scalp_fade_3m,BTCUSDT,3m,1,TIME,2025-08-19T07:42:00.000Z,2025-08-19T08:44:59.999Z,20,-0.186559,0.5181,0.3343,-18.6559,29.9173,LONDON,-1
scalp_fade_3m,BTCUSDT,3m,1,TIME,2025-08-19T10:33:00.000Z,2025-08-19T11:35:59.999Z,20,-0.387236,0.7885,0.4110,-38.7236,40.8916,LONDON,1
scalp_fade_3m,BTCUSDT,3m,-1,STOP,2025-08-19T12:57:00.000Z,2025-08-19T13:02:59.999Z,1,-1.220701,0.0000,0.8431,-122.0701,36.6154,LONDON,-1
scalp_fade_3m,BTCUSDT,3m,1,STOP,2025-08-19T16:39:00.000Z,2025-08-19T16:50:59.999Z,3,-1.170164,0.0187,0.7692,-117.0164,28.3436,NY,-1
scalp_fade_3m,BTCUSDT,3m,1,TIME,2025-08-19T20:00:00.000Z,2025-08-19T21:02:59.999Z,20,0.322498,0.9053,0.6871,32.2498,27.0953,NY,-1
scalp_fade_3m,BTCUSDT,3m,1,TIME,2025-08-19T23:39:00.000Z,2025-08-20T00:41:59.999Z,20,0.070511,0.6946,0.6134,7.0511,26.7174,LATE,-1
scalp_fade_3m,BTCUSDT,3m,1,STOP,2025-08-20T01:12:00.000Z,2025-08-20T01:26:59.999Z,4,-1.197960,0.3632,0.7905,-119.7960,32.9177,ASIA,1
scalp_fade_3m,BTCUSDT,3m,1,STOP,2025-08-20T01:27:00.000Z,2025-08-20T01:38:59.999Z,3,-1.176009,0.0000,1.2673,-117.6009,29.3126,ASIA,1
scalp_fade_3m,BTCUSDT,3m,1,STOP,2025-08-20T13:42:00.000Z,2025-08-20T13:47:59.999Z,1,-1.131452,0.4001,0.9212,-113.1452,21.9711,NY,-1
scalp_fade_3m,BTCUSDT,3m,-1,STOP,2025-08-20T21:42:00.000Z,2025-08-20T22:41:59.999Z,19,-1.202283,0.2796,0.7062,-120.2283,32.9325,LATE,1
scalp_fade_3m,BTCUSDT,3m,-1,STOP,2025-08-21T00:33:00.000Z,2025-08-21T00:35:59.999Z,0,-1.267388,0.0000,0.5650,-126.7388,44.4354,ASIA,-1
scalp_fade_3m,BTCUSDT,3m,-1,STOP,2025-08-21T03:03:00.000Z,2025-08-21T03:08:59.999Z,1,-1.223751,0.0000,1.1585,-122.3751,37.1232,ASIA,-1
scalp_fade_3m,BTCUSDT,3m,1,STOP,2025-08-21T06:03:00.000Z,2025-08-21T06:05:59.999Z,0,-1.247510,0.0000,0.8252,-124.7510,41.2950,ASIA,1
scalp_fade_3m,BTCUSDT,3m,1,STOP,2025-08-21T06:39:00.000Z,2025-08-21T07:14:59.999Z,11,-1.273943,0.4325,0.5737,-127.3943,45.1741,ASIA,-1
scalp_fade_3m,BTCUSDT,3m,1,STOP,2025-08-21T08:21:00.000Z,2025-08-21T08:59:59.999Z,12,-1.235363,0.3090,0.6870,-123.5363,38.7907,LONDON,1
scalp_fade_3m,BTCUSDT,3m,1,STOP,2025-08-21T11:39:00.000Z,2025-08-21T11:47:59.999Z,2,-1.245096,0.0787,1.2123,-124.5096,40.8087,LONDON,1
scalp_fade_3m,BTCUSDT,3m,1,STOP,2025-08-21T16:33:00.000Z,2025-08-21T16:50:59.999Z,5,-1.168208,0.0000,0.8551,-116.8208,27.9612,NY,-1
scalp_fade_3m,BTCUSDT,3m,1,STOP,2025-08-21T18:09:00.000Z,2025-08-21T18:50:59.999Z,13,-1.188260,0.3726,0.7803,-118.8260,31.0218,NY,-1
scalp_fade_3m,BTCUSDT,3m,1,STOP,2025-08-21T20:33:00.000Z,2025-08-21T20:35:59.999Z,0,-1.206400,0.0000,0.9084,-120.6400,34.4583,NY,1
scalp_fade_3m,BTCUSDT,3m,1,TIME,2025-08-21T21:03:00.000Z,2025-08-21T22:05:59.999Z,20,0.083044,0.9809,0.4626,8.3044,24.9484,LATE,1
scalp_fade_3m,BTCUSDT,3m,-1,STOP,2025-08-22T05:12:00.000Z,2025-08-22T05:35:59.999Z,7,-1.226820,0.3110,0.8076,-122.6820,37.4009,ASIA,-1
scalp_fade_3m,BTCUSDT,3m,-1,TARGET,2025-08-22T06:30:00.000Z,2025-08-22T06:38:59.999Z,2,0.718500,0.9974,0.3845,71.8500,24.8316,ASIA,1
scalp_fade_3m,BTCUSDT,3m,1,STOP,2025-08-22T11:48:00.000Z,2025-08-22T12:08:59.999Z,6,-1.241527,0.0000,0.8809,-124.1527,40.0501,LONDON,-1
scalp_fade_3m,BTCUSDT,3m,-1,TIME,2025-08-22T16:03:00.000Z,2025-08-22T17:05:59.999Z,20,-0.240708,0.8514,0.2797,-24.0708,19.2199,NY,1
scalp_fade_3m,BTCUSDT,3m,-1,STOP,2025-08-22T21:09:00.000Z,2025-08-22T21:50:59.999Z,13,-1.225256,0.2450,0.8972,-122.5256,36.9134,LATE,-1
scalp_fade_3m,BTCUSDT,3m,-1,STOP,2025-08-22T23:33:00.000Z,2025-08-22T23:44:59.999Z,3,-1.299088,0.0000,0.8330,-129.9088,49.5644,LATE,1
scalp_fade_3m,BTCUSDT,3m,1,STOP,2025-08-23T03:18:00.000Z,2025-08-23T03:44:59.999Z,8,-1.156903,0.0000,0.8142,-115.6903,26.0100,ASIA,-1
scalp_fade_3m,BTCUSDT,3m,1,STOP,2025-08-23T07:36:00.000Z,2025-08-23T08:26:59.999Z,16,-1.269592,0.3256,0.7720,-126.9592,44.2311,LONDON,-1
scalp_fade_3m,BTCUSDT,3m,1,STOP,2025-08-23T09:06:00.000Z,2025-08-23T09:17:59.999Z,3,-1.296735,0.0000,0.5951,-129.6735,49.3276,LONDON,-1
scalp_fade_3m,BTCUSDT,3m,1,STOP_GAP,2025-08-23T09:36:00.000Z,2025-08-23T09:38:59.999Z,0,-1.385885,0.0000,0.4399,-138.5885,62.9769,LONDON,-1
scalp_fade_3m,BTCUSDT,3m,1,STOP,2025-08-23T12:36:00.000Z,2025-08-23T12:50:59.999Z,4,-1.270498,0.0389,0.6367,-127.0498,44.9311,LONDON,1
scalp_fade_3m,BTCUSDT,3m,1,STOP,2025-08-23T13:48:00.000Z,2025-08-23T13:56:59.999Z,2,-1.211816,0.0000,0.9768,-121.1816,35.2856,NY,1
scalp_fade_3m,BTCUSDT,3m,1,STOP_GAP,2025-08-23T19:15:00.000Z,2025-08-23T19:17:59.999Z,0,-1.447231,0.0000,0.6015,-144.7231,65.7645,NY,1
scalp_fade_3m,BTCUSDT,3m,1,TARGET,2025-08-23T20:39:00.000Z,2025-08-23T20:56:59.999Z,5,0.223144,0.6546,0.3474,22.3144,40.5667,NY,1
scalp_fade_3m,BTCUSDT,3m,1,STOP,2025-08-23T21:12:00.000Z,2025-08-23T21:17:59.999Z,1,-1.309629,0.0000,0.4959,-130.9629,51.5722,LATE,1
scalp_fade_3m,BTCUSDT,3m,1,STOP,2025-08-23T21:57:00.000Z,2025-08-23T21:59:59.999Z,0,-1.332313,0.0000,0.6522,-133.2313,55.3982,LATE,1
scalp_fade_3m,BTCUSDT,3m,-1,STOP_GAP,2025-08-24T00:09:00.000Z,2025-08-24T00:11:59.999Z,0,-1.465208,0.0000,0.5092,-146.5208,66.5815,ASIA,1
scalp_fade_3m,BTCUSDT,3m,-1,STOP,2025-08-24T00:54:00.000Z,2025-08-24T01:44:59.999Z,16,-1.295196,0.6750,0.6802,-129.5196,48.2666,ASIA,1
scalp_fade_3m,BTCUSDT,3m,1,STOP,2025-08-24T04:33:00.000Z,2025-08-24T05:32:59.999Z,19,-1.258248,0.0000,0.7216,-125.8248,42.2458,ASIA,1
scalp_fade_3m,BTCUSDT,3m,1,STOP,2025-08-24T07:51:00.000Z,2025-08-24T07:56:59.999Z,1,-1.304914,0.0000,0.5395,-130.4914,50.7887,LONDON,1
scalp_fade_3m,BTCUSDT,3m,1,STOP,2025-08-24T08:15:00.000Z,2025-08-24T08:20:59.999Z,1,-1.273612,0.0000,0.6964,-127.3612,45.5886,LONDON,-1
scalp_fade_3m,BTCUSDT,3m,1,STOP,2025-08-24T13:03:00.000Z,2025-08-24T13:05:59.999Z,0,-1.329695,0.0000,0.4631,-132.9695,54.9629,NY,-1
scalp_fade_3m,BTCUSDT,3m,1,STOP,2025-08-24T13:33:00.000Z,2025-08-24T13:38:59.999Z,1,-1.275829,0.0000,0.6258,-127.5829,45.9568,NY,1
scalp_fade_3m,BTCUSDT,3m,1,STOP,2025-08-24T13:42:00.000Z,2025-08-24T14:05:59.999Z,7,-1.259276,0.4456,1.0784,-125.9276,42.9391,NY,1
scalp_fade_3m,BTCUSDT,3m,1,TARGET,2025-08-24T14:21:00.000Z,2025-08-24T15:11:59.999Z,16,0.710402,1.1425,0.3133,71.0402,25.0160,NY,1
scalp_fade_3m,BTCUSDT,3m,1,STOP,2025-08-24T16:15:00.000Z,2025-08-24T16:20:59.999Z,1,-1.232696,0.0000,0.7132,-123.2696,38.7911,NY,-1
scalp_fade_3m,BTCUSDT,3m,1,TARGET,2025-08-24T18:03:00.000Z,2025-08-24T18:20:59.999Z,5,0.737677,1.2337,0.3455,73.7677,24.2278,NY,1
scalp_fade_3m,BTCUSDT,3m,1,STOP,2025-08-24T18:54:00.000Z,2025-08-24T19:32:59.999Z,12,-1.213845,0.3560,0.7282,-121.3845,35.2562,NY,1
scalp_fade_3m,BTCUSDT,3m,1,STOP,2025-08-24T19:33:00.000Z,2025-08-24T19:35:59.999Z,0,-1.187465,0.0000,3.5277,-118.7465,31.3092,NY,-1
scalp_fade_3m,BTCUSDT,3m,1,TARGET,2025-08-24T22:06:00.000Z,2025-08-24T22:56:59.999Z,16,0.959651,1.2101,0.7025,95.9651,17.1258,LATE,-1
scalp_fade_3m,BTCUSDT,3m,1,STOP,2025-08-25T00:03:00.000Z,2025-08-25T00:20:59.999Z,5,-1.212621,0.0454,0.9548,-121.2621,35.3092,ASIA,1
scalp_fade_3m,BTCUSDT,3m,1,STOP,2025-08-25T05:48:00.000Z,2025-08-25T05:50:59.999Z,0,-1.220800,0.0000,0.6512,-122.0800,36.8531,ASIA,-1
scalp_fade_3m,BTCUSDT,3m,1,TARGET,2025-08-25T11:36:00.000Z,2025-08-25T12:26:59.999Z,16,0.802728,1.0683,0.4844,80.2728,22.0933,LONDON,-1
scalp_fade_3m,BTCUSDT,3m,1,STOP,2025-08-25T13:33:00.000Z,2025-08-25T13:41:59.999Z,2,-1.143818,0.1645,0.8088,-114.3818,24.0007,NY,1
scalp_fade_3m,BTCUSDT,3m,-1,TIME,2025-08-25T17:09:00.000Z,2025-08-25T18:11:59.999Z,20,-0.188678,0.4892,0.6205,-18.8678,22.5568,NY,1
scalp_fade_3m,BTCUSDT,3m,1,STOP,2025-08-26T00:03:00.000Z,2025-08-26T00:05:59.999Z,0,-1.161539,0.0000,0.8770,-116.1539,26.9977,ASIA,1
scalp_fade_3m,BTCUSDT,3m,1,STOP,2025-08-26T00:36:00.000Z,2025-08-26T00:44:59.999Z,2,-1.108901,0.0000,1.0166,-110.8901,18.2058,ASIA,-1
scalp_fade_3m,BTCUSDT,3m,1,TIME,2025-08-26T00:54:00.000Z,2025-08-26T01:56:59.999Z,20,0.696599,1.0493,0.5152,69.6599,13.1756,ASIA,-1
scalp_fade_3m,BTCUSDT,3m,1,TIME,2025-08-26T02:54:00.000Z,2025-08-26T03:56:59.999Z,20,0.151371,0.7044,0.4600,15.1371,25.1965,ASIA,-1
scalp_fade_3m,BTCUSDT,3m,1,STOP,2025-08-26T06:03:00.000Z,2025-08-26T06:05:59.999Z,0,-1.244618,0.0000,0.6087,-124.4618,40.8140,ASIA,1
scalp_fade_3m,BTCUSDT,3m,1,STOP,2025-08-26T06:18:00.000Z,2025-08-26T06:20:59.999Z,0,-1.216875,0.0000,0.8332,-121.6875,36.2002,ASIA,1
scalp_fade_3m,BTCUSDT,3m,1,STOP,2025-08-26T06:21:00.000Z,2025-08-26T06:23:59.999Z,0,-1.194879,0.0000,0.6835,-119.4879,32.5422,ASIA,1
scalp_fade_3m,BTCUSDT,3m,1,TARGET,2025-08-26T07:12:00.000Z,2025-08-26T07:35:59.999Z,7,0.799980,1.4973,0.5501,79.9980,22.2368,LONDON,-1
scalp_fade_3m,BTCUSDT,3m,1,TIME,2025-08-26T10:03:00.000Z,2025-08-26T11:05:59.999Z,20,-0.784944,0.8245,0.3235,-78.4944,35.9099,LONDON,-1
scalp_fade_3m,BTCUSDT,3m,1,STOP,2025-08-26T12:57:00.000Z,2025-08-26T13:50:59.999Z,17,-1.110928,0.2982,1.1781,-111.0928,18.2574,LONDON,1
scalp_fade_3m,BTCUSDT,3m,-1,STOP,2025-08-26T21:39:00.000Z,2025-08-26T21:59:59.999Z,6,-1.208414,0.3006,1.0046,-120.8414,34.3907,LATE,1
scalp_fade_3m,BTCUSDT,3m,-1,STOP,2025-08-27T02:21:00.000Z,2025-08-27T02:26:59.999Z,1,-1.213764,0.0000,0.7009,-121.3764,35.4603,ASIA,-1
scalp_fade_3m,BTCUSDT,3m,-1,TARGET,2025-08-27T06:27:00.000Z,2025-08-27T06:59:59.999Z,10,0.603531,1.0237,0.2560,60.3531,28.4230,ASIA,-1
scalp_fade_3m,BTCUSDT,3m,1,TIME,2025-08-27T10:39:00.000Z,2025-08-27T11:41:59.999Z,20,0.028521,0.8433,0.2849,2.8521,32.7320,LONDON,1
scalp_fade_3m,BTCUSDT,3m,-1,TIME,2025-08-27T12:18:00.000Z,2025-08-27T13:20:59.999Z,20,-0.671494,0.6290,0.5795,-67.1494,36.6036,LONDON,1
scalp_fade_3m,BTCUSDT,3m,-1,STOP,2025-08-27T13:33:00.000Z,2025-08-27T13:41:59.999Z,2,-1.183861,0.6296,0.7697,-118.3861,30.4497,NY,1
scalp_fade_3m,BTCUSDT,3m,-1,STOP,2025-08-27T13:42:00.000Z,2025-08-27T13:47:59.999Z,1,-1.133515,0.1513,0.8045,-113.3515,22.0982,NY,-1
scalp_fade_3m,BTCUSDT,3m,-1,STOP,2025-08-27T14:06:00.000Z,2025-08-27T14:26:59.999Z,6,-1.102495,0.0000,0.9553,-110.2495,16.8456,NY,-1
scalp_fade_3m,BTCUSDT,3m,-1,TIME,2025-08-27T14:48:00.000Z,2025-08-27T15:50:59.999Z,20,-0.071557,0.6838,0.2886,-7.1557,16.4664,NY,1
scalp_fade_3m,BTCUSDT,3m,-1,TARGET,2025-08-27T20:21:00.000Z,2025-08-27T20:23:59.999Z,0,1.013410,2.4454,0.1328,101.3410,15.4621,NY,-1
scalp_fade_3m,BTCUSDT,3m,1,STOP,2025-08-28T00:03:00.000Z,2025-08-28T00:23:59.999Z,6,-1.227739,0.7216,0.9159,-122.7739,37.7712,ASIA,-1
scalp_fade_3m,BTCUSDT,3m,1,STOP,2025-08-28T00:24:00.000Z,2025-08-28T00:35:59.999Z,3,-1.177483,0.0384,0.7185,-117.7483,29.5569,ASIA,-1
scalp_fade_3m,BTCUSDT,3m,-1,STOP,2025-08-28T07:24:00.000Z,2025-08-28T08:05:59.999Z,13,-1.239875,0.4782,0.6668,-123.9875,39.3176,LONDON,1
scalp_fade_3m,BTCUSDT,3m,-1,STOP,2025-08-28T12:27:00.000Z,2025-08-28T12:32:59.999Z,1,-1.325352,0.5468,1.1401,-132.5352,54.0407,LONDON,-1
scalp_fade_3m,BTCUSDT,3m,-1,STOP,2025-08-28T12:33:00.000Z,2025-08-28T12:41:59.999Z,2,-1.224856,0.1270,0.8453,-122.4856,37.2685,LONDON,-1
scalp_fade_3m,BTCUSDT,3m,-1,TARGET,2025-08-28T13:27:00.000Z,2025-08-28T13:50:59.999Z,7,0.855447,1.3168,0.3414,85.5447,20.4475,NY,1
scalp_fade_3m,BTCUSDT,3m,1,STOP,2025-08-28T19:09:00.000Z,2025-08-28T19:17:59.999Z,2,-1.194258,0.2536,0.7326,-119.4258,32.3717,NY,1
scalp_fade_3m,BTCUSDT,3m,1,STOP,2025-08-29T00:36:00.000Z,2025-08-29T00:53:59.999Z,5,-1.182978,0.0000,0.7126,-118.2978,30.4048,ASIA,-1
scalp_fade_3m,BTCUSDT,3m,1,STOP,2025-08-29T05:06:00.000Z,2025-08-29T05:20:59.999Z,4,-1.225944,0.0096,0.6693,-122.5944,37.5522,ASIA,-1
scalp_fade_3m,BTCUSDT,3m,1,STOP,2025-08-29T06:03:00.000Z,2025-08-29T06:11:59.999Z,2,-1.227347,0.0000,0.6527,-122.7347,37.8630,ASIA,-1
scalp_fade_3m,BTCUSDT,3m,1,STOP,2025-08-29T06:39:00.000Z,2025-08-29T06:41:59.999Z,0,-1.258682,0.2611,0.7114,-125.8682,43.1530,ASIA,-1
scalp_fade_3m,BTCUSDT,3m,1,STOP,2025-08-29T06:51:00.000Z,2025-08-29T07:02:59.999Z,3,-1.199103,0.2389,0.9680,-119.9103,33.1413,ASIA,-1
scalp_fade_3m,BTCUSDT,3m,1,STOP,2025-08-29T07:03:00.000Z,2025-08-29T07:14:59.999Z,3,-1.169970,0.5473,1.1384,-116.9970,28.3114,LONDON,-1
scalp_fade_3m,BTCUSDT,3m,1,STOP,2025-08-29T08:33:00.000Z,2025-08-29T08:41:59.999Z,2,-1.147236,0.1367,0.8445,-114.7236,24.5678,LONDON,-1
scalp_fade_3m,BTCUSDT,3m,1,STOP,2025-08-29T11:33:00.000Z,2025-08-29T11:38:59.999Z,1,-1.235663,0.0000,0.6380,-123.5663,39.2839,LONDON,1
scalp_fade_3m,BTCUSDT,3m,1,STOP,2025-08-29T13:33:00.000Z,2025-08-29T13:35:59.999Z,0,-1.140113,0.0000,0.8438,-114.0113,23.4345,NY,-1
scalp_fade_3m,BTCUSDT,3m,1,TIME,2025-08-29T15:36:00.000Z,2025-08-29T16:38:59.999Z,20,0.077971,0.3910,0.7281,7.7971,18.9018,NY,1
scalp_fade_3m,BTCUSDT,3m,1,STOP,2025-08-29T18:00:00.000Z,2025-08-29T18:17:59.999Z,5,-1.176468,0.0000,0.8111,-117.6468,29.3277,NY,-1
scalp_fade_3m,BTCUSDT,3m,1,TARGET,2025-08-29T19:06:00.000Z,2025-08-29T19:17:59.999Z,3,0.863894,1.3272,0.2116,86.3894,20.2313,NY,-1
scalp_fade_3m,BTCUSDT,3m,-1,STOP,2025-08-30T11:39:00.000Z,2025-08-30T11:41:59.999Z,0,-1.337841,0.0000,0.4411,-133.7841,56.1787,LONDON,1
scalp_fade_3m,BTCUSDT,3m,-1,TARGET,2025-08-30T12:48:00.000Z,2025-08-30T13:11:59.999Z,7,0.647317,1.0652,0.3934,64.7317,27.0567,LONDON,-1
scalp_fade_3m,BTCUSDT,3m,-1,STOP,2025-08-30T14:30:00.000Z,2025-08-30T14:32:59.999Z,0,-1.303496,0.0000,0.6309,-130.3496,50.4539,NY,1
scalp_fade_3m,BTCUSDT,3m,-1,STOP,2025-08-30T15:03:00.000Z,2025-08-30T15:17:59.999Z,4,-1.309019,0.0554,0.6654,-130.9019,51.1615,NY,1
scalp_fade_3m,BTCUSDT,3m,-1,STOP,2025-08-30T15:18:00.000Z,2025-08-30T15:20:59.999Z,0,-1.287325,0.0000,0.5247,-128.7325,47.7586,NY,1
scalp_fade_3m,BTCUSDT,3m,-1,STOP,2025-08-30T15:33:00.000Z,2025-08-30T15:38:59.999Z,1,-1.249015,0.0000,0.8088,-124.9015,41.3299,NY,1
scalp_fade_3m,BTCUSDT,3m,-1,STOP,2025-08-30T17:18:00.000Z,2025-08-30T17:20:59.999Z,0,-1.322907,0.0000,0.4731,-132.2907,53.6893,NY,1
scalp_fade_3m,BTCUSDT,3m,-1,TARGET,2025-08-30T17:21:00.000Z,2025-08-30T17:47:59.999Z,8,0.326178,0.7199,0.4405,32.6178,37.2441,NY,1
scalp_fade_3m,BTCUSDT,3m,-1,TIME,2025-08-30T19:51:00.000Z,2025-08-30T20:53:59.999Z,20,-0.397066,0.7266,0.4491,-39.7066,51.1868,NY,1
scalp_fade_3m,BTCUSDT,3m,1,STOP,2025-08-31T10:51:00.000Z,2025-08-31T11:17:59.999Z,8,-1.220881,0.4176,0.6643,-122.0881,36.5622,LONDON,-1
scalp_fade_3m,BTCUSDT,3m,1,TIME,2025-08-31T11:18:00.000Z,2025-08-31T12:20:59.999Z,20,-0.863058,0.6916,0.2463,-86.3058,40.9809,LONDON,-1
scalp_fade_3m,BTCUSDT,3m,1,STOP,2025-08-31T12:27:00.000Z,2025-08-31T12:56:59.999Z,9,-1.268052,0.1243,0.5677,-126.8052,44.2966,LONDON,-1
scalp_fade_3m,BTCUSDT,3m,1,TIME,2025-08-31T13:06:00.000Z,2025-08-31T14:08:59.999Z,20,-0.758689,0.5344,0.4979,-75.8689,39.0400,NY,1
scalp_fade_3m,BTCUSDT,3m,-1,STOP,2025-08-31T18:15:00.000Z,2025-08-31T18:17:59.999Z,0,-1.322905,0.0000,0.6031,-132.2905,53.6891,NY,1
scalp_fade_3m,BTCUSDT,3m,-1,STOP,2025-08-31T20:09:00.000Z,2025-08-31T20:11:59.999Z,0,-1.294993,0.0000,0.5394,-129.4993,49.0366,NY,-1
scalp_fade_3m,BTCUSDT,3m,-1,STOP,2025-08-31T20:12:00.000Z,2025-08-31T20:14:59.999Z,0,-1.294495,0.0000,0.5361,-129.4495,48.9536,NY,-1
scalp_fade_3m,BTCUSDT,3m,-1,TIME,2025-08-31T21:03:00.000Z,2025-08-31T22:05:59.999Z,20,-0.387749,0.6768,0.4024,-38.7749,48.6505,LATE,1
scalp_fade_3m,BTCUSDT,3m,-1,STOP,2025-08-31T22:15:00.000Z,2025-08-31T22:20:59.999Z,1,-1.254725,0.0000,0.5800,-125.4725,42.2807,LATE,-1
scalp_fade_3m,BTCUSDT,3m,1,STOP,2025-09-01T01:54:00.000Z,2025-09-01T02:26:59.999Z,10,-1.140102,0.2405,1.1512,-114.0102,23.1911,ASIA,1
scalp_fade_3m,BTCUSDT,3m,1,TIME,2025-09-01T02:57:00.000Z,2025-09-01T03:59:59.999Z,20,-0.491913,0.2453,0.7172,-49.1913,26.7820,ASIA,-1
scalp_fade_3m,BTCUSDT,3m,1,TARGET,2025-09-01T05:12:00.000Z,2025-09-01T05:38:59.999Z,8,0.912767,1.2803,0.2660,91.2767,18.6521,ASIA,-1
scalp_fade_3m,BTCUSDT,3m,1,TARGET,2025-09-01T06:06:00.000Z,2025-09-01T06:44:59.999Z,12,0.753921,1.0679,0.5879,75.3921,23.6651,ASIA,1
scalp_fade_3m,BTCUSDT,3m,-1,TARGET,2025-09-01T09:39:00.000Z,2025-09-01T10:11:59.999Z,10,0.835820,1.1284,0.6666,83.5820,21.0528,LONDON,1
scalp_fade_3m,BTCUSDT,3m,-1,TIME,2025-09-01T16:09:00.000Z,2025-09-01T17:11:59.999Z,20,0.362214,0.8129,0.5703,36.2214,27.9592,NY,-1
scalp_fade_3m,BTCUSDT,3m,-1,TARGET,2025-09-01T19:54:00.000Z,2025-09-01T20:38:59.999Z,14,0.481427,2.1113,0.3043,48.1427,32.2606,NY,-1
scalp_fade_3m,BTCUSDT,3m,-1,TIME,2025-09-02T00:33:00.000Z,2025-09-02T01:35:59.999Z,20,-0.480437,0.3027,0.7033,-48.0437,28.4415,ASIA,1
scalp_fade_3m,BTCUSDT,3m,-1,STOP,2025-09-02T01:42:00.000Z,2025-09-02T01:44:59.999Z,0,-1.168215,0.0000,0.8945,-116.8215,27.9050,ASIA,1
scalp_fade_3m,BTCUSDT,3m,-1,TIME,2025-09-02T04:57:00.000Z,2025-09-02T05:59:59.999Z,20,-0.700117,0.5328,0.5464,-70.0117,40.0002,ASIA,-1
scalp_fade_3m,BTCUSDT,3m,-1,TARGET,2025-09-02T06:57:00.000Z,2025-09-02T07:50:59.999Z,17,0.589797,1.0435,0.4771,58.9797,28.8016,ASIA,1
scalp_fade_3m,BTCUSDT,3m,-1,TIME,2025-09-02T15:12:00.000Z,2025-09-02T16:14:59.999Z,20,0.210341,1.1678,0.4618,21.0341,19.5862,NY,-1
scalp_fade_3m,BTCUSDT,3m,-1,TIME,2025-09-02T17:03:00.000Z,2025-09-02T18:05:59.999Z,20,0.222276,0.6744,0.4672,22.2276,24.2982,NY,-1
scalp_fade_3m,BTCUSDT,3m,-1,TIME,2025-09-02T18:51:00.000Z,2025-09-02T19:53:59.999Z,20,-0.336150,0.3238,0.4130,-33.6150,20.2747,NY,-1
scalp_fade_3m,BTCUSDT,3m,-1,STOP,2025-09-02T21:24:00.000Z,2025-09-02T21:35:59.999Z,3,-1.232888,0.0528,0.7041,-123.2888,38.5644,LATE,1
scalp_fade_3m,BTCUSDT,3m,-1,STOP,2025-09-02T23:18:00.000Z,2025-09-03T00:02:59.999Z,14,-1.243480,0.3476,0.9417,-124.3480,39.8695,LATE,1
scalp_fade_3m,BTCUSDT,3m,-1,STOP,2025-09-03T01:54:00.000Z,2025-09-03T02:02:59.999Z,2,-1.236536,0.0000,1.3564,-123.6536,39.2112,ASIA,-1
scalp_fade_3m,BTCUSDT,3m,1,TARGET,2025-09-03T07:09:00.000Z,2025-09-03T07:38:59.999Z,9,0.683877,1.0079,0.5333,68.3877,25.9069,LONDON,1
scalp_fade_3m,BTCUSDT,3m,-1,STOP,2025-09-03T09:18:00.000Z,2025-09-03T09:20:59.999Z,0,-1.232515,0.0000,0.7539,-123.2515,38.6228,LONDON,-1
scalp_fade_3m,BTCUSDT,3m,-1,STOP,2025-09-03T12:21:00.000Z,2025-09-03T12:38:59.999Z,5,-1.245857,0.3818,1.2618,-124.5857,40.6351,LONDON,1
scalp_fade_3m,BTCUSDT,3m,-1,STOP,2025-09-03T13:33:00.000Z,2025-09-03T13:35:59.999Z,0,-1.205654,0.0000,0.8947,-120.5654,34.1455,NY,-1
scalp_fade_3m,BTCUSDT,3m,-1,STOP,2025-09-03T13:36:00.000Z,2025-09-03T13:44:59.999Z,2,-1.185361,0.7548,0.9692,-118.5361,30.6991,NY,-1
scalp_fade_3m,BTCUSDT,3m,-1,STOP,2025-09-03T14:33:00.000Z,2025-09-03T14:41:59.999Z,2,-1.107232,0.0434,1.0538,-110.7232,17.7034,NY,-1
scalp_fade_3m,BTCUSDT,3m,-1,TARGET,2025-09-03T17:48:00.000Z,2025-09-03T18:32:59.999Z,14,0.787089,1.0397,0.5854,78.7089,22.5734,NY,1
scalp_fade_3m,BTCUSDT,3m,-1,STOP,2025-09-03T19:48:00.000Z,2025-09-03T19:53:59.999Z,1,-1.231605,0.0000,0.6738,-123.1605,38.4310,NY,1
scalp_fade_3m,BTCUSDT,3m,-1,STOP,2025-09-03T22:03:00.000Z,2025-09-03T22:17:59.999Z,4,-1.267278,0.0000,0.6420,-126.7278,44.2330,LATE,-1
scalp_fade_3m,BTCUSDT,3m,1,STOP,2025-09-04T00:03:00.000Z,2025-09-04T00:11:59.999Z,2,-1.264423,0.0000,0.6700,-126.4423,44.0161,ASIA,-1
scalp_fade_3m,BTCUSDT,3m,1,STOP,2025-09-04T02:42:00.000Z,2025-09-04T02:50:59.999Z,2,-1.189537,0.0000,0.7728,-118.9537,31.5882,ASIA,1
scalp_fade_3m,BTCUSDT,3m,1,STOP,2025-09-04T03:30:00.000Z,2025-09-04T03:53:59.999Z,7,-1.174529,0.0000,0.7977,-117.4529,28.9470,ASIA,-1
scalp_fade_3m,BTCUSDT,3m,1,TIME,2025-09-04T07:06:00.000Z,2025-09-04T08:08:59.999Z,20,0.071358,0.6688,0.5013,7.1358,36.9987,LONDON,-1
scalp_fade_3m,BTCUSDT,3m,1,STOP,2025-09-04T12:21:00.000Z,2025-09-04T12:32:59.999Z,3,-1.218407,0.3685,0.8895,-121.8407,36.3416,LONDON,-1
scalp_fade_3m,BTCUSDT,3m,1,TIME,2025-09-04T12:33:00.000Z,2025-09-04T13:35:59.999Z,20,-0.663634,0.6231,0.6580,-66.3634,30.1834,LONDON,1
scalp_fade_3m,BTCUSDT,3m,1,STOP,2025-09-04T13:36:00.000Z,2025-09-04T13:44:59.999Z,2,-1.175583,0.0684,0.8754,-117.5583,29.2724,NY,-1
scalp_fade_3m,BTCUSDT,3m,1,TIME,2025-09-04T16:36:00.000Z,2025-09-04T17:38:59.999Z,20,0.019284,1.0417,0.4693,1.9284,30.0070,NY,1
scalp_fade_3m,BTCUSDT,3m,1,TIME,2025-09-04T18:33:00.000Z,2025-09-04T19:35:59.999Z,20,-0.278452,0.8378,0.1744,-27.8452,29.0890,NY,1
scalp_fade_3m,BTCUSDT,3m,-1,TARGET,2025-09-05T00:36:00.000Z,2025-09-05T00:56:59.999Z,6,0.825472,1.0759,0.3037,82.5472,21.4054,ASIA,-1
scalp_fade_3m,BTCUSDT,3m,-1,STOP,2025-09-05T01:21:00.000Z,2025-09-05T01:35:59.999Z,4,-1.194120,0.0000,0.6849,-119.4120,32.0894,ASIA,-1
scalp_fade_3m,BTCUSDT,3m,-1,STOP,2025-09-05T05:57:00.000Z,2025-09-05T06:17:59.999Z,6,-1.278556,0.0206,0.6422,-127.8556,46.0095,ASIA,1
scalp_fade_3m,BTCUSDT,3m,-1,TIME,2025-09-05T10:36:00.000Z,2025-09-05T11:38:59.999Z,20,-0.646284,0.5378,0.5134,-64.6284,37.8550,LONDON,1
scalp_fade_3m,BTCUSDT,3m,-1,STOP,2025-09-05T11:39:00.000Z,2025-09-05T12:02:59.999Z,7,-1.266576,0.0000,0.8101,-126.6576,43.9796,LONDON,-1
scalp_fade_3m,BTCUSDT,3m,-1,STOP,2025-09-05T12:15:00.000Z,2025-09-05T12:17:59.999Z,0,-1.242499,0.0000,0.8250,-124.2499,40.2868,LONDON,-1
scalp_fade_3m,BTCUSDT,3m,-1,TIME,2025-09-05T12:33:00.000Z,2025-09-05T13:35:59.999Z,20,-0.547132,0.7521,0.7545,-54.7132,16.9565,LONDON,-1
scalp_fade_3m,BTCUSDT,3m,-1,TARGET,2025-09-05T13:57:00.000Z,2025-09-05T14:14:59.999Z,5,1.096617,1.2909,0.1993,109.6617,12.7963,NY,-1
scalp_fade_3m,BTCUSDT,3m,1,STOP,2025-09-05T17:03:00.000Z,2025-09-05T17:38:59.999Z,11,-1.196173,0.2119,1.1971,-119.6173,32.3866,NY,1
scalp_fade_3m,BTCUSDT,3m,1,TIME,2025-09-05T20:09:00.000Z,2025-09-05T21:11:59.999Z,20,-0.866401,0.8258,0.5915,-86.6401,30.0071,NY,1
scalp_fade_3m,BTCUSDT,3m,1,STOP,2025-09-06T00:18:00.000Z,2025-09-06T00:20:59.999Z,0,-1.301165,0.0000,0.5412,-130.1165,50.2181,ASIA,-1
scalp_fade_3m,BTCUSDT,3m,1,STOP_GAP,2025-09-06T09:03:00.000Z,2025-09-06T09:05:59.999Z,0,-1.454797,0.0000,0.8100,-145.4797,66.1084,LONDON,-1
scalp_fade_3m,BTCUSDT,3m,1,STOP_GAP,2025-09-06T09:51:00.000Z,2025-09-06T09:53:59.999Z,0,-1.395413,0.0000,0.5821,-139.5413,63.4099,LONDON,-1
scalp_fade_3m,BTCUSDT,3m,1,STOP_GAP,2025-09-06T11:03:00.000Z,2025-09-06T11:05:59.999Z,0,-1.482653,0.0000,0.4049,-148.2653,67.3742,LONDON,-1
scalp_fade_3m,BTCUSDT,3m,1,TIME,2025-09-06T12:36:00.000Z,2025-09-06T13:38:59.999Z,20,-0.680016,0.4218,0.3444,-68.0016,57.4294,LONDON,-1
scalp_fade_3m,BTCUSDT,3m,-1,STOP,2025-09-06T14:00:00.000Z,2025-09-06T14:02:59.999Z,0,-1.335473,0.0000,0.7089,-133.5473,55.7840,NY,-1
scalp_fade_3m,BTCUSDT,3m,-1,STOP,2025-09-06T14:15:00.000Z,2025-09-06T14:17:59.999Z,0,-1.333954,0.0000,0.4799,-133.3954,55.5307,NY,-1
scalp_fade_3m,BTCUSDT,3m,1,STOP_GAP,2025-09-06T15:39:00.000Z,2025-09-06T15:41:59.999Z,0,-1.387217,0.0000,1.0860,-138.7217,63.0374,NY,-1
scalp_fade_3m,BTCUSDT,3m,1,STOP,2025-09-06T19:39:00.000Z,2025-09-06T19:41:59.999Z,0,-1.337662,0.0000,0.5608,-133.7662,56.2879,NY,-1
scalp_fade_3m,BTCUSDT,3m,1,STOP_GAP,2025-09-06T21:33:00.000Z,2025-09-06T21:35:59.999Z,0,-1.453718,0.0000,0.4144,-145.3718,66.0593,LATE,-1
scalp_fade_3m,BTCUSDT,3m,1,STOP_GAP,2025-09-06T23:03:00.000Z,2025-09-06T23:05:59.999Z,0,-1.422081,0.0000,0.5016,-142.2081,64.6217,LATE,-1
scalp_fade_3m,BTCUSDT,3m,-1,STOP,2025-09-07T07:30:00.000Z,2025-09-07T07:32:59.999Z,0,-1.318199,0.0000,0.7516,-131.8199,52.9047,LONDON,-1
scalp_fade_3m,BTCUSDT,3m,-1,STOP,2025-09-07T11:39:00.000Z,2025-09-07T11:41:59.999Z,0,-1.368833,0.0000,0.4856,-136.8833,61.3444,LONDON,1
scalp_fade_3m,BTCUSDT,3m,-1,STOP,2025-09-07T14:06:00.000Z,2025-09-07T14:08:59.999Z,0,-1.323427,0.0000,0.8685,-132.3427,53.7761,NY,1
scalp_fade_3m,BTCUSDT,3m,-1,STOP,2025-09-07T20:18:00.000Z,2025-09-07T20:59:59.999Z,13,-1.282636,0.2023,0.7121,-128.2636,46.3498,NY,1
scalp_fade_3m,BTCUSDT,3m,-1,STOP,2025-09-07T22:12:00.000Z,2025-09-07T22:20:59.999Z,2,-1.295240,0.0000,0.6948,-129.5240,48.9758,LATE,-1
scalp_fade_3m,BTCUSDT,3m,-1,TARGET,2025-09-08T00:30:00.000Z,2025-09-08T00:56:59.999Z,8,0.770957,1.2842,0.4005,77.0957,23.1240,ASIA,-1
scalp_fade_3m,BTCUSDT,3m,1,TARGET,2025-09-08T02:21:00.000Z,2025-09-08T02:35:59.999Z,4,0.711583,1.0572,0.4456,71.1583,25.0636,ASIA,-1
scalp_fade_3m,BTCUSDT,3m,1,STOP,2025-09-08T04:09:00.000Z,2025-09-08T04:11:59.999Z,0,-1.227146,0.0000,0.6416,-122.7146,37.9084,ASIA,-1
scalp_fade_3m,BTCUSDT,3m,1,TARGET,2025-09-08T06:06:00.000Z,2025-09-08T06:29:59.999Z,7,0.415513,0.8641,0.4176,41.5513,34.4386,ASIA,-1
scalp_fade_3m,BTCUSDT,3m,-1,STOP,2025-09-08T12:18:00.000Z,2025-09-08T12:35:59.999Z,5,-1.264387,0.0000,0.8078,-126.4387,43.7077,LONDON,1
scalp_fade_3m,BTCUSDT,3m,-1,STOP,2025-09-08T13:03:00.000Z,2025-09-08T13:05:59.999Z,0,-1.299330,0.0000,1.0860,-129.9330,49.7596,NY,1
scalp_fade_3m,BTCUSDT,3m,-1,STOP,2025-09-08T13:30:00.000Z,2025-09-08T13:35:59.999Z,1,-1.231597,0.0000,0.8216,-123.1597,38.4297,NY,1
scalp_fade_3m,BTCUSDT,3m,-1,TARGET,2025-09-08T13:36:00.000Z,2025-09-08T13:59:59.999Z,7,0.756852,1.1119,0.3683,75.6852,23.5784,NY,1
scalp_fade_3m,BTCUSDT,3m,-1,TIME,2025-09-08T16:27:00.000Z,2025-09-08T17:29:59.999Z,20,-0.549408,0.8834,0.4810,-54.9408,34.4178,NY,-1
scalp_fade_3m,BTCUSDT,3m,-1,TIME,2025-09-08T18:18:00.000Z,2025-09-08T19:20:59.999Z,20,-0.064551,0.6770,0.4996,-6.4551,37.0428,NY,-1
scalp_fade_3m,BTCUSDT,3m,1,STOP,2025-09-09T00:51:00.000Z,2025-09-09T00:53:59.999Z,0,-1.210785,0.0000,0.6812,-121.0785,35.1875,ASIA,-1
scalp_fade_3m,BTCUSDT,3m,1,TIME,2025-09-09T04:51:00.000Z,2025-09-09T05:53:59.999Z,20,0.042676,0.7598,0.3636,4.2676,38.2860,ASIA,1
scalp_fade_3m,BTCUSDT,3m,-1,TIME,2025-09-09T08:39:00.000Z,2025-09-09T09:41:59.999Z,20,-0.359742,0.3576,0.2589,-35.9742,38.3740,LONDON,-1
scalp_fade_3m,BTCUSDT,3m,-1,STOP,2025-09-09T09:57:00.000Z,2025-09-09T10:02:59.999Z,1,-1.335069,0.0000,0.4655,-133.5069,55.6587,LONDON,-1
scalp_fade_3m,BTCUSDT,3m,-1,TARGET,2025-09-09T10:18:00.000Z,2025-09-09T10:29:59.999Z,3,0.271774,1.5226,0.3353,27.1774,39.0265,LONDON,1
scalp_fade_3m,BTCUSDT,3m,-1,TARGET,2025-09-09T13:15:00.000Z,2025-09-09T14:02:59.999Z,15,0.841557,1.0766,0.6395,84.1557,20.8413,NY,-1
scalp_fade_3m,BTCUSDT,3m,1,TARGET,2025-09-09T17:36:00.000Z,2025-09-09T18:29:59.999Z,17,0.666119,0.9373,0.4149,66.6119,26.4104,NY,1
scalp_fade_3m,BTCUSDT,3m,1,TIME,2025-09-09T18:45:00.000Z,2025-09-09T19:47:59.999Z,20,-0.062962,0.7098,0.2828,-6.2962,38.4212,NY,-1
scalp_fade_3m,BTCUSDT,3m,1,TARGET,2025-09-09T20:36:00.000Z,2025-09-09T20:50:59.999Z,4,0.586301,1.0374,0.3673,58.6301,29.0430,NY,-1
scalp_fade_3m,BTCUSDT,3m,1,STOP,2025-09-09T23:03:00.000Z,2025-09-09T23:20:59.999Z,5,-1.279226,0.1903,0.5596,-127.9226,46.3286,LATE,1
scalp_fade_3m,BTCUSDT,3m,1,STOP,2025-09-10T00:12:00.000Z,2025-09-10T00:20:59.999Z,2,-1.249820,0.0000,0.6152,-124.9820,41.5927,ASIA,1
scalp_fade_3m,BTCUSDT,3m,1,TARGET,2025-09-10T01:36:00.000Z,2025-09-10T02:26:59.999Z,16,0.816319,1.1665,0.4012,81.6319,21.6631,ASIA,-1
scalp_fade_3m,BTCUSDT,3m,-1,STOP,2025-09-10T04:51:00.000Z,2025-09-10T04:56:59.999Z,1,-1.292767,0.0000,0.6225,-129.2767,48.6150,ASIA,1
scalp_fade_3m,BTCUSDT,3m,-1,STOP,2025-09-10T06:00:00.000Z,2025-09-10T06:29:59.999Z,9,-1.232149,0.4145,1.0261,-123.2149,38.2039,ASIA,1
scalp_fade_3m,BTCUSDT,3m,-1,STOP,2025-09-10T10:15:00.000Z,2025-09-10T10:29:59.999Z,4,-1.246819,0.2146,0.6004,-124.6819,40.8369,LONDON,-1
scalp_fade_3m,BTCUSDT,3m,-1,TIME,2025-09-10T10:30:00.000Z,2025-09-10T11:32:59.999Z,20,-0.486673,0.3120,0.3500,-48.6673,41.2347,LONDON,-1
scalp_fade_3m,BTCUSDT,3m,-1,TARGET,2025-09-10T18:57:00.000Z,2025-09-10T19:26:59.999Z,9,0.747503,1.0192,0.3762,74.7503,23.8618,NY,-1
scalp_fade_3m,BTCUSDT,3m,-1,STOP,2025-09-10T21:33:00.000Z,2025-09-10T21:35:59.999Z,0,-1.277792,0.0000,0.6051,-127.7792,46.1696,LATE,1
scalp_fade_3m,BTCUSDT,3m,-1,TARGET,2025-09-10T23:48:00.000Z,2025-09-11T00:38:59.999Z,16,0.529388,0.9624,0.3871,52.9388,30.7232,LATE,-1
scalp_fade_3m,BTCUSDT,3m,-1,STOP,2025-09-11T02:39:00.000Z,2025-09-11T03:20:59.999Z,13,-1.265085,0.2401,0.7787,-126.5085,43.4635,ASIA,-1
scalp_fade_3m,BTCUSDT,3m,-1,STOP,2025-09-11T05:33:00.000Z,2025-09-11T05:41:59.999Z,2,-1.244006,0.0000,0.6917,-124.4006,40.4538,ASIA,1
scalp_fade_3m,BTCUSDT,3m,-1,TIME,2025-09-11T08:09:00.000Z,2025-09-11T09:11:59.999Z,20,0.029343,0.7505,0.4627,2.9343,38.9602,LONDON,-1
scalp_fade_3m,BTCUSDT,3m,-1,STOP,2025-09-11T11:15:00.000Z,2025-09-11T12:02:59.999Z,15,-1.312028,0.4085,0.8681,-131.2028,51.0785,LONDON,1
scalp_fade_3m,BTCUSDT,3m,-1,STOP,2025-09-11T12:18:00.000Z,2025-09-11T12:29:59.999Z,3,-1.188538,0.0000,0.8996,-118.8538,31.1952,LONDON,-1
scalp_fade_3m,BTCUSDT,3m,-1,STOP,2025-09-11T19:27:00.000Z,2025-09-11T19:32:59.999Z,1,-1.272230,0.0000,0.6115,-127.2230,45.1954,NY,1
scalp_fade_3m,BTCUSDT,3m,-1,STOP,2025-09-11T22:09:00.000Z,2025-09-11T22:11:59.999Z,0,-1.363101,0.0000,0.6145,-136.3101,60.3890,LATE,1
scalp_fade_3m,BTCUSDT,3m,-1,STOP,2025-09-12T00:18:00.000Z,2025-09-12T00:20:59.999Z,0,-1.209178,0.0000,0.7353,-120.9178,34.7329,ASIA,1
scalp_fade_3m,BTCUSDT,3m,-1,STOP,2025-09-12T00:21:00.000Z,2025-09-12T00:23:59.999Z,0,-1.195739,0.0000,0.8508,-119.5739,32.4928,ASIA,1
scalp_fade_3m,BTCUSDT,3m,-1,TARGET,2025-09-12T01:03:00.000Z,2025-09-12T01:56:59.999Z,17,0.918159,1.1691,0.3444,91.8159,18.4038,ASIA,1
scalp_fade_3m,BTCUSDT,3m,-1,STOP,2025-09-12T05:45:00.000Z,2025-09-12T05:47:59.999Z,0,-1.249232,0.0000,0.7391,-124.9232,41.4091,ASIA,1
scalp_fade_3m,BTCUSDT,3m,-1,TARGET,2025-09-12T07:06:00.000Z,2025-09-12T07:56:59.999Z,16,0.321785,0.8297,0.4139,32.1785,37.2989,LONDON,-1
scalp_fade_3m,BTCUSDT,3m,1,TIME,2025-09-12T09:21:00.000Z,2025-09-12T10:23:59.999Z,20,-0.913644,0.3495,0.4884,-91.3644,45.3881,LONDON,1
scalp_fade_3m,BTCUSDT,3m,1,STOP,2025-09-12T10:54:00.000Z,2025-09-12T10:56:59.999Z,0,-1.326404,0.0000,0.4923,-132.6404,54.4155,LONDON,1
scalp_fade_3m,BTCUSDT,3m,1,STOP,2025-09-12T11:12:00.000Z,2025-09-12T11:14:59.999Z,0,-1.329361,0.0000,0.4566,-132.9361,54.9073,LONDON,1
scalp_fade_3m,BTCUSDT,3m,1,STOP,2025-09-12T11:21:00.000Z,2025-09-12T11:23:59.999Z,0,-1.346422,0.0813,0.5264,-134.6422,57.7447,LONDON,-1
scalp_fade_3m,BTCUSDT,3m,1,STOP,2025-09-12T13:36:00.000Z,2025-09-12T13:38:59.999Z,0,-1.234586,0.0000,0.6443,-123.4586,39.1457,NY,-1
scalp_fade_3m,BTCUSDT,3m,1,TARGET,2025-09-12T13:39:00.000Z,2025-09-12T14:02:59.999Z,7,0.699307,1.1230,0.3830,69.9307,25.4319,NY,-1
scalp_fade_3m,BTCUSDT,3m,-1,STOP,2025-09-12T16:03:00.000Z,2025-09-12T16:17:59.999Z,4,-1.224323,0.1358,0.7022,-122.4323,37.1028,NY,1
scalp_fade_3m,BTCUSDT,3m,-1,STOP,2025-09-12T16:24:00.000Z,2025-09-12T16:32:59.999Z,2,-1.213276,0.0000,0.6704,-121.3276,35.3423,NY,-1
scalp_fade_3m,BTCUSDT,3m,-1,STOP,2025-09-12T22:03:00.000Z,2025-09-12T22:08:59.999Z,1,-1.271204,0.0000,0.6163,-127.1204,45.0246,LATE,-1
scalp_fade_3m,BTCUSDT,3m,-1,STOP,2025-09-12T23:24:00.000Z,2025-09-12T23:26:59.999Z,0,-1.277055,0.0000,0.5945,-127.7055,46.0467,LATE,1
scalp_fade_3m,BTCUSDT,3m,-1,STOP,2025-09-13T00:03:00.000Z,2025-09-13T00:05:59.999Z,0,-1.327020,0.0655,0.5540,-132.7020,54.3750,ASIA,1
scalp_fade_3m,BTCUSDT,3m,-1,STOP,2025-09-13T00:27:00.000Z,2025-09-13T00:41:59.999Z,4,-1.289297,0.0000,1.0886,-128.9297,47.8878,ASIA,-1
scalp_fade_3m,BTCUSDT,3m,-1,STOP,2025-09-13T03:42:00.000Z,2025-09-13T03:44:59.999Z,0,-1.354866,0.0000,0.4580,-135.4866,59.0164,ASIA,1
scalp_fade_3m,BTCUSDT,3m,-1,STOP,2025-09-13T03:45:00.000Z,2025-09-13T03:47:59.999Z,0,-1.341031,0.0000,0.5184,-134.1031,56.7104,ASIA,1
scalp_fade_3m,BTCUSDT,3m,-1,STOP,2025-09-13T03:48:00.000Z,2025-09-13T03:50:59.999Z,0,-1.330492,0.0000,0.4932,-133.0492,54.9537,ASIA,1
scalp_fade_3m,BTCUSDT,3m,-1,STOP,2025-09-13T03:57:00.000Z,2025-09-13T03:59:59.999Z,0,-1.326853,0.0000,0.4925,-132.6853,54.3471,ASIA,-1
scalp_fade_3m,BTCUSDT,3m,1,STOP,2025-09-13T05:15:00.000Z,2025-09-13T05:17:59.999Z,0,-1.369438,0.0000,0.5089,-136.9438,61.5724,ASIA,-1
scalp_fade_3m,BTCUSDT,3m,1,STOP,2025-09-13T05:36:00.000Z,2025-09-13T05:38:59.999Z,0,-1.350942,0.0000,0.5689,-135.0942,58.4964,ASIA,1
scalp_fade_3m,BTCUSDT,3m,1,STOP,2025-09-13T05:48:00.000Z,2025-09-13T05:50:59.999Z,0,-1.349690,0.0000,0.4783,-134.9690,58.2881,ASIA,1
scalp_fade_3m,BTCUSDT,3m,-1,STOP_GAP,2025-09-13T11:39:00.000Z,2025-09-13T11:41:59.999Z,0,-1.476448,0.0000,0.4078,-147.6448,67.0922,LONDON,-1
scalp_fade_3m,BTCUSDT,3m,1,TIME,2025-09-13T14:12:00.000Z,2025-09-13T15:14:59.999Z,20,-0.456316,0.5231,0.5318,-45.6316,39.6046,NY,-1
scalp_fade_3m,BTCUSDT,3m,1,STOP,2025-09-13T16:09:00.000Z,2025-09-13T16:17:59.999Z,2,-1.272743,0.0000,0.5580,-127.2743,45.3969,NY,-1
scalp_fade_3m,BTCUSDT,3m,1,TIME,2025-09-13T18:36:00.000Z,2025-09-13T19:38:59.999Z,20,-0.329811,0.5447,0.3040,-32.9811,50.7126,NY,1
scalp_fade_3m,BTCUSDT,3m,-1,STOP,2025-09-13T21:18:00.000Z,2025-09-13T21:20:59.999Z,0,-1.334275,0.0000,0.4572,-133.4275,55.5842,LATE,-1
scalp_fade_3m,BTCUSDT,3m,-1,STOP_GAP,2025-09-13T22:00:00.000Z,2025-09-13T22:02:59.999Z,0,-1.465090,0.0000,0.4563,-146.5090,66.5761,LATE,-1
scalp_fade_3m,BTCUSDT,3m,-1,STOP_GAP,2025-09-13T22:06:00.000Z,2025-09-13T22:08:59.999Z,0,-1.428181,0.0000,0.4997,-142.8181,64.8989,LATE,-1
scalp_fade_3m,BTCUSDT,3m,-1,STOP_GAP,2025-09-13T23:36:00.000Z,2025-09-13T23:38:59.999Z,0,-1.387123,0.0000,0.3782,-138.7123,63.0332,LATE,-1
scalp_fade_3m,BTCUSDT,3m,1,STOP,2025-09-14T06:42:00.000Z,2025-09-14T06:44:59.999Z,0,-1.332682,0.0000,0.5346,-133.2682,55.4596,ASIA,-1
scalp_fade_3m,BTCUSDT,3m,1,STOP_GAP,2025-09-14T08:06:00.000Z,2025-09-14T08:08:59.999Z,0,-1.418682,0.0000,0.3874,-141.8682,64.4672,LONDON,1
scalp_fade_3m,BTCUSDT,3m,-1,STOP,2025-09-14T09:54:00.000Z,2025-09-14T09:56:59.999Z,0,-1.340957,0.0000,0.4751,-134.0957,56.6980,LONDON,1
scalp_fade_3m,BTCUSDT,3m,-1,STOP,2025-09-14T10:03:00.000Z,2025-09-14T10:05:59.999Z,0,-1.337930,0.0000,0.4499,-133.7930,56.1935,LONDON,1
scalp_fade_3m,BTCUSDT,3m,1,TIME,2025-09-14T14:39:00.000Z,2025-09-14T15:41:59.999Z,20,-0.596485,0.2285,0.5565,-59.6485,32.6016,NY,-1
scalp_fade_3m,BTCUSDT,3m,-1,STOP,2025-09-14T21:15:00.000Z,2025-09-14T21:17:59.999Z,0,-1.289253,0.0000,0.6364,-128.9253,48.0800,LATE,-1
scalp_fade_3m,BTCUSDT,3m,-1,STOP,2025-09-14T22:42:00.000Z,2025-09-14T22:44:59.999Z,0,-1.273551,0.0000,0.6298,-127.3551,45.4627,LATE,-1
scalp_fade_3m,BTCUSDT,3m,1,STOP,2025-09-15T04:00:00.000Z,2025-09-15T04:08:59.999Z,2,-1.322995,0.0000,0.5362,-132.2995,53.7368,ASIA,1
scalp_fade_3m,BTCUSDT,3m,1,TIME,2025-09-15T10:24:00.000Z,2025-09-15T11:26:59.999Z,20,-0.455164,0.7650,0.4132,-45.5164,39.3556,LONDON,-1
scalp_fade_3m,BTCUSDT,3m,1,STOP,2025-09-15T13:39:00.000Z,2025-09-15T13:44:59.999Z,1,-1.181656,0.0000,1.0960,-118.1656,30.3117,NY,-1
scalp_fade_3m,BTCUSDT,3m,1,TIME,2025-09-15T15:21:00.000Z,2025-09-15T16:23:59.999Z,20,-0.332689,0.5400,0.6775,-33.2689,29.3528,NY,-1
scalp_fade_3m,BTCUSDT,3m,1,TARGET,2025-09-15T17:24:00.000Z,2025-09-15T17:59:59.999Z,11,0.680538,1.1497,0.5855,68.0538,25.9981,NY,-1
scalp_fade_3m,BTCUSDT,3m,1,TARGET,2025-09-15T18:45:00.000Z,2025-09-15T18:56:59.999Z,3,0.667143,1.0243,0.2583,66.7143,26.4827,NY,-1
scalp_fade_3m,BTCUSDT,3m,-1,STOP,2025-09-15T19:15:00.000Z,2025-09-15T19:38:59.999Z,7,-1.183006,0.4263,0.9299,-118.3006,30.1508,NY,-1
scalp_fade_3m,BTCUSDT,3m,-1,TARGET,2025-09-15T22:09:00.000Z,2025-09-15T22:38:59.999Z,9,0.362418,0.7658,0.3695,36.2418,36.0833,LATE,1
scalp_fade_3m,BTCUSDT,3m,-1,STOP,2025-09-16T01:06:00.000Z,2025-09-16T01:26:59.999Z,6,-1.250845,0.1299,0.9142,-125.0845,41.4194,ASIA,-1
scalp_fade_3m,BTCUSDT,3m,1,STOP,2025-09-16T02:21:00.000Z,2025-09-16T02:56:59.999Z,11,-1.254514,0.0965,0.6235,-125.4514,41.9794,ASIA,1
scalp_fade_3m,BTCUSDT,3m,1,TARGET,2025-09-16T03:21:00.000Z,2025-09-16T03:35:59.999Z,4,0.447649,0.9636,0.3005,44.7649,33.4471,ASIA,1
scalp_fade_3m,BTCUSDT,3m,-1,TIME,2025-09-16T07:03:00.000Z,2025-09-16T08:05:59.999Z,20,-0.713363,0.3893,0.3581,-71.3363,40.7358,LONDON,-1
scalp_fade_3m,BTCUSDT,3m,-1,TARGET,2025-09-16T10:21:00.000Z,2025-09-16T11:05:59.999Z,14,0.522201,1.1837,0.2657,52.2201,30.9684,LONDON,-1
scalp_fade_3m,BTCUSDT,3m,1,TIME,2025-09-16T11:27:00.000Z,2025-09-16T12:29:59.999Z,20,-0.981920,0.1750,0.5007,-98.1920,44.7892,LONDON,-1
scalp_fade_3m,BTCUSDT,3m,1,STOP,2025-09-16T12:48:00.000Z,2025-09-16T13:17:59.999Z,9,-1.265364,0.3188,0.7224,-126.5364,43.8536,LONDON,1
scalp_fade_3m,BTCUSDT,3m,1,STOP,2025-09-16T13:18:00.000Z,2025-09-16T13:38:59.999Z,6,-1.240795,0.3227,1.0140,-124.0795,39.9291,NY,1
scalp_fade_3m,BTCUSDT,3m,1,STOP,2025-09-16T13:39:00.000Z,2025-09-16T13:41:59.999Z,0,-1.193656,0.0000,0.6843,-119.3656,32.3389,NY,1
scalp_fade_3m,BTCUSDT,3m,1,STOP,2025-09-16T14:03:00.000Z,2025-09-16T14:11:59.999Z,2,-1.150801,0.0320,0.8463,-115.0801,25.1595,NY,1
scalp_fade_3m,BTCUSDT,3m,1,TIME,2025-09-16T14:18:00.000Z,2025-09-16T15:20:59.999Z,20,-0.457655,0.2572,0.5815,-45.7655,23.8970,NY,-1
scalp_fade_3m,BTCUSDT,3m,-1,STOP,2025-09-16T20:21:00.000Z,2025-09-16T20:41:59.999Z,6,-1.246397,0.0000,0.7779,-124.6397,40.6825,NY,1
scalp_fade_3m,BTCUSDT,3m,-1,TIME,2025-09-17T01:21:00.000Z,2025-09-17T02:23:59.999Z,20,-0.722529,0.4572,0.3605,-72.2529,39.7440,ASIA,-1
scalp_fade_3m,BTCUSDT,3m,1,STOP,2025-09-17T11:51:00.000Z,2025-09-17T11:59:59.999Z,2,-1.325465,0.0000,0.4768,-132.5465,54.1468,LONDON,1
scalp_fade_3m,BTCUSDT,3m,1,STOP,2025-09-17T13:36:00.000Z,2025-09-17T13:44:59.999Z,2,-1.227360,0.0675,0.6390,-122.7360,37.8653,NY,-1
scalp_fade_3m,BTCUSDT,3m,1,STOP,2025-09-17T13:57:00.000Z,2025-09-17T14:20:59.999Z,7,-1.181586,0.2298,1.0672,-118.1586,30.1122,NY,-1
scalp_fade_3m,BTCUSDT,3m,1,STOP,2025-09-17T16:09:00.000Z,2025-09-17T16:11:59.999Z,0,-1.258460,0.0000,0.6523,-125.8460,43.1162,NY,1
scalp_fade_3m,BTCUSDT,3m,1,STOP,2025-09-17T16:33:00.000Z,2025-09-17T16:41:59.999Z,2,-1.249016,0.0000,0.6821,-124.9016,41.4592,NY,1
scalp_fade_3m,BTCUSDT,3m,1,TARGET,2025-09-17T18:00:00.000Z,2025-09-17T18:02:59.999Z,0,1.042776,1.3835,0.2196,104.2776,14.5601,NY,1
scalp_fade_3m,BTCUSDT,3m,1,STOP,2025-09-17T18:15:00.000Z,2025-09-17T18:47:59.999Z,10,-1.081870,0.5550,1.0191,-108.1870,13.6063,NY,1
scalp_fade_3m,BTCUSDT,3m,-1,STOP,2025-09-18T01:33:00.000Z,2025-09-18T01:41:59.999Z,2,-1.227970,0.0000,0.7239,-122.7970,37.7865,ASIA,1
scalp_fade_3m,BTCUSDT,3m,-1,STOP,2025-09-18T02:15:00.000Z,2025-09-18T02:50:59.999Z,11,-1.225952,0.4617,0.6436,-122.5952,37.1041,ASIA,1
scalp_fade_3m,BTCUSDT,3m,-1,STOP,2025-09-18T07:00:00.000Z,2025-09-18T07:05:59.999Z,1,-1.245157,0.0000,0.6634,-124.5157,40.6875,LONDON,-1
scalp_fade_3m,BTCUSDT,3m,-1,TIME,2025-09-18T07:06:00.000Z,2025-09-18T08:08:59.999Z,20,-0.420121,0.2031,0.3112,-42.0121,38.6409,LONDON,-1
scalp_fade_3m,BTCUSDT,3m,-1,STOP,2025-09-18T08:15:00.000Z,2025-09-18T08:23:59.999Z,2,-1.267716,0.0000,0.7541,-126.7716,44.3977,LONDON,-1
scalp_fade_3m,BTCUSDT,3m,-1,TIME,2025-09-18T09:12:00.000Z,2025-09-18T10:14:59.999Z,20,-0.821272,0.3927,0.4990,-82.1272,42.6871,LONDON,-1
scalp_fade_3m,BTCUSDT,3m,-1,STOP,2025-09-18T11:00:00.000Z,2025-09-18T11:02:59.999Z,0,-1.326315,0.0000,0.8099,-132.6315,54.2574,LONDON,-1
scalp_fade_3m,BTCUSDT,3m,-1,STOP,2025-09-18T12:15:00.000Z,2025-09-18T13:14:59.999Z,19,-1.240562,0.4027,0.6916,-124.0562,39.1892,LONDON,-1
scalp_fade_3m,BTCUSDT,3m,-1,STOP,2025-09-18T13:42:00.000Z,2025-09-18T14:02:59.999Z,6,-1.200637,0.9819,0.7254,-120.0637,33.1025,NY,1
scalp_fade_3m,BTCUSDT,3m,-1,STOP,2025-09-18T15:51:00.000Z,2025-09-18T15:59:59.999Z,2,-1.216074,0.1666,0.6752,-121.6074,35.8077,NY,-1
scalp_fade_3m,BTCUSDT,3m,-1,STOP,2025-09-18T17:15:00.000Z,2025-09-18T18:14:59.999Z,19,-1.228836,0.5750,0.7300,-122.8836,37.2726,NY,-1
scalp_fade_3m,BTCUSDT,3m,1,STOP_GAP,2025-09-18T22:42:00.000Z,2025-09-18T22:44:59.999Z,0,-1.399318,0.0000,0.4016,-139.9318,63.5873,LATE,-1
scalp_fade_3m,BTCUSDT,3m,1,STOP,2025-09-19T01:15:00.000Z,2025-09-19T01:41:59.999Z,8,-1.265473,0.1742,0.7737,-126.5473,43.9169,ASIA,-1
scalp_fade_3m,BTCUSDT,3m,1,STOP,2025-09-19T02:45:00.000Z,2025-09-19T03:32:59.999Z,15,-1.269931,0.4686,0.6416,-126.9931,44.3320,ASIA,-1
scalp_fade_3m,BTCUSDT,3m,1,STOP,2025-09-19T06:57:00.000Z,2025-09-19T06:59:59.999Z,0,-1.281170,0.0000,0.6403,-128.1170,46.8928,ASIA,-1
scalp_fade_3m,BTCUSDT,3m,1,TARGET,2025-09-19T07:00:00.000Z,2025-09-19T07:35:59.999Z,11,0.491507,0.8173,0.3056,49.1507,31.9905,LONDON,-1
scalp_fade_3m,BTCUSDT,3m,1,STOP,2025-09-19T11:21:00.000Z,2025-09-19T11:29:59.999Z,2,-1.292056,0.0000,0.5148,-129.2056,48.6022,LONDON,-1
scalp_fade_3m,BTCUSDT,3m,1,STOP,2025-09-19T12:21:00.000Z,2025-09-19T12:26:59.999Z,1,-1.304249,0.0000,0.8535,-130.4249,50.6784,LONDON,-1
scalp_fade_3m,BTCUSDT,3m,1,TARGET,2025-09-19T13:33:00.000Z,2025-09-19T14:26:59.999Z,17,0.585092,0.9215,0.4930,58.5092,28.9746,NY,-1
scalp_fade_3m,BTCUSDT,3m,1,TIME,2025-09-19T20:03:00.000Z,2025-09-19T21:05:59.999Z,20,-0.571082,0.5439,0.2947,-57.1082,42.2333,NY,-1
scalp_fade_3m,BTCUSDT,3m,1,TIME,2025-09-19T23:36:00.000Z,2025-09-20T00:38:59.999Z,20,-0.811413,0.3719,0.3695,-81.1413,59.7212,LATE,1
scalp_fade_3m,BTCUSDT,3m,1,STOP_GAP,2025-09-20T02:00:00.000Z,2025-09-20T02:02:59.999Z,0,-1.435702,0.0000,0.8803,-143.5702,65.2406,ASIA,1
scalp_fade_3m,BTCUSDT,3m,-1,STOP_GAP,2025-09-20T09:24:00.000Z,2025-09-20T09:26:59.999Z,0,-1.448596,0.0000,0.3955,-144.8596,65.8266,LONDON,1
scalp_fade_3m,BTCUSDT,3m,-1,STOP_GAP,2025-09-20T11:27:00.000Z,2025-09-20T11:29:59.999Z,0,-1.429537,0.0000,0.3903,-142.9537,64.9605,LONDON,1
scalp_fade_3m,BTCUSDT,3m,-1,STOP_GAP,2025-09-20T11:33:00.000Z,2025-09-20T11:35:59.999Z,0,-1.386724,0.0000,0.3781,-138.6724,63.0150,LONDON,1
scalp_fade_3m,BTCUSDT,3m,1,STOP,2025-09-21T14:48:00.000Z,2025-09-21T14:50:59.999Z,0,-1.316081,0.0000,0.5333,-131.6081,52.6988,NY,1
scalp_fade_3m,BTCUSDT,3m,1,STOP_GAP,2025-09-21T15:39:00.000Z,2025-09-21T15:41:59.999Z,0,-1.392036,0.0000,0.3801,-139.2036,63.2564,NY,-1
scalp_fade_3m,BTCUSDT,3m,1,STOP,2025-09-21T15:48:00.000Z,2025-09-21T15:56:59.999Z,2,-1.365282,0.0000,0.4408,-136.5282,60.7548,NY,-1
scalp_fade_3m,BTCUSDT,3m,1,STOP_GAP,2025-09-21T16:03:00.000Z,2025-09-21T16:05:59.999Z,0,-1.401159,0.0000,0.6560,-140.1159,63.6709,NY,-1
scalp_fade_3m,BTCUSDT,3m,1,STOP,2025-09-21T16:06:00.000Z,2025-09-21T16:08:59.999Z,0,-1.372723,0.0000,0.4346,-137.2723,62.1186,NY,-1
scalp_fade_3m,BTCUSDT,3m,1,STOP,2025-09-21T20:33:00.000Z,2025-09-21T20:38:59.999Z,1,-1.364845,0.0000,0.6846,-136.4845,60.7452,NY,-1
scalp_fade_3m,BTCUSDT,3m,1,STOP,2025-09-21T20:39:00.000Z,2025-09-21T20:56:59.999Z,5,-1.358403,0.0000,0.4962,-135.8403,59.4281,NY,-1
scalp_fade_3m,BTCUSDT,3m,1,STOP,2025-09-21T22:09:00.000Z,2025-09-21T22:11:59.999Z,0,-1.308688,0.0000,0.7568,-130.8688,51.4693,LATE,-1
scalp_fade_3m,BTCUSDT,3m,1,STOP,2025-09-21T23:06:00.000Z,2025-09-21T23:08:59.999Z,0,-1.283971,0.0000,0.8939,-128.3971,47.3587,LATE,1
scalp_fade_3m,BTCUSDT,3m,1,STOP,2025-09-22T00:21:00.000Z,2025-09-22T00:32:59.999Z,3,-1.236418,0.0728,1.4320,-123.6418,39.3277,ASIA,-1
scalp_fade_3m,BTCUSDT,3m,1,STOP,2025-09-22T02:06:00.000Z,2025-09-22T02:32:59.999Z,8,-1.155141,0.2942,0.8617,-115.5141,25.7195,ASIA,1
scalp_fade_3m,BTCUSDT,3m,1,TIME,2025-09-22T02:33:00.000Z,2025-09-22T03:35:59.999Z,20,-0.266214,0.4480,0.2713,-26.6214,22.8839,ASIA,1
scalp_fade_3m,BTCUSDT,3m,1,STOP,2025-09-22T07:51:00.000Z,2025-09-22T07:56:59.999Z,1,-1.162153,0.0000,0.7602,-116.2153,27.0716,LONDON,-1
scalp_fade_3m,BTCUSDT,3m,1,STOP,2025-09-22T11:42:00.000Z,2025-09-22T12:02:59.999Z,6,-1.258673,0.4227,0.9222,-125.8673,42.8839,LONDON,1
scalp_fade_3m,BTCUSDT,3m,1,STOP,2025-09-22T12:03:00.000Z,2025-09-22T12:38:59.999Z,11,-1.205847,0.0000,0.6979,-120.5847,33.9773,LONDON,-1
scalp_fade_3m,BTCUSDT,3m,1,STOP,2025-09-22T23:18:00.000Z,2025-09-23T00:08:59.999Z,16,-1.292513,0.4208,0.5959,-129.2513,47.9806,LATE,-1
scalp_fade_3m,BTCUSDT,3m,1,STOP,2025-09-23T00:18:00.000Z,2025-09-23T00:53:59.999Z,11,-1.239096,0.6815,0.8872,-123.9096,39.4444,ASIA,-1
scalp_fade_3m,BTCUSDT,3m,1,STOP,2025-09-23T02:21:00.000Z,2025-09-23T02:26:59.999Z,1,-1.212797,0.0000,0.6900,-121.2797,35.4851,ASIA,-1
scalp_fade_3m,BTCUSDT,3m,-1,STOP,2025-09-23T05:51:00.000Z,2025-09-23T06:14:59.999Z,7,-1.223469,0.0742,0.7166,-122.3469,36.8465,ASIA,-1
scalp_fade_3m,BTCUSDT,3m,-1,STOP,2025-09-23T07:48:00.000Z,2025-09-23T07:59:59.999Z,3,-1.243306,0.0974,0.6410,-124.3306,40.2955,LONDON,1
scalp_fade_3m,BTCUSDT,3m,-1,STOP,2025-09-23T08:06:00.000Z,2025-09-23T08:17:59.999Z,3,-1.218387,0.0292,0.6576,-121.8387,36.1550,LONDON,1
scalp_fade_3m,BTCUSDT,3m,-1,TARGET,2025-09-23T09:18:00.000Z,2025-09-23T10:02:59.999Z,14,0.537479,1.0008,0.3896,53.7479,30.4841,LONDON,-1
scalp_fade_3m,BTCUSDT,3m,-1,TARGET,2025-09-23T10:51:00.000Z,2025-09-23T11:08:59.999Z,5,0.511348,0.9574,0.3827,51.1348,31.3923,LONDON,1
scalp_fade_3m,BTCUSDT,3m,-1,TIME,2025-09-23T12:39:00.000Z,2025-09-23T13:41:59.999Z,20,-0.326166,0.3700,0.4954,-32.6166,39.3827,LONDON,1
scalp_fade_3m,BTCUSDT,3m,-1,STOP,2025-09-23T14:06:00.000Z,2025-09-23T14:11:59.999Z,1,-1.179526,0.1367,0.7136,-117.9526,29.7594,NY,1
scalp_fade_3m,BTCUSDT,3m,1,STOP,2025-09-23T19:21:00.000Z,2025-09-23T19:38:59.999Z,5,-1.204020,0.0000,0.8979,-120.4020,33.8861,NY,-1
scalp_fade_3m,BTCUSDT,3m,1,STOP,2025-09-23T22:27:00.000Z,2025-09-23T23:23:59.999Z,18,-1.302910,0.5691,0.7063,-130.2910,49.5801,LATE,1
scalp_fade_3m,BTCUSDT,3m,1,STOP,2025-09-24T00:06:00.000Z,2025-09-24T00:08:59.999Z,0,-1.286203,0.0000,0.5322,-128.6203,47.7299,ASIA,-1
scalp_fade_3m,BTCUSDT,3m,-1,TIME,2025-09-24T07:45:00.000Z,2025-09-24T08:47:59.999Z,20,-0.763054,0.4195,0.4871,-76.3054,45.9613,LONDON,1
scalp_fade_3m,BTCUSDT,3m,-1,TIME,2025-09-24T11:57:00.000Z,2025-09-24T12:59:59.999Z,20,-0.958512,0.0732,0.4829,-95.8512,37.5581,LONDON,-1
scalp_fade_3m,BTCUSDT,3m,-1,STOP,2025-09-24T13:21:00.000Z,2025-09-24T13:23:59.999Z,0,-1.323810,0.0000,0.7531,-132.3810,53.8399,NY,1
scalp_fade_3m,BTCUSDT,3m,-1,STOP,2025-09-24T13:36:00.000Z,2025-09-24T13:41:59.999Z,1,-1.264325,0.5414,0.6806,-126.4325,43.8792,NY,1
scalp_fade_3m,BTCUSDT,3m,-1,STOP,2025-09-24T13:42:00.000Z,2025-09-24T14:44:59.999Z,20,-1.201512,0.8844,0.8006,-120.1512,32.7730,NY,1
scalp_fade_3m,BTCUSDT,3m,-1,TARGET,2025-09-24T18:03:00.000Z,2025-09-24T18:50:59.999Z,15,0.593399,0.9785,0.2886,59.3399,28.7038,NY,1
scalp_fade_3m,BTCUSDT,3m,-1,STOP,2025-09-24T21:12:00.000Z,2025-09-24T21:14:59.999Z,0,-1.332048,0.0000,0.5005,-133.2048,55.2130,LATE,1
scalp_fade_3m,BTCUSDT,3m,-1,TIME,2025-09-24T22:03:00.000Z,2025-09-24T23:05:59.999Z,20,-0.283488,0.8450,0.4434,-28.3488,36.8977,LATE,-1
scalp_fade_3m,BTCUSDT,3m,-1,STOP,2025-09-24T23:27:00.000Z,2025-09-25T00:08:59.999Z,13,-1.262158,0.4818,0.7267,-126.2158,42.9822,LATE,-1
scalp_fade_3m,BTCUSDT,3m,1,STOP,2025-09-25T00:48:00.000Z,2025-09-25T01:02:59.999Z,4,-1.196677,0.0054,0.7679,-119.6677,32.7052,ASIA,-1
scalp_fade_3m,BTCUSDT,3m,1,STOP,2025-09-25T04:00:00.000Z,2025-09-25T04:14:59.999Z,4,-1.204003,0.0646,1.1843,-120.4003,33.9185,ASIA,-1
scalp_fade_3m,BTCUSDT,3m,1,TIME,2025-09-25T07:09:00.000Z,2025-09-25T08:11:59.999Z,20,0.197653,0.9514,0.1959,19.7653,32.6952,LONDON,-1
scalp_fade_3m,BTCUSDT,3m,1,TARGET,2025-09-25T08:45:00.000Z,2025-09-25T09:26:59.999Z,13,0.626363,1.1380,0.5127,62.6363,27.6998,LONDON,1
scalp_fade_3m,BTCUSDT,3m,1,TARGET,2025-09-25T12:30:00.000Z,2025-09-25T12:32:59.999Z,0,0.861182,1.1250,0.4207,86.1182,20.3348,LONDON,-1
scalp_fade_3m,BTCUSDT,3m,1,STOP,2025-09-25T12:33:00.000Z,2025-09-25T12:59:59.999Z,8,-1.132761,0.2795,0.8032,-113.2761,22.0283,LONDON,-1
scalp_fade_3m,BTCUSDT,3m,1,TIME,2025-09-25T15:36:00.000Z,2025-09-25T16:38:59.999Z,20,-0.679299,0.9814,0.4144,-67.9299,25.5683,NY,1
scalp_fade_3m,BTCUSDT,3m,1,STOP,2025-09-25T23:33:00.000Z,2025-09-25T23:38:59.999Z,1,-1.191351,0.0000,1.7151,-119.1351,31.9223,LATE,1
scalp_fade_3m,BTCUSDT,3m,1,STOP,2025-09-26T00:39:00.000Z,2025-09-26T00:44:59.999Z,1,-1.167025,0.0747,0.8883,-116.7025,27.8811,ASIA,1
scalp_fade_3m,BTCUSDT,3m,1,STOP,2025-09-26T02:12:00.000Z,2025-09-26T03:08:59.999Z,18,-1.202580,0.4154,0.8790,-120.2580,33.2010,ASIA,1
scalp_fade_3m,BTCUSDT,3m,1,STOP,2025-09-26T03:21:00.000Z,2025-09-26T03:35:59.999Z,4,-1.202585,0.0000,0.6652,-120.2585,33.6837,ASIA,-1
scalp_fade_3m,BTCUSDT,3m,1,STOP,2025-09-26T04:09:00.000Z,2025-09-26T04:32:59.999Z,7,-1.225581,0.3631,0.6967,-122.5581,37.3759,ASIA,1
scalp_fade_3m,BTCUSDT,3m,1,STOP,2025-09-26T05:15:00.000Z,2025-09-26T05:38:59.999Z,7,-1.286854,0.5709,0.6482,-128.6854,47.4923,ASIA,-1
scalp_fade_3m,BTCUSDT,3m,1,STOP,2025-09-26T05:39:00.000Z,2025-09-26T05:47:59.999Z,2,-1.255719,0.0719,0.5802,-125.5719,42.5717,ASIA,1
scalp_fade_3m,BTCUSDT,3m,1,TIME,2025-09-26T06:15:00.000Z,2025-09-26T07:17:59.999Z,20,0.107306,0.8130,0.2222,10.7306,29.7298,ASIA,-1
scalp_fade_3m,BTCUSDT,3m,1,STOP,2025-09-26T07:27:00.000Z,2025-09-26T07:32:59.999Z,1,-1.206237,0.0000,1.5644,-120.6237,34.3953,LONDON,-1
scalp_fade_3m,BTCUSDT,3m,1,TIME,2025-09-26T15:06:00.000Z,2025-09-26T16:08:59.999Z,20,0.080548,0.6989,0.3691,8.0548,24.1275,NY,-1
scalp_fade_3m,BTCUSDT,3m,-1,STOP,2025-09-27T00:06:00.000Z,2025-09-27T00:08:59.999Z,0,-1.331076,0.0000,0.5302,-133.1076,55.0510,ASIA,1
scalp_fade_3m,BTCUSDT,3m,1,STOP,2025-09-27T02:51:00.000Z,2025-09-27T02:53:59.999Z,0,-1.353025,0.0000,0.5129,-135.3025,58.8428,ASIA,-1
scalp_fade_3m,BTCUSDT,3m,1,STOP,2025-09-27T02:54:00.000Z,2025-09-27T02:56:59.999Z,0,-1.344825,0.0000,0.4374,-134.4825,57.4791,ASIA,-1
scalp_fade_3m,BTCUSDT,3m,1,TARGET,2025-09-27T02:57:00.000Z,2025-09-27T03:32:59.999Z,11,0.247956,0.9035,0.3992,24.7956,39.7113,ASIA,-1
scalp_fade_3m,BTCUSDT,3m,-1,STOP,2025-09-27T04:30:00.000Z,2025-09-27T04:38:59.999Z,2,-1.300471,0.0237,0.5208,-130.0471,49.8460,ASIA,-1
scalp_fade_3m,BTCUSDT,3m,1,TIME,2025-09-27T13:15:00.000Z,2025-09-27T14:17:59.999Z,20,-1.137098,0.0758,0.3222,-113.7098,53.6190,NY,-1
scalp_fade_3m,BTCUSDT,3m,1,TIME,2025-09-27T15:24:00.000Z,2025-09-27T16:26:59.999Z,20,-0.447788,0.5640,0.4713,-44.7788,51.5419,NY,-1
scalp_fade_3m,BTCUSDT,3m,1,STOP,2025-09-27T16:57:00.000Z,2025-09-27T17:02:59.999Z,1,-1.317561,0.0000,0.5802,-131.7561,52.8899,NY,1
scalp_fade_3m,BTCUSDT,3m,1,STOP,2025-09-27T17:03:00.000Z,2025-09-27T17:05:59.999Z,0,-1.288915,0.0000,0.5669,-128.8915,48.1809,NY,-1
scalp_fade_3m,BTCUSDT,3m,1,STOP,2025-09-27T17:06:00.000Z,2025-09-27T17:17:59.999Z,3,-1.273990,0.0000,0.6699,-127.3990,45.5567,NY,-1
scalp_fade_3m,BTCUSDT,3m,-1,STOP,2025-09-28T00:09:00.000Z,2025-09-28T00:20:59.999Z,3,-1.361744,0.1606,0.4726,-136.1744,59.9755,ASIA,1
scalp_fade_3m,BTCUSDT,3m,-1,STOP,2025-09-28T00:36:00.000Z,2025-09-28T00:44:59.999Z,2,-1.281732,0.1037,0.6170,-128.1732,46.7290,ASIA,-1
scalp_fade_3m,BTCUSDT,3m,-1,TARGET,2025-09-28T00:45:00.000Z,2025-09-28T01:44:59.999Z,19,0.559896,0.9362,0.4057,55.9896,29.7316,ASIA,1
scalp_fade_3m,BTCUSDT,3m,-1,STOP,2025-09-28T03:03:00.000Z,2025-09-28T03:05:59.999Z,0,-1.338817,0.0000,0.5480,-133.8817,56.3414,ASIA,1
scalp_fade_3m,BTCUSDT,3m,-1,STOP,2025-09-28T08:30:00.000Z,2025-09-28T08:44:59.999Z,4,-1.341642,0.0000,0.4510,-134.1642,56.5767,LONDON,-1
scalp_fade_3m,BTCUSDT,3m,-1,TIME,2025-09-28T09:51:00.000Z,2025-09-28T10:53:59.999Z,20,-0.555697,0.3843,0.4458,-55.5697,49.9852,LONDON,1
scalp_fade_3m,BTCUSDT,3m,1,STOP,2025-09-28T11:36:00.000Z,2025-09-28T11:38:59.999Z,0,-1.353951,0.0000,0.5592,-135.3951,58.9968,LONDON,-1
scalp_fade_3m,BTCUSDT,3m,1,STOP,2025-09-28T12:42:00.000Z,2025-09-28T12:44:59.999Z,0,-1.310906,0.0000,0.7671,-131.0906,51.8381,LONDON,1
scalp_fade_3m,BTCUSDT,3m,-1,STOP,2025-09-28T20:12:00.000Z,2025-09-28T20:14:59.999Z,0,-1.346953,0.0000,0.7499,-134.6953,57.6975,NY,-1
scalp_fade_3m,BTCUSDT,3m,-1,STOP,2025-09-29T00:12:00.000Z,2025-09-29T00:26:59.999Z,4,-1.204193,0.1926,0.8712,-120.4193,33.7614,ASIA,1
scalp_fade_3m,BTCUSDT,3m,-1,STOP,2025-09-29T00:48:00.000Z,2025-09-29T00:53:59.999Z,1,-1.202568,0.0000,0.6819,-120.2568,33.5961,ASIA,-1
scalp_fade_3m,BTCUSDT,3m,-1,TARGET,2025-09-29T01:18:00.000Z,2025-09-29T01:47:59.999Z,9,0.721219,0.9732,0.3253,72.1219,24.6960,ASIA,1
scalp_fade_3m,BTCUSDT,3m,-1,TARGET,2025-09-29T02:24:00.000Z,2025-09-29T03:08:59.999Z,14,0.688909,1.0094,0.4368,68.8909,25.6850,ASIA,-1
scalp_fade_3m,BTCUSDT,3m,-1,STOP,2025-09-29T03:21:00.000Z,2025-09-29T03:53:59.999Z,10,-1.239877,0.0000,0.6460,-123.9877,39.4395,ASIA,-1
scalp_fade_3m,BTCUSDT,3m,-1,STOP,2025-09-29T04:21:00.000Z,2025-09-29T04:41:59.999Z,6,-1.271659,0.0000,0.5829,-127.1659,44.8671,ASIA,1
scalp_fade_3m,BTCUSDT,3m,-1,TIME,2025-09-29T06:27:00.000Z,2025-09-29T07:29:59.999Z,20,-0.180688,0.7112,0.5233,-18.0688,44.4471,ASIA,1
scalp_fade_3m,BTCUSDT,3m,-1,STOP,2025-09-29T07:33:00.000Z,2025-09-29T07:38:59.999Z,1,-1.282747,0.0000,0.8569,-128.2747,46.9466,LONDON,-1
scalp_fade_3m,BTCUSDT,3m,-1,STOP,2025-09-29T10:09:00.000Z,2025-09-29T10:26:59.999Z,5,-1.318771,0.0000,0.6192,-131.8771,52.7256,LONDON,1
scalp_fade_3m,BTCUSDT,3m,-1,STOP,2025-09-29T19:42:00.000Z,2025-09-29T19:47:59.999Z,1,-1.243445,0.0000,0.7084,-124.3445,40.4025,NY,-1
scalp_fade_3m,BTCUSDT,3m,-1,STOP,2025-09-29T22:51:00.000Z,2025-09-29T22:53:59.999Z,0,-1.358527,0.0000,0.4084,-135.8527,59.6267,LATE,-1
scalp_fade_3m,BTCUSDT,3m,-1,TIME,2025-09-30T02:24:00.000Z,2025-09-30T03:26:59.999Z,20,-0.200277,0.4007,0.4541,-20.0277,34.2376,ASIA,-1
scalp_fade_3m,BTCUSDT,3m,-1,TARGET,2025-09-30T03:45:00.000Z,2025-09-30T04:29:59.999Z,14,0.368171,0.7712,0.4084,36.8171,35.8499,ASIA,-1
scalp_fade_3m,BTCUSDT,3m,1,STOP,2025-09-30T06:30:00.000Z,2025-09-30T06:59:59.999Z,9,-1.276230,0.4133,0.5526,-127.6230,45.6440,ASIA,1
scalp_fade_3m,BTCUSDT,3m,1,STOP,2025-09-30T07:15:00.000Z,2025-09-30T07:20:59.999Z,1,-1.316742,0.0000,0.4954,-131.6742,52.7538,LONDON,1
scalp_fade_3m,BTCUSDT,3m,1,STOP,2025-09-30T13:00:00.000Z,2025-09-30T13:02:59.999Z,0,-1.255294,0.0000,0.6393,-125.5294,42.5896,NY,1
scalp_fade_3m,BTCUSDT,3m,1,TIME,2025-09-30T14:06:00.000Z,2025-09-30T15:08:59.999Z,20,0.048558,0.9339,0.5109,4.8558,21.6751,NY,-1
scalp_fade_3m,BTCUSDT,3m,1,TIME,2025-09-30T15:12:00.000Z,2025-09-30T16:14:59.999Z,20,-0.761196,0.0651,0.7331,-76.1196,25.2816,NY,1
scalp_fade_3m,BTCUSDT,3m,1,STOP,2025-09-30T16:27:00.000Z,2025-09-30T16:41:59.999Z,4,-1.181024,0.0000,0.8074,-118.1024,30.1127,NY,1
scalp_fade_3m,BTCUSDT,3m,-1,TIME,2025-09-30T21:18:00.000Z,2025-09-30T22:20:59.999Z,20,0.306336,0.8250,0.2707,30.6336,30.6909,LATE,1
scalp_fade_3m,BTCUSDT,3m,-1,STOP,2025-09-30T23:24:00.000Z,2025-10-01T00:02:59.999Z,12,-1.252574,0.2010,1.1815,-125.2574,41.4485,LATE,-1
scalp_fade_3m,BTCUSDT,3m,-1,STOP,2025-10-01T03:09:00.000Z,2025-10-01T03:14:59.999Z,1,-1.268228,0.0000,0.6082,-126.8228,44.5290,ASIA,1
scalp_fade_3m,BTCUSDT,3m,-1,STOP,2025-10-01T03:24:00.000Z,2025-10-01T03:26:59.999Z,0,-1.249146,0.0000,0.8027,-124.9146,41.3947,ASIA,1
scalp_fade_3m,BTCUSDT,3m,-1,TARGET,2025-10-01T03:27:00.000Z,2025-10-01T03:50:59.999Z,7,0.647065,1.2405,0.2519,64.7065,27.0648,ASIA,1
scalp_fade_3m,BTCUSDT,3m,-1,STOP,2025-10-01T04:03:00.000Z,2025-10-01T04:20:59.999Z,5,-1.207760,0.0000,0.7309,-120.7760,34.3180,ASIA,-1
scalp_fade_3m,BTCUSDT,3m,-1,STOP,2025-10-01T05:09:00.000Z,2025-10-01T05:11:59.999Z,0,-1.192875,0.0000,0.7460,-119.2875,32.0154,ASIA,1
scalp_fade_3m,BTCUSDT,3m,-1,TARGET,2025-10-01T06:18:00.000Z,2025-10-01T06:23:59.999Z,1,0.542296,0.8594,0.3574,54.2296,30.4435,ASIA,-1
scalp_fade_3m,BTCUSDT,3m,-1,TIME,2025-10-01T06:42:00.000Z,2025-10-01T07:44:59.999Z,20,-0.935849,0.6870,0.5463,-93.5849,38.2953,ASIA,1
scalp_fade_3m,BTCUSDT,3m,-1,STOP,2025-10-01T08:12:00.000Z,2025-10-01T08:17:59.999Z,1,-1.281924,0.0000,0.5461,-128.1924,46.8096,LONDON,1
scalp_fade_3m,BTCUSDT,3m,-1,STOP,2025-10-01T11:33:00.000Z,2025-10-01T11:41:59.999Z,2,-1.278313,0.0000,0.6738,-127.8313,46.1603,LONDON,1
scalp_fade_3m,BTCUSDT,3m,-1,STOP,2025-10-01T13:33:00.000Z,2025-10-01T13:38:59.999Z,1,-1.252099,0.3169,0.6230,-125.2099,41.8435,NY,-1
scalp_fade_3m,BTCUSDT,3m,-1,STOP,2025-10-01T16:06:00.000Z,2025-10-01T16:08:59.999Z,0,-1.185689,0.0000,0.6985,-118.5689,30.8176,NY,1
scalp_fade_3m,BTCUSDT,3m,-1,TARGET,2025-10-01T16:51:00.000Z,2025-10-01T17:44:59.999Z,17,0.917401,1.1321,0.1977,91.7401,18.4278,NY,1
scalp_fade_3m,BTCUSDT,3m,-1,STOP,2025-10-01T20:39:00.000Z,2025-10-01T20:53:59.999Z,4,-1.252634,0.0000,0.7708,-125.2634,41.8022,NY,-1
scalp_fade_3m,BTCUSDT,3m,-1,STOP,2025-10-01T23:00:00.000Z,2025-10-01T23:08:59.999Z,2,-1.248976,0.0000,0.9204,-124.8976,41.2806,LATE,-1
scalp_fade_3m,BTCUSDT,3m,-1,TIME,2025-10-02T01:57:00.000Z,2025-10-02T02:59:59.999Z,20,-0.809372,0.4628,0.4182,-80.9372,33.1513,ASIA,1
scalp_fade_3m,BTCUSDT,3m,-1,TIME,2025-10-02T05:27:00.000Z,2025-10-02T06:29:59.999Z,20,-0.365713,0.8972,0.3989,-36.5713,39.6710,ASIA,-1
scalp_fade_3m,BTCUSDT,3m,-1,STOP,2025-10-02T06:33:00.000Z,2025-10-02T06:44:59.999Z,3,-1.264377,0.0000,0.6963,-126.4377,43.7967,ASIA,-1
scalp_fade_3m,BTCUSDT,3m,-1,STOP,2025-10-02T08:03:00.000Z,2025-10-02T08:29:59.999Z,8,-1.313481,0.5190,0.7837,-131.3481,51.6879,LONDON,-1
scalp_fade_3m,BTCUSDT,3m,-1,STOP,2025-10-02T09:39:00.000Z,2025-10-02T09:44:59.999Z,1,-1.297482,0.0000,0.7228,-129.7482,49.4001,LONDON,1
scalp_fade_3m,BTCUSDT,3m,-1,STOP,2025-10-02T09:45:00.000Z,2025-10-02T09:47:59.999Z,0,-1.278257,0.0000,0.8103,-127.8257,46.2470,LONDON,1
scalp_fade_3m,BTCUSDT,3m,-1,TIME,2025-10-02T10:06:00.000Z,2025-10-02T11:08:59.999Z,20,-0.391112,0.2851,0.4786,-39.1112,40.3092,LONDON,1
scalp_fade_3m,BTCUSDT,3m,-1,STOP,2025-10-02T12:00:00.000Z,2025-10-02T12:02:59.999Z,0,-1.296224,0.0000,0.6670,-129.6224,49.2419,LONDON,1
scalp_fade_3m,BTCUSDT,3m,-1,STOP,2025-10-02T13:21:00.000Z,2025-10-02T13:35:59.999Z,4,-1.202328,0.0000,0.8568,-120.2328,33.4518,NY,1
scalp_fade_3m,BTCUSDT,3m,-1,STOP,2025-10-02T13:42:00.000Z,2025-10-02T13:47:59.999Z,1,-1.179790,0.0000,1.1240,-117.9790,29.8034,NY,-1
scalp_fade_3m,BTCUSDT,3m,-1,STOP,2025-10-02T17:51:00.000Z,2025-10-02T18:05:59.999Z,4,-1.171747,0.0000,1.1276,-117.1747,28.3758,NY,-1
scalp_fade_3m,BTCUSDT,3m,-1,TARGET,2025-10-02T21:00:00.000Z,2025-10-02T21:35:59.999Z,11,0.731301,1.0593,0.6024,73.1301,24.3621,LATE,-1
scalp_fade_3m,BTCUSDT,3m,-1,STOP,2025-10-02T23:00:00.000Z,2025-10-02T23:02:59.999Z,0,-1.241994,0.0000,0.8997,-124.1994,40.2027,LATE,1
scalp_fade_3m,BTCUSDT,3m,-1,STOP,2025-10-02T23:03:00.000Z,2025-10-02T23:20:59.999Z,5,-1.219322,0.1418,0.7960,-121.9322,36.2352,LATE,1
scalp_fade_3m,BTCUSDT,3m,-1,TARGET,2025-10-03T01:12:00.000Z,2025-10-03T01:53:59.999Z,13,0.616071,0.9325,0.2670,61.6071,28.0013,ASIA,-1
scalp_fade_3m,BTCUSDT,3m,-1,STOP,2025-10-03T02:51:00.000Z,2025-10-03T02:56:59.999Z,1,-1.260389,0.0000,0.9002,-126.0389,43.2238,ASIA,1
scalp_fade_3m,BTCUSDT,3m,-1,TIME,2025-10-03T03:36:00.000Z,2025-10-03T04:38:59.999Z,20,0.151578,0.7649,0.4210,15.1578,38.0416,ASIA,-1
scalp_fade_3m,BTCUSDT,3m,-1,STOP,2025-10-03T12:48:00.000Z,2025-10-03T13:20:59.999Z,10,-1.244611,0.2399,0.6401,-124.4611,40.2203,LONDON,-1
scalp_fade_3m,BTCUSDT,3m,-1,TARGET,2025-10-03T17:12:00.000Z,2025-10-03T18:08:59.999Z,18,1.228505,1.3647,0.3033,122.8505,8.5741,NY,1
scalp_fade_3m,BTCUSDT,3m,-1,STOP,2025-10-03T21:57:00.000Z,2025-10-03T22:17:59.999Z,6,-1.217670,0.0000,0.7200,-121.7670,35.9240,LATE,-1
scalp_fade_3m,BTCUSDT,3m,1,TIME,2025-10-04T02:24:00.000Z,2025-10-04T03:26:59.999Z,20,-0.156460,0.4806,0.6024,-15.6460,32.9027,ASIA,-1
scalp_fade_3m,BTCUSDT,3m,-1,TIME,2025-10-04T06:21:00.000Z,2025-10-04T07:23:59.999Z,20,-0.133791,0.5741,0.4370,-13.3791,42.5853,ASIA,-1
scalp_fade_3m,BTCUSDT,3m,-1,STOP,2025-10-04T08:18:00.000Z,2025-10-04T08:20:59.999Z,0,-1.294693,0.0000,0.5612,-129.4693,48.9866,LONDON,1
scalp_fade_3m,BTCUSDT,3m,-1,TARGET,2025-10-04T08:21:00.000Z,2025-10-04T08:47:59.999Z,8,0.471042,0.8212,0.3846,47.1042,32.6451,LONDON,1
scalp_fade_3m,BTCUSDT,3m,1,STOP,2025-10-04T11:33:00.000Z,2025-10-04T11:41:59.999Z,2,-1.290705,0.0000,0.6538,-129.0705,48.3780,LONDON,-1
scalp_fade_3m,BTCUSDT,3m,1,STOP,2025-10-04T16:48:00.000Z,2025-10-04T16:56:59.999Z,2,-1.216274,0.0000,0.6425,-121.6274,36.0254,NY,-1
scalp_fade_3m,BTCUSDT,3m,1,STOP,2025-10-04T18:15:00.000Z,2025-10-04T18:35:59.999Z,6,-1.320054,0.0000,0.6509,-132.0054,53.0286,NY,-1
scalp_fade_3m,BTCUSDT,3m,1,TARGET,2025-10-04T21:00:00.000Z,2025-10-04T21:14:59.999Z,4,0.275599,0.8501,0.4221,27.5599,38.9120,LATE,1
scalp_fade_3m,BTCUSDT,3m,-1,STOP_GAP,2025-10-04T23:33:00.000Z,2025-10-04T23:35:59.999Z,0,-1.493830,0.0000,0.5050,-149.3830,67.8821,LATE,-1
scalp_fade_3m,BTCUSDT,3m,-1,STOP_GAP,2025-10-05T00:18:00.000Z,2025-10-05T00:20:59.999Z,0,-1.395148,0.0000,0.4722,-139.5148,63.3978,ASIA,1
scalp_fade_3m,BTCUSDT,3m,-1,TARGET,2025-10-05T07:18:00.000Z,2025-10-05T07:32:59.999Z,4,0.787288,1.1061,0.1945,78.7288,22.6312,LONDON,1
scalp_fade_3m,BTCUSDT,3m,1,STOP,2025-10-05T12:03:00.000Z,2025-10-05T12:08:59.999Z,1,-1.183892,0.0000,0.7214,-118.3892,30.6831,LONDON,1
scalp_fade_3m,BTCUSDT,3m,1,STOP,2025-10-05T14:36:00.000Z,2025-10-05T14:44:59.999Z,2,-1.260793,0.0000,1.3509,-126.0793,43.4138,NY,1
scalp_fade_3m,BTCUSDT,3m,1,TARGET,2025-10-05T16:00:00.000Z,2025-10-05T16:11:59.999Z,3,0.487153,0.9023,0.3906,48.7153,32.2014,NY,-1
scalp_fade_3m,BTCUSDT,3m,1,STOP,2025-10-05T16:48:00.000Z,2025-10-05T16:50:59.999Z,0,-1.233362,0.0000,2.1055,-123.3362,38.9422,NY,1
scalp_fade_3m,BTCUSDT,3m,1,STOP,2025-10-05T19:27:00.000Z,2025-10-05T19:38:59.999Z,3,-1.227718,0.0000,0.7832,-122.7718,37.8853,NY,-1
scalp_fade_3m,BTCUSDT,3m,-1,STOP,2025-10-06T00:15:00.000Z,2025-10-06T00:17:59.999Z,0,-1.261190,0.0000,2.8800,-126.1190,43.4023,ASIA,1
scalp_fade_3m,BTCUSDT,3m,-1,TIME,2025-10-06T00:27:00.000Z,2025-10-06T01:29:59.999Z,20,-0.788028,0.6861,0.7283,-78.8028,18.5847,ASIA,1
scalp_fade_3m,BTCUSDT,3m,-1,TIME,2025-10-06T01:45:00.000Z,2025-10-06T02:47:59.999Z,20,-0.623896,0.6079,0.5817,-62.3896,21.0381,ASIA,1
scalp_fade_3m,BTCUSDT,3m,-1,STOP,2025-10-06T06:03:00.000Z,2025-10-06T06:35:59.999Z,10,-1.205755,0.1157,0.9829,-120.5755,33.8106,ASIA,1
scalp_fade_3m,BTCUSDT,3m,-1,STOP,2025-10-06T08:12:00.000Z,2025-10-06T08:29:59.999Z,5,-1.227352,0.0000,0.7391,-122.7352,37.5667,LONDON,1
scalp_fade_3m,BTCUSDT,3m,-1,TARGET,2025-10-06T10:57:00.000Z,2025-10-06T11:14:59.999Z,5,0.440647,0.8358,0.2886,44.0647,33.6387,LONDON,1
scalp_fade_3m,BTCUSDT,3m,-1,STOP,2025-10-06T11:30:00.000Z,2025-10-06T12:17:59.999Z,15,-1.189227,0.5289,0.9250,-118.9227,30.9248,LONDON,-1
scalp_fade_3m,BTCUSDT,3m,-1,STOP,2025-10-06T13:39:00.000Z,2025-10-06T13:59:59.999Z,6,-1.151445,0.6126,0.8723,-115.1445,24.9541,NY,1
scalp_fade_3m,BTCUSDT,3m,1,STOP,2025-10-07T00:36:00.000Z,2025-10-07T01:20:59.999Z,14,-1.231909,0.9254,0.9735,-123.1909,38.1448,ASIA,1
scalp_fade_3m,BTCUSDT,3m,1,STOP,2025-10-07T05:03:00.000Z,2025-10-07T05:08:59.999Z,1,-1.243241,0.0985,0.7291,-124.3241,40.5430,ASIA,-1
scalp_fade_3m,BTCUSDT,3m,1,STOP,2025-10-07T05:51:00.000Z,2025-10-07T05:53:59.999Z,0,-1.239194,0.0000,0.6079,-123.9194,39.9121,ASIA,1
scalp_fade_3m,BTCUSDT,3m,1,STOP,2025-10-07T08:12:00.000Z,2025-10-07T08:20:59.999Z,2,-1.218963,0.0653,0.7302,-121.8963,36.4717,LONDON,-1
scalp_fade_3m,BTCUSDT,3m,1,STOP,2025-10-07T11:03:00.000Z,2025-10-07T11:14:59.999Z,3,-1.287493,0.0331,0.5536,-128.7493,47.7953,LONDON,1
scalp_fade_3m,BTCUSDT,3m,-1,TARGET,2025-10-07T13:36:00.000Z,2025-10-07T13:41:59.999Z,1,0.850747,1.2523,0.1771,85.0747,20.6319,NY,-1
scalp_fade_3m,BTCUSDT,3m,1,STOP,2025-10-07T21:15:00.000Z,2025-10-07T21:44:59.999Z,9,-1.196257,0.6591,0.6850,-119.6257,32.4674,LATE,-1
scalp_fade_3m,BTCUSDT,3m,1,STOP,2025-10-07T22:30:00.000Z,2025-10-07T23:20:59.999Z,16,-1.211870,0.1931,0.9042,-121.1870,34.7887,LATE,1
scalp_fade_3m,BTCUSDT,3m,1,STOP,2025-10-08T02:39:00.000Z,2025-10-08T03:08:59.999Z,9,-1.213808,0.2568,0.7176,-121.3808,35.3591,ASIA,1
scalp_fade_3m,BTCUSDT,3m,1,STOP,2025-10-08T05:18:00.000Z,2025-10-08T05:20:59.999Z,0,-1.199173,0.0000,0.7157,-119.9173,33.2564,ASIA,1
scalp_fade_3m,BTCUSDT,3m,1,STOP,2025-10-08T07:27:00.000Z,2025-10-08T07:41:59.999Z,4,-1.193168,0.0000,0.7674,-119.3168,32.1240,LONDON,1
scalp_fade_3m,BTCUSDT,3m,1,TARGET,2025-10-08T07:54:00.000Z,2025-10-08T08:26:59.999Z,10,0.798895,1.1474,0.3632,79.8895,22.2524,LONDON,-1
scalp_fade_3m,BTCUSDT,3m,-1,STOP,2025-10-08T10:12:00.000Z,2025-10-08T10:35:59.999Z,7,-1.186078,0.0000,1.3926,-118.6078,30.6592,LONDON,-1
scalp_fade_3m,BTCUSDT,3m,-1,TIME,2025-10-08T10:36:00.000Z,2025-10-08T11:38:59.999Z,20,-0.410760,0.2233,0.6758,-41.0760,27.9250,LONDON,1
scalp_fade_3m,BTCUSDT,3m,-1,STOP,2025-10-08T12:03:00.000Z,2025-10-08T12:14:59.999Z,3,-1.252989,0.5078,0.6982,-125.2989,41.9046,LONDON,-1
scalp_fade_3m,BTCUSDT,3m,-1,STOP,2025-10-08T14:00:00.000Z,2025-10-08T14:02:59.999Z,0,-1.119622,0.0000,1.3650,-111.9622,19.8054,NY,-1
scalp_fade_3m,BTCUSDT,3m,-1,STOP,2025-10-08T23:18:00.000Z,2025-10-08T23:23:59.999Z,1,-1.285703,0.0000,0.7075,-128.5703,47.4388,LATE,1
scalp_fade_3m,BTCUSDT,3m,-1,STOP,2025-10-08T23:24:00.000Z,2025-10-08T23:26:59.999Z,0,-1.267939,0.0000,0.5887,-126.7939,44.5272,LATE,1
scalp_fade_3m,BTCUSDT,3m,1,TIME,2025-10-09T03:09:00.000Z,2025-10-09T04:11:59.999Z,20,-0.353892,0.3609,0.3503,-35.3892,26.6166,ASIA,-1
scalp_fade_3m,BTCUSDT,3m,1,TARGET,2025-10-09T04:15:00.000Z,2025-10-09T04:23:59.999Z,2,0.650315,0.9417,0.2313,65.0315,27.0250,ASIA,1
scalp_fade_3m,BTCUSDT,3m,1,TIME,2025-10-09T05:15:00.000Z,2025-10-09T06:17:59.999Z,20,-0.772999,0.5083,0.5819,-77.2999,40.7079,ASIA,1
scalp_fade_3m,BTCUSDT,3m,1,STOP,2025-10-09T08:06:00.000Z,2025-10-09T08:11:59.999Z,1,-1.241213,0.0000,0.6629,-124.1213,40.2060,LONDON,-1
scalp_fade_3m,BTCUSDT,3m,1,TARGET,2025-10-09T10:21:00.000Z,2025-10-09T10:38:59.999Z,5,0.637905,0.9802,0.5897,63.7905,27.3961,LONDON,1
scalp_fade_3m,BTCUSDT,3m,1,STOP,2025-10-09T16:24:00.000Z,2025-10-09T16:41:59.999Z,5,-1.144970,0.4183,0.8984,-114.4970,24.1167,NY,-1
scalp_fade_3m,BTCUSDT,3m,1,STOP,2025-10-09T16:42:00.000Z,2025-10-09T16:53:59.999Z,3,-1.129548,0.1677,0.8380,-112.9548,21.6099,NY,1
scalp_fade_3m,BTCUSDT,3m,1,TIME,2025-10-09T18:24:00.000Z,2025-10-09T19:26:59.999Z,20,0.215723,0.7028,0.7414,21.5723,24.5926,NY,1
scalp_fade_3m,BTCUSDT,3m,-1,STOP,2025-10-09T23:54:00.000Z,2025-10-09T23:56:59.999Z,0,-1.280601,0.0000,0.6291,-128.0601,46.6378,LATE,-1
scalp_fade_3m,BTCUSDT,3m,1,TARGET,2025-10-10T03:18:00.000Z,2025-10-10T03:32:59.999Z,4,0.671034,1.0236,0.2256,67.1034,26.3515,ASIA,-1
scalp_fade_3m,BTCUSDT,3m,1,STOP,2025-10-10T03:54:00.000Z,2025-10-10T03:56:59.999Z,0,-1.218659,0.0000,0.6731,-121.8659,36.4970,ASIA,1
scalp_fade_3m,BTCUSDT,3m,1,STOP,2025-10-10T05:03:00.000Z,2025-10-10T05:05:59.999Z,0,-1.260347,0.0000,0.9185,-126.0347,43.4300,ASIA,-1
scalp_fade_3m,BTCUSDT,3m,-1,STOP,2025-10-10T10:51:00.000Z,2025-10-10T10:53:59.999Z,0,-1.256442,0.0000,0.6873,-125.6442,42.6109,LONDON,-1
scalp_fade_3m,BTCUSDT,3m,-1,TIME,2025-10-10T11:54:00.000Z,2025-10-10T12:56:59.999Z,20,-0.980045,0.5019,0.5417,-98.0045,44.5151,LONDON,1
scalp_fade_3m,BTCUSDT,3m,1,STOP,2025-10-10T20:51:00.000Z,2025-10-10T20:53:59.999Z,0,-1.116165,0.1502,2.4026,-111.6165,19.4518,NY,1
scalp_fade_3m,BTCUSDT,3m,1,STOP,2025-10-10T23:51:00.000Z,2025-10-11T00:02:59.999Z,3,-1.056868,0.0254,0.9413,-105.6868,9.5604,LATE,1
scalp_fade_3m,BTCUSDT,3m,1,TARGET,2025-10-11T01:42:00.000Z,2025-10-11T02:41:59.999Z,19,1.173007,1.4843,0.7830,117.3007,10.3630,ASIA,-1
scalp_fade_3m,BTCUSDT,3m,1,TIME,2025-10-11T03:09:00.000Z,2025-10-11T04:11:59.999Z,20,-0.170304,0.1216,0.8241,-17.0304,16.0362,ASIA,1
scalp_fade_3m,BTCUSDT,3m,1,STOP,2025-10-11T04:27:00.000Z,2025-10-11T04:38:59.999Z,3,-1.121339,0.1154,1.0212,-112.1339,20.2489,ASIA,1
scalp_fade_3m,BTCUSDT,3m,1,STOP,2025-10-11T05:18:00.000Z,2025-10-11T05:26:59.999Z,2,-1.126744,0.0000,0.8972,-112.6744,21.1671,ASIA,1
scalp_fade_3m,BTCUSDT,3m,1,TARGET,2025-10-11T11:18:00.000Z,2025-10-11T11:29:59.999Z,3,0.891307,1.3076,0.3621,89.1307,19.3603,LONDON,-1
scalp_fade_3m,BTCUSDT,3m,1,TIME,2025-10-11T13:33:00.000Z,2025-10-11T14:35:59.999Z,20,-0.100852,0.7337,0.1922,-10.0852,23.4165,NY,1
scalp_fade_3m,BTCUSDT,3m,1,STOP,2025-10-11T14:45:00.000Z,2025-10-11T14:56:59.999Z,3,-1.184130,0.0000,0.7035,-118.4130,30.6589,NY,-1
scalp_fade_3m,BTCUSDT,3m,1,TIME,2025-10-11T17:48:00.000Z,2025-10-11T18:50:59.999Z,20,-0.454617,0.2763,0.2838,-45.4617,31.4385,NY,1
scalp_fade_3m,BTCUSDT,3m,1,STOP,2025-10-11T19:03:00.000Z,2025-10-11T19:05:59.999Z,0,-1.261280,0.3677,0.8457,-126.1280,43.5850,NY,-1
scalp_fade_3m,BTCUSDT,3m,1,STOP,2025-10-11T19:09:00.000Z,2025-10-11T19:11:59.999Z,0,-1.195417,0.0000,1.0439,-119.5417,32.6318,NY,-1
scalp_fade_3m,BTCUSDT,3m,1,STOP,2025-10-11T19:12:00.000Z,2025-10-11T19:14:59.999Z,0,-1.171505,0.0000,1.1481,-117.1505,28.6551,NY,-1
scalp_fade_3m,BTCUSDT,3m,1,STOP,2025-10-11T20:48:00.000Z,2025-10-11T20:56:59.999Z,2,-1.102528,0.0165,1.2992,-110.2528,17.1481,NY,-1
scalp_fade_3m,BTCUSDT,3m,1,STOP,2025-10-11T23:33:00.000Z,2025-10-11T23:47:59.999Z,4,-1.172472,0.0821,0.7925,-117.2472,28.6964,LATE,-1
scalp_fade_3m,BTCUSDT,3m,1,STOP,2025-10-11T23:51:00.000Z,2025-10-12T00:02:59.999Z,3,-1.169249,0.0000,1.1220,-116.9249,28.1919,LATE,-1
scalp_fade_3m,BTCUSDT,3m,1,STOP,2025-10-12T00:36:00.000Z,2025-10-12T00:41:59.999Z,1,-1.136678,0.0969,1.3757,-113.6678,22.8394,ASIA,-1
scalp_fade_3m,BTCUSDT,3m,1,TARGET,2025-10-12T01:42:00.000Z,2025-10-12T02:32:59.999Z,16,1.059455,1.3687,0.2832,105.9455,13.9664,ASIA,1
scalp_fade_3m,BTCUSDT,3m,1,STOP,2025-10-12T02:42:00.000Z,2025-10-12T02:53:59.999Z,3,-1.125442,0.3059,0.9644,-112.5442,20.9292,ASIA,1
scalp_fade_3m,BTCUSDT,3m,-1,TIME,2025-10-12T07:24:00.000Z,2025-10-12T08:26:59.999Z,20,-0.436418,0.9320,0.1866,-43.6418,30.9573,LONDON,-1
scalp_fade_3m,BTCUSDT,3m,-1,STOP,2025-10-12T11:09:00.000Z,2025-10-12T11:35:59.999Z,8,-1.196232,0.4749,1.2339,-119.6232,32.3061,LONDON,1
scalp_fade_3m,BTCUSDT,3m,-1,STOP,2025-10-12T12:03:00.000Z,2025-10-12T12:08:59.999Z,1,-1.189780,0.0000,0.9238,-118.9780,31.4669,LONDON,1
scalp_fade_3m,BTCUSDT,3m,-1,TARGET,2025-10-12T13:45:00.000Z,2025-10-12T13:56:59.999Z,3,0.845875,1.1895,0.2425,84.5875,20.7751,NY,1
scalp_fade_3m,BTCUSDT,3m,-1,STOP,2025-10-12T14:48:00.000Z,2025-10-12T14:50:59.999Z,0,-1.119148,0.0379,0.8401,-111.9148,19.7265,NY,1
scalp_fade_3m,BTCUSDT,3m,-1,TIME,2025-10-12T16:45:00.000Z,2025-10-12T17:47:59.999Z,20,-0.338176,0.4019,0.6975,-33.8176,14.4405,NY,-1
scalp_fade_3m,BTCUSDT,3m,-1,TIME,2025-10-13T04:33:00.000Z,2025-10-13T05:35:59.999Z,20,0.416936,1.1195,0.1853,41.6936,25.1046,ASIA,-1
scalp_fade_3m,BTCUSDT,3m,-1,STOP,2025-10-13T06:09:00.000Z,2025-10-13T06:20:59.999Z,3,-1.173846,0.0000,1.1246,-117.3846,28.7539,ASIA,-1
scalp_fade_3m,BTCUSDT,3m,-1,TARGET,2025-10-13T08:21:00.000Z,2025-10-13T09:14:59.999Z,17,0.892051,1.2745,0.3809,89.2051,19.2306,LONDON,-1
scalp_fade_3m,BTCUSDT,3m,1,TARGET,2025-10-13T13:09:00.000Z,2025-10-13T13:32:59.999Z,7,1.014722,1.8156,0.5041,101.4722,15.4216,NY,1
scalp_fade_3m,BTCUSDT,3m,1,TIME,2025-10-13T16:24:00.000Z,2025-10-13T17:26:59.999Z,20,-0.372181,0.7597,0.2995,-37.2181,18.3299,NY,1
scalp_fade_3m,BTCUSDT,3m,1,TARGET,2025-10-13T17:33:00.000Z,2025-10-13T17:59:59.999Z,8,0.942041,1.2999,0.6314,94.2041,17.7233,NY,1
scalp_fade_3m,BTCUSDT,3m,-1,STOP,2025-10-13T20:54:00.000Z,2025-10-13T20:59:59.999Z,1,-1.219275,0.0424,0.7211,-121.9275,36.3779,NY,-1
scalp_fade_3m,BTCUSDT,3m,-1,TIME,2025-10-13T21:00:00.000Z,2025-10-13T22:02:59.999Z,20,-0.970104,0.2660,0.4919,-97.0104,32.1558,LATE,-1
scalp_fade_3m,BTCUSDT,3m,-1,TARGET,2025-10-13T22:12:00.000Z,2025-10-13T22:32:59.999Z,6,0.570041,0.9825,0.2898,57.0041,29.5190,LATE,1
scalp_fade_3m,BTCUSDT,3m,-1,TARGET,2025-10-14T00:18:00.000Z,2025-10-14T00:50:59.999Z,10,0.734764,1.1558,0.5307,73.4764,24.2592,ASIA,-1
scalp_fade_3m,BTCUSDT,3m,1,STOP,2025-10-14T04:21:00.000Z,2025-10-14T04:47:59.999Z,8,-1.152232,0.3076,1.0405,-115.2232,25.2396,ASIA,-1
scalp_fade_3m,BTCUSDT,3m,1,STOP,2025-10-14T05:30:00.000Z,2025-10-14T05:35:59.999Z,1,-1.115879,0.0308,1.0947,-111.5879,19.3840,ASIA,-1
scalp_fade_3m,BTCUSDT,3m,1,STOP,2025-10-14T12:54:00.000Z,2025-10-14T13:11:59.999Z,5,-1.124823,0.0000,0.8716,-112.4823,20.7834,LONDON,-1
scalp_fade_3m,BTCUSDT,3m,1,STOP,2025-10-14T13:30:00.000Z,2025-10-14T13:35:59.999Z,1,-1.136767,0.1936,0.8821,-113.6767,22.8541,NY,-1
scalp_fade_3m,BTCUSDT,3m,1,STOP,2025-10-14T13:36:00.000Z,2025-10-14T13:38:59.999Z,0,-1.106576,0.0000,1.1194,-110.6576,17.8571,NY,-1
scalp_fade_3m,BTCUSDT,3m,-1,TIME,2025-10-14T16:36:00.000Z,2025-10-14T17:38:59.999Z,20,-0.275685,0.7694,0.6099,-27.5685,12.6244,NY,1
scalp_fade_3m,BTCUSDT,3m,-1,STOP,2025-10-14T21:39:00.000Z,2025-10-14T21:44:59.999Z,1,-1.206122,0.0000,1.0819,-120.6122,34.1879,LATE,1
scalp_fade_3m,BTCUSDT,3m,-1,TIME,2025-10-14T23:06:00.000Z,2025-10-15T00:08:59.999Z,20,0.074846,0.8281,0.6626,7.4846,29.1850,LATE,-1
scalp_fade_3m,BTCUSDT,3m,1,STOP,2025-10-15T05:30:00.000Z,2025-10-15T06:17:59.999Z,15,-1.167083,0.6864,1.1044,-116.7083,27.4903,ASIA,1
scalp_fade_3m,BTCUSDT,3m,-1,TARGET,2025-10-15T08:51:00.000Z,2025-10-15T09:23:59.999Z,10,0.967151,1.1459,0.1499,96.7151,16.8859,LONDON,1
scalp_fade_3m,BTCUSDT,3m,1,STOP,2025-10-15T11:12:00.000Z,2025-10-15T11:17:59.999Z,1,-1.160775,0.0000,1.4190,-116.0775,26.8426,LONDON,1
scalp_fade_3m,BTCUSDT,3m,1,STOP,2025-10-15T13:39:00.000Z,2025-10-15T13:47:59.999Z,2,-1.113293,0.0000,1.4318,-111.3293,18.9347,NY,-1
scalp_fade_3m,BTCUSDT,3m,1,STOP,2025-10-15T19:39:00.000Z,2025-10-15T19:56:59.999Z,5,-1.166259,0.0000,0.7244,-116.6259,27.6388,NY,1
scalp_fade_3m,BTCUSDT,3m,1,STOP,2025-10-15T20:00:00.000Z,2025-10-15T20:29:59.999Z,9,-1.181597,0.6228,0.8426,-118.1597,30.0518,NY,1
scalp_fade_3m,BTCUSDT,3m,1,STOP,2025-10-15T20:30:00.000Z,2025-10-15T20:32:59.999Z,0,-1.165341,0.0000,0.9252,-116.5341,27.6299,NY,-1
scalp_fade_3m,BTCUSDT,3m,1,STOP,2025-10-15T20:42:00.000Z,2025-10-15T21:11:59.999Z,9,-1.114428,0.2923,1.2803,-111.4428,18.9849,NY,-1
scalp_fade_3m,BTCUSDT,3m,1,STOP,2025-10-16T00:03:00.000Z,2025-10-16T00:11:59.999Z,2,-1.200500,0.1570,0.7406,-120.0500,33.4076,ASIA,1
scalp_fade_3m,BTCUSDT,3m,1,STOP,2025-10-16T00:21:00.000Z,2025-10-16T00:38:59.999Z,5,-1.163469,0.2329,0.9644,-116.3469,27.1771,ASIA,-1
scalp_fade_3m,BTCUSDT,3m,-1,TIME,2025-10-16T03:33:00.000Z,2025-10-16T04:35:59.999Z,20,-0.446408,0.7353,0.3489,-44.6408,28.2526,ASIA,1
scalp_fade_3m,BTCUSDT,3m,-1,TARGET,2025-10-16T05:36:00.000Z,2025-10-16T05:53:59.999Z,5,0.945288,1.4528,0.1862,94.5288,17.6046,ASIA,1
scalp_fade_3m,BTCUSDT,3m,1,TARGET,2025-10-16T06:09:00.000Z,2025-10-16T06:50:59.999Z,13,0.913006,1.4874,0.5417,91.3006,18.6181,ASIA,1
scalp_fade_3m,BTCUSDT,3m,-1,TARGET,2025-10-16T13:36:00.000Z,2025-10-16T13:59:59.999Z,7,1.000119,1.2097,0.5070,100.0119,15.8534,NY,-1
scalp_fade_3m,BTCUSDT,3m,1,STOP,2025-10-16T20:06:00.000Z,2025-10-16T20:35:59.999Z,9,-1.104281,0.1327,1.2427,-110.4281,17.3130,NY,-1
scalp_fade_3m,BTCUSDT,3m,1,STOP,2025-10-17T01:42:00.000Z,2025-10-17T02:14:59.999Z,10,-1.191391,0.3945,0.9003,-119.1391,31.6329,ASIA,1
scalp_fade_3m,BTCUSDT,3m,-1,TARGET,2025-10-17T04:33:00.000Z,2025-10-17T05:32:59.999Z,19,0.642604,1.0307,0.2872,64.2604,27.1141,ASIA,-1
scalp_fade_3m,BTCUSDT,3m,1,STOP,2025-10-17T13:06:00.000Z,2025-10-17T13:17:59.999Z,3,-1.128422,0.0751,0.8863,-112.8422,21.4232,NY,-1
scalp_fade_3m,BTCUSDT,3m,1,STOP,2025-10-17T13:45:00.000Z,2025-10-17T14:35:59.999Z,16,-1.075686,0.9337,1.0175,-107.5686,12.5111,NY,1
scalp_fade_3m,BTCUSDT,3m,1,TARGET,2025-10-17T14:45:00.000Z,2025-10-17T15:47:59.999Z,20,1.217040,1.3374,0.2493,121.7040,8.9678,NY,-1
scalp_fade_3m,BTCUSDT,3m,-1,STOP,2025-10-17T17:51:00.000Z,2025-10-17T18:23:59.999Z,10,-1.109033,0.2043,0.8768,-110.9033,17.8550,NY,-1
scalp_fade_3m,BTCUSDT,3m,-1,TARGET,2025-10-17T21:39:00.000Z,2025-10-17T22:38:59.999Z,19,0.758182,1.4334,0.5461,75.8182,23.4563,LATE,1
scalp_fade_3m,BTCUSDT,3m,-1,STOP,2025-10-18T00:27:00.000Z,2025-10-18T01:14:59.999Z,15,-1.178520,0.4124,0.7471,-117.8520,29.1676,ASIA,-1
scalp_fade_3m,BTCUSDT,3m,-1,TIME,2025-10-18T10:51:00.000Z,2025-10-18T11:53:59.999Z,20,-0.747341,0.6730,0.2746,-74.7341,38.2995,LONDON,1
scalp_fade_3m,BTCUSDT,3m,-1,TIME,2025-10-18T12:00:00.000Z,2025-10-18T13:02:59.999Z,20,0.086777,0.6822,0.5565,8.6777,36.9252,LONDON,1
scalp_fade_3m,BTCUSDT,3m,-1,TIME,2025-10-18T13:24:00.000Z,2025-10-18T14:26:59.999Z,20,-0.157156,0.9099,0.4412,-15.7156,38.5645,NY,-1
scalp_fade_3m,BTCUSDT,3m,-1,STOP,2025-10-18T14:57:00.000Z,2025-10-18T15:02:59.999Z,1,-1.225447,0.0000,0.6992,-122.5447,37.4057,NY,-1
scalp_fade_3m,BTCUSDT,3m,-1,STOP,2025-10-18T20:18:00.000Z,2025-10-18T20:23:59.999Z,1,-1.233383,0.0000,0.7014,-123.3383,38.7272,NY,1
scalp_fade_3m,BTCUSDT,3m,-1,STOP,2025-10-18T21:27:00.000Z,2025-10-18T21:32:59.999Z,1,-1.238245,0.0000,0.7313,-123.8245,39.5366,LATE,-1
scalp_fade_3m,BTCUSDT,3m,-1,TARGET,2025-10-19T00:12:00.000Z,2025-10-19T00:44:59.999Z,10,0.565605,1.2440,0.4011,56.5605,29.6263,ASIA,1
scalp_fade_3m,BTCUSDT,3m,-1,TIME,2025-10-19T04:33:00.000Z,2025-10-19T05:35:59.999Z,20,-0.512022,0.6565,0.4357,-51.2022,44.6000,ASIA,-1
scalp_fade_3m,BTCUSDT,3m,1,TARGET,2025-10-19T07:42:00.000Z,2025-10-19T08:20:59.999Z,12,0.545210,1.7772,0.3694,54.5210,30.2795,LONDON,1
scalp_fade_3m,BTCUSDT,3m,1,STOP,2025-10-19T08:27:00.000Z,2025-10-19T09:05:59.999Z,12,-1.127923,0.1639,0.8143,-112.7923,21.1428,LONDON,1
scalp_fade_3m,BTCUSDT,3m,-1,TIME,2025-10-19T12:39:00.000Z,2025-10-19T13:41:59.999Z,20,-1.006821,0.7593,0.5502,-100.6821,31.8395,LONDON,-1
scalp_fade_3m,BTCUSDT,3m,-1,STOP,2025-10-19T16:42:00.000Z,2025-10-19T16:44:59.999Z,0,-1.218898,0.0000,1.4298,-121.8898,36.3530,NY,-1
scalp_fade_3m,BTCUSDT,3m,-1,STOP,2025-10-19T22:03:00.000Z,2025-10-19T22:05:59.999Z,0,-1.232210,0.0000,0.7404,-123.2210,38.5718,LATE,-1
scalp_fade_3m,BTCUSDT,3m,1,TIME,2025-10-20T00:42:00.000Z,2025-10-20T01:44:59.999Z,20,-0.172379,0.5059,0.3716,-17.2379,18.6770,ASIA,-1
scalp_fade_3m,BTCUSDT,3m,1,TARGET,2025-10-20T02:15:00.000Z,2025-10-20T02:23:59.999Z,2,0.903787,1.1123,0.2094,90.3787,18.9692,ASIA,1
scalp_fade_3m,BTCUSDT,3m,-1,STOP,2025-10-20T07:03:00.000Z,2025-10-20T07:29:59.999Z,8,-1.184330,0.0000,0.8222,-118.4330,30.3387,LONDON,1
scalp_fade_3m,BTCUSDT,3m,-1,STOP,2025-10-20T07:45:00.000Z,2025-10-20T08:32:59.999Z,15,-1.213530,0.7208,0.6653,-121.3530,34.9133,LONDON,1
scalp_fade_3m,BTCUSDT,3m,-1,TIME,2025-10-20T09:57:00.000Z,2025-10-20T10:59:59.999Z,20,-0.146005,0.6237,0.6780,-14.6005,30.9350,LONDON,-1
scalp_fade_3m,BTCUSDT,3m,-1,STOP,2025-10-20T11:27:00.000Z,2025-10-20T12:23:59.999Z,18,-1.192707,0.2540,0.8720,-119.2707,31.3994,LONDON,-1
scalp_fade_3m,BTCUSDT,3m,-1,STOP,2025-10-20T13:33:00.000Z,2025-10-20T13:47:59.999Z,4,-1.199636,0.4249,0.7355,-119.9636,33.0050,NY,-1
scalp_fade_3m,BTCUSDT,3m,-1,STOP,2025-10-20T14:30:00.000Z,2025-10-20T15:11:59.999Z,13,-1.137679,0.4571,0.8047,-113.7679,22.5110,NY,1
scalp_fade_3m,BTCUSDT,3m,-1,TARGET,2025-10-20T15:57:00.000Z,2025-10-20T16:02:59.999Z,1,0.961541,1.5720,0.1832,96.1541,17.1076,NY,1
scalp_fade_3m,BTCUSDT,3m,1,TIME,2025-10-20T17:54:00.000Z,2025-10-20T18:56:59.999Z,20,0.598768,1.0342,0.2497,59.8768,19.7898,NY,-1
scalp_fade_3m,BTCUSDT,3m,-1,STOP,2025-10-20T20:00:00.000Z,2025-10-20T20:08:59.999Z,2,-1.194755,0.2427,1.5914,-119.4755,32.2617,NY,1
scalp_fade_3m,BTCUSDT,3m,1,STOP,2025-10-20T23:27:00.000Z,2025-10-20T23:53:59.999Z,8,-1.253138,0.1888,0.7511,-125.3138,41.8824,LATE,-1
scalp_fade_3m,BTCUSDT,3m,1,STOP,2025-10-21T01:06:00.000Z,2025-10-21T01:08:59.999Z,0,-1.227717,0.0000,0.6362,-122.7717,38.0033,ASIA,1
scalp_fade_3m,BTCUSDT,3m,1,STOP,2025-10-21T08:03:00.000Z,2025-10-21T08:14:59.999Z,3,-1.200228,0.1446,0.7402,-120.0228,33.3278,LONDON,1
scalp_fade_3m,BTCUSDT,3m,1,STOP,2025-10-21T08:24:00.000Z,2025-10-21T08:38:59.999Z,4,-1.176544,0.0000,0.8342,-117.6544,29.3707,LONDON,1
scalp_fade_3m,BTCUSDT,3m,1,STOP,2025-10-21T10:12:00.000Z,2025-10-21T10:23:59.999Z,3,-1.213964,0.0000,0.7069,-121.3964,35.6051,LONDON,1
scalp_fade_3m,BTCUSDT,3m,-1,TARGET,2025-10-21T12:51:00.000Z,2025-10-21T13:11:59.999Z,6,1.099846,1.9406,0.2763,109.9846,12.6902,LONDON,1
scalp_fade_3m,BTCUSDT,3m,-1,TARGET,2025-10-21T16:42:00.000Z,2025-10-21T16:59:59.999Z,5,1.116000,1.3675,0.3876,111.6000,12.1805,NY,1
scalp_fade_3m,BTCUSDT,3m,1,TIME,2025-10-22T03:30:00.000Z,2025-10-22T04:32:59.999Z,20,-0.004205,0.8386,0.6884,-0.4205,28.0360,ASIA,-1
scalp_fade_3m,BTCUSDT,3m,1,STOP,2025-10-22T05:09:00.000Z,2025-10-22T05:20:59.999Z,3,-1.213719,0.0437,0.7778,-121.3719,35.5645,ASIA,1
scalp_fade_3m,BTCUSDT,3m,1,STOP,2025-10-22T05:51:00.000Z,2025-10-22T06:44:59.999Z,17,-1.185525,0.4375,0.7200,-118.5525,30.4479,ASIA,1
scalp_fade_3m,BTCUSDT,3m,1,TIME,2025-10-22T09:42:00.000Z,2025-10-22T10:44:59.999Z,20,-0.930537,0.3296,0.6741,-93.0537,29.1912,LONDON,-1
scalp_fade_3m,BTCUSDT,3m,1,TIME,2025-10-22T11:12:00.000Z,2025-10-22T12:14:59.999Z,20,-0.363250,0.6530,0.6359,-36.3250,15.3083,LONDON,-1
scalp_fade_3m,BTCUSDT,3m,1,TARGET,2025-10-22T13:33:00.000Z,2025-10-22T13:38:59.999Z,1,0.924875,1.1609,0.6880,92.4875,18.3041,NY,1
scalp_fade_3m,BTCUSDT,3m,1,TARGET,2025-10-22T13:48:00.000Z,2025-10-22T13:59:59.999Z,3,1.115883,1.5837,0.4719,111.5883,12.2249,NY,1
scalp_fade_3m,BTCUSDT,3m,1,TIME,2025-10-22T14:27:00.000Z,2025-10-22T15:29:59.999Z,20,-0.490875,1.1300,0.5562,-49.0875,11.8177,NY,1
scalp_fade_3m,BTCUSDT,3m,-1,TIME,2025-10-22T16:36:00.000Z,2025-10-22T17:38:59.999Z,20,0.198558,0.5466,0.5675,19.8558,12.6294,NY,1
scalp_fade_3m,BTCUSDT,3m,1,TIME,2025-10-22T18:27:00.000Z,2025-10-22T19:29:59.999Z,20,0.017801,0.9206,0.1218,1.7801,19.9900,NY,-1
scalp_fade_3m,BTCUSDT,3m,1,STOP,2025-10-22T19:45:00.000Z,2025-10-22T19:59:59.999Z,4,-1.146550,0.0686,1.2227,-114.6550,24.4033,NY,-1
scalp_fade_3m,BTCUSDT,3m,1,TARGET,2025-10-23T00:33:00.000Z,2025-10-23T01:11:59.999Z,12,0.826121,1.5095,0.1832,82.6121,21.3770,ASIA,1
scalp_fade_3m,BTCUSDT,3m,-1,STOP,2025-10-23T05:03:00.000Z,2025-10-23T05:11:59.999Z,2,-1.224509,0.0801,0.6490,-122.4509,37.2109,ASIA,1
scalp_fade_3m,BTCUSDT,3m,-1,STOP,2025-10-23T08:06:00.000Z,2025-10-23T08:20:59.999Z,4,-1.152116,0.0000,0.8090,-115.2116,25.1171,LONDON,-1
scalp_fade_3m,BTCUSDT,3m,-1,TARGET,2025-10-23T11:24:00.000Z,2025-10-23T11:38:59.999Z,4,0.747930,1.2967,0.5382,74.7930,23.8821,LONDON,-1
scalp_fade_3m,BTCUSDT,3m,-1,STOP,2025-10-23T13:27:00.000Z,2025-10-23T13:35:59.999Z,2,-1.182957,0.1370,1.0758,-118.2957,30.2993,NY,-1
scalp_fade_3m,BTCUSDT,3m,-1,TARGET,2025-10-23T13:36:00.000Z,2025-10-23T14:17:59.999Z,13,0.965912,1.4608,0.6137,96.5912,16.9109,NY,-1
scalp_fade_3m,BTCUSDT,3m,-1,STOP,2025-10-23T14:24:00.000Z,2025-10-23T14:38:59.999Z,4,-1.099251,0.0000,1.0616,-109.9251,16.3420,NY,-1
scalp_fade_3m,BTCUSDT,3m,-1,STOP,2025-10-23T17:12:00.000Z,2025-10-23T17:35:59.999Z,7,-1.113232,0.0854,1.7092,-111.3232,18.6050,NY,1
scalp_fade_3m,BTCUSDT,3m,-1,STOP,2025-10-23T23:54:00.000Z,2025-10-24T00:02:59.999Z,2,-1.266654,0.0000,0.8968,-126.6654,44.2210,LATE,-1
scalp_fade_3m,BTCUSDT,3m,-1,STOP,2025-10-24T00:03:00.000Z,2025-10-24T00:14:59.999Z,3,-1.226979,0.0000,1.2456,-122.6979,37.5826,ASIA,-1
scalp_fade_3m,BTCUSDT,3m,-1,STOP,2025-10-24T02:42:00.000Z,2025-10-24T02:44:59.999Z,0,-1.222844,0.0000,0.7103,-122.2844,37.0107,ASIA,-1
scalp_fade_3m,BTCUSDT,3m,-1,STOP,2025-10-24T05:03:00.000Z,2025-10-24T05:35:59.999Z,10,-1.161825,0.0000,0.8588,-116.1825,26.5636,ASIA,1
scalp_fade_3m,BTCUSDT,3m,-1,STOP,2025-10-24T08:15:00.000Z,2025-10-24T09:08:59.999Z,17,-1.172163,0.8516,0.8636,-117.2163,28.0669,LONDON,-1
scalp_fade_3m,BTCUSDT,3m,-1,STOP,2025-10-24T09:09:00.000Z,2025-10-24T09:50:59.999Z,13,-1.177820,0.0000,0.7297,-117.7820,29.1123,LONDON,-1
scalp_fade_3m,BTCUSDT,3m,-1,TIME,2025-10-24T12:33:00.000Z,2025-10-24T13:35:59.999Z,20,0.476280,0.8548,0.1551,47.6280,16.2642,LONDON,1
scalp_fade_3m,BTCUSDT,3m,-1,TIME,2025-10-24T21:21:00.000Z,2025-10-24T22:23:59.999Z,20,-0.898079,0.1238,0.6237,-89.8079,26.4679,LATE,1
scalp_fade_3m,BTCUSDT,3m,-1,STOP,2025-10-25T00:48:00.000Z,2025-10-25T00:50:59.999Z,0,-1.279482,0.0000,0.6251,-127.9482,46.4513,ASIA,-1
scalp_fade_3m,BTCUSDT,3m,-1,STOP,2025-10-25T02:51:00.000Z,2025-10-25T02:53:59.999Z,0,-1.332590,0.0000,0.5529,-133.2590,55.3034,ASIA,1
scalp_fade_3m,BTCUSDT,3m,-1,STOP,2025-10-25T03:00:00.000Z,2025-10-25T03:02:59.999Z,0,-1.323951,0.0000,0.7628,-132.3951,53.8634,ASIA,1
scalp_fade_3m,BTCUSDT,3m,-1,STOP,2025-10-25T03:24:00.000Z,2025-10-25T04:08:59.999Z,14,-1.316276,0.1376,0.5933,-131.6276,51.8289,ASIA,1
scalp_fade_3m,BTCUSDT,3m,-1,TIME,2025-10-25T07:39:00.000Z,2025-10-25T08:41:59.999Z,20,-0.661042,0.2590,0.5629,-66.1042,31.9950,LONDON,-1
scalp_fade_3m,BTCUSDT,3m,-1,STOP,2025-10-25T11:03:00.000Z,2025-10-25T11:50:59.999Z,15,-1.266173,0.0000,0.5692,-126.6173,43.5529,LONDON,1
scalp_fade_3m,BTCUSDT,3m,-1,STOP,2025-10-25T11:51:00.000Z,2025-10-25T12:20:59.999Z,9,-1.309785,0.2858,0.5813,-130.9785,51.0241,LONDON,1
scalp_fade_3m,BTCUSDT,3m,-1,TIME,2025-10-25T13:06:00.000Z,2025-10-25T14:08:59.999Z,20,-0.581966,0.6504,0.5728,-58.1966,38.9744,NY,1
scalp_fade_3m,BTCUSDT,3m,-1,TARGET,2025-10-25T14:18:00.000Z,2025-10-25T15:05:59.999Z,15,0.353224,0.9837,0.4404,35.3224,36.3134,NY,-1
scalp_fade_3m,BTCUSDT,3m,-1,STOP_GAP,2025-10-25T20:09:00.000Z,2025-10-25T20:11:59.999Z,0,-1.381074,0.0000,0.3765,-138.1074,62.7583,NY,1
scalp_fade_3m,BTCUSDT,3m,1,TARGET,2025-10-25T22:12:00.000Z,2025-10-25T22:50:59.999Z,12,0.293174,0.9851,0.3885,29.3174,38.2670,LATE,1
scalp_fade_3m,BTCUSDT,3m,-1,TIME,2025-10-25T23:06:00.000Z,2025-10-26T00:08:59.999Z,20,-0.516676,0.3280,0.3198,-51.6676,49.0210,LATE,1
scalp_fade_3m,BTCUSDT,3m,-1,STOP,2025-10-26T00:18:00.000Z,2025-10-26T00:23:59.999Z,1,-1.286215,0.0000,0.5828,-128.6215,47.5241,ASIA,1
scalp_fade_3m,BTCUSDT,3m,-1,TARGET,2025-10-26T02:42:00.000Z,2025-10-26T03:41:59.999Z,19,0.503090,0.9665,0.2706,50.3090,31.5294,ASIA,-1
scalp_fade_3m,BTCUSDT,3m,1,STOP_GAP,2025-10-26T05:03:00.000Z,2025-10-26T05:05:59.999Z,0,-1.375457,0.0000,0.3767,-137.5457,62.5030,ASIA,1
scalp_fade_3m,BTCUSDT,3m,-1,STOP,2025-10-26T09:21:00.000Z,2025-10-26T09:23:59.999Z,0,-1.326418,0.0000,1.6683,-132.6418,54.2746,LONDON,1
scalp_fade_3m,BTCUSDT,3m,-1,STOP,2025-10-26T15:54:00.000Z,2025-10-26T15:56:59.999Z,0,-1.252071,0.0000,0.7533,-125.2071,41.8824,NY,-1
scalp_fade_3m,BTCUSDT,3m,-1,STOP,2025-10-26T18:18:00.000Z,2025-10-26T18:20:59.999Z,0,-1.316568,0.0000,0.5517,-131.6568,52.6328,NY,-1
scalp_fade_3m,BTCUSDT,3m,-1,STOP,2025-10-26T18:36:00.000Z,2025-10-26T18:38:59.999Z,0,-1.285954,0.0000,0.6624,-128.5954,47.5300,NY,-1
scalp_fade_3m,BTCUSDT,3m,-1,STOP,2025-10-26T21:36:00.000Z,2025-10-26T22:02:59.999Z,8,-1.172728,0.0706,1.7308,-117.2728,28.4207,LATE,-1
scalp_fade_3m,BTCUSDT,3m,-1,STOP,2025-10-27T00:03:00.000Z,2025-10-27T00:14:59.999Z,3,-1.165156,0.0000,0.7877,-116.5156,27.3100,ASIA,-1
scalp_fade_3m,BTCUSDT,3m,-1,STOP,2025-10-27T04:06:00.000Z,2025-10-27T04:11:59.999Z,1,-1.268949,0.0000,1.0265,-126.8949,44.6490,ASIA,-1
scalp_fade_3m,BTCUSDT,3m,-1,STOP,2025-10-27T04:12:00.000Z,2025-10-27T04:44:59.999Z,10,-1.250142,0.0000,0.6352,-125.0142,41.1327,ASIA,-1
scalp_fade_3m,BTCUSDT,3m,-1,STOP,2025-10-27T09:21:00.000Z,2025-10-27T10:20:59.999Z,19,-1.147611,0.2630,0.8950,-114.7611,23.9967,LONDON,-1
scalp_fade_3m,BTCUSDT,3m,-1,TARGET,2025-10-27T11:12:00.000Z,2025-10-27T11:23:59.999Z,3,0.634227,0.9916,0.3455,63.4227,27.5036,LONDON,1
scalp_fade_3m,BTCUSDT,3m,-1,TIME,2025-10-27T11:33:00.000Z,2025-10-27T12:35:59.999Z,20,0.178019,0.7680,0.5789,17.8019,34.0593,LONDON,-1
scalp_fade_3m,BTCUSDT,3m,1,STOP,2025-10-27T14:06:00.000Z,2025-10-27T14:20:59.999Z,4,-1.131545,0.0000,0.8670,-113.1545,21.9183,NY,1
scalp_fade_3m,BTCUSDT,3m,1,TIME,2025-10-27T15:36:00.000Z,2025-10-27T16:38:59.999Z,20,0.544244,1.0729,0.2932,54.4244,24.5269,NY,1
scalp_fade_3m,BTCUSDT,3m,-1,TARGET,2025-10-27T18:18:00.000Z,2025-10-27T19:02:59.999Z,14,0.730106,1.5181,0.2434,73.0106,24.3793,NY,1
scalp_fade_3m,BTCUSDT,3m,1,STOP,2025-10-27T20:51:00.000Z,2025-10-27T20:56:59.999Z,1,-1.218639,0.0000,1.1901,-121.8639,36.4557,NY,-1
scalp_fade_3m,BTCUSDT,3m,1,TIME,2025-10-28T04:21:00.000Z,2025-10-28T05:23:59.999Z,20,-0.810643,0.3948,0.5118,-81.0643,35.0563,ASIA,-1
scalp_fade_3m,BTCUSDT,3m,-1,STOP,2025-10-28T11:15:00.000Z,2025-10-28T11:20:59.999Z,1,-1.296712,0.0000,0.6739,-129.6712,49.2719,LONDON,1
scalp_fade_3m,BTCUSDT,3m,1,STOP,2025-10-28T23:03:00.000Z,2025-10-28T23:20:59.999Z,5,-1.225500,0.0000,1.0278,-122.5500,37.4399,LATE,1
scalp_fade_3m,BTCUSDT,3m,1,STOP,2025-10-28T23:21:00.000Z,2025-10-29T00:11:59.999Z,16,-1.201177,0.4253,0.7552,-120.1177,33.0395,LATE,-1
scalp_fade_3m,BTCUSDT,3m,1,TIME,2025-10-29T03:06:00.000Z,2025-10-29T04:08:59.999Z,20,-0.068822,0.6184,0.1994,-6.8822,33.2109,ASIA,1
scalp_fade_3m,BTCUSDT,3m,-1,STOP,2025-10-29T12:54:00.000Z,2025-10-29T13:11:59.999Z,5,-1.247098,0.2060,0.8628,-124.7098,40.8409,LONDON,-1
scalp_fade_3m,BTCUSDT,3m,1,STOP,2025-10-29T18:06:00.000Z,2025-10-29T18:35:59.999Z,9,-1.087433,0.4162,1.4416,-108.7433,14.5371,NY,-1
scalp_fade_3m,BTCUSDT,3m,1,STOP,2025-10-29T18:36:00.000Z,2025-10-29T18:41:59.999Z,1,-1.072506,0.3801,1.5751,-107.2506,12.1784,NY,1
scalp_fade_3m,BTCUSDT,3m,1,TIME,2025-10-29T20:03:00.000Z,2025-10-29T21:05:59.999Z,20,0.768793,1.1854,0.5945,76.8793,17.1553,NY,-1
scalp_fade_3m,BTCUSDT,3m,1,STOP,2025-10-29T22:18:00.000Z,2025-10-29T22:29:59.999Z,3,-1.175475,0.0000,0.8196,-117.5475,29.2241,LATE,-1
scalp_fade_3m,BTCUSDT,3m,1,TARGET,2025-10-30T02:00:00.000Z,2025-10-30T02:26:59.999Z,8,0.863301,1.2109,0.5756,86.3301,20.2215,ASIA,1
scalp_fade_3m,BTCUSDT,3m,1,STOP,2025-10-30T03:06:00.000Z,2025-10-30T03:56:59.999Z,16,-1.198734,0.4029,0.8034,-119.8734,32.6399,ASIA,1
scalp_fade_3m,BTCUSDT,3m,1,STOP,2025-10-30T04:06:00.000Z,2025-10-30T04:08:59.999Z,0,-1.176788,0.0000,0.9315,-117.6788,29.5336,ASIA,-1
scalp_fade_3m,BTCUSDT,3m,1,STOP,2025-10-30T11:30:00.000Z,2025-10-30T11:56:59.999Z,8,-1.171667,0.2324,0.7927,-117.1667,28.4451,LONDON,-1
scalp_fade_3m,BTCUSDT,3m,1,STOP,2025-10-30T15:09:00.000Z,2025-10-30T15:38:59.999Z,9,-1.115650,0.1047,0.9797,-111.5650,19.1862,NY,1
scalp_fade_3m,BTCUSDT,3m,1,STOP,2025-10-30T19:06:00.000Z,2025-10-30T19:41:59.999Z,11,-1.122649,0.2267,1.5173,-112.2649,20.2975,NY,-1
scalp_fade_3m,BTCUSDT,3m,1,TARGET,2025-10-30T19:57:00.000Z,2025-10-30T20:53:59.999Z,18,1.145310,1.3448,0.6720,114.5310,11.2422,NY,-1
scalp_fade_3m,BTCUSDT,3m,1,TARGET,2025-10-30T23:27:00.000Z,2025-10-30T23:35:59.999Z,2,0.837911,1.6463,0.2612,83.7911,21.0628,LATE,1
scalp_fade_3m,BTCUSDT,3m,-1,STOP,2025-10-31T03:09:00.000Z,2025-10-31T04:08:59.999Z,19,-1.136258,0.3470,0.7970,-113.6258,22.1411,ASIA,-1
scalp_fade_3m,BTCUSDT,3m,-1,TARGET,2025-10-31T07:21:00.000Z,2025-10-31T07:50:59.999Z,9,0.796243,1.0462,0.2381,79.6243,22.3149,LONDON,-1
scalp_fade_3m,BTCUSDT,3m,-1,TARGET,2025-10-31T08:06:00.000Z,2025-10-31T08:14:59.999Z,2,0.858474,1.1846,0.1763,85.8474,20.3803,LONDON,-1
scalp_fade_3m,BTCUSDT,3m,-1,STOP,2025-10-31T10:39:00.000Z,2025-10-31T10:41:59.999Z,0,-1.206587,0.0000,0.6858,-120.6587,34.3009,LONDON,-1
scalp_fade_3m,BTCUSDT,3m,-1,STOP,2025-10-31T11:48:00.000Z,2025-10-31T11:50:59.999Z,0,-1.203141,0.0000,1.2144,-120.3141,33.7266,LONDON,-1
scalp_fade_3m,BTCUSDT,3m,-1,STOP,2025-10-31T13:48:00.000Z,2025-10-31T14:11:59.999Z,7,-1.104626,0.3004,1.0103,-110.4626,17.1810,NY,1
scalp_fade_3m,BTCUSDT,3m,-1,STOP,2025-10-31T14:36:00.000Z,2025-10-31T14:53:59.999Z,5,-1.113355,0.1007,0.9455,-111.3355,18.6639,NY,-1
scalp_fade_3m,BTCUSDT,3m,1,STOP,2025-10-31T20:51:00.000Z,2025-10-31T21:14:59.999Z,7,-1.174028,0.0000,0.9927,-117.4028,28.8642,NY,1
scalp_fade_3m,BTCUSDT,3m,1,TIME,2025-10-31T21:33:00.000Z,2025-10-31T22:35:59.999Z,20,-0.248036,0.6987,0.4017,-24.8036,34.0657,LATE,-1
scalp_fade_3m,BTCUSDT,3m,1,STOP,2025-11-01T00:03:00.000Z,2025-11-01T00:05:59.999Z,0,-1.292299,0.0000,0.5514,-129.2299,48.7437,ASIA,-1
scalp_fade_3m,BTCUSDT,3m,-1,STOP,2025-11-01T02:48:00.000Z,2025-11-01T03:08:59.999Z,6,-1.233495,0.0000,0.8501,-123.3495,38.5453,ASIA,-1
scalp_fade_3m,BTCUSDT,3m,-1,STOP,2025-11-01T06:36:00.000Z,2025-11-01T07:17:59.999Z,13,-1.303783,0.6622,0.5559,-130.3783,49.8275,ASIA,-1
scalp_fade_3m,BTCUSDT,3m,-1,STOP,2025-11-01T07:18:00.000Z,2025-11-01T07:32:59.999Z,4,-1.272275,0.1342,0.6069,-127.2275,45.0624,LONDON,-1
scalp_fade_3m,BTCUSDT,3m,-1,STOP,2025-11-01T08:03:00.000Z,2025-11-01T08:08:59.999Z,1,-1.296907,0.0000,0.5129,-129.6907,49.3043,LONDON,1
scalp_fade_3m,BTCUSDT,3m,-1,STOP,2025-11-01T09:03:00.000Z,2025-11-01T09:05:59.999Z,0,-1.327413,0.0000,0.5015,-132.7413,54.4405,LONDON,1
scalp_fade_3m,BTCUSDT,3m,-1,STOP,2025-11-01T09:12:00.000Z,2025-11-01T09:17:59.999Z,1,-1.330640,0.0000,0.4680,-133.0640,54.9212,LONDON,1
scalp_fade_3m,BTCUSDT,3m,-1,TARGET,2025-11-01T10:03:00.000Z,2025-11-01T10:14:59.999Z,3,0.440645,0.8020,0.3483,44.0645,33.6579,LONDON,-1
scalp_fade_3m,BTCUSDT,3m,1,STOP,2025-11-01T13:51:00.000Z,2025-11-01T14:11:59.999Z,6,-1.256815,0.0000,0.7440,-125.6815,42.5768,NY,-1
scalp_fade_3m,BTCUSDT,3m,-1,STOP,2025-11-01T20:48:00.000Z,2025-11-01T20:50:59.999Z,0,-1.309325,0.0000,0.5331,-130.9325,51.4256,NY,1
scalp_fade_3m,BTCUSDT,3m,1,STOP,2025-11-01T23:39:00.000Z,2025-11-02T00:20:59.999Z,13,-1.324796,0.4074,0.5869,-132.4796,53.4258,LATE,1
scalp_fade_3m,BTCUSDT,3m,1,STOP,2025-11-02T00:30:00.000Z,2025-11-02T00:38:59.999Z,2,-1.270639,0.0000,0.5576,-127.0639,45.0478,ASIA,1
scalp_fade_3m,BTCUSDT,3m,1,STOP,2025-11-02T01:06:00.000Z,2025-11-02T01:11:59.999Z,1,-1.322524,0.0000,0.5090,-132.2524,53.7144,ASIA,-1
scalp_fade_3m,BTCUSDT,3m,1,STOP,2025-11-02T01:15:00.000Z,2025-11-02T01:50:59.999Z,11,-1.319444,0.2689,0.4880,-131.9444,52.6555,ASIA,-1
scalp_fade_3m,BTCUSDT,3m,-1,STOP,2025-11-02T06:33:00.000Z,2025-11-02T06:44:59.999Z,3,-1.278590,0.2165,0.7251,-127.8590,46.1585,ASIA,1
scalp_fade_3m,BTCUSDT,3m,-1,STOP,2025-11-02T07:09:00.000Z,2025-11-02T07:41:59.999Z,10,-1.261954,0.1793,0.8735,-126.1954,43.0813,LONDON,-1
scalp_fade_3m,BTCUSDT,3m,-1,STOP,2025-11-02T07:42:00.000Z,2025-11-02T07:50:59.999Z,2,-1.258553,0.0000,0.9137,-125.8553,42.8735,LONDON,-1
scalp_fade_3m,BTCUSDT,3m,-1,TARGET,2025-11-02T10:03:00.000Z,2025-11-02T10:32:59.999Z,9,0.699253,1.1770,0.5024,69.9253,25.3931,LONDON,1
scalp_fade_3m,BTCUSDT,3m,1,STOP,2025-11-02T15:42:00.000Z,2025-11-02T15:59:59.999Z,5,-1.208349,0.0000,0.9930,-120.8349,34.6023,NY,1
scalp_fade_3m,BTCUSDT,3m,1,TIME,2025-11-02T17:36:00.000Z,2025-11-02T18:38:59.999Z,20,0.011184,0.7135,0.2519,1.1184,40.4914,NY,1
scalp_fade_3m,BTCUSDT,3m,1,STOP,2025-11-02T19:09:00.000Z,2025-11-02T19:17:59.999Z,2,-1.306916,0.0000,0.5874,-130.6916,51.0684,NY,1
scalp_fade_3m,BTCUSDT,3m,1,TIME,2025-11-02T20:36:00.000Z,2025-11-02T21:38:59.999Z,20,-0.758017,0.1661,0.4835,-75.8017,42.3803,NY,1
scalp_fade_3m,BTCUSDT,3m,1,STOP,2025-11-02T21:57:00.000Z,2025-11-02T22:05:59.999Z,2,-1.316755,0.0000,0.5756,-131.6755,52.7013,LATE,1
scalp_fade_3m,BTCUSDT,3m,1,STOP,2025-11-02T22:33:00.000Z,2025-11-02T22:35:59.999Z,0,-1.305902,0.0000,2.2355,-130.5902,51.0059,LATE,-1
scalp_fade_3m,BTCUSDT,3m,1,STOP,2025-11-03T02:15:00.000Z,2025-11-03T02:29:59.999Z,4,-1.142637,0.0000,1.1695,-114.2637,23.7552,ASIA,-1
scalp_fade_3m,BTCUSDT,3m,1,STOP,2025-11-03T05:24:00.000Z,2025-11-03T05:44:59.999Z,6,-1.153384,0.3083,0.8625,-115.3384,25.4823,ASIA,1
scalp_fade_3m,BTCUSDT,3m,1,STOP,2025-11-03T06:12:00.000Z,2025-11-03T06:50:59.999Z,12,-1.153011,0.7026,0.8993,-115.3011,25.2637,ASIA,1
scalp_fade_3m,BTCUSDT,3m,1,STOP,2025-11-03T09:21:00.000Z,2025-11-03T09:38:59.999Z,5,-1.139462,0.0000,0.7719,-113.9462,23.2053,LONDON,-1
scalp_fade_3m,BTCUSDT,3m,1,TARGET,2025-11-03T11:06:00.000Z,2025-11-03T12:05:59.999Z,19,1.053720,1.7369,0.1925,105.3720,14.1360,LONDON,1
scalp_fade_3m,BTCUSDT,3m,1,STOP,2025-11-03T12:39:00.000Z,2025-11-03T13:08:59.999Z,9,-1.156039,0.1061,0.8208,-115.6039,25.8409,LONDON,1
scalp_fade_3m,BTCUSDT,3m,1,TARGET,2025-11-03T13:27:00.000Z,2025-11-03T13:41:59.999Z,4,0.820398,1.1489,0.1849,82.0398,21.6072,NY,-1
scalp_fade_3m,BTCUSDT,3m,1,STOP,2025-11-03T14:15:00.000Z,2025-11-03T14:26:59.999Z,3,-1.136634,0.0013,0.7945,-113.6634,22.7846,NY,1
scalp_fade_3m,BTCUSDT,3m,1,STOP,2025-11-03T18:42:00.000Z,2025-11-03T19:05:59.999Z,7,-1.130012,0.2723,0.9639,-113.0012,21.5971,NY,-1
scalp_fade_3m,BTCUSDT,3m,1,STOP,2025-11-03T20:33:00.000Z,2025-11-03T20:47:59.999Z,4,-1.134199,0.1303,0.9800,-113.4199,22.3577,NY,1
scalp_fade_3m,BTCUSDT,3m,1,STOP,2025-11-03T22:03:00.000Z,2025-11-03T22:23:59.999Z,6,-1.132018,0.0468,0.8294,-113.2018,21.9510,LATE,1
scalp_fade_3m,BTCUSDT,3m,1,STOP,2025-11-04T00:03:00.000Z,2025-11-04T00:17:59.999Z,4,-1.171006,0.1835,1.0742,-117.1006,28.4536,ASIA,1
scalp_fade_3m,BTCUSDT,3m,1,STOP,2025-11-04T02:42:00.000Z,2025-11-04T02:47:59.999Z,1,-1.145939,0.0000,0.9517,-114.5939,24.3779,ASIA,1
scalp_fade_3m,BTCUSDT,3m,1,STOP,2025-11-04T07:03:00.000Z,2025-11-04T07:14:59.999Z,3,-1.114452,0.0000,0.8283,-111.4452,19.1071,LONDON,1
scalp_fade_3m,BTCUSDT,3m,1,STOP,2025-11-04T07:18:00.000Z,2025-11-04T08:05:59.999Z,15,-1.111807,0.1507,0.9060,-111.1807,18.4388,LONDON,-1
scalp_fade_3m,BTCUSDT,3m,1,TARGET,2025-11-04T10:51:00.000Z,2025-11-04T11:20:59.999Z,9,1.023028,1.4865,0.2700,102.3028,15.1494,LONDON,-1
scalp_fade_3m,BTCUSDT,3m,-1,TIME,2025-11-05T04:09:00.000Z,2025-11-05T05:11:59.999Z,20,-0.490931,1.0822,0.3246,-49.0931,19.9811,ASIA,1
scalp_fade_3m,BTCUSDT,3m,-1,TIME,2025-11-05T08:51:00.000Z,2025-11-05T09:53:59.999Z,20,-0.578004,0.1889,0.8145,-57.8004,16.4407,LONDON,-1
scalp_fade_3m,BTCUSDT,3m,-1,TARGET,2025-11-05T14:03:00.000Z,2025-11-05T14:35:59.999Z,10,1.054136,1.4668,0.2104,105.4136,14.1260,NY,1
scalp_fade_3m,BTCUSDT,3m,-1,STOP,2025-11-05T14:42:00.000Z,2025-11-05T15:41:59.999Z,19,-1.092612,0.2115,1.1656,-109.2612,15.0073,NY,-1
scalp_fade_3m,BTCUSDT,3m,-1,TIME,2025-11-05T19:18:00.000Z,2025-11-05T20:20:59.999Z,20,-0.389938,1.0094,0.4853,-38.9938,25.0366,NY,1
scalp_fade_3m,BTCUSDT,3m,1,TIME,2025-11-06T07:42:00.000Z,2025-11-06T08:44:59.999Z,20,-0.190240,0.6504,0.3478,-19.0240,20.3361,LONDON,-1
scalp_fade_3m,BTCUSDT,3m,1,STOP,2025-11-06T09:00:00.000Z,2025-11-06T09:02:59.999Z,0,-1.175705,0.0086,0.9899,-117.5705,29.3535,LONDON,1
scalp_fade_3m,BTCUSDT,3m,1,TIME,2025-11-06T09:03:00.000Z,2025-11-06T10:05:59.999Z,20,-0.939510,0.4505,0.6600,-93.9510,24.9941,LONDON,1
scalp_fade_3m,BTCUSDT,3m,1,TIME,2025-11-06T11:03:00.000Z,2025-11-06T12:05:59.999Z,20,-0.288739,0.9142,0.5819,-28.8739,26.5412,LONDON,1
scalp_fade_3m,BTCUSDT,3m,1,STOP,2025-11-06T12:36:00.000Z,2025-11-06T12:44:59.999Z,2,-1.173732,0.0717,1.2851,-117.3732,28.9652,LONDON,1
scalp_fade_3m,BTCUSDT,3m,1,STOP,2025-11-06T14:06:00.000Z,2025-11-06T14:08:59.999Z,0,-1.123885,0.0000,0.8086,-112.3885,20.7356,NY,1
scalp_fade_3m,BTCUSDT,3m,1,STOP,2025-11-06T14:48:00.000Z,2025-11-06T14:53:59.999Z,1,-1.083462,0.0000,0.9847,-108.3462,13.9985,NY,-1
scalp_fade_3m,BTCUSDT,3m,1,STOP,2025-11-06T15:54:00.000Z,2025-11-06T16:35:59.999Z,13,-1.081624,0.3837,1.0151,-108.1624,13.5240,NY,1
scalp_fade_3m,BTCUSDT,3m,1,TARGET,2025-11-06T18:18:00.000Z,2025-11-06T18:50:59.999Z,10,1.120724,2.0566,0.3682,112.0724,12.0473,NY,1
scalp_fade_3m,BTCUSDT,3m,1,STOP,2025-11-06T23:18:00.000Z,2025-11-07T00:20:59.999Z,20,-1.163091,0.9155,0.8268,-116.3091,26.6997,LATE,1
scalp_fade_3m,BTCUSDT,3m,1,TIME,2025-11-07T01:36:00.000Z,2025-11-07T02:38:59.999Z,20,0.453902,0.9941,0.2196,45.3902,15.9593,ASIA,1
scalp_fade_3m,BTCUSDT,3m,-1,STOP,2025-11-07T04:24:00.000Z,2025-11-07T05:05:59.999Z,13,-1.161523,0.6386,0.7516,-116.1523,26.4322,ASIA,-1
scalp_fade_3m,BTCUSDT,3m,-1,TARGET,2025-11-07T07:51:00.000Z,2025-11-07T08:41:59.999Z,16,0.785711,1.1696,0.6289,78.5711,22.6043,LONDON,1
scalp_fade_3m,BTCUSDT,3m,1,STOP,2025-11-07T14:33:00.000Z,2025-11-07T14:38:59.999Z,1,-1.118260,0.0000,1.3421,-111.8260,19.7796,NY,-1
scalp_fade_3m,BTCUSDT,3m,-1,STOP,2025-11-07T20:09:00.000Z,2025-11-07T20:38:59.999Z,9,-1.131643,0.2348,0.8073,-113.1643,21.6070,NY,1
scalp_fade_3m,BTCUSDT,3m,-1,STOP,2025-11-07T22:15:00.000Z,2025-11-07T22:20:59.999Z,1,-1.147307,0.0000,0.7931,-114.7307,24.3947,LATE,1
scalp_fade_3m,BTCUSDT,3m,-1,STOP,2025-11-08T02:15:00.000Z,2025-11-08T02:20:59.999Z,1,-1.194829,0.0000,0.7607,-119.4829,32.3076,ASIA,-1
scalp_fade_3m,BTCUSDT,3m,1,STOP,2025-11-08T04:39:00.000Z,2025-11-08T04:56:59.999Z,5,-1.179327,0.3652,0.7220,-117.9327,29.8008,ASIA,-1
scalp_fade_3m,BTCUSDT,3m,1,TIME,2025-11-08T06:18:00.000Z,2025-11-08T07:20:59.999Z,20,-0.879651,0.2516,0.5958,-87.9651,24.2699,ASIA,-1
scalp_fade_3m,BTCUSDT,3m,1,STOP,2025-11-08T11:27:00.000Z,2025-11-08T11:32:59.999Z,1,-1.259885,0.1491,0.6990,-125.9885,43.3081,LONDON,1
scalp_fade_3m,BTCUSDT,3m,1,STOP,2025-11-08T13:45:00.000Z,2025-11-08T14:02:59.999Z,5,-1.162639,0.0000,0.8788,-116.2639,27.0398,NY,1
scalp_fade_3m,BTCUSDT,3m,1,STOP,2025-11-08T16:45:00.000Z,2025-11-08T17:08:59.999Z,7,-1.183481,0.1907,0.8396,-118.3481,30.4251,NY,1
scalp_fade_3m,BTCUSDT,3m,1,STOP,2025-11-08T19:21:00.000Z,2025-11-08T19:23:59.999Z,0,-1.203828,0.0000,0.9872,-120.3828,34.0306,NY,1
scalp_fade_3m,BTCUSDT,3m,-1,STOP,2025-11-08T22:42:00.000Z,2025-11-08T22:47:59.999Z,1,-1.271982,0.1004,0.5617,-127.1982,45.1542,LATE,-1
scalp_fade_3m,BTCUSDT,3m,1,STOP,2025-11-09T02:09:00.000Z,2025-11-09T02:41:59.999Z,10,-1.216331,0.0944,0.7060,-121.6331,35.7380,ASIA,1
scalp_fade_3m,BTCUSDT,3m,1,STOP,2025-11-09T06:48:00.000Z,2025-11-09T06:56:59.999Z,2,-1.235816,0.0000,0.6426,-123.5816,39.2687,ASIA,-1
scalp_fade_3m,BTCUSDT,3m,-1,TARGET,2025-11-09T09:36:00.000Z,2025-11-09T09:53:59.999Z,5,0.643179,1.1507,0.3693,64.3179,27.2036,LONDON,1
scalp_fade_3m,BTCUSDT,3m,-1,STOP,2025-11-09T22:18:00.000Z,2025-11-09T23:02:59.999Z,14,-1.136178,0.9996,1.8481,-113.6178,22.2414,LATE,-1
scalp_fade_3m,BTCUSDT,3m,-1,STOP,2025-11-10T00:12:00.000Z,2025-11-10T00:20:59.999Z,2,-1.120337,0.0024,1.2693,-112.0337,19.8833,ASIA,-1
scalp_fade_3m,BTCUSDT,3m,-1,TIME,2025-11-10T01:24:00.000Z,2025-11-10T02:26:59.999Z,20,0.134957,0.6985,0.4088,13.4957,17.1479,ASIA,1
scalp_fade_3m,BTCUSDT,3m,-1,STOP,2025-11-10T04:00:00.000Z,2025-11-10T04:11:59.999Z,3,-1.156381,0.0000,0.8371,-115.6381,25.8519,ASIA,1
scalp_fade_3m,BTCUSDT,3m,-1,STOP,2025-11-10T04:51:00.000Z,2025-11-10T05:05:59.999Z,4,-1.180502,0.0000,0.7793,-118.0502,29.8290,ASIA,1
scalp_fade_3m,BTCUSDT,3m,-1,STOP,2025-11-10T07:06:00.000Z,2025-11-10T07:08:59.999Z,0,-1.216899,0.0000,0.6879,-121.6899,36.0198,LONDON,1
scalp_fade_3m,BTCUSDT,3m,-1,TARGET,2025-11-10T08:09:00.000Z,2025-11-10T08:32:59.999Z,7,0.729371,1.0216,0.3171,72.9371,24.4511,LONDON,-1
scalp_fade_3m,BTCUSDT,3m,-1,STOP,2025-11-10T09:18:00.000Z,2025-11-10T09:20:59.999Z,0,-1.183547,0.0000,0.7187,-118.3547,30.4605,LONDON,1
scalp_fade_3m,BTCUSDT,3m,-1,STOP,2025-11-10T13:06:00.000Z,2025-11-10T13:08:59.999Z,0,-1.185752,0.0000,0.9886,-118.5752,30.8281,NY,-1
scalp_fade_3m,BTCUSDT,3m,1,TARGET,2025-11-10T22:12:00.000Z,2025-11-10T22:53:59.999Z,13,0.889465,1.1557,0.5622,88.9465,19.3640,LATE,-1
scalp_fade_3m,BTCUSDT,3m,1,TIME,2025-11-11T09:45:00.000Z,2025-11-11T10:47:59.999Z,20,-0.419513,0.3020,0.6583,-41.9513,30.0197,LONDON,1
scalp_fade_3m,BTCUSDT,3m,1,STOP,2025-11-11T11:51:00.000Z,2025-11-11T12:23:59.999Z,10,-1.191129,0.9008,0.7266,-119.1129,31.5898,LONDON,1
scalp_fade_3m,BTCUSDT,3m,1,STOP,2025-11-11T14:33:00.000Z,2025-11-11T14:50:59.999Z,5,-1.158231,0.3005,1.1037,-115.8231,26.3106,NY,1
scalp_fade_3m,BTCUSDT,3m,1,STOP,2025-11-11T15:15:00.000Z,2025-11-11T15:35:59.999Z,6,-1.100176,0.3639,1.0536,-110.0176,16.6883,NY,1
scalp_fade_3m,BTCUSDT,3m,1,STOP,2025-11-11T19:03:00.000Z,2025-11-11T19:08:59.999Z,1,-1.142804,0.0626,0.8615,-114.2804,23.8571,NY,1
scalp_fade_3m,BTCUSDT,3m,1,TARGET,2025-11-11T23:03:00.000Z,2025-11-12T00:02:59.999Z,19,0.832343,1.4397,0.2319,83.2343,21.1379,LATE,1
scalp_fade_3m,BTCUSDT,3m,1,STOP,2025-11-12T02:21:00.000Z,2025-11-12T02:32:59.999Z,3,-1.186907,0.2321,0.9514,-118.6907,31.1194,ASIA,1
scalp_fade_3m,BTCUSDT,3m,1,TIME,2025-11-12T02:33:00.000Z,2025-11-12T03:35:59.999Z,20,0.188230,0.8084,0.3607,18.8230,26.5525,ASIA,1
scalp_fade_3m,BTCUSDT,3m,-1,TARGET,2025-11-12T07:33:00.000Z,2025-11-12T07:53:59.999Z,6,0.510874,0.9617,0.5439,51.0874,31.3984,LONDON,1
scalp_fade_3m,BTCUSDT,3m,-1,STOP,2025-11-12T08:18:00.000Z,2025-11-12T08:20:59.999Z,0,-1.205596,0.0000,0.8733,-120.5596,34.1358,LONDON,-1
scalp_fade_3m,BTCUSDT,3m,-1,STOP,2025-11-12T11:24:00.000Z,2025-11-12T12:14:59.999Z,16,-1.168160,0.4033,0.7581,-116.8160,27.4393,LONDON,1
scalp_fade_3m,BTCUSDT,3m,1,STOP,2025-11-12T18:45:00.000Z,2025-11-12T19:08:59.999Z,7,-1.149928,0.1197,1.2551,-114.9928,24.8853,NY,-1
scalp_fade_3m,BTCUSDT,3m,1,STOP,2025-11-12T22:09:00.000Z,2025-11-12T22:14:59.999Z,1,-1.199062,0.0051,0.8054,-119.9062,33.2034,LATE,1
scalp_fade_3m,BTCUSDT,3m,1,STOP,2025-11-12T23:06:00.000Z,2025-11-12T23:53:59.999Z,15,-1.173170,0.8189,0.7377,-117.3170,28.4871,LATE,1
scalp_fade_3m,BTCUSDT,3m,1,STOP,2025-11-13T00:06:00.000Z,2025-11-13T00:26:59.999Z,6,-1.200967,0.3320,0.9203,-120.0967,33.3466,ASIA,1
scalp_fade_3m,BTCUSDT,3m,-1,TIME,2025-11-13T10:21:00.000Z,2025-11-13T11:23:59.999Z,20,0.115032,0.6587,0.3002,11.5032,22.7774,LONDON,-1
scalp_fade_3m,BTCUSDT,3m,-1,STOP,2025-11-13T12:03:00.000Z,2025-11-13T12:38:59.999Z,11,-1.169716,0.7229,0.7831,-116.9716,27.8368,LONDON,1
scalp_fade_3m,BTCUSDT,3m,-1,TARGET,2025-11-13T12:39:00.000Z,2025-11-13T13:26:59.999Z,15,0.903524,1.3638,0.2118,90.3524,18.8779,LONDON,-1
scalp_fade_3m,BTCUSDT,3m,1,TARGET,2025-11-13T14:36:00.000Z,2025-11-13T14:53:59.999Z,5,1.135132,2.0934,0.7682,113.5132,11.6068,NY,-1
scalp_fade_3m,BTCUSDT,3m,1,STOP,2025-11-13T15:03:00.000Z,2025-11-13T15:38:59.999Z,11,-1.061832,0.4947,0.9748,-106.1832,10.2977,NY,1
scalp_fade_3m,BTCUSDT,3m,1,STOP,2025-11-13T16:36:00.000Z,2025-11-13T16:56:59.999Z,6,-1.092484,0.0519,1.1771,-109.2484,15.4170,NY,-1
scalp_fade_3m,BTCUSDT,3m,1,STOP,2025-11-13T19:57:00.000Z,2025-11-13T20:08:59.999Z,3,-1.081411,0.0210,0.8900,-108.1411,13.6293,NY,1
scalp_fade_3m,BTCUSDT,3m,1,STOP,2025-11-13T23:54:00.000Z,2025-11-14T00:02:59.999Z,2,-1.103586,0.1171,0.8713,-110.3586,17.3237,LATE,1
scalp_fade_3m,BTCUSDT,3m,1,STOP,2025-11-14T02:48:00.000Z,2025-11-14T03:08:59.999Z,6,-1.136949,0.2597,0.7854,-113.6949,22.7659,ASIA,1
scalp_fade_3m,BTCUSDT,3m,1,STOP,2025-11-14T04:33:00.000Z,2025-11-14T04:35:59.999Z,0,-1.109101,0.2209,1.1389,-110.9101,18.2769,ASIA,1
scalp_fade_3m,BTCUSDT,3m,1,TIME,2025-11-14T09:48:00.000Z,2025-11-14T10:50:59.999Z,20,0.031338,0.6178,0.4151,3.1338,17.6843,LONDON,-1
scalp_fade_3m,BTCUSDT,3m,1,STOP,2025-11-14T10:57:00.000Z,2025-11-14T11:17:59.999Z,6,-1.154358,0.0642,0.8901,-115.4358,25.6432,LONDON,1
scalp_fade_3m,BTCUSDT,3m,1,STOP,2025-11-14T12:51:00.000Z,2025-11-14T13:41:59.999Z,16,-1.069626,0.3915,0.8959,-106.9626,11.5197,LONDON,-1
scalp_fade_3m,BTCUSDT,3m,1,TARGET,2025-11-14T14:33:00.000Z,2025-11-14T14:38:59.999Z,1,1.217685,1.6845,0.4331,121.7685,8.9955,NY,1
scalp_fade_3m,BTCUSDT,3m,1,TARGET,2025-11-14T22:15:00.000Z,2025-11-14T22:32:59.999Z,5,1.047259,1.4667,0.2250,104.7259,14.3971,LATE,1
scalp_fade_3m,BTCUSDT,3m,-1,TARGET,2025-11-15T07:27:00.000Z,2025-11-15T08:23:59.999Z,18,0.900195,1.2397,0.2099,90.0195,18.9673,LONDON,-1
scalp_fade_3m,BTCUSDT,3m,-1,TIME,2025-11-15T08:39:00.000Z,2025-11-15T09:41:59.999Z,20,-0.327943,1.1186,0.4871,-32.7943,25.0649,LONDON,-1
scalp_fade_3m,BTCUSDT,3m,1,STOP,2025-11-15T11:15:00.000Z,2025-11-15T11:17:59.999Z,0,-1.221353,0.0000,0.6462,-122.1353,36.9450,LONDON,1
scalp_fade_3m,BTCUSDT,3m,1,STOP,2025-11-15T11:39:00.000Z,2025-11-15T11:47:59.999Z,2,-1.218961,0.0000,1.0075,-121.8961,36.4714,LONDON,-1
scalp_fade_3m,BTCUSDT,3m,-1,TIME,2025-11-15T14:24:00.000Z,2025-11-15T15:26:59.999Z,20,-0.907354,0.6259,0.5027,-90.7354,26.8995,NY,1
scalp_fade_3m,BTCUSDT,3m,-1,TARGET,2025-11-15T15:27:00.000Z,2025-11-15T16:08:59.999Z,13,0.876549,1.7958,0.2783,87.6549,19.7438,NY,1
scalp_fade_3m,BTCUSDT,3m,-1,TIME,2025-11-15T17:24:00.000Z,2025-11-15T18:26:59.999Z,20,-0.115352,0.7840,0.6399,-11.5352,26.0343,NY,1
scalp_fade_3m,BTCUSDT,3m,1,STOP,2025-11-15T21:09:00.000Z,2025-11-15T21:41:59.999Z,10,-1.147233,0.3361,0.9425,-114.7233,24.3649,LATE,1
scalp_fade_3m,BTCUSDT,3m,1,TIME,2025-11-15T22:48:00.000Z,2025-11-15T23:50:59.999Z,20,-0.439964,0.5397,0.4500,-43.9964,32.4611,LATE,1
scalp_fade_3m,BTCUSDT,3m,1,STOP,2025-11-16T00:06:00.000Z,2025-11-16T00:17:59.999Z,3,-1.209389,0.0000,0.8253,-120.9389,34.8465,ASIA,1
scalp_fade_3m,BTCUSDT,3m,1,STOP,2025-11-16T01:00:00.000Z,2025-11-16T01:02:59.999Z,0,-1.191244,0.0000,1.2650,-119.1244,31.9377,ASIA,-1
scalp_fade_3m,BTCUSDT,3m,1,STOP,2025-11-16T01:18:00.000Z,2025-11-16T01:41:59.999Z,7,-1.139746,0.4240,1.1917,-113.9746,23.2042,ASIA,-1
scalp_fade_3m,BTCUSDT,3m,-1,TIME,2025-11-16T04:00:00.000Z,2025-11-16T05:02:59.999Z,20,-0.853033,0.4181,0.5693,-85.3033,32.6862,ASIA,-1
scalp_fade_3m,BTCUSDT,3m,-1,TIME,2025-11-16T06:39:00.000Z,2025-11-16T07:41:59.999Z,20,-0.895456,0.7893,0.4221,-89.5456,44.8572,ASIA,1
scalp_fade_3m,BTCUSDT,3m,-1,STOP,2025-11-16T08:12:00.000Z,2025-11-16T08:14:59.999Z,0,-1.213730,0.0000,0.6488,-121.3730,35.4916,LONDON,-1
scalp_fade_3m,BTCUSDT,3m,-1,STOP,2025-11-16T09:03:00.000Z,2025-11-16T09:44:59.999Z,13,-1.196455,0.0778,0.9299,-119.6455,32.1769,LONDON,1
scalp_fade_3m,BTCUSDT,3m,1,STOP,2025-11-16T15:03:00.000Z,2025-11-16T15:53:59.999Z,16,-1.192744,0.4814,2.8421,-119.2744,31.6599,NY,1
scalp_fade_3m,BTCUSDT,3m,1,STOP,2025-11-16T17:18:00.000Z,2025-11-16T17:56:59.999Z,12,-1.120225,0.6366,1.0630,-112.0225,19.8785,NY,1
scalp_fade_3m,BTCUSDT,3m,1,TARGET,2025-11-16T17:57:00.000Z,2025-11-16T18:02:59.999Z,1,1.132368,1.5799,0.1003,113.2368,11.7078,NY,-1
scalp_fade_3m,BTCUSDT,3m,1,TARGET,2025-11-16T19:54:00.000Z,2025-11-16T20:29:59.999Z,11,1.075697,1.2814,0.3196,107.5697,13.4712,NY,1
scalp_fade_3m,BTCUSDT,3m,1,TARGET,2025-11-16T22:15:00.000Z,2025-11-16T22:50:59.999Z,11,1.076055,1.8332,0.4632,107.6055,13.4599,LATE,-1
scalp_fade_3m,BTCUSDT,3m,1,TARGET,2025-11-16T23:03:00.000Z,2025-11-16T23:26:59.999Z,7,1.260340,1.4001,0.2749,126.0340,7.6265,LATE,1
scalp_fade_3m,BTCUSDT,3m,1,TARGET,2025-11-17T00:18:00.000Z,2025-11-17T00:29:59.999Z,3,1.116079,1.3208,0.4751,111.6079,12.2187,ASIA,1
scalp_fade_3m,BTCUSDT,3m,-1,TIME,2025-11-17T02:12:00.000Z,2025-11-17T03:14:59.999Z,20,-0.579152,0.6614,0.3815,-57.9152,18.8104,ASIA,-1
scalp_fade_3m,BTCUSDT,3m,-1,TIME,2025-11-17T04:27:00.000Z,2025-11-17T05:29:59.999Z,20,0.028356,0.9162,0.4212,2.8356,21.1658,ASIA,1
scalp_fade_3m,BTCUSDT,3m,-1,STOP,2025-11-17T06:54:00.000Z,2025-11-17T07:08:59.999Z,4,-1.191191,0.1087,0.8978,-119.1191,31.6032,ASIA,-1
scalp_fade_3m,BTCUSDT,3m,-1,STOP,2025-11-17T10:12:00.000Z,2025-11-17T10:38:59.999Z,8,-1.208225,0.5216,0.7137,-120.8225,34.2885,LONDON,-1
scalp_fade_3m,BTCUSDT,3m,-1,STOP,2025-11-17T10:45:00.000Z,2025-11-17T11:35:59.999Z,16,-1.178407,0.4134,0.8102,-117.8407,29.1192,LONDON,-1
scalp_fade_3m,BTCUSDT,3m,1,STOP,2025-11-17T18:09:00.000Z,2025-11-17T18:26:59.999Z,5,-1.087649,0.1093,0.8984,-108.7649,14.6330,NY,1
scalp_fade_3m,BTCUSDT,3m,1,STOP,2025-11-17T18:57:00.000Z,2025-11-17T19:26:59.999Z,9,-1.093230,0.0369,0.8826,-109.3230,15.4922,NY,-1
scalp_fade_3m,BTCUSDT,3m,1,STOP,2025-11-17T19:36:00.000Z,2025-11-17T19:38:59.999Z,0,-1.094116,0.0000,0.9269,-109.4116,15.7849,NY,-1
scalp_fade_3m,BTCUSDT,3m,1,STOP,2025-11-17T19:39:00.000Z,2025-11-17T20:02:59.999Z,7,-1.084105,0.0000,1.0412,-108.4105,14.0176,NY,-1
scalp_fade_3m,BTCUSDT,3m,1,TIME,2025-11-17T21:18:00.000Z,2025-11-17T22:20:59.999Z,20,-0.253551,0.5541,0.7207,-25.3551,16.1631,LATE,1
scalp_fade_3m,BTCUSDT,3m,1,STOP,2025-11-17T23:09:00.000Z,2025-11-17T23:17:59.999Z,2,-1.163013,0.1020,0.8445,-116.3013,27.1862,LATE,1
scalp_fade_3m,BTCUSDT,3m,1,STOP,2025-11-18T00:21:00.000Z,2025-11-18T00:32:59.999Z,3,-1.162672,0.4145,0.8957,-116.2672,27.1014,ASIA,1
scalp_fade_3m,BTCUSDT,3m,-1,TIME,2025-11-18T10:57:00.000Z,2025-11-18T11:59:59.999Z,20,-0.423381,0.6704,0.2828,-42.3381,23.1008,LONDON,1
scalp_fade_3m,BTCUSDT,3m,-1,STOP,2025-11-18T12:18:00.000Z,2025-11-18T12:41:59.999Z,7,-1.128953,0.5076,1.0296,-112.8953,21.2065,LONDON,1
scalp_fade_3m,BTCUSDT,3m,-1,STOP,2025-11-18T14:06:00.000Z,2025-11-18T14:26:59.999Z,6,-1.120941,0.3415,0.8445,-112.0941,19.9011,NY,-1
scalp_fade_3m,BTCUSDT,3m,-1,TARGET,2025-11-18T14:33:00.000Z,2025-11-18T15:02:59.999Z,9,1.167881,1.4038,0.6374,116.7881,10.5201,NY,1
scalp_fade_3m,BTCUSDT,3m,-1,STOP,2025-11-18T15:09:00.000Z,2025-11-18T15:20:59.999Z,3,-1.067849,0.1408,1.1599,-106.7849,11.1411,NY,1
scalp_fade_3m,BTCUSDT,3m,-1,TIME,2025-11-18T18:48:00.000Z,2025-11-18T19:50:59.999Z,20,0.676349,1.0663,0.3992,67.6349,20.8433,NY,1
scalp_fade_3m,BTCUSDT,3m,-1,TARGET,2025-11-18T21:27:00.000Z,2025-11-18T21:50:59.999Z,7,0.883534,1.1811,0.3007,88.3534,19.5556,LATE,1
scalp_fade_3m,BTCUSDT,3m,-1,TARGET,2025-11-18T23:39:00.000Z,2025-11-19T00:05:59.999Z,8,0.797716,1.1669,0.3860,79.7716,22.2745,LATE,-1
scalp_fade_3m,BTCUSDT,3m,1,TIME,2025-11-19T02:24:00.000Z,2025-11-19T03:26:59.999Z,20,-0.553402,1.0872,0.4603,-55.3402,20.3910,ASIA,-1
scalp_fade_3m,BTCUSDT,3m,1,STOP,2025-11-19T08:42:00.000Z,2025-11-19T08:50:59.999Z,2,-1.150820,0.0000,0.9580,-115.0820,25.1626,LONDON,1
scalp_fade_3m,BTCUSDT,3m,1,TARGET,2025-11-19T12:12:00.000Z,2025-11-19T12:53:59.999Z,13,0.877663,1.1640,0.5740,87.7663,19.7379,LONDON,-1
scalp_fade_3m,BTCUSDT,3m,1,STOP,2025-11-19T13:36:00.000Z,2025-11-19T13:50:59.999Z,4,-1.146794,0.0000,0.9180,-114.6794,24.4437,NY,1
scalp_fade_3m,BTCUSDT,3m,1,STOP,2025-11-19T14:18:00.000Z,2025-11-19T14:26:59.999Z,2,-1.133377,0.0000,1.0445,-113.3377,22.2678,NY,-1
scalp_fade_3m,BTCUSDT,3m,1,TARGET,2025-11-19T14:33:00.000Z,2025-11-19T15:02:59.999Z,9,1.064541,1.2337,0.2118,106.4541,13.8327,NY,-1
scalp_fade_3m,BTCUSDT,3m,1,STOP,2025-11-19T17:45:00.000Z,2025-11-19T18:29:59.999Z,14,-1.087441,0.5717,0.8837,-108.7441,14.4637,NY,-1
scalp_fade_3m,BTCUSDT,3m,-1,TIME,2025-11-20T02:12:00.000Z,2025-11-20T03:14:59.999Z,20,-0.418532,0.1727,0.7596,-41.8532,21.2026,ASIA,-1
scalp_fade_3m,BTCUSDT,3m,-1,STOP,2025-11-20T04:12:00.000Z,2025-11-20T04:53:59.999Z,13,-1.172220,0.9695,0.7376,-117.2220,28.1913,ASIA,-1
scalp_fade_3m,BTCUSDT,3m,1,TIME,2025-11-20T12:15:00.000Z,2025-11-20T13:17:59.999Z,20,0.328509,0.8847,0.1938,32.8509,28.2917,LONDON,-1
scalp_fade_3m,BTCUSDT,3m,1,TARGET,2025-11-20T13:21:00.000Z,2025-11-20T13:32:59.999Z,3,0.987572,1.7392,0.2094,98.7572,16.3017,NY,1
scalp_fade_3m,BTCUSDT,3m,1,STOP,2025-11-20T13:36:00.000Z,2025-11-20T14:02:59.999Z,8,-1.087168,0.4021,1.1176,-108.7168,14.5083,NY,1
scalp_fade_3m,BTCUSDT,3m,1,STOP,2025-11-20T14:21:00.000Z,2025-11-20T14:50:59.999Z,9,-1.071239,0.3652,0.9820,-107.1239,11.8689,NY,-1
scalp_fade_3m,BTCUSDT,3m,1,TIME,2025-11-20T20:36:00.000Z,2025-11-20T21:38:59.999Z,20,0.664967,1.2507,0.5843,66.4967,14.3220,NY,1
scalp_fade_3m,BTCUSDT,3m,1,STOP,2025-11-20T23:03:00.000Z,2025-11-20T23:11:59.999Z,2,-1.103600,0.2509,1.0179,-110.3600,17.3260,LATE,1
scalp_fade_3m,BTCUSDT,3m,1,STOP,2025-11-20T23:21:00.000Z,2025-11-20T23:38:59.999Z,5,-1.082620,0.1344,0.9835,-108.2620,13.8010,LATE,-1
scalp_fade_3m,BTCUSDT,3m,1,STOP,2025-11-21T01:18:00.000Z,2025-11-21T02:08:59.999Z,16,-1.109220,0.7078,0.9785,-110.9220,17.9967,ASIA,-1
scalp_fade_3m,BTCUSDT,3m,1,TARGET,2025-11-21T04:33:00.000Z,2025-11-21T05:02:59.999Z,9,1.131751,1.2840,0.2616,113.1751,11.7009,ASIA,1
scalp_fade_3m,BTCUSDT,3m,1,STOP,2025-11-21T05:39:00.000Z,2025-11-21T06:29:59.999Z,16,-1.124819,0.7198,0.8737,-112.4819,20.5485,ASIA,1
scalp_fade_3m,BTCUSDT,3m,1,STOP,2025-11-21T07:06:00.000Z,2025-11-21T07:20:59.999Z,4,-1.122805,0.0000,1.2259,-112.2805,20.4707,LONDON,-1
scalp_fade_3m,BTCUSDT,3m,1,TARGET,2025-11-21T16:24:00.000Z,2025-11-21T16:53:59.999Z,9,1.303382,1.6203,0.0810,130.3382,6.2570,NY,-1
scalp_fade_3m,BTCUSDT,3m,-1,STOP,2025-11-21T20:45:00.000Z,2025-11-21T21:23:59.999Z,12,-1.079206,0.0000,1.0617,-107.9206,12.9082,NY,-1
scalp_fade_3m,BTCUSDT,3m,-1,TARGET,2025-11-21T22:18:00.000Z,2025-11-21T22:32:59.999Z,4,1.040094,1.5894,0.1254,104.0094,14.5964,LATE,-1
scalp_fade_3m,BTCUSDT,3m,-1,TIME,2025-11-22T00:33:00.000Z,2025-11-22T01:35:59.999Z,20,-0.548106,1.1025,0.4667,-54.8106,18.0350,ASIA,1
scalp_fade_3m,BTCUSDT,3m,1,STOP,2025-11-22T04:06:00.000Z,2025-11-22T04:14:59.999Z,2,-1.147025,0.0000,1.0152,-114.7025,24.5328,ASIA,-1
scalp_fade_3m,BTCUSDT,3m,1,TIME,2025-11-22T04:27:00.000Z,2025-11-22T05:29:59.999Z,20,-0.492038,0.3503,0.7524,-49.2038,18.7038,ASIA,-1
scalp_fade_3m,BTCUSDT,3m,1,STOP,2025-11-22T08:18:00.000Z,2025-11-22T08:20:59.999Z,0,-1.185713,0.0000,0.9743,-118.5713,31.0179,LONDON,1
scalp_fade_3m,BTCUSDT,3m,1,STOP,2025-11-22T09:42:00.000Z,2025-11-22T10:26:59.999Z,14,-1.138699,0.4188,1.2866,-113.8699,22.8658,LONDON,1
scalp_fade_3m,BTCUSDT,3m,1,TARGET,2025-11-22T11:00:00.000Z,2025-11-22T11:26:59.999Z,8,1.010892,1.3580,0.4329,101.0892,15.5388,LONDON,-1
scalp_fade_3m,BTCUSDT,3m,1,TARGET,2025-11-22T13:27:00.000Z,2025-11-22T14:14:59.999Z,15,0.971155,1.5897,0.5351,97.1155,16.7663,NY,1
scalp_fade_3m,BTCUSDT,3m,-1,TIME,2025-11-22T18:12:00.000Z,2025-11-22T19:14:59.999Z,20,-0.810152,0.5898,0.6452,-81.0152,31.1245,NY,1
scalp_fade_3m,BTCUSDT,3m,-1,TARGET,2025-11-22T20:03:00.000Z,2025-11-22T20:50:59.999Z,15,0.752222,1.3612,0.6584,75.2222,23.6717,NY,-1
scalp_fade_3m,BTCUSDT,3m,-1,STOP,2025-11-22T22:15:00.000Z,2025-11-22T22:44:59.999Z,9,-1.175778,0.0371,0.7362,-117.5778,28.8952,LATE,1
scalp_fade_3m,BTCUSDT,3m,-1,STOP,2025-11-23T00:03:00.000Z,2025-11-23T00:08:59.999Z,1,-1.163680,0.0000,0.7898,-116.3680,27.1209,ASIA,-1
scalp_fade_3m,BTCUSDT,3m,-1,STOP,2025-11-23T08:48:00.000Z,2025-11-23T09:38:59.999Z,16,-1.159058,0.1081,0.9084,-115.9058,25.9469,LONDON,1
scalp_fade_3m,BTCUSDT,3m,-1,STOP,2025-11-23T09:39:00.000Z,2025-11-23T09:44:59.999Z,1,-1.175335,0.0000,0.8476,-117.5335,29.0616,LONDON,1
scalp_fade_3m,BTCUSDT,3m,-1,STOP,2025-11-23T18:18:00.000Z,2025-11-23T18:41:59.999Z,7,-1.145151,0.3850,0.7678,-114.5151,23.8868,NY,1
scalp_fade_3m,BTCUSDT,3m,-1,STOP,2025-11-23T18:51:00.000Z,2025-11-23T19:17:59.999Z,8,-1.144069,0.1922,0.9204,-114.4069,23.6833,NY,1
scalp_fade_3m,BTCUSDT,3m,1,TARGET,2025-11-24T12:09:00.000Z,2025-11-24T13:11:59.999Z,20,0.932726,1.1575,0.7109,93.2726,17.9578,LONDON,1
scalp_fade_3m,BTCUSDT,3m,1,STOP,2025-11-24T14:00:00.000Z,2025-11-24T14:02:59.999Z,0,-1.141047,0.0000,0.9399,-114.1047,23.5897,NY,1
scalp_fade_3m,BTCUSDT,3m,1,STOP,2025-11-24T14:39:00.000Z,2025-11-24T14:44:59.999Z,1,-1.084796,0.0642,1.2429,-108.4796,14.2201,NY,1
scalp_fade_3m,BTCUSDT,3m,1,TARGET,2025-11-24T14:45:00.000Z,2025-11-24T15:08:59.999Z,7,1.258310,1.4223,0.4590,125.8310,7.6909,NY,1
scalp_fade_3m,BTCUSDT,3m,-1,STOP,2025-11-24T20:03:00.000Z,2025-11-24T20:23:59.999Z,6,-1.124979,0.2388,0.9152,-112.4979,20.5702,NY,-1
scalp_fade_3m,BTCUSDT,3m,-1,TARGET,2025-11-24T22:09:00.000Z,2025-11-24T23:05:59.999Z,18,0.957785,1.1485,0.2333,95.7785,17.1442,LATE,-1
scalp_fade_3m,BTCUSDT,3m,-1,TARGET,2025-11-25T01:27:00.000Z,2025-11-25T02:02:59.999Z,11,0.960696,1.4174,0.3055,96.0696,17.0859,ASIA,1
scalp_fade_3m,BTCUSDT,3m,1,TARGET,2025-11-25T11:57:00.000Z,2025-11-25T12:14:59.999Z,5,0.777482,1.0607,0.2832,77.7482,22.9639,LONDON,1
scalp_fade_3m,BTCUSDT,3m,1,STOP,2025-11-25T12:36:00.000Z,2025-11-25T13:38:59.999Z,20,-1.176871,0.9041,0.8947,-117.6871,28.9449,LONDON,1
scalp_fade_3m,BTCUSDT,3m,1,STOP,2025-11-25T14:33:00.000Z,2025-11-25T14:44:59.999Z,3,-1.124410,0.3667,1.2985,-112.4410,20.7580,NY,-1
scalp_fade_3m,BTCUSDT,3m,1,STOP,2025-11-25T21:09:00.000Z,2025-11-25T22:02:59.999Z,17,-1.141903,0.5969,1.2182,-114.1903,23.3192,LATE,1
scalp_fade_3m,BTCUSDT,3m,-1,TIME,2025-11-26T00:21:00.000Z,2025-11-26T01:23:59.999Z,20,-0.152334,0.6963,0.6149,-15.2334,25.9014,ASIA,1
scalp_fade_3m,BTCUSDT,3m,-1,STOP,2025-11-26T01:33:00.000Z,2025-11-26T01:44:59.999Z,3,-1.136985,0.0000,1.0878,-113.6985,22.6290,ASIA,-1
scalp_fade_3m,BTCUSDT,3m,1,TARGET,2025-11-26T04:51:00.000Z,2025-11-26T05:17:59.999Z,8,0.769036,1.1193,0.3624,76.9036,23.2123,ASIA,-1
scalp_fade_3m,BTCUSDT,3m,1,TARGET,2025-11-26T11:30:00.000Z,2025-11-26T12:02:59.999Z,10,0.678266,0.9873,0.3432,67.8266,26.0775,LONDON,1
scalp_fade_3m,BTCUSDT,3m,1,STOP,2025-11-26T12:06:00.000Z,2025-11-26T12:14:59.999Z,2,-1.161389,0.0150,0.9743,-116.1389,26.9167,LONDON,1
scalp_fade_3m,BTCUSDT,3m,1,TARGET,2025-11-26T13:33:00.000Z,2025-11-26T13:41:59.999Z,2,0.887955,1.3617,0.2939,88.7955,19.4723,NY,1
scalp_fade_3m,BTCUSDT,3m,1,STOP,2025-11-26T14:57:00.000Z,2025-11-26T15:47:59.999Z,16,-1.106141,0.3983,1.0540,-110.6141,17.4930,NY,1
scalp_fade_3m,BTCUSDT,3m,-1,STOP,2025-11-26T16:45:00.000Z,2025-11-26T17:08:59.999Z,7,-1.121107,0.1626,0.8300,-112.1107,19.9082,NY,1
scalp_fade_3m,BTCUSDT,3m,-1,TIME,2025-11-26T20:15:00.000Z,2025-11-26T21:17:59.999Z,20,-0.305631,0.6500,0.4424,-30.5631,20.9488,NY,1
scalp_fade_3m,BTCUSDT,3m,-1,STOP,2025-11-26T22:27:00.000Z,2025-11-26T23:11:59.999Z,14,-1.129854,0.1723,0.8238,-112.9854,21.2024,LATE,1
scalp_fade_3m,BTCUSDT,3m,-1,TARGET,2025-11-27T00:03:00.000Z,2025-11-27T00:14:59.999Z,3,0.743754,1.1202,0.3218,74.3754,24.0216,ASIA,1
scalp_fade_3m,BTCUSDT,3m,-1,TIME,2025-11-27T04:12:00.000Z,2025-11-27T05:14:59.999Z,20,-0.500446,0.6545,0.2134,-50.0446,27.5662,ASIA,-1
scalp_fade_3m,BTCUSDT,3m,-1,TARGET,2025-11-27T05:24:00.000Z,2025-11-27T05:41:59.999Z,5,0.848599,1.4436,0.5634,84.8599,20.6767,ASIA,1
scalp_fade_3m,BTCUSDT,3m,-1,STOP,2025-11-27T08:24:00.000Z,2025-11-27T08:53:59.999Z,9,-1.219520,0.0720,0.8088,-121.9520,36.1184,LONDON,1
scalp_fade_3m,BTCUSDT,3m,1,TIME,2025-11-27T15:09:00.000Z,2025-11-27T16:11:59.999Z,20,0.164243,0.9367,0.3049,16.4243,25.0522,NY,-1
scalp_fade_3m,BTCUSDT,3m,-1,STOP,2025-11-27T18:18:00.000Z,2025-11-27T18:38:59.999Z,6,-1.221740,0.1767,0.8346,-122.1740,36.5982,NY,-1
scalp_fade_3m,BTCUSDT,3m,-1,STOP,2025-11-27T22:15:00.000Z,2025-11-27T22:17:59.999Z,0,-1.237166,0.0000,0.6454,-123.7166,39.3980,LATE,1
scalp_fade_3m,BTCUSDT,3m,-1,TIME,2025-11-27T23:03:00.000Z,2025-11-28T00:05:59.999Z,20,0.227868,0.7171,0.5604,22.7868,28.5958,LATE,-1
scalp_fade_3m,BTCUSDT,3m,1,STOP,2025-11-28T02:18:00.000Z,2025-11-28T02:32:59.999Z,4,-1.169950,0.0000,0.7248,-116.9950,28.2787,ASIA,-1
scalp_fade_3m,BTCUSDT,3m,-1,STOP,2025-11-28T10:54:00.000Z,2025-11-28T11:02:59.999Z,2,-1.215370,0.0000,1.0827,-121.5370,35.6907,LONDON,1
scalp_fade_3m,BTCUSDT,3m,-1,TARGET,2025-11-28T11:06:00.000Z,2025-11-28T11:17:59.999Z,3,0.909905,1.6491,0.1703,90.9905,18.7395,LONDON,1
scalp_fade_3m,BTCUSDT,3m,-1,STOP,2025-11-28T12:48:00.000Z,2025-11-28T13:35:59.999Z,15,-1.201098,0.3215,0.8935,-120.1098,32.8730,LONDON,1
scalp_fade_3m,BTCUSDT,3m,1,TIME,2025-11-28T18:03:00.000Z,2025-11-28T19:05:59.999Z,20,0.222181,0.5712,0.5104,22.2181,17.3378,NY,-1
scalp_fade_3m,BTCUSDT,3m,1,TIME,2025-11-28T20:03:00.000Z,2025-11-28T21:05:59.999Z,20,0.179363,0.7218,0.6070,17.9363,32.4832,NY,1
scalp_fade_3m,BTCUSDT,3m,1,STOP,2025-11-28T21:54:00.000Z,2025-11-28T22:02:59.999Z,2,-1.220612,0.0000,0.6739,-122.0612,36.7453,LATE,-1
scalp_fade_3m,BTCUSDT,3m,1,TARGET,2025-11-29T00:27:00.000Z,2025-11-29T01:17:59.999Z,16,0.655861,0.9412,0.3386,65.5861,26.7425,ASIA,-1
scalp_fade_3m,BTCUSDT,3m,1,STOP,2025-11-29T06:21:00.000Z,2025-11-29T06:23:59.999Z,0,-1.252072,0.0000,1.6241,-125.2072,42.0537,ASIA,-1
scalp_fade_3m,BTCUSDT,3m,1,STOP,2025-11-29T10:09:00.000Z,2025-11-29T10:20:59.999Z,3,-1.286143,0.3577,0.9934,-128.6143,47.5715,LONDON,-1
scalp_fade_3m,BTCUSDT,3m,1,TARGET,2025-11-29T11:33:00.000Z,2025-11-29T12:08:59.999Z,11,0.481919,1.1370,0.2765,48.1919,32.2945,LONDON,1
scalp_fade_3m,BTCUSDT,3m,1,STOP,2025-11-29T12:18:00.000Z,2025-11-29T12:26:59.999Z,2,-1.258980,0.0000,0.5920,-125.8980,43.1128,LONDON,1
scalp_fade_3m,BTCUSDT,3m,-1,TARGET,2025-11-29T22:03:00.000Z,2025-11-29T22:26:59.999Z,7,0.611476,0.8988,0.2708,61.1476,28.1949,LATE,1
scalp_fade_3m,BTCUSDT,3m,-1,STOP,2025-11-30T00:06:00.000Z,2025-11-30T00:17:59.999Z,3,-1.259144,0.0000,0.6614,-125.9144,42.9272,ASIA,1
scalp_fade_3m,BTCUSDT,3m,1,TARGET,2025-11-30T06:12:00.000Z,2025-11-30T07:14:59.999Z,20,0.441209,0.8832,0.4613,44.1209,33.4997,ASIA,1
scalp_fade_3m,BTCUSDT,3m,-1,STOP,2025-11-30T07:48:00.000Z,2025-11-30T08:23:59.999Z,11,-1.304309,0.2299,2.8022,-130.4309,50.0168,LONDON,1
scalp_fade_3m,BTCUSDT,3m,-1,STOP,2025-11-30T08:33:00.000Z,2025-11-30T09:11:59.999Z,12,-1.156535,0.4370,1.3063,-115.6535,25.6382,LONDON,1
scalp_fade_3m,BTCUSDT,3m,-1,TARGET,2025-11-30T11:09:00.000Z,2025-11-30T11:38:59.999Z,9,0.557246,0.9189,0.3325,55.7246,29.9000,LONDON,-1
scalp_fade_3m,BTCUSDT,3m,1,TIME,2025-11-30T21:36:00.000Z,2025-11-30T22:38:59.999Z,20,-1.104895,0.3786,0.6350,-110.4895,30.8613,LATE,-1
scalp_fade_3m,BTCUSDT,3m,1,STOP,2025-11-30T22:45:00.000Z,2025-11-30T23:05:59.999Z,6,-1.214606,0.6056,0.7783,-121.4606,35.6007,LATE,-1
scalp_fade_3m,BTCUSDT,3m,1,STOP,2025-11-30T23:06:00.000Z,2025-11-30T23:23:59.999Z,5,-1.186414,0.0203,0.7557,-118.6414,30.9733,LATE,1
scalp_fade_3m,BTCUSDT,3m,1,TIME,2025-12-01T09:12:00.000Z,2025-12-01T10:14:59.999Z,20,-0.569579,0.5872,0.6553,-56.9579,27.5316,LONDON,1
scalp_fade_3m,BTCUSDT,3m,1,STOP,2025-12-01T11:06:00.000Z,2025-12-01T11:20:59.999Z,4,-1.233837,0.0000,0.6370,-123.3837,38.8595,LONDON,1
scalp_fade_3m,BTCUSDT,3m,1,TARGET,2025-12-01T14:18:00.000Z,2025-12-01T14:38:59.999Z,6,1.099834,1.3913,0.2384,109.9834,12.7240,NY,1
scalp_fade_3m,BTCUSDT,3m,1,STOP,2025-12-01T14:51:00.000Z,2025-12-01T15:17:59.999Z,8,-1.079707,0.4872,0.8860,-107.9707,13.2777,NY,1
scalp_fade_3m,BTCUSDT,3m,-1,STOP,2025-12-02T00:09:00.000Z,2025-12-02T00:53:59.999Z,14,-1.168139,0.7539,0.8032,-116.8139,27.4921,ASIA,1
scalp_fade_3m,BTCUSDT,3m,-1,STOP,2025-12-02T03:45:00.000Z,2025-12-02T04:20:59.999Z,11,-1.128951,0.3785,0.8859,-112.8951,21.1189,ASIA,-1
scalp_fade_3m,BTCUSDT,3m,-1,TIME,2025-12-02T05:18:00.000Z,2025-12-02T06:20:59.999Z,20,-0.537830,0.2113,0.4806,-53.7830,29.0964,ASIA,-1
scalp_fade_3m,BTCUSDT,3m,-1,STOP,2025-12-02T06:33:00.000Z,2025-12-02T06:38:59.999Z,1,-1.218146,0.0000,0.6449,-121.8146,36.1899,ASIA,-1
scalp_fade_3m,BTCUSDT,3m,-1,TARGET,2025-12-02T08:06:00.000Z,2025-12-02T08:14:59.999Z,2,0.599720,1.2598,0.2455,59.9720,28.6088,LONDON,1
scalp_fade_3m,BTCUSDT,3m,-1,STOP,2025-12-02T09:51:00.000Z,2025-12-02T10:08:59.999Z,5,-1.170309,0.2123,0.7480,-117.0309,28.1079,LONDON,1
scalp_fade_3m,BTCUSDT,3m,-1,STOP,2025-12-02T12:42:00.000Z,2025-12-02T13:41:59.999Z,19,-1.166369,0.8815,0.7621,-116.6369,27.0625,LONDON,1
scalp_fade_3m,BTCUSDT,3m,-1,STOP,2025-12-02T18:03:00.000Z,2025-12-02T18:11:59.999Z,2,-1.111598,0.1312,0.9281,-111.1598,18.4298,NY,1
scalp_fade_3m,BTCUSDT,3m,-1,STOP,2025-12-02T18:54:00.000Z,2025-12-02T19:05:59.999Z,3,-1.117946,0.1475,0.8931,-111.7946,19.4655,NY,-1
scalp_fade_3m,BTCUSDT,3m,-1,STOP,2025-12-02T22:33:00.000Z,2025-12-02T22:41:59.999Z,2,-1.153560,0.0000,0.8185,-115.3560,25.4095,LATE,1
scalp_fade_3m,BTCUSDT,3m,-1,TIME,2025-12-02T22:42:00.000Z,2025-12-02T23:44:59.999Z,20,0.572576,1.0884,0.6198,57.2576,25.5621,LATE,1
scalp_fade_3m,BTCUSDT,3m,-1,STOP,2025-12-03T00:45:00.000Z,2025-12-03T00:53:59.999Z,2,-1.132562,0.0647,0.7861,-113.2562,21.9168,ASIA,-1
scalp_fade_3m,BTCUSDT,3m,-1,STOP,2025-12-03T04:30:00.000Z,2025-12-03T04:56:59.999Z,8,-1.114536,0.0000,0.9381,-111.4536,18.8014,ASIA,1
scalp_fade_3m,BTCUSDT,3m,-1,STOP,2025-12-03T05:21:00.000Z,2025-12-03T05:38:59.999Z,5,-1.122777,0.0590,1.0565,-112.2777,20.2262,ASIA,1
scalp_fade_3m,BTCUSDT,3m,-1,TARGET,2025-12-03T10:33:00.000Z,2025-12-03T11:17:59.999Z,14,0.949883,1.1666,0.3295,94.9883,17.4141,LONDON,1
scalp_fade_3m,BTCUSDT,3m,-1,STOP,2025-12-03T12:36:00.000Z,2025-12-03T13:05:59.999Z,9,-1.174054,0.2352,0.8261,-117.4054,28.6104,LONDON,-1
scalp_fade_3m,BTCUSDT,3m,-1,STOP,2025-12-03T13:18:00.000Z,2025-12-03T13:50:59.999Z,10,-1.163054,0.2750,0.7526,-116.3054,26.7664,NY,1
scalp_fade_3m,BTCUSDT,3m,-1,TIME,2025-12-03T18:21:00.000Z,2025-12-03T19:23:59.999Z,20,0.293731,1.2194,0.4472,29.3731,18.0466,NY,1
scalp_fade_3m,BTCUSDT,3m,-1,STOP,2025-12-03T20:21:00.000Z,2025-12-03T20:53:59.999Z,10,-1.135756,0.0743,0.9586,-113.5756,22.2633,NY,1
scalp_fade_3m,BTCUSDT,3m,-1,STOP,2025-12-03T21:09:00.000Z,2025-12-03T21:32:59.999Z,7,-1.136743,0.0992,0.8416,-113.6743,22.4955,LATE,1
scalp_fade_3m,BTCUSDT,3m,-1,STOP,2025-12-03T22:45:00.000Z,2025-12-03T22:47:59.999Z,0,-1.130067,0.0000,0.9296,-113.0067,21.5465,LATE,-1
scalp_fade_3m,BTCUSDT,3m,-1,TARGET,2025-12-03T23:15:00.000Z,2025-12-04T00:14:59.999Z,19,1.110918,1.4324,0.1530,111.0918,12.2930,LATE,1
scalp_fade_3m,BTCUSDT,3m,-1,STOP,2025-12-04T00:57:00.000Z,2025-12-04T01:11:59.999Z,4,-1.146378,0.2329,1.0398,-114.6378,24.1648,ASIA,-1
scalp_fade_3m,BTCUSDT,3m,-1,STOP,2025-12-04T01:21:00.000Z,2025-12-04T02:14:59.999Z,17,-1.111336,0.3316,0.8354,-111.1336,18.1045,ASIA,1
scalp_fade_3m,BTCUSDT,3m,1,STOP,2025-12-04T06:45:00.000Z,2025-12-04T07:11:59.999Z,8,-1.177483,0.0343,0.7463,-117.7483,29.4044,ASIA,1
scalp_fade_3m,BTCUSDT,3m,1,TARGET,2025-12-04T08:12:00.000Z,2025-12-04T09:08:59.999Z,18,0.920449,1.3084,0.3719,92.0449,18.3564,LONDON,1
scalp_fade_3m,BTCUSDT,3m,1,STOP,2025-12-04T14:36:00.000Z,2025-12-04T14:53:59.999Z,5,-1.122922,0.1952,1.4017,-112.2922,20.4688,NY,1
scalp_fade_3m,BTCUSDT,3m,1,STOP,2025-12-04T16:39:00.000Z,2025-12-04T17:05:59.999Z,8,-1.106425,0.1801,0.8280,-110.6425,17.6845,NY,-1
scalp_fade_3m,BTCUSDT,3m,1,TIME,2025-12-04T17:51:00.000Z,2025-12-04T18:53:59.999Z,20,-0.545078,0.7896,0.4282,-54.5078,18.4647,NY,-1
scalp_fade_3m,BTCUSDT,3m,1,STOP,2025-12-05T00:03:00.000Z,2025-12-05T00:14:59.999Z,3,-1.202487,0.1010,0.7319,-120.2487,33.7023,ASIA,-1
scalp_fade_3m,BTCUSDT,3m,1,STOP,2025-12-05T09:03:00.000Z,2025-12-05T09:11:59.999Z,2,-1.214231,0.0561,0.6737,-121.4231,35.6863,LONDON,-1
scalp_fade_3m,BTCUSDT,3m,1,STOP,2025-12-05T11:27:00.000Z,2025-12-05T11:35:59.999Z,2,-1.183834,0.0000,1.1516,-118.3834,30.6417,LONDON,1
scalp_fade_3m,BTCUSDT,3m,1,STOP,2025-12-05T11:51:00.000Z,2025-12-05T12:23:59.999Z,10,-1.167077,0.1795,0.9508,-116.7077,27.6311,LONDON,1
scalp_fade_3m,BTCUSDT,3m,1,STOP,2025-12-05T13:06:00.000Z,2025-12-05T13:17:59.999Z,3,-1.192736,0.6619,0.7853,-119.2736,32.0858,NY,-1
scalp_fade_3m,BTCUSDT,3m,1,TARGET,2025-12-05T14:48:00.000Z,2025-12-05T15:05:59.999Z,5,1.171359,2.1089,0.3951,117.1359,10.4564,NY,-1
scalp_fade_3m,BTCUSDT,3m,1,STOP,2025-12-05T15:54:00.000Z,2025-12-05T16:05:59.999Z,3,-1.081953,0.0282,1.1335,-108.1953,13.7191,NY,1
scalp_fade_3m,BTCUSDT,3m,1,STOP,2025-12-06T00:03:00.000Z,2025-12-06T00:14:59.999Z,3,-1.207518,0.0000,0.7889,-120.7518,34.5364,ASIA,1
scalp_fade_3m,BTCUSDT,3m,1,TARGET,2025-12-06T02:12:00.000Z,2025-12-06T03:08:59.999Z,18,0.777420,1.3068,0.5440,77.7420,22.8816,ASIA,-1
scalp_fade_3m,BTCUSDT,3m,-1,STOP,2025-12-06T04:27:00.000Z,2025-12-06T05:02:59.999Z,11,-1.239783,0.1895,0.6426,-123.9783,39.3833,ASIA,-1
scalp_fade_3m,BTCUSDT,3m,-1,TIME,2025-12-06T05:21:00.000Z,2025-12-06T06:23:59.999Z,20,-0.986221,0.4052,0.3543,-98.6221,39.1718,ASIA,1
scalp_fade_3m,BTCUSDT,3m,-1,TARGET,2025-12-06T07:48:00.000Z,2025-12-06T08:20:59.999Z,10,0.543558,1.0177,0.2762,54.3558,30.3258,LONDON,-1
scalp_fade_3m,BTCUSDT,3m,1,TIME,2025-12-06T10:09:00.000Z,2025-12-06T11:11:59.999Z,20,-0.550139,0.6467,0.3941,-55.0139,40.8375,LONDON,1
scalp_fade_3m,BTCUSDT,3m,-1,STOP,2025-12-06T13:09:00.000Z,2025-12-06T13:26:59.999Z,5,-1.346213,0.0000,0.7369,-134.6213,57.2760,NY,-1
scalp_fade_3m,BTCUSDT,3m,-1,STOP,2025-12-06T14:06:00.000Z,2025-12-06T14:14:59.999Z,2,-1.312251,0.0000,0.5257,-131.2251,51.8053,NY,1
scalp_fade_3m,BTCUSDT,3m,-1,TARGET,2025-12-06T14:18:00.000Z,2025-12-06T15:08:59.999Z,16,0.813743,1.0767,0.6249,81.3743,21.7164,NY,1
scalp_fade_3m,BTCUSDT,3m,-1,STOP,2025-12-06T15:42:00.000Z,2025-12-06T16:11:59.999Z,9,-1.164142,0.1055,0.7318,-116.4142,26.9736,NY,-1
scalp_fade_3m,BTCUSDT,3m,-1,TIME,2025-12-06T17:30:00.000Z,2025-12-06T18:32:59.999Z,20,-0.274450,0.7212,0.2185,-27.4450,36.3889,NY,-1
scalp_fade_3m,BTCUSDT,3m,-1,TARGET,2025-12-06T18:36:00.000Z,2025-12-06T19:08:59.999Z,10,0.520434,1.7316,0.3988,52.0434,31.0595,NY,1
scalp_fade_3m,BTCUSDT,3m,1,TIME,2025-12-06T19:33:00.000Z,2025-12-06T20:35:59.999Z,20,-0.112216,0.3668,0.4120,-11.2216,26.4725,NY,-1
scalp_fade_3m,BTCUSDT,3m,1,STOP,2025-12-06T21:09:00.000Z,2025-12-06T21:17:59.999Z,2,-1.263869,0.0000,0.5810,-126.3869,43.9243,LATE,1
scalp_fade_3m,BTCUSDT,3m,1,STOP,2025-12-06T21:18:00.000Z,2025-12-06T21:23:59.999Z,1,-1.259963,0.0000,0.7115,-125.9963,43.3209,LATE,1
scalp_fade_3m,BTCUSDT,3m,1,STOP,2025-12-06T22:27:00.000Z,2025-12-06T22:47:59.999Z,6,-1.243131,0.0000,0.7750,-124.3131,40.3152,LATE,-1
scalp_fade_3m,BTCUSDT,3m,-1,STOP,2025-12-07T05:57:00.000Z,2025-12-07T06:05:59.999Z,2,-1.324296,0.0000,0.6138,-132.4296,53.8089,ASIA,-1
scalp_fade_3m,BTCUSDT,3m,-1,STOP,2025-12-07T06:18:00.000Z,2025-12-07T06:20:59.999Z,0,-1.284796,0.0000,0.5539,-128.4796,47.3370,ASIA,-1
scalp_fade_3m,BTCUSDT,3m,1,STOP,2025-12-07T07:54:00.000Z,2025-12-07T08:14:59.999Z,6,-1.210555,0.0000,0.7632,-121.0555,34.9312,LONDON,-1
scalp_fade_3m,BTCUSDT,3m,1,STOP,2025-12-07T08:57:00.000Z,2025-12-07T09:23:59.999Z,8,-1.238839,0.1450,0.7342,-123.8839,39.5241,LONDON,-1
scalp_fade_3m,BTCUSDT,3m,1,STOP,2025-12-07T13:12:00.000Z,2025-12-07T13:23:59.999Z,3,-1.206610,0.0000,3.2527,-120.6610,34.3858,NY,1
scalp_fade_3m,BTCUSDT,3m,-1,TARGET,2025-12-07T20:24:00.000Z,2025-12-07T21:20:59.999Z,18,0.749773,1.1167,0.3890,74.9773,23.7292,NY,1
scalp_fade_3m,BTCUSDT,3m,1,TARGET,2025-12-08T00:21:00.000Z,2025-12-08T00:35:59.999Z,4,1.027304,1.2405,0.2174,102.7304,15.0351,ASIA,1
scalp_fade_3m,BTCUSDT,3m,-1,STOP,2025-12-08T02:39:00.000Z,2025-12-08T02:56:59.999Z,5,-1.134846,0.0013,0.9143,-113.4846,22.2274,ASIA,1
scalp_fade_3m,BTCUSDT,3m,-1,STOP,2025-12-08T04:42:00.000Z,2025-12-08T05:23:59.999Z,13,-1.171124,0.3217,0.7305,-117.1124,28.0112,ASIA,1
scalp_fade_3m,BTCUSDT,3m,-1,STOP,2025-12-08T06:06:00.000Z,2025-12-08T06:08:59.999Z,0,-1.220139,0.0000,0.6660,-122.0139,36.5599,ASIA,1
scalp_fade_3m,BTCUSDT,3m,-1,STOP,2025-12-08T10:12:00.000Z,2025-12-08T10:35:59.999Z,7,-1.205845,0.1824,0.6870,-120.5845,33.9301,LONDON,-1
scalp_fade_3m,BTCUSDT,3m,-1,TIME,2025-12-08T10:36:00.000Z,2025-12-08T11:38:59.999Z,20,0.044056,0.8457,0.4880,4.4056,32.6562,LONDON,-1
scalp_fade_3m,BTCUSDT,3m,-1,STOP,2025-12-08T13:09:00.000Z,2025-12-08T13:11:59.999Z,0,-1.212005,0.0000,1.1510,-121.2005,35.2041,NY,-1
scalp_fade_3m,BTCUSDT,3m,-1,TARGET,2025-12-08T14:33:00.000Z,2025-12-08T14:38:59.999Z,1,1.071530,1.6820,0.5100,107.1530,13.6089,NY,-1
scalp_fade_3m,BTCUSDT,3m,1,STOP,2025-12-08T15:57:00.000Z,2025-12-08T16:02:59.999Z,1,-1.091053,0.0339,0.9946,-109.1053,15.2596,NY,-1
scalp_fade_3m,BTCUSDT,3m,1,TIME,2025-12-08T17:33:00.000Z,2025-12-08T18:35:59.999Z,20,0.079401,1.1346,0.7677,7.9401,20.6437,NY,1
scalp_fade_3m,BTCUSDT,3m,-1,TARGET,2025-12-08T23:06:00.000Z,2025-12-08T23:26:59.999Z,6,0.904287,1.1820,0.4123,90.4287,18.9020,LATE,-1
scalp_fade_3m,BTCUSDT,3m,1,STOP,2025-12-09T01:30:00.000Z,2025-12-09T01:53:59.999Z,7,-1.145110,0.0000,0.8289,-114.5110,24.0898,ASIA,-1
scalp_fade_3m,BTCUSDT,3m,1,TARGET,2025-12-09T03:27:00.000Z,2025-12-09T04:08:59.999Z,13,0.889015,1.1623,0.4099,88.9015,19.3782,ASIA,-1
scalp_fade_3m,BTCUSDT,3m,1,STOP,2025-12-09T04:33:00.000Z,2025-12-09T04:35:59.999Z,0,-1.215465,0.0000,1.5692,-121.5465,35.9658,ASIA,1
scalp_fade_3m,BTCUSDT,3m,-1,STOP,2025-12-09T08:33:00.000Z,2025-12-09T08:47:59.999Z,4,-1.236558,0.3859,0.8415,-123.6558,39.1336,LONDON,1
scalp_fade_3m,BTCUSDT,3m,1,TIME,2025-12-09T10:42:00.000Z,2025-12-09T11:44:59.999Z,20,0.072520,0.8066,0.2830,7.2520,29.1141,LONDON,1
scalp_fade_3m,BTCUSDT,3m,-1,STOP,2025-12-09T13:24:00.000Z,2025-12-09T13:26:59.999Z,0,-1.232151,0.0000,0.7759,-123.2151,38.5620,NY,1
scalp_fade_3m,BTCUSDT,3m,-1,STOP,2025-12-09T14:36:00.000Z,2025-12-09T15:02:59.999Z,8,-1.114860,0.6892,1.8290,-111.4860,18.8550,NY,-1
scalp_fade_3m,BTCUSDT,3m,-1,STOP,2025-12-09T15:03:00.000Z,2025-12-09T15:41:59.999Z,12,-1.080227,0.9420,1.1691,-108.0227,13.0762,NY,1
scalp_fade_3m,BTCUSDT,3m,-1,TIME,2025-12-09T17:21:00.000Z,2025-12-09T18:23:59.999Z,20,-0.323149,0.7556,0.3584,-32.3149,16.7893,NY,1
scalp_fade_3m,BTCUSDT,3m,-1,TARGET,2025-12-09T19:36:00.000Z,2025-12-09T20:17:59.999Z,13,1.009350,1.2366,0.1962,100.9350,15.5338,NY,1
scalp_fade_3m,BTCUSDT,3m,-1,TARGET,2025-12-09T23:21:00.000Z,2025-12-10T00:20:59.999Z,19,0.959746,1.2053,0.6329,95.9746,17.0773,LATE,1
scalp_fade_3m,BTCUSDT,3m,1,TARGET,2025-12-10T02:03:00.000Z,2025-12-10T02:23:59.999Z,6,0.872195,1.1164,0.5939,87.2195,19.9506,ASIA,1
scalp_fade_3m,BTCUSDT,3m,-1,STOP,2025-12-10T06:33:00.000Z,2025-12-10T06:56:59.999Z,7,-1.259883,0.1423,0.6172,-125.9883,42.8721,ASIA,-1
scalp_fade_3m,BTCUSDT,3m,-1,STOP,2025-12-10T07:03:00.000Z,2025-12-10T07:59:59.999Z,18,-1.253620,0.5523,0.8034,-125.3620,41.3656,LONDON,1
scalp_fade_3m,BTCUSDT,3m,-1,TIME,2025-12-10T08:03:00.000Z,2025-12-10T09:05:59.999Z,20,-0.342005,0.5916,0.2988,-34.2005,37.7523,LONDON,1
scalp_fade_3m,BTCUSDT,3m,-1,STOP,2025-12-10T09:48:00.000Z,2025-12-10T09:50:59.999Z,0,-1.233513,0.0000,0.9850,-123.3513,38.7890,LONDON,1
scalp_fade_3m,BTCUSDT,3m,1,TIME,2025-12-10T12:57:00.000Z,2025-12-10T13:59:59.999Z,20,-0.357140,0.5563,0.3664,-35.7140,28.8681,LONDON,-1
scalp_fade_3m,BTCUSDT,3m,1,STOP,2025-12-10T14:03:00.000Z,2025-12-10T14:20:59.999Z,5,-1.216536,0.0000,0.7638,-121.6536,35.9568,NY,1
scalp_fade_3m,BTCUSDT,3m,1,STOP,2025-12-10T14:21:00.000Z,2025-12-10T14:53:59.999Z,10,-1.185826,0.4433,1.2565,-118.5826,30.7170,NY,1
scalp_fade_3m,BTCUSDT,3m,1,STOP,2025-12-10T15:03:00.000Z,2025-12-10T15:38:59.999Z,11,-1.121275,0.4798,0.8428,-112.1275,20.0715,NY,-1
scalp_fade_3m,BTCUSDT,3m,1,TARGET,2025-12-10T16:03:00.000Z,2025-12-10T16:20:59.999Z,5,1.013548,1.2816,0.1565,101.3548,15.4676,NY,-1
scalp_fade_3m,BTCUSDT,3m,-1,STOP,2025-12-10T18:33:00.000Z,2025-12-10T18:38:59.999Z,1,-1.132745,0.0255,1.4372,-113.2745,21.9700,NY,1
scalp_fade_3m,BTCUSDT,3m,-1,STOP,2025-12-10T18:42:00.000Z,2025-12-10T19:02:59.999Z,6,-1.089340,0.6616,1.2484,-108.9340,14.6666,NY,1
scalp_fade_3m,BTCUSDT,3m,-1,STOP,2025-12-10T19:09:00.000Z,2025-12-10T20:11:59.999Z,20,-1.057628,0.2587,1.2585,-105.7628,9.2798,NY,1
scalp_fade_3m,BTCUSDT,3m,-1,TARGET,2025-12-10T20:24:00.000Z,2025-12-10T21:08:59.999Z,14,1.307341,1.3737,0.4530,130.7341,6.0853,NY,1
scalp_fade_3m,BTCUSDT,3m,1,STOP,2025-12-11T06:21:00.000Z,2025-12-11T06:26:59.999Z,1,-1.231054,0.0000,0.7214,-123.1054,38.5184,ASIA,1
scalp_fade_3m,BTCUSDT,3m,1,TIME,2025-12-11T08:12:00.000Z,2025-12-11T09:14:59.999Z,20,0.196030,0.7703,0.4023,19.6030,33.7264,LONDON,1
scalp_fade_3m,BTCUSDT,3m,1,TIME,2025-12-11T09:57:00.000Z,2025-12-11T10:59:59.999Z,20,-0.259412,0.3780,0.3416,-25.9412,32.7509,LONDON,1
scalp_fade_3m,BTCUSDT,3m,1,STOP,2025-12-11T12:06:00.000Z,2025-12-11T12:08:59.999Z,0,-1.291506,0.0000,0.6496,-129.1506,48.6119,LONDON,-1
scalp_fade_3m,BTCUSDT,3m,1,STOP,2025-12-11T12:09:00.000Z,2025-12-11T12:11:59.999Z,0,-1.275542,0.0000,0.6078,-127.5542,45.9569,LONDON,-1
scalp_fade_3m,BTCUSDT,3m,1,STOP,2025-12-11T13:30:00.000Z,2025-12-11T13:35:59.999Z,1,-1.222548,0.0000,0.9701,-122.2548,37.1052,NY,-1
scalp_fade_3m,BTCUSDT,3m,1,STOP,2025-12-11T14:48:00.000Z,2025-12-11T14:50:59.999Z,0,-1.115512,0.0000,1.3924,-111.5512,19.3431,NY,1
scalp_fade_3m,BTCUSDT,3m,1,STOP,2025-12-11T14:51:00.000Z,2025-12-11T14:56:59.999Z,1,-1.093131,0.2136,0.8544,-109.3131,15.6048,NY,1
scalp_fade_3m,BTCUSDT,3m,-1,STOP,2025-12-11T18:54:00.000Z,2025-12-11T19:23:59.999Z,9,-1.090798,0.1885,0.9128,-109.0798,14.8620,NY,1
scalp_fade_3m,BTCUSDT,3m,-1,TIME,2025-12-11T23:03:00.000Z,2025-12-12T00:05:59.999Z,20,-0.249310,0.2681,0.6449,-24.9310,17.7023,LATE,-1
scalp_fade_3m,BTCUSDT,3m,-1,TARGET,2025-12-12T00:21:00.000Z,2025-12-12T00:50:59.999Z,9,0.896521,1.1321,0.1740,89.6521,19.1323,ASIA,-1
scalp_fade_3m,BTCUSDT,3m,-1,STOP,2025-12-12T04:54:00.000Z,2025-12-12T04:56:59.999Z,0,-1.269600,0.0000,0.6898,-126.9600,44.8041,ASIA,-1
scalp_fade_3m,BTCUSDT,3m,-1,TARGET,2025-12-12T05:12:00.000Z,2025-12-12T05:23:59.999Z,3,0.675917,0.9444,0.2867,67.5917,26.1783,ASIA,-1
scalp_fade_3m,BTCUSDT,3m,-1,TARGET,2025-12-12T07:06:00.000Z,2025-12-12T07:38:59.999Z,10,0.513845,1.0715,0.4525,51.3845,31.2686,LONDON,-1
scalp_fade_3m,BTCUSDT,3m,-1,STOP,2025-12-12T08:57:00.000Z,2025-12-12T09:50:59.999Z,17,-1.224539,0.6028,0.8037,-122.4539,36.6449,LONDON,-1
scalp_fade_3m,BTCUSDT,3m,-1,STOP,2025-12-12T09:51:00.000Z,2025-12-12T10:02:59.999Z,3,-1.199049,0.1185,0.7187,-119.9049,32.9417,LONDON,1
scalp_fade_3m,BTCUSDT,3m,-1,TARGET,2025-12-12T10:51:00.000Z,2025-12-12T11:17:59.999Z,8,0.515476,0.9593,0.3076,51.5476,31.2345,LONDON,1
scalp_fade_3m,BTCUSDT,3m,-1,TARGET,2025-12-12T12:00:00.000Z,2025-12-12T12:29:59.999Z,9,0.404142,1.0485,0.2988,40.4142,34.7591,LONDON,-1
scalp_fade_3m,BTCUSDT,3m,-1,STOP,2025-12-12T12:51:00.000Z,2025-12-12T13:17:59.999Z,8,-1.239257,0.0589,0.6640,-123.9257,39.4183,LONDON,-1
scalp_fade_3m,BTCUSDT,3m,-1,TIME,2025-12-12T13:18:00.000Z,2025-12-12T14:20:59.999Z,20,-0.223118,0.9271,0.5282,-22.3118,37.8473,NY,1
scalp_fade_3m,BTCUSDT,3m,-1,STOP,2025-12-12T14:33:00.000Z,2025-12-12T14:47:59.999Z,4,-1.154633,0.2538,0.9166,-115.4633,25.5349,NY,-1
scalp_fade_3m,BTCUSDT,3m,1,TIME,2025-12-12T19:03:00.000Z,2025-12-12T20:05:59.999Z,20,-0.196991,0.4937,0.3349,-19.6991,19.7840,NY,1
scalp_fade_3m,BTCUSDT,3m,1,TIME,2025-12-12T20:12:00.000Z,2025-12-12T21:14:59.999Z,20,0.018042,0.6655,0.7240,1.8042,26.5907,NY,-1
scalp_fade_3m,BTCUSDT,3m,1,TIME,2025-12-12T22:00:00.000Z,2025-12-12T23:02:59.999Z,20,-0.207911,0.7258,0.2893,-20.7911,42.9405,LATE,-1
scalp_fade_3m,BTCUSDT,3m,1,STOP,2025-12-12T23:27:00.000Z,2025-12-12T23:32:59.999Z,1,-1.325679,0.0000,0.4853,-132.5679,54.2386,LATE,1
scalp_fade_3m,BTCUSDT,3m,1,STOP,2025-12-13T00:42:00.000Z,2025-12-13T01:38:59.999Z,18,-1.338894,0.0000,1.1817,-133.8894,55.4544,ASIA,-1
scalp_fade_3m,BTCUSDT,3m,1,STOP,2025-12-13T01:39:00.000Z,2025-12-13T01:41:59.999Z,0,-1.363428,0.0000,0.5495,-136.3428,60.5729,ASIA,1
scalp_fade_3m,BTCUSDT,3m,1,STOP,2025-12-13T02:51:00.000Z,2025-12-13T03:02:59.999Z,3,-1.348031,0.0000,0.5887,-134.8031,57.8319,ASIA,-1
scalp_fade_3m,BTCUSDT,3m,1,STOP,2025-12-13T04:03:00.000Z,2025-12-13T04:05:59.999Z,0,-1.351474,0.0000,0.4683,-135.1474,58.5847,ASIA,-1
scalp_fade_3m,BTCUSDT,3m,-1,STOP,2025-12-13T09:51:00.000Z,2025-12-13T10:35:59.999Z,14,-1.335400,0.4655,0.6402,-133.5400,54.9706,LONDON,-1
scalp_fade_3m,BTCUSDT,3m,-1,STOP,2025-12-13T10:57:00.000Z,2025-12-13T10:59:59.999Z,0,-1.324039,0.0000,0.5178,-132.4039,53.8781,LONDON,1
scalp_fade_3m,BTCUSDT,3m,1,STOP,2025-12-13T13:09:00.000Z,2025-12-13T13:17:59.999Z,2,-1.301077,0.0000,0.5193,-130.1077,50.0993,NY,-1
scalp_fade_3m,BTCUSDT,3m,1,STOP,2025-12-13T13:24:00.000Z,2025-12-13T13:29:59.999Z,1,-1.255198,0.0000,0.8245,-125.5198,42.5294,NY,-1
scalp_fade_3m,BTCUSDT,3m,1,STOP,2025-12-13T14:03:00.000Z,2025-12-13T14:20:59.999Z,5,-1.282260,0.0000,0.6809,-128.2260,46.8307,NY,-1
scalp_fade_3m,BTCUSDT,3m,1,STOP,2025-12-13T14:21:00.000Z,2025-12-13T14:23:59.999Z,0,-1.277438,0.0000,0.7059,-127.7438,46.2722,NY,1
scalp_fade_3m,BTCUSDT,3m,1,STOP,2025-12-13T17:15:00.000Z,2025-12-13T17:20:59.999Z,1,-1.317744,0.0000,0.5286,-131.7744,52.9203,NY,1
scalp_fade_3m,BTCUSDT,3m,1,STOP_GAP,2025-12-13T19:30:00.000Z,2025-12-13T19:32:59.999Z,0,-1.446311,0.1622,0.3943,-144.6311,65.7227,NY,1
scalp_fade_3m,BTCUSDT,3m,1,STOP_GAP,2025-12-13T20:45:00.000Z,2025-12-13T20:47:59.999Z,0,-1.464174,0.0000,0.3992,-146.4174,66.5344,NY,-1
scalp_fade_3m,BTCUSDT,3m,1,STOP_GAP,2025-12-13T20:51:00.000Z,2025-12-13T20:53:59.999Z,0,-1.426193,0.0000,0.6470,-142.6193,64.8085,NY,-1
scalp_fade_3m,BTCUSDT,3m,1,STOP_GAP,2025-12-13T20:54:00.000Z,2025-12-13T20:56:59.999Z,0,-1.395062,0.0000,0.5633,-139.5062,63.3939,NY,-1
scalp_fade_3m,BTCUSDT,3m,1,TIME,2025-12-13T21:36:00.000Z,2025-12-13T22:38:59.999Z,20,-0.200273,0.7502,0.2981,-20.0273,34.5530,LATE,-1
scalp_fade_3m,BTCUSDT,3m,1,TIME,2025-12-13T23:00:00.000Z,2025-12-14T00:02:59.999Z,20,-0.589733,0.4164,0.5250,-58.9733,36.9210,LATE,1
scalp_fade_3m,BTCUSDT,3m,-1,STOP,2025-12-14T00:24:00.000Z,2025-12-14T00:29:59.999Z,1,-1.257715,0.0000,0.6824,-125.7715,42.7786,ASIA,-1
scalp_fade_3m,BTCUSDT,3m,1,STOP_GAP,2025-12-14T07:06:00.000Z,2025-12-14T07:08:59.999Z,0,-1.476212,0.0000,0.4539,-147.6212,67.0815,LONDON,-1
scalp_fade_3m,BTCUSDT,3m,1,STOP,2025-12-14T09:36:00.000Z,2025-12-14T09:41:59.999Z,1,-1.300932,0.0000,0.5075,-130.0932,50.1272,LONDON,-1
scalp_fade_3m,BTCUSDT,3m,1,STOP,2025-12-14T10:30:00.000Z,2025-12-14T10:32:59.999Z,0,-1.218080,0.0000,0.7509,-121.8080,36.4007,LONDON,1
scalp_fade_3m,BTCUSDT,3m,1,STOP,2025-12-14T10:33:00.000Z,2025-12-14T11:05:59.999Z,10,-1.205285,0.1035,1.8138,-120.5285,33.9198,LONDON,1
scalp_fade_3m,BTCUSDT,3m,1,TARGET,2025-12-14T16:03:00.000Z,2025-12-14T16:23:59.999Z,6,0.728458,1.3422,0.3985,72.8458,24.5136,NY,-1
scalp_fade_3m,BTCUSDT,3m,1,STOP,2025-12-14T16:33:00.000Z,2025-12-14T16:44:59.999Z,3,-1.157880,0.0261,1.0068,-115.7880,26.3070,NY,1
scalp_fade_3m,BTCUSDT,3m,1,STOP,2025-12-14T17:03:00.000Z,2025-12-14T17:14:59.999Z,3,-1.121439,0.1356,0.8702,-112.1439,20.2655,NY,-1
scalp_fade_3m,BTCUSDT,3m,1,STOP,2025-12-14T18:27:00.000Z,2025-12-14T19:17:59.999Z,16,-1.167100,0.6150,0.7636,-116.7100,27.4650,NY,1
scalp_fade_3m,BTCUSDT,3m,1,STOP,2025-12-14T21:27:00.000Z,2025-12-14T21:50:59.999Z,7,-1.203373,0.0000,0.7586,-120.3373,33.7093,LATE,-1
scalp_fade_3m,BTCUSDT,3m,1,STOP,2025-12-14T23:06:00.000Z,2025-12-14T23:26:59.999Z,6,-1.133134,0.0008,0.8132,-113.3134,22.1354,LATE,-1
scalp_fade_3m,BTCUSDT,3m,1,TIME,2025-12-14T23:42:00.000Z,2025-12-15T00:44:59.999Z,20,0.017483,1.0584,0.3256,1.7483,15.7262,LATE,-1
scalp_fade_3m,BTCUSDT,3m,-1,STOP,2025-12-15T04:33:00.000Z,2025-12-15T04:53:59.999Z,6,-1.173626,0.0339,0.9571,-117.3626,28.6283,ASIA,1
scalp_fade_3m,BTCUSDT,3m,-1,STOP,2025-12-15T05:03:00.000Z,2025-12-15T05:17:59.999Z,4,-1.189369,0.0000,0.7271,-118.9369,31.3008,ASIA,1
scalp_fade_3m,BTCUSDT,3m,-1,STOP,2025-12-15T08:06:00.000Z,2025-12-15T08:29:59.999Z,7,-1.208215,0.2101,0.7215,-120.8215,34.3223,LONDON,1
scalp_fade_3m,BTCUSDT,3m,-1,STOP,2025-12-15T09:03:00.000Z,2025-12-15T09:53:59.999Z,16,-1.262633,0.2336,0.7662,-126.2633,42.9280,LONDON,1
scalp_fade_3m,BTCUSDT,3m,-1,STOP,2025-12-15T10:30:00.000Z,2025-12-15T10:32:59.999Z,0,-1.213641,0.0000,0.7046,-121.3641,35.4768,LONDON,-1
scalp_fade_3m,BTCUSDT,3m,-1,TARGET,2025-12-15T11:09:00.000Z,2025-12-15T11:41:59.999Z,10,0.566760,0.8852,0.3378,56.6760,29.5897,LONDON,1
scalp_fade_3m,BTCUSDT,3m,-1,STOP,2025-12-15T12:33:00.000Z,2025-12-15T12:44:59.999Z,3,-1.227872,0.0000,0.6984,-122.7872,37.7310,LONDON,-1
scalp_fade_3m,BTCUSDT,3m,1,STOP,2025-12-15T14:42:00.000Z,2025-12-15T14:47:59.999Z,1,-1.098468,0.0652,0.8929,-109.8468,16.4915,NY,1
scalp_fade_3m,BTCUSDT,3m,1,STOP,2025-12-15T20:36:00.000Z,2025-12-15T21:08:59.999Z,10,-1.122248,0.5459,0.7972,-112.2248,20.2524,NY,-1
scalp_fade_3m,BTCUSDT,3m,1,TIME,2025-12-15T23:21:00.000Z,2025-12-16T00:23:59.999Z,20,-0.102902,0.8922,0.4694,-10.2902,28.6668,LATE,1
scalp_fade_3m,BTCUSDT,3m,1,TARGET,2025-12-16T01:36:00.000Z,2025-12-16T02:29:59.999Z,17,1.025168,1.2005,0.1916,102.5168,15.0475,ASIA,-1
scalp_fade_3m,BTCUSDT,3m,1,STOP,2025-12-16T02:54:00.000Z,2025-12-16T03:11:59.999Z,5,-1.171163,0.0947,0.8734,-117.1163,28.4502,ASIA,1
scalp_fade_3m,BTCUSDT,3m,1,STOP,2025-12-16T04:48:00.000Z,2025-12-16T04:50:59.999Z,0,-1.187471,0.2082,1.1524,-118.7471,31.3103,ASIA,-1
scalp_fade_3m,BTCUSDT,3m,-1,STOP,2025-12-16T09:18:00.000Z,2025-12-16T09:20:59.999Z,0,-1.227771,0.0000,0.8833,-122.7771,37.8320,LONDON,1
scalp_fade_3m,BTCUSDT,3m,-1,STOP,2025-12-16T13:30:00.000Z,2025-12-16T13:32:59.999Z,0,-1.133696,0.2883,1.2718,-113.3696,22.1513,NY,-1
scalp_fade_3m,BTCUSDT,3m,-1,TARGET,2025-12-16T13:33:00.000Z,2025-12-16T13:59:59.999Z,8,1.128555,1.8148,0.1120,112.8555,11.7715,NY,-1
scalp_fade_3m,BTCUSDT,3m,-1,STOP,2025-12-16T14:33:00.000Z,2025-12-16T14:50:59.999Z,5,-1.076660,0.2932,1.0496,-107.6660,12.5793,NY,1
scalp_fade_3m,BTCUSDT,3m,-1,STOP,2025-12-16T18:06:00.000Z,2025-12-16T18:32:59.999Z,8,-1.130766,0.1729,0.9828,-113.0766,21.4844,NY,-1
scalp_fade_3m,BTCUSDT,3m,-1,STOP,2025-12-16T18:33:00.000Z,2025-12-16T18:47:59.999Z,4,-1.134137,0.1598,0.7946,-113.4137,22.1328,NY,1
scalp_fade_3m,BTCUSDT,3m,-1,STOP,2025-12-16T20:51:00.000Z,2025-12-16T21:32:59.999Z,13,-1.166185,0.2251,0.7534,-116.6185,27.1990,NY,-1
scalp_fade_3m,BTCUSDT,3m,-1,STOP,2025-12-16T21:57:00.000Z,2025-12-16T22:32:59.999Z,11,-1.205928,0.3352,0.6674,-120.5928,33.8042,LATE,1
scalp_fade_3m,BTCUSDT,3m,-1,STOP,2025-12-17T01:18:00.000Z,2025-12-17T01:20:59.999Z,0,-1.197719,0.0000,0.8865,-119.7719,32.8228,ASIA,1
scalp_fade_3m,BTCUSDT,3m,1,STOP,2025-12-17T04:18:00.000Z,2025-12-17T04:20:59.999Z,0,-1.215971,0.0000,0.9359,-121.5971,36.0500,ASIA,-1
scalp_fade_3m,BTCUSDT,3m,-1,STOP,2025-12-17T13:09:00.000Z,2025-12-17T13:35:59.999Z,8,-1.142518,0.4529,0.9031,-114.2518,23.4270,NY,-1
scalp_fade_3m,BTCUSDT,3m,-1,STOP,2025-12-17T14:36:00.000Z,2025-12-17T14:53:59.999Z,5,-1.124375,0.9650,3.3139,-112.4375,20.4912,NY,1
scalp_fade_3m,BTCUSDT,3m,-1,STOP,2025-12-17T14:54:00.000Z,2025-12-17T14:56:59.999Z,0,-1.060079,0.0000,0.9130,-106.0079,9.8807,NY,1
scalp_fade_3m,BTCUSDT,3m,1,STOP,2025-12-17T19:24:00.000Z,2025-12-17T19:35:59.999Z,3,-1.098382,0.0000,0.9894,-109.8382,16.4430,NY,-1
scalp_fade_3m,BTCUSDT,3m,1,TIME,2025-12-17T23:15:00.000Z,2025-12-18T00:17:59.999Z,20,-0.107433,0.7931,0.3212,-10.7433,27.0968,LATE,1
scalp_fade_3m,BTCUSDT,3m,-1,TARGET,2025-12-18T05:42:00.000Z,2025-12-18T05:53:59.999Z,3,0.697284,1.0780,0.2189,69.7284,25.4990,ASIA,-1
scalp_fade_3m,BTCUSDT,3m,-1,STOP,2025-12-18T07:42:00.000Z,2025-12-18T07:59:59.999Z,5,-1.238582,0.0000,0.6296,-123.8582,39.4289,LONDON,1
scalp_fade_3m,BTCUSDT,3m,-1,STOP,2025-12-18T11:33:00.000Z,2025-12-18T12:02:59.999Z,9,-1.218442,0.1417,0.7639,-121.8442,35.9403,LONDON,-1
scalp_fade_3m,BTCUSDT,3m,-1,STOP,2025-12-18T12:33:00.000Z,2025-12-18T13:02:59.999Z,9,-1.198132,0.8169,1.4149,-119.8132,32.5866,LONDON,1
scalp_fade_3m,BTCUSDT,3m,-1,STOP,2025-12-18T13:03:00.000Z,2025-12-18T13:11:59.999Z,2,-1.146191,0.0452,0.8678,-114.6191,24.1837,NY,1
scalp_fade_3m,BTCUSDT,3m,-1,TIME,2025-12-18T14:33:00.000Z,2025-12-18T15:35:59.999Z,20,-0.475823,1.1568,0.3939,-47.5823,11.4046,NY,-1
scalp_fade_3m,BTCUSDT,3m,-1,TIME,2025-12-18T15:36:00.000Z,2025-12-18T16:38:59.999Z,20,0.512894,1.2446,0.7673,51.2894,11.5974,NY,-1
scalp_fade_3m,BTCUSDT,3m,1,TIME,2025-12-18T23:03:00.000Z,2025-12-19T00:05:59.999Z,20,-0.754077,0.2287,0.7260,-75.4077,25.4963,LATE,1
scalp_fade_3m,BTCUSDT,3m,1,TIME,2025-12-19T00:06:00.000Z,2025-12-19T01:08:59.999Z,20,-0.390157,0.4293,0.6575,-39.0157,29.3732,ASIA,-1
scalp_fade_3m,BTCUSDT,3m,1,TARGET,2025-12-19T02:15:00.000Z,2025-12-19T02:47:59.999Z,10,0.910280,1.3337,0.2673,91.0280,18.7204,ASIA,1
scalp_fade_3m,BTCUSDT,3m,-1,TIME,2025-12-19T08:36:00.000Z,2025-12-19T09:38:59.999Z,20,-0.110156,0.3844,0.4265,-11.0156,21.9653,LONDON,1
scalp_fade_3m,BTCUSDT,3m,-1,STOP,2025-12-19T10:09:00.000Z,2025-12-19T10:47:59.999Z,12,-1.176180,0.3930,0.9651,-117.6180,28.8722,LONDON,1
scalp_fade_3m,BTCUSDT,3m,-1,TIME,2025-12-19T10:48:00.000Z,2025-12-19T11:50:59.999Z,20,-0.620210,0.2250,0.5430,-62.0210,27.6560,LONDON,-1
scalp_fade_3m,BTCUSDT,3m,-1,TIME,2025-12-19T12:12:00.000Z,2025-12-19T13:14:59.999Z,20,0.068972,0.8724,0.2877,6.8972,23.3989,LONDON,-1
scalp_fade_3m,BTCUSDT,3m,-1,STOP,2025-12-19T13:39:00.000Z,2025-12-19T14:17:59.999Z,12,-1.152209,0.4936,0.8568,-115.2209,24.9262,NY,1
scalp_fade_3m,BTCUSDT,3m,-1,STOP,2025-12-19T14:45:00.000Z,2025-12-19T15:17:59.999Z,10,-1.073541,0.7521,1.2822,-107.3541,12.0000,NY,-1
scalp_fade_3m,BTCUSDT,3m,-1,TIME,2025-12-19T15:24:00.000Z,2025-12-19T16:26:59.999Z,20,-0.132589,0.7541,0.2398,-13.2589,9.2925,NY,1
scalp_fade_3m,BTCUSDT,3m,-1,STOP,2025-12-20T01:48:00.000Z,2025-12-20T02:35:59.999Z,15,-1.297107,0.5014,0.5793,-129.7107,48.6298,ASIA,1
scalp_fade_3m,BTCUSDT,3m,-1,STOP,2025-12-20T04:30:00.000Z,2025-12-20T04:32:59.999Z,0,-1.321456,0.0000,0.6528,-132.1456,53.4475,ASIA,-1
scalp_fade_3m,BTCUSDT,3m,-1,STOP,2025-12-20T04:54:00.000Z,2025-12-20T04:59:59.999Z,1,-1.313205,0.0000,0.5414,-131.3205,52.0180,ASIA,1
scalp_fade_3m,BTCUSDT,3m,-1,TIME,2025-12-20T05:48:00.000Z,2025-12-20T06:50:59.999Z,20,-0.620754,0.2435,0.4760,-62.0754,36.4613,ASIA,1
scalp_fade_3m,BTCUSDT,3m,1,TIME,2025-12-20T15:21:00.000Z,2025-12-20T16:23:59.999Z,20,-0.331768,0.5664,0.4304,-33.1768,41.0735,NY,1
scalp_fade_3m,BTCUSDT,3m,1,STOP,2025-12-20T16:33:00.000Z,2025-12-20T16:35:59.999Z,0,-1.369582,0.0000,0.4479,-136.9582,61.5962,NY,1
scalp_fade_3m,BTCUSDT,3m,1,TIME,2025-12-20T17:12:00.000Z,2025-12-20T18:14:59.999Z,20,-1.109051,0.2999,0.3894,-110.9051,52.8208,NY,-1
scalp_fade_3m,BTCUSDT,3m,-1,STOP,2025-12-20T19:03:00.000Z,2025-12-20T19:14:59.999Z,3,-1.256857,0.0000,0.6057,-125.6857,42.5472,NY,1
scalp_fade_3m,BTCUSDT,3m,-1,STOP_GAP,2025-12-20T20:12:00.000Z,2025-12-20T20:14:59.999Z,0,-1.446895,0.0000,0.5465,-144.6895,65.7493,NY,-1
scalp_fade_3m,BTCUSDT,3m,-1,STOP_GAP,2025-12-20T20:39:00.000Z,2025-12-20T20:41:59.999Z,0,-1.386351,0.0000,0.3780,-138.6351,62.9981,NY,-1
scalp_fade_3m,BTCUSDT,3m,-1,TIME,2025-12-20T21:27:00.000Z,2025-12-20T22:29:59.999Z,20,-0.533137,0.5819,0.3503,-53.3137,48.9211,LATE,1
scalp_fade_3m,BTCUSDT,3m,-1,STOP,2025-12-20T22:33:00.000Z,2025-12-20T22:38:59.999Z,1,-1.348789,0.0000,0.5920,-134.8789,57.9431,LATE,-1
scalp_fade_3m,BTCUSDT,3m,-1,STOP,2025-12-20T23:06:00.000Z,2025-12-20T23:17:59.999Z,3,-1.291596,0.0000,0.5186,-129.1596,48.3196,LATE,1
scalp_fade_3m,BTCUSDT,3m,-1,STOP,2025-12-20T23:45:00.000Z,2025-12-20T23:47:59.999Z,0,-1.348151,0.0000,0.5192,-134.8151,57.8972,LATE,1
scalp_fade_3m,BTCUSDT,3m,1,TIME,2025-12-21T02:54:00.000Z,2025-12-21T03:56:59.999Z,20,-0.337564,0.7500,0.4069,-33.7564,39.9730,ASIA,-1
scalp_fade_3m,BTCUSDT,3m,1,STOP_GAP,2025-12-21T05:12:00.000Z,2025-12-21T05:14:59.999Z,0,-1.436316,0.0000,0.3916,-143.6316,65.2685,ASIA,1
scalp_fade_3m,BTCUSDT,3m,1,STOP,2025-12-21T06:42:00.000Z,2025-12-21T06:44:59.999Z,0,-1.368291,0.0000,0.4415,-136.8291,61.3816,ASIA,1
scalp_fade_3m,BTCUSDT,3m,1,TARGET,2025-12-21T07:45:00.000Z,2025-12-21T08:26:59.999Z,13,0.165703,0.9428,0.3629,16.5703,42.2948,LONDON,-1
scalp_fade_3m,BTCUSDT,3m,-1,TIME,2025-12-21T10:39:00.000Z,2025-12-21T11:41:59.999Z,20,0.002329,0.5875,0.2051,0.2329,30.9456,LONDON,-1
scalp_fade_3m,BTCUSDT,3m,-1,STOP,2025-12-21T12:06:00.000Z,2025-12-21T12:08:59.999Z,0,-1.290095,0.0000,0.6981,-129.0095,48.2203,LONDON,-1
scalp_fade_3m,BTCUSDT,3m,1,TARGET,2025-12-21T15:24:00.000Z,2025-12-21T15:56:59.999Z,10,0.788111,1.2895,0.3427,78.8111,22.5943,NY,-1
scalp_fade_3m,BTCUSDT,3m,-1,STOP,2025-12-21T19:42:00.000Z,2025-12-21T19:53:59.999Z,3,-1.232657,0.0003,0.9347,-123.2657,38.5261,NY,1
scalp_fade_3m,BTCUSDT,3m,-1,STOP,2025-12-21T21:18:00.000Z,2025-12-21T21:20:59.999Z,0,-1.319372,0.0000,0.6559,-131.9372,53.1002,LATE,-1
scalp_fade_3m,BTCUSDT,3m,-1,STOP,2025-12-22T03:09:00.000Z,2025-12-22T03:26:59.999Z,5,-1.149712,0.0387,0.9535,-114.9712,24.6925,ASIA,1
scalp_fade_3m,BTCUSDT,3m,-1,STOP,2025-12-22T04:36:00.000Z,2025-12-22T04:38:59.999Z,0,-1.196806,0.0000,0.7430,-119.6806,32.6707,ASIA,1
scalp_fade_3m,BTCUSDT,3m,-1,STOP,2025-12-22T06:24:00.000Z,2025-12-22T06:44:59.999Z,6,-1.229542,0.0984,0.7801,-122.9542,37.8906,ASIA,1
scalp_fade_3m,BTCUSDT,3m,-1,STOP,2025-12-22T08:00:00.000Z,2025-12-22T08:02:59.999Z,0,-1.233937,0.0000,0.7394,-123.3937,38.8597,LONDON,-1
scalp_fade_3m,BTCUSDT,3m,-1,STOP,2025-12-22T10:06:00.000Z,2025-12-22T11:08:59.999Z,20,-1.159317,0.0229,0.7897,-115.9317,25.8836,LONDON,1
scalp_fade_3m,BTCUSDT,3m,-1,STOP,2025-12-22T11:39:00.000Z,2025-12-22T11:53:59.999Z,4,-1.159787,0.1089,0.9012,-115.9787,26.3905,LONDON,-1
scalp_fade_3m,BTCUSDT,3m,-1,TARGET,2025-12-22T14:18:00.000Z,2025-12-22T14:35:59.999Z,5,0.904124,1.3303,0.3640,90.4124,18.9125,NY,1
scalp_fade_3m,BTCUSDT,3m,-1,TARGET,2025-12-22T14:48:00.000Z,2025-12-22T15:23:59.999Z,11,1.199645,1.3572,0.6744,119.9645,9.5066,NY,1
scalp_fade_3m,BTCUSDT,3m,-1,TIME,2025-12-22T15:57:00.000Z,2025-12-22T16:59:59.999Z,20,0.076786,0.3668,0.6231,7.6786,14.4184,NY,1
scalp_fade_3m,BTCUSDT,3m,1,STOP,2025-12-22T18:18:00.000Z,2025-12-22T19:02:59.999Z,14,-1.149123,0.3091,1.4526,-114.9123,24.5746,NY,-1
scalp_fade_3m,BTCUSDT,3m,1,STOP,2025-12-22T21:48:00.000Z,2025-12-22T22:05:59.999Z,5,-1.186976,0.0000,0.8016,-118.6976,31.0663,LATE,1
scalp_fade_3m,BTCUSDT,3m,1,TARGET,2025-12-23T00:06:00.000Z,2025-12-23T00:35:59.999Z,9,0.739944,1.0653,0.2501,73.9944,24.1285,ASIA,-1
scalp_fade_3m,BTCUSDT,3m,1,STOP,2025-12-23T02:39:00.000Z,2025-12-23T02:41:59.999Z,0,-1.191601,0.0000,1.1207,-119.1601,31.9971,ASIA,-1
scalp_fade_3m,BTCUSDT,3m,1,STOP,2025-12-23T08:42:00.000Z,2025-12-23T08:47:59.999Z,1,-1.247310,0.0000,0.9059,-124.7310,41.2190,LONDON,1
scalp_fade_3m,BTCUSDT,3m,1,STOP,2025-12-23T08:48:00.000Z,2025-12-23T08:53:59.999Z,1,-1.226522,0.0000,0.6638,-122.6522,37.7653,LONDON,1
scalp_fade_3m,BTCUSDT,3m,1,STOP,2025-12-23T09:21:00.000Z,2025-12-23T09:38:59.999Z,5,-1.197303,0.0000,0.6971,-119.7303,32.7748,LONDON,-1
scalp_fade_3m,BTCUSDT,3m,1,TARGET,2025-12-23T10:33:00.000Z,2025-12-23T11:17:59.999Z,14,0.578679,0.9157,0.2595,57.8679,29.2023,LONDON,1
scalp_fade_3m,BTCUSDT,3m,1,STOP,2025-12-23T12:03:00.000Z,2025-12-23T12:29:59.999Z,8,-1.239341,0.7166,0.8017,-123.9341,39.6069,LONDON,1
scalp_fade_3m,BTCUSDT,3m,1,TIME,2025-12-23T12:33:00.000Z,2025-12-23T13:35:59.999Z,20,-0.900757,0.5440,0.5399,-90.0757,31.2602,LONDON,-1
scalp_fade_3m,BTCUSDT,3m,1,STOP,2025-12-23T13:45:00.000Z,2025-12-23T13:53:59.999Z,2,-1.138530,0.0000,0.7781,-113.8530,23.1230,NY,-1
scalp_fade_3m,BTCUSDT,3m,1,STOP,2025-12-23T14:30:00.000Z,2025-12-23T14:35:59.999Z,1,-1.172099,0.1997,0.8305,-117.2099,28.7240,NY,1
scalp_fade_3m,BTCUSDT,3m,1,STOP,2025-12-23T14:36:00.000Z,2025-12-23T14:41:59.999Z,1,-1.133930,0.1427,0.7973,-113.3930,22.3829,NY,1
scalp_fade_3m,BTCUSDT,3m,1,STOP,2025-12-23T14:45:00.000Z,2025-12-23T14:50:59.999Z,1,-1.110021,0.0000,0.8290,-111.0021,18.4108,NY,1
scalp_fade_3m,BTCUSDT,3m,1,STOP,2025-12-24T01:39:00.000Z,2025-12-24T02:05:59.999Z,8,-1.206246,0.1532,0.8197,-120.6246,34.1484,ASIA,1
scalp_fade_3m,BTCUSDT,3m,1,STOP,2025-12-24T04:30:00.000Z,2025-12-24T04:32:59.999Z,0,-1.241506,0.0000,0.6257,-124.1506,40.2966,ASIA,1
scalp_fade_3m,BTCUSDT,3m,1,STOP,2025-12-24T07:57:00.000Z,2025-12-24T07:59:59.999Z,0,-1.268490,0.0000,0.9280,-126.8490,44.7842,LONDON,1
scalp_fade_3m,BTCUSDT,3m,1,STOP,2025-12-24T08:24:00.000Z,2025-12-24T08:26:59.999Z,0,-1.214283,0.0000,0.6454,-121.4283,35.7692,LONDON,-1
scalp_fade_3m,BTCUSDT,3m,1,STOP,2025-12-24T14:54:00.000Z,2025-12-24T15:26:59.999Z,10,-1.095849,0.2435,0.9310,-109.5849,15.9072,NY,-1
scalp_fade_3m,BTCUSDT,3m,-1,TIME,2025-12-24T17:54:00.000Z,2025-12-24T18:56:59.999Z,20,-0.924791,0.3107,0.5980,-92.4791,28.0518,NY,-1
scalp_fade_3m,BTCUSDT,3m,-1,STOP,2025-12-24T19:21:00.000Z,2025-12-24T19:47:59.999Z,8,-1.252262,0.0815,0.6876,-125.2262,41.5680,NY,1
scalp_fade_3m,BTCUSDT,3m,-1,STOP,2025-12-24T21:03:00.000Z,2025-12-24T21:05:59.999Z,0,-1.309531,0.0000,0.6965,-130.9531,51.4599,LATE,-1
scalp_fade_3m,BTCUSDT,3m,-1,STOP,2025-12-24T22:00:00.000Z,2025-12-24T22:08:59.999Z,2,-1.321976,0.0000,0.6362,-132.1976,53.4231,LATE,1
scalp_fade_3m,BTCUSDT,3m,-1,STOP,2025-12-24T22:33:00.000Z,2025-12-24T22:35:59.999Z,0,-1.262246,0.0000,0.8204,-126.2246,43.5784,LATE,1
scalp_fade_3m,BTCUSDT,3m,-1,TARGET,2025-12-24T23:03:00.000Z,2025-12-24T23:26:59.999Z,7,0.699282,1.3037,0.2181,69.9282,25.4066,LATE,1
scalp_fade_3m,BTCUSDT,3m,-1,TIME,2025-12-25T00:18:00.000Z,2025-12-25T01:20:59.999Z,20,-0.585816,0.6538,0.3205,-58.5816,36.5250,ASIA,1
scalp_fade_3m,BTCUSDT,3m,-1,STOP,2025-12-25T03:12:00.000Z,2025-12-25T03:23:59.999Z,3,-1.278314,0.0000,0.6089,-127.8314,46.1126,ASIA,1
scalp_fade_3m,BTCUSDT,3m,-1,STOP,2025-12-25T03:54:00.000Z,2025-12-25T03:56:59.999Z,0,-1.329232,0.0000,0.4824,-132.9232,54.7437,ASIA,-1
scalp_fade_3m,BTCUSDT,3m,-1,STOP,2025-12-25T06:24:00.000Z,2025-12-25T06:32:59.999Z,2,-1.352625,0.0000,0.4925,-135.2625,58.5211,ASIA,1
scalp_fade_3m,BTCUSDT,3m,-1,STOP,2025-12-25T07:54:00.000Z,2025-12-25T07:56:59.999Z,0,-1.371460,0.0000,0.9050,-137.1460,61.7823,LONDON,1
scalp_fade_3m,BTCUSDT,3m,1,STOP,2025-12-25T09:48:00.000Z,2025-12-25T10:05:59.999Z,5,-1.311992,0.0000,0.4899,-131.1992,51.7496,LONDON,-1
scalp_fade_3m,BTCUSDT,3m,1,TIME,2025-12-25T12:15:00.000Z,2025-12-25T13:17:59.999Z,20,-1.227925,0.3443,0.3476,-122.7925,54.6088,LONDON,1
scalp_fade_3m,BTCUSDT,3m,1,TARGET,2025-12-25T13:33:00.000Z,2025-12-25T13:44:59.999Z,3,0.340804,1.0553,0.3450,34.0804,36.8513,NY,-1
scalp_fade_3m,BTCUSDT,3m,-1,TIME,2025-12-25T18:03:00.000Z,2025-12-25T19:05:59.999Z,20,-0.572529,0.3549,0.4396,-57.2529,39.7929,NY,1
scalp_fade_3m,BTCUSDT,3m,1,TIME,2025-12-26T00:30:00.000Z,2025-12-26T01:32:59.999Z,20,0.134546,0.6725,0.7166,13.4546,23.0887,ASIA,-1
scalp_fade_3m,BTCUSDT,3m,-1,TIME,2025-12-26T10:12:00.000Z,2025-12-26T11:14:59.999Z,20,-0.152011,0.5930,0.4904,-15.2011,41.6856,LONDON,1
scalp_fade_3m,BTCUSDT,3m,-1,STOP,2025-12-26T13:06:00.000Z,2025-12-26T13:11:59.999Z,1,-1.277199,0.0000,0.7981,-127.7199,46.0228,NY,1
scalp_fade_3m,BTCUSDT,3m,-1,TARGET,2025-12-26T14:33:00.000Z,2025-12-26T14:38:59.999Z,1,0.768078,1.0501,0.2195,76.8078,23.2615,NY,1
scalp_fade_3m,BTCUSDT,3m,1,TARGET,2025-12-26T16:57:00.000Z,2025-12-26T17:44:59.999Z,15,0.950528,1.2068,0.7263,95.0528,17.4195,NY,1
scalp_fade_3m,BTCUSDT,3m,1,TARGET,2025-12-26T18:45:00.000Z,2025-12-26T19:47:59.999Z,20,0.752024,1.2538,0.5473,75.2024,23.6717,NY,1
scalp_fade_3m,BTCUSDT,3m,1,STOP,2025-12-26T22:24:00.000Z,2025-12-26T22:26:59.999Z,0,-1.275194,0.0000,0.6447,-127.5194,45.8991,LATE,-1
scalp_fade_3m,BTCUSDT,3m,1,STOP,2025-12-26T23:39:00.000Z,2025-12-26T23:44:59.999Z,1,-1.274918,0.0000,0.5718,-127.4918,45.8055,LATE,-1
scalp_fade_3m,BTCUSDT,3m,1,STOP,2025-12-27T00:15:00.000Z,2025-12-27T00:23:59.999Z,2,-1.265538,0.0000,0.6660,-126.5538,44.2013,ASIA,-1
scalp_fade_3m,BTCUSDT,3m,1,STOP,2025-12-27T01:21:00.000Z,2025-12-27T01:23:59.999Z,0,-1.359963,0.0000,0.4507,-135.9963,59.9966,ASIA,1
scalp_fade_3m,BTCUSDT,3m,1,TARGET,2025-12-27T03:15:00.000Z,2025-12-27T03:47:59.999Z,10,0.191027,0.6182,0.3556,19.1027,41.5277,ASIA,1
scalp_fade_3m,BTCUSDT,3m,-1,STOP,2025-12-27T09:21:00.000Z,2025-12-27T09:35:59.999Z,4,-1.376214,0.1434,0.6286,-137.6214,62.3152,LONDON,-1
scalp_fade_3m,BTCUSDT,3m,-1,TARGET,2025-12-27T10:21:00.000Z,2025-12-27T10:35:59.999Z,4,0.278551,0.7651,0.3335,27.8551,38.8000,LONDON,1
scalp_fade_3m,BTCUSDT,3m,1,STOP,2025-12-27T12:03:00.000Z,2025-12-27T12:11:59.999Z,2,-1.350472,0.0000,0.7205,-135.0472,58.2969,LONDON,1
scalp_fade_3m,BTCUSDT,3m,1,STOP_GAP,2025-12-27T13:03:00.000Z,2025-12-27T13:05:59.999Z,0,-1.485174,0.0000,0.8149,-148.5174,67.4887,NY,-1
scalp_fade_3m,BTCUSDT,3m,1,STOP,2025-12-27T13:15:00.000Z,2025-12-27T13:17:59.999Z,0,-1.370168,0.0000,0.4965,-137.0168,61.6938,NY,-1
scalp_fade_3m,BTCUSDT,3m,-1,STOP_GAP,2025-12-27T19:09:00.000Z,2025-12-27T19:11:59.999Z,0,-1.420450,0.0000,0.3880,-142.0450,64.5476,NY,-1
scalp_fade_3m,BTCUSDT,3m,-1,STOP,2025-12-27T23:18:00.000Z,2025-12-27T23:47:59.999Z,9,-1.245934,0.0000,1.4413,-124.5934,40.4802,LATE,1
scalp_fade_3m,BTCUSDT,3m,-1,TIME,2025-12-28T01:42:00.000Z,2025-12-28T02:44:59.999Z,20,-1.023436,0.1756,0.5291,-102.3436,46.0073,ASIA,1
scalp_fade_3m,BTCUSDT,3m,-1,STOP_GAP,2025-12-28T03:18:00.000Z,2025-12-28T03:20:59.999Z,0,-1.496669,0.0000,0.4088,-149.6669,68.0111,ASIA,1
scalp_fade_3m,BTCUSDT,3m,-1,STOP_GAP,2025-12-28T04:09:00.000Z,2025-12-28T04:11:59.999Z,0,-1.404049,0.0000,0.6628,-140.4049,63.8023,ASIA,-1
scalp_fade_3m,BTCUSDT,3m,-1,STOP,2025-12-28T08:54:00.000Z,2025-12-28T09:11:59.999Z,5,-1.299307,0.0000,0.5478,-129.9307,49.4980,LONDON,1
scalp_fade_3m,BTCUSDT,3m,-1,STOP_GAP,2025-12-28T11:51:00.000Z,2025-12-28T11:53:59.999Z,0,-1.394184,0.0000,0.3801,-139.4184,63.3540,LONDON,-1
scalp_fade_3m,BTCUSDT,3m,-1,STOP,2025-12-28T12:00:00.000Z,2025-12-28T12:02:59.999Z,0,-1.366190,0.0000,0.4576,-136.6190,60.9040,LONDON,-1
scalp_fade_3m,BTCUSDT,3m,-1,STOP_GAP,2025-12-28T12:57:00.000Z,2025-12-28T12:59:59.999Z,0,-1.389405,0.0000,0.3788,-138.9405,63.1369,LONDON,-1
scalp_fade_3m,BTCUSDT,3m,-1,STOP,2025-12-28T13:12:00.000Z,2025-12-28T13:26:59.999Z,4,-1.340290,0.2083,0.4554,-134.0290,56.3521,NY,-1
scalp_fade_3m,BTCUSDT,3m,-1,STOP,2025-12-28T14:03:00.000Z,2025-12-28T14:41:59.999Z,12,-1.338951,0.0673,1.0428,-133.8951,55.6683,NY,1
scalp_fade_3m,BTCUSDT,3m,-1,TIME,2025-12-28T14:45:00.000Z,2025-12-28T15:47:59.999Z,20,-0.645211,0.4572,0.4376,-64.5211,43.6408,NY,1
scalp_fade_3m,BTCUSDT,3m,1,STOP,2025-12-28T20:57:00.000Z,2025-12-28T21:02:59.999Z,1,-1.304723,0.0000,0.5738,-130.4723,50.7570,NY,1
scalp_fade_3m,BTCUSDT,3m,1,STOP_GAP,2025-12-28T22:15:00.000Z,2025-12-28T22:17:59.999Z,0,-1.375132,0.0000,0.4292,-137.5132,62.4883,LATE,-1
scalp_fade_3m,BTCUSDT,3m,-1,STOP,2025-12-29T00:24:00.000Z,2025-12-29T00:26:59.999Z,0,-1.216202,0.0000,0.6426,-121.6202,35.9036,ASIA,1
scalp_fade_3m,BTCUSDT,3m,-1,STOP,2025-12-29T08:18:00.000Z,2025-12-29T08:23:59.999Z,1,-1.232032,0.0000,0.6845,-123.2032,38.5021,LONDON,-1
scalp_fade_3m,BTCUSDT,3m,-1,TARGET,2025-12-29T08:36:00.000Z,2025-12-29T08:56:59.999Z,6,0.627899,0.9816,0.5845,62.7899,27.6812,LONDON,-1
scalp_fade_3m,BTCUSDT,3m,1,TIME,2025-12-29T12:30:00.000Z,2025-12-29T13:32:59.999Z,20,-0.246224,0.4600,0.3008,-24.6224,18.9748,LONDON,-1
scalp_fade_3m,BTCUSDT,3m,1,STOP,2025-12-29T14:57:00.000Z,2025-12-29T15:02:59.999Z,1,-1.103394,0.0000,0.8727,-110.3394,17.3098,NY,1
scalp_fade_3m,BTCUSDT,3m,1,TIME,2025-12-29T16:27:00.000Z,2025-12-29T17:29:59.999Z,20,-0.558690,0.7166,0.4483,-55.8690,23.5975,NY,1
scalp_fade_3m,BTCUSDT,3m,1,TIME,2025-12-29T23:30:00.000Z,2025-12-30T00:32:59.999Z,20,-0.880559,0.5038,0.4471,-88.0559,44.6468,LATE,1
scalp_fade_3m,BTCUSDT,3m,1,STOP,2025-12-30T00:33:00.000Z,2025-12-30T00:35:59.999Z,0,-1.276286,0.0000,0.9109,-127.6286,46.0807,ASIA,-1
scalp_fade_3m,BTCUSDT,3m,1,STOP,2025-12-30T02:33:00.000Z,2025-12-30T02:35:59.999Z,0,-1.212840,0.0000,0.7526,-121.2840,35.5293,ASIA,-1
scalp_fade_3m,BTCUSDT,3m,1,TARGET,2025-12-30T03:21:00.000Z,2025-12-30T04:23:59.999Z,20,0.867869,1.1568,0.2578,86.7869,20.0086,ASIA,-1
scalp_fade_3m,BTCUSDT,3m,-1,STOP,2025-12-30T10:33:00.000Z,2025-12-30T10:44:59.999Z,3,-1.223027,0.0000,0.7768,-122.3027,36.9259,LONDON,-1
scalp_fade_3m,BTCUSDT,3m,-1,STOP,2025-12-30T12:03:00.000Z,2025-12-30T12:17:59.999Z,4,-1.228762,0.0836,0.6561,-122.8762,37.8396,LONDON,-1
scalp_fade_3m,BTCUSDT,3m,-1,STOP,2025-12-30T13:06:00.000Z,2025-12-30T13:26:59.999Z,6,-1.291864,0.3791,0.8222,-129.1864,48.2140,NY,1
scalp_fade_3m,BTCUSDT,3m,-1,STOP,2025-12-30T14:48:00.000Z,2025-12-30T14:50:59.999Z,0,-1.126537,0.0000,0.8667,-112.6537,20.9581,NY,-1
scalp_fade_3m,BTCUSDT,3m,-1,STOP,2025-12-30T15:06:00.000Z,2025-12-30T15:50:59.999Z,14,-1.080438,0.2154,0.9541,-108.0438,13.0840,NY,-1
scalp_fade_3m,BTCUSDT,3m,-1,STOP,2025-12-30T23:06:00.000Z,2025-12-30T23:17:59.999Z,3,-1.230547,0.0000,0.7858,-123.0547,38.1755,LATE,-1
scalp_fade_3m,BTCUSDT,3m,-1,STOP,2025-12-31T01:15:00.000Z,2025-12-31T01:17:59.999Z,0,-1.254032,0.0000,0.8449,-125.4032,42.2091,ASIA,-1
scalp_fade_3m,BTCUSDT,3m,-1,STOP,2025-12-31T01:18:00.000Z,2025-12-31T01:20:59.999Z,0,-1.232314,0.0000,1.3467,-123.2314,38.5892,ASIA,-1
scalp_fade_3m,BTCUSDT,3m,-1,STOP,2025-12-31T02:03:00.000Z,2025-12-31T02:23:59.999Z,6,-1.198484,0.0000,0.6996,-119.8484,32.7459,ASIA,1
scalp_fade_3m,BTCUSDT,3m,-1,STOP,2025-12-31T04:18:00.000Z,2025-12-31T04:20:59.999Z,0,-1.293281,0.0000,0.5233,-129.3281,48.7513,ASIA,-1
scalp_fade_3m,BTCUSDT,3m,-1,STOP,2025-12-31T05:06:00.000Z,2025-12-31T05:44:59.999Z,12,-1.274633,0.3539,0.5762,-127.4633,45.0800,ASIA,-1
scalp_fade_3m,BTCUSDT,3m,-1,STOP,2025-12-31T07:27:00.000Z,2025-12-31T07:35:59.999Z,2,-1.308268,0.0039,0.5142,-130.8268,51.1428,LONDON,-1
scalp_fade_3m,BTCUSDT,3m,-1,STOP,2025-12-31T09:12:00.000Z,2025-12-31T09:38:59.999Z,8,-1.274129,0.0000,0.7854,-127.4129,45.1829,LONDON,-1
scalp_fade_3m,BTCUSDT,3m,-1,STOP,2025-12-31T10:24:00.000Z,2025-12-31T11:02:59.999Z,12,-1.236252,0.3037,0.7660,-123.6252,38.7616,LONDON,1
scalp_fade_3m,BTCUSDT,3m,-1,TIME,2025-12-31T11:48:00.000Z,2025-12-31T12:50:59.999Z,20,0.030748,0.6541,0.3280,3.0748,36.8580,LONDON,1
scalp_fade_3m,BTCUSDT,3m,-1,STOP,2025-12-31T13:21:00.000Z,2025-12-31T13:53:59.999Z,10,-1.268575,0.4542,1.1352,-126.8575,44.1734,NY,-1
scalp_fade_3m,BTCUSDT,3m,1,STOP,2025-12-31T16:18:00.000Z,2025-12-31T16:23:59.999Z,1,-1.153394,0.0000,0.7788,-115.3394,25.6165,NY,-1
scalp_fade_3m,BTCUSDT,3m,1,STOP,2025-12-31T22:36:00.000Z,2025-12-31T22:41:59.999Z,1,-1.311925,0.0000,0.6902,-131.1925,51.9535,LATE,1
scalp_fade_3m,BTCUSDT,3m,1,STOP,2025-12-31T23:51:00.000Z,2025-12-31T23:53:59.999Z,0,-1.372304,0.0000,0.7829,-137.2304,62.0490,LATE,-1
scalp_fade_3m,BTCUSDT,3m,-1,TIME,2026-01-01T02:33:00.000Z,2026-01-01T03:35:59.999Z,20,-0.492276,0.4783,0.4100,-49.2276,44.7977,ASIA,1
scalp_fade_3m,BTCUSDT,3m,1,STOP_GAP,2026-01-01T06:03:00.000Z,2026-01-01T06:05:59.999Z,0,-1.441580,0.0000,0.3938,-144.1580,65.5078,ASIA,1
scalp_fade_3m,BTCUSDT,3m,1,STOP_GAP,2026-01-01T07:27:00.000Z,2026-01-01T07:29:59.999Z,0,-1.471871,0.0000,0.6380,-147.1871,66.8842,LONDON,-1
scalp_fade_3m,BTCUSDT,3m,1,STOP_GAP,2026-01-01T07:45:00.000Z,2026-01-01T07:47:59.999Z,0,-1.412072,0.0000,0.5154,-141.2072,64.1669,LONDON,-1
scalp_fade_3m,BTCUSDT,3m,1,TARGET,2026-01-01T07:57:00.000Z,2026-01-01T08:08:59.999Z,3,0.148104,0.7805,0.3680,14.8104,42.9740,LONDON,-1
scalp_fade_3m,BTCUSDT,3m,-1,STOP_GAP,2026-01-01T10:30:00.000Z,2026-01-01T10:32:59.999Z,0,-1.455896,0.0000,0.4610,-145.5896,66.1583,LONDON,1
scalp_fade_3m,BTCUSDT,3m,-1,TIME,2026-01-01T12:27:00.000Z,2026-01-01T13:29:59.999Z,20,-1.008745,0.4103,0.4197,-100.8745,52.6698,LONDON,1
scalp_fade_3m,BTCUSDT,3m,-1,STOP,2026-01-01T13:39:00.000Z,2026-01-01T13:41:59.999Z,0,-1.369742,0.0000,0.4795,-136.9742,61.4959,NY,1
scalp_fade_3m,BTCUSDT,3m,-1,STOP,2026-01-01T15:33:00.000Z,2026-01-01T15:41:59.999Z,2,-1.309012,0.1114,0.5389,-130.9012,51.2667,NY,1
scalp_fade_3m,BTCUSDT,3m,-1,STOP,2026-01-01T19:39:00.000Z,2026-01-01T19:41:59.999Z,0,-1.337719,0.0000,0.9309,-133.7719,56.1582,NY,-1
scalp_fade_3m,BTCUSDT,3m,-1,TIME,2026-01-02T00:33:00.000Z,2026-01-02T01:35:59.999Z,20,0.370674,0.9549,0.3458,37.0674,35.2066,ASIA,-1
scalp_fade_3m,BTCUSDT,3m,-1,TIME,2026-01-02T04:00:00.000Z,2026-01-02T05:02:59.999Z,20,0.331022,0.8693,0.3344,33.1022,28.5265,ASIA,1
scalp_fade_3m,BTCUSDT,3m,-1,STOP,2026-01-02T05:48:00.000Z,2026-01-02T05:53:59.999Z,1,-1.288568,0.0000,0.5267,-128.8568,47.9158,ASIA,-1
scalp_fade_3m,BTCUSDT,3m,-1,STOP,2026-01-02T07:21:00.000Z,2026-01-02T08:14:59.999Z,17,-1.259727,0.6785,0.6836,-125.9727,42.4081,LONDON,-1
scalp_fade_3m,BTCUSDT,3m,-1,STOP,2026-01-02T09:45:00.000Z,2026-01-02T09:50:59.999Z,1,-1.234869,0.0000,1.3472,-123.4869,38.9745,LONDON,1
scalp_fade_3m,BTCUSDT,3m,-1,TIME,2026-01-02T11:48:00.000Z,2026-01-02T12:50:59.999Z,20,-0.699672,0.3981,0.4274,-69.9672,34.9893,LONDON,-1
scalp_fade_3m,BTCUSDT,3m,-1,STOP,2026-01-02T13:09:00.000Z,2026-01-02T13:17:59.999Z,2,-1.242910,0.0000,0.9751,-124.2910,40.2715,NY,-1
scalp_fade_3m,BTCUSDT,3m,-1,STOP,2026-01-02T13:18:00.000Z,2026-01-02T13:20:59.999Z,0,-1.226083,0.0000,0.9388,-122.6083,37.5506,NY,-1
scalp_fade_3m,BTCUSDT,3m,-1,STOP,2026-01-02T14:42:00.000Z,2026-01-02T14:50:59.999Z,2,-1.098525,0.0518,1.8370,-109.8525,16.2553,NY,-1
scalp_fade_3m,BTCUSDT,3m,-1,TIME,2026-01-02T20:36:00.000Z,2026-01-02T21:38:59.999Z,20,-0.390149,0.7712,0.3845,-39.0149,25.8385,NY,1
scalp_fade_3m,BTCUSDT,3m,-1,STOP,2026-01-02T21:42:00.000Z,2026-01-02T21:47:59.999Z,1,-1.254396,0.0000,0.7169,-125.4396,42.2260,LATE,1
scalp_fade_3m,BTCUSDT,3m,-1,STOP,2026-01-02T21:54:00.000Z,2026-01-02T22:05:59.999Z,3,-1.208490,0.2062,1.0534,-120.8490,34.5104,LATE,1
scalp_fade_3m,BTCUSDT,3m,-1,STOP,2026-01-02T22:36:00.000Z,2026-01-02T22:38:59.999Z,0,-1.199920,0.0000,0.6782,-119.9920,33.1897,LATE,1
scalp_fade_3m,BTCUSDT,3m,-1,STOP,2026-01-02T22:39:00.000Z,2026-01-02T22:47:59.999Z,2,-1.190382,0.0000,0.8478,-119.0382,31.5342,LATE,1
scalp_fade_3m,BTCUSDT,3m,-1,STOP,2026-01-03T00:03:00.000Z,2026-01-03T00:05:59.999Z,0,-1.292641,0.0000,0.5864,-129.2641,48.6446,ASIA,1
scalp_fade_3m,BTCUSDT,3m,1,STOP,2026-01-03T10:00:00.000Z,2026-01-03T10:08:59.999Z,2,-1.249392,0.0000,0.6736,-124.9392,41.5217,LONDON,-1
scalp_fade_3m,BTCUSDT,3m,1,STOP,2026-01-03T11:39:00.000Z,2026-01-03T11:53:59.999Z,4,-1.354973,0.0124,0.4127,-135.4973,58.9216,LONDON,-1
scalp_fade_3m,BTCUSDT,3m,-1,STOP,2026-01-03T14:09:00.000Z,2026-01-03T14:11:59.999Z,0,-1.313095,0.0000,0.7110,-131.3095,52.0540,NY,1
scalp_fade_3m,BTCUSDT,3m,-1,STOP,2026-01-03T16:27:00.000Z,2026-01-03T16:29:59.999Z,0,-1.256889,0.0000,0.5904,-125.6889,42.6854,NY,-1
scalp_fade_3m,BTCUSDT,3m,-1,STOP,2026-01-03T19:39:00.000Z,2026-01-03T19:41:59.999Z,0,-1.374734,0.0000,0.4667,-137.4734,62.3280,NY,-1
scalp_fade_3m,BTCUSDT,3m,-1,STOP,2026-01-03T23:00:00.000Z,2026-01-03T23:20:59.999Z,6,-1.245744,0.3420,0.6581,-124.5744,40.5743,LATE,-1
scalp_fade_3m,BTCUSDT,3m,-1,STOP,2026-01-04T00:03:00.000Z,2026-01-04T00:05:59.999Z,0,-1.276342,0.0000,4.7176,-127.6342,45.9278,ASIA,1
scalp_fade_3m,BTCUSDT,3m,-1,TIME,2026-01-04T01:57:00.000Z,2026-01-04T02:59:59.999Z,20,-0.401183,0.3484,0.4687,-40.1183,32.2128,ASIA,-1
scalp_fade_3m,BTCUSDT,3m,-1,STOP,2026-01-04T03:12:00.000Z,2026-01-04T03:14:59.999Z,0,-1.253417,0.0000,0.6867,-125.3417,42.1067,ASIA,1
scalp_fade_3m,BTCUSDT,3m,-1,TIME,2026-01-04T08:42:00.000Z,2026-01-04T09:44:59.999Z,20,-0.987958,0.3120,0.4478,-98.7958,35.1498,LONDON,-1
scalp_fade_3m,BTCUSDT,3m,-1,STOP,2026-01-04T09:57:00.000Z,2026-01-04T10:02:59.999Z,1,-1.270154,0.0000,0.6640,-127.0154,44.8497,LONDON,-1
scalp_fade_3m,BTCUSDT,3m,1,STOP,2026-01-04T14:48:00.000Z,2026-01-04T15:38:59.999Z,16,-1.274139,0.4839,0.6014,-127.4139,44.9750,NY,1
scalp_fade_3m,BTCUSDT,3m,-1,TIME,2026-01-04T17:03:00.000Z,2026-01-04T18:05:59.999Z,20,-0.166138,0.5784,0.3875,-16.6138,46.1690,NY,1
scalp_fade_3m,BTCUSDT,3m,-1,STOP,2026-01-04T22:33:00.000Z,2026-01-04T23:02:59.999Z,9,-1.285586,0.3088,1.6015,-128.5586,47.0282,LATE,1
scalp_fade_3m,BTCUSDT,3m,-1,STOP,2026-01-04T23:03:00.000Z,2026-01-04T23:59:59.999Z,18,-1.212512,0.5805,0.6953,-121.2512,34.6398,LATE,-1
scalp_fade_3m,BTCUSDT,3m,-1,TARGET,2026-01-05T03:36:00.000Z,2026-01-05T04:23:59.999Z,15,0.768815,1.3188,0.3166,76.8815,23.1460,ASIA,1
scalp_fade_3m,BTCUSDT,3m,-1,STOP,2026-01-05T06:51:00.000Z,2026-01-05T07:02:59.999Z,3,-1.230159,0.0000,0.6958,-123.0159,38.1110,ASIA,-1
scalp_fade_3m,BTCUSDT,3m,-1,STOP,2026-01-05T07:42:00.000Z,2026-01-05T08:11:59.999Z,9,-1.305325,0.1019,0.5521,-130.5325,50.2877,LONDON,1
scalp_fade_3m,BTCUSDT,3m,-1,STOP,2026-01-05T10:39:00.000Z,2026-01-05T10:56:59.999Z,5,-1.181829,0.2518,0.7301,-118.1829,30.0181,LONDON,1
scalp_fade_3m,BTCUSDT,3m,-1,STOP,2026-01-05T11:45:00.000Z,2026-01-05T11:50:59.999Z,1,-1.214236,0.0000,0.7135,-121.4236,35.5389,LONDON,1
scalp_fade_3m,BTCUSDT,3m,-1,STOP,2026-01-05T14:06:00.000Z,2026-01-05T14:38:59.999Z,10,-1.212717,1.2127,0.6812,-121.2717,34.9589,NY,-1
scalp_fade_3m,BTCUSDT,3m,-1,STOP,2026-01-05T14:39:00.000Z,2026-01-05T14:44:59.999Z,1,-1.121511,0.0000,1.2447,-112.1511,20.0994,NY,1
scalp_fade_3m,BTCUSDT,3m,-1,STOP,2026-01-05T17:42:00.000Z,2026-01-05T17:56:59.999Z,4,-1.134387,0.0000,1.1757,-113.4387,22.1744,NY,-1
scalp_fade_3m,BTCUSDT,3m,-1,STOP,2026-01-05T20:00:00.000Z,2026-01-05T20:05:59.999Z,1,-1.177645,0.1519,0.8448,-117.7645,29.4462,NY,1
scalp_fade_3m,BTCUSDT,3m,-1,STOP,2026-01-05T20:12:00.000Z,2026-01-05T20:26:59.999Z,4,-1.155587,0.0270,0.8371,-115.5587,25.6933,NY,1
scalp_fade_3m,BTCUSDT,3m,-1,STOP,2026-01-05T21:42:00.000Z,2026-01-05T22:17:59.999Z,11,-1.179488,0.1519,0.8640,-117.9488,29.4470,LATE,-1
scalp_fade_3m,BTCUSDT,3m,1,TARGET,2026-01-06T03:00:00.000Z,2026-01-06T03:35:59.999Z,11,0.647888,1.0614,0.3303,64.7888,27.0331,ASIA,-1
scalp_fade_3m,BTCUSDT,3m,1,STOP,2026-01-06T05:27:00.000Z,2026-01-06T05:41:59.999Z,4,-1.256220,0.1729,0.6643,-125.6220,42.5664,ASIA,-1
scalp_fade_3m,BTCUSDT,3m,1,TARGET,2026-01-06T06:06:00.000Z,2026-01-06T06:32:59.999Z,8,0.628868,0.9742,0.2537,62.8868,27.6595,ASIA,-1
scalp_fade_3m,BTCUSDT,3m,1,STOP,2026-01-06T07:03:00.000Z,2026-01-06T07:08:59.999Z,1,-1.237325,0.0000,0.6504,-123.7325,39.5601,LONDON,1
scalp_fade_3m,BTCUSDT,3m,-1,STOP,2026-01-06T14:33:00.000Z,2026-01-06T14:41:59.999Z,2,-1.142029,0.0000,0.9312,-114.2029,23.4914,NY,-1
scalp_fade_3m,BTCUSDT,3m,-1,TIME,2026-01-06T14:51:00.000Z,2026-01-06T15:53:59.999Z,20,0.743775,1.2094,0.4618,74.3775,15.9523,NY,1
scalp_fade_3m,BTCUSDT,3m,1,STOP,2026-01-06T17:42:00.000Z,2026-01-06T17:56:59.999Z,4,-1.100828,0.0363,1.3361,-110.0828,16.8310,NY,-1
scalp_fade_3m,BTCUSDT,3m,-1,STOP,2026-01-06T22:51:00.000Z,2026-01-06T23:05:59.999Z,4,-1.157241,0.1474,0.8190,-115.7241,25.9679,LATE,-1
scalp_fade_3m,BTCUSDT,3m,1,TIME,2026-01-07T02:09:00.000Z,2026-01-07T03:11:59.999Z,20,0.459351,1.0389,0.3073,45.9351,22.2613,ASIA,-1
scalp_fade_3m,BTCUSDT,3m,1,STOP,2026-01-07T03:33:00.000Z,2026-01-07T04:17:59.999Z,14,-1.206421,0.1110,0.8031,-120.6421,33.9668,ASIA,1
scalp_fade_3m,BTCUSDT,3m,1,STOP,2026-01-07T04:45:00.000Z,2026-01-07T05:02:59.999Z,5,-1.211674,0.0000,0.6821,-121.1674,35.1524,ASIA,-1
scalp_fade_3m,BTCUSDT,3m,1,STOP,2026-01-07T05:48:00.000Z,2026-01-07T05:56:59.999Z,2,-1.222713,0.0000,0.8430,-122.2713,37.0939,ASIA,1
scalp_fade_3m,BTCUSDT,3m,1,TARGET,2026-01-07T06:54:00.000Z,2026-01-07T07:38:59.999Z,14,0.531179,0.9090,0.4876,53.1179,30.7068,ASIA,1
scalp_fade_3m,BTCUSDT,3m,1,STOP,2026-01-07T08:24:00.000Z,2026-01-07T08:47:59.999Z,7,-1.255064,0.2738,0.8242,-125.5064,42.2436,LONDON,1
scalp_fade_3m,BTCUSDT,3m,1,STOP,2026-01-07T12:09:00.000Z,2026-01-07T13:08:59.999Z,19,-1.227647,0.4033,0.8502,-122.7647,37.2552,LONDON,-1
scalp_fade_3m,BTCUSDT,3m,1,STOP,2026-01-07T14:39:00.000Z,2026-01-07T15:05:59.999Z,8,-1.116524,0.6984,0.8442,-111.6524,19.3501,NY,-1
scalp_fade_3m,BTCUSDT,3m,1,STOP,2026-01-07T18:30:00.000Z,2026-01-07T18:53:59.999Z,7,-1.153063,0.2970,0.7638,-115.3063,25.4029,NY,-1
scalp_fade_3m,BTCUSDT,3m,1,TIME,2026-01-07T20:45:00.000Z,2026-01-07T21:47:59.999Z,20,-0.311049,0.4485,0.2906,-31.1049,26.2236,NY,1
scalp_fade_3m,BTCUSDT,3m,1,STOP,2026-01-07T22:00:00.000Z,2026-01-07T22:02:59.999Z,0,-1.268413,0.0000,1.2461,-126.8413,44.7713,LATE,-1
scalp_fade_3m,BTCUSDT,3m,1,TARGET,2026-01-07T22:09:00.000Z,2026-01-07T22:35:59.999Z,8,0.741373,0.9957,0.6244,74.1373,24.0900,LATE,-1
scalp_fade_3m,BTCUSDT,3m,1,TIME,2026-01-08T00:06:00.000Z,2026-01-08T01:08:59.999Z,20,-0.305898,0.3101,0.7248,-30.5898,26.5890,ASIA,1
scalp_fade_3m,BTCUSDT,3m,1,STOP,2026-01-08T03:06:00.000Z,2026-01-08T03:44:59.999Z,12,-1.176141,0.0000,1.2816,-117.6141,29.0630,ASIA,-1
scalp_fade_3m,BTCUSDT,3m,1,STOP,2026-01-08T05:30:00.000Z,2026-01-08T05:44:59.999Z,4,-1.235956,0.0449,0.7860,-123.5956,39.2104,ASIA,1
scalp_fade_3m,BTCUSDT,3m,1,STOP,2026-01-08T08:36:00.000Z,2026-01-08T08:47:59.999Z,3,-1.177084,0.0000,0.7257,-117.7084,29.4909,LONDON,1
scalp_fade_3m,BTCUSDT,3m,1,TIME,2026-01-08T12:09:00.000Z,2026-01-08T13:11:59.999Z,20,-0.426418,0.2379,0.7098,-42.6418,28.3967,LONDON,-1
scalp_fade_3m,BTCUSDT,3m,1,STOP,2026-01-08T13:33:00.000Z,2026-01-08T14:05:59.999Z,10,-1.221940,0.1821,1.2252,-122.1940,36.6612,NY,-1
scalp_fade_3m,BTCUSDT,3m,1,STOP,2026-01-08T14:36:00.000Z,2026-01-08T14:44:59.999Z,2,-1.122421,0.1888,1.1318,-112.2421,20.4495,NY,-1
scalp_fade_3m,BTCUSDT,3m,-1,STOP,2026-01-08T22:09:00.000Z,2026-01-08T22:14:59.999Z,1,-1.237307,0.0000,1.5230,-123.7307,39.3804,LATE,1
scalp_fade_3m,BTCUSDT,3m,-1,STOP,2026-01-09T00:39:00.000Z,2026-01-09T00:50:59.999Z,3,-1.257640,0.0000,0.7328,-125.7640,42.6774,ASIA,-1
scalp_fade_3m,BTCUSDT,3m,-1,TARGET,2026-01-09T01:30:00.000Z,2026-01-09T01:35:59.999Z,1,0.903814,1.1470,0.6005,90.3814,18.9439,ASIA,1
scalp_fade_3m,BTCUSDT,3m,-1,STOP,2026-01-09T03:36:00.000Z,2026-01-09T03:47:59.999Z,3,-1.208740,0.0000,0.6984,-120.8740,34.5519,ASIA,-1
scalp_fade_3m,BTCUSDT,3m,-1,TIME,2026-01-09T06:18:00.000Z,2026-01-09T07:20:59.999Z,20,-0.526753,0.4056,0.4295,-52.6753,46.2983,ASIA,1
scalp_fade_3m,BTCUSDT,3m,1,STOP,2026-01-09T11:48:00.000Z,2026-01-09T12:11:59.999Z,7,-1.247081,0.3760,0.7179,-124.7081,40.9256,LONDON,1
scalp_fade_3m,BTCUSDT,3m,1,STOP,2026-01-09T12:12:00.000Z,2026-01-09T12:17:59.999Z,1,-1.205358,0.0000,0.7092,-120.5358,34.2494,LONDON,-1
scalp_fade_3m,BTCUSDT,3m,1,TARGET,2026-01-09T12:36:00.000Z,2026-01-09T13:23:59.999Z,15,0.766558,1.0474,0.2768,76.6558,23.2449,LONDON,-1
scalp_fade_3m,BTCUSDT,3m,1,STOP,2026-01-09T14:33:00.000Z,2026-01-09T14:44:59.999Z,3,-1.145422,0.8245,0.7893,-114.5422,24.2416,NY,-1
scalp_fade_3m,BTCUSDT,3m,1,TARGET,2026-01-09T15:06:00.000Z,2026-01-09T15:23:59.999Z,5,1.162078,1.2985,0.2685,116.2078,10.7511,NY,-1
scalp_fade_3m,BTCUSDT,3m,1,TIME,2026-01-09T19:57:00.000Z,2026-01-09T20:59:59.999Z,20,-0.662694,0.5012,0.4850,-66.2694,24.6617,NY,1
scalp_fade_3m,BTCUSDT,3m,1,TIME,2026-01-09T21:12:00.000Z,2026-01-09T22:14:59.999Z,20,-0.372319,0.7820,0.1938,-37.2319,24.9846,LATE,-1
scalp_fade_3m,BTCUSDT,3m,1,TARGET,2026-01-09T22:15:00.000Z,2026-01-09T22:35:59.999Z,6,0.658716,1.1233,0.3875,65.8716,26.7277,LATE,1
scalp_fade_3m,BTCUSDT,3m,-1,STOP,2026-01-10T02:24:00.000Z,2026-01-10T02:29:59.999Z,1,-1.343605,0.0000,0.4840,-134.3605,57.0800,ASIA,1
scalp_fade_3m,BTCUSDT,3m,-1,TIME,2026-01-10T03:00:00.000Z,2026-01-10T04:02:59.999Z,20,-0.983218,0.5363,0.3618,-98.3218,56.4425,ASIA,1
scalp_fade_3m,BTCUSDT,3m,1,STOP,2026-01-10T04:06:00.000Z,2026-01-10T04:08:59.999Z,0,-1.351310,0.0000,0.6560,-135.1310,58.5575,ASIA,1
scalp_fade_3m,BTCUSDT,3m,-1,STOP,2026-01-10T09:39:00.000Z,2026-01-10T09:41:59.999Z,0,-1.353894,0.0000,0.5485,-135.3894,58.8544,LONDON,1
scalp_fade_3m,BTCUSDT,3m,-1,STOP,2026-01-10T09:45:00.000Z,2026-01-10T09:47:59.999Z,0,-1.335231,0.0000,0.7261,-133.5231,55.7436,LONDON,1
scalp_fade_3m,BTCUSDT,3m,-1,STOP_GAP,2026-01-10T12:06:00.000Z,2026-01-10T12:08:59.999Z,0,-1.382113,0.0000,0.4661,-138.2113,62.8055,LONDON,-1
scalp_fade_3m,BTCUSDT,3m,-1,STOP,2026-01-10T12:09:00.000Z,2026-01-10T12:17:59.999Z,2,-1.375746,0.0000,0.6354,-137.5746,62.3668,LONDON,-1
scalp_fade_3m,BTCUSDT,3m,-1,STOP,2026-01-10T12:18:00.000Z,2026-01-10T12:20:59.999Z,0,-1.373577,0.0000,0.4324,-137.3577,62.1352,LONDON,-1
scalp_fade_3m,BTCUSDT,3m,-1,STOP_GAP,2026-01-10T12:54:00.000Z,2026-01-10T12:56:59.999Z,0,-1.479588,0.0000,0.4034,-147.9588,67.2349,LONDON,-1
scalp_fade_3m,BTCUSDT,3m,-1,STOP_GAP,2026-01-10T13:09:00.000Z,2026-01-10T13:11:59.999Z,0,-1.446929,0.0000,0.5591,-144.6929,65.7508,NY,1
scalp_fade_3m,BTCUSDT,3m,-1,STOP_GAP,2026-01-10T13:21:00.000Z,2026-01-10T13:23:59.999Z,0,-1.406437,0.0000,0.4680,-140.6437,63.9108,NY,1
scalp_fade_3m,BTCUSDT,3m,1,STOP_GAP,2026-01-10T15:21:00.000Z,2026-01-10T15:23:59.999Z,0,-1.452827,0.0000,0.4902,-145.2827,66.0188,NY,1
scalp_fade_3m,BTCUSDT,3m,1,STOP,2026-01-10T16:18:00.000Z,2026-01-10T16:32:59.999Z,4,-1.376106,0.0000,0.4497,-137.6106,62.4215,NY,1
scalp_fade_3m,BTCUSDT,3m,1,STOP_GAP,2026-01-10T16:33:00.000Z,2026-01-10T16:35:59.999Z,0,-1.454501,0.0000,0.3973,-145.4501,66.0949,NY,1
scalp_fade_3m,BTCUSDT,3m,1,STOP,2026-01-10T23:57:00.000Z,2026-01-11T00:05:59.999Z,2,-1.352780,0.0000,0.5526,-135.2780,58.6799,LATE,-1
scalp_fade_3m,BTCUSDT,3m,1,TARGET,2026-01-11T00:15:00.000Z,2026-01-11T01:05:59.999Z,16,0.188543,0.6305,0.3564,18.8543,41.5359,ASIA,-1
scalp_fade_3m,BTCUSDT,3m,1,STOP_GAP,2026-01-11T01:27:00.000Z,2026-01-11T01:29:59.999Z,0,-1.383481,0.0000,0.3779,-138.3481,62.8676,ASIA,1
scalp_fade_3m,BTCUSDT,3m,-1,STOP_GAP,2026-01-11T03:21:00.000Z,2026-01-11T03:23:59.999Z,0,-1.443163,0.0000,0.7864,-144.3163,65.5797,ASIA,1
scalp_fade_3m,BTCUSDT,3m,-1,STOP_GAP,2026-01-11T04:15:00.000Z,2026-01-11T04:17:59.999Z,0,-1.449859,0.0000,0.6082,-144.9859,65.8840,ASIA,-1
scalp_fade_3m,BTCUSDT,3m,-1,STOP_GAP,2026-01-11T08:24:00.000Z,2026-01-11T08:26:59.999Z,0,-1.449612,0.0000,0.4672,-144.9612,65.8728,LONDON,-1
scalp_fade_3m,BTCUSDT,3m,-1,TIME,2026-01-11T08:57:00.000Z,2026-01-11T09:59:59.999Z,20,-0.764128,0.4806,0.4235,-76.4128,53.5390,LONDON,1
scalp_fade_3m,BTCUSDT,3m,-1,STOP_GAP,2026-01-11T12:03:00.000Z,2026-01-11T12:05:59.999Z,0,-1.468767,0.0000,0.6477,-146.8767,66.7432,LONDON,1
scalp_fade_3m,BTCUSDT,3m,-1,TARGET,2026-01-11T15:09:00.000Z,2026-01-11T15:44:59.999Z,11,0.526784,1.2146,0.2904,52.6784,30.8493,NY,1
scalp_fade_3m,BTCUSDT,3m,-1,STOP,2026-01-11T18:57:00.000Z,2026-01-11T19:14:59.999Z,5,-1.325272,0.0005,0.4821,-132.5272,53.8036,NY,-1
scalp_fade_3m,BTCUSDT,3m,1,STOP,2026-01-11T22:03:00.000Z,2026-01-11T22:05:59.999Z,0,-1.261990,0.0000,0.9985,-126.1990,43.7033,LATE,1
scalp_fade_3m,BTCUSDT,3m,-1,TARGET,2026-01-12T03:33:00.000Z,2026-01-12T04:05:59.999Z,10,0.964874,1.1798,0.2012,96.4874,16.9582,ASIA,1
scalp_fade_3m,BTCUSDT,3m,-1,TARGET,2026-01-12T06:09:00.000Z,2026-01-12T06:32:59.999Z,7,0.512327,1.1017,0.4699,51.2327,31.3434,ASIA,-1
scalp_fade_3m,BTCUSDT,3m,-1,TARGET,2026-01-12T07:09:00.000Z,2026-01-12T07:35:59.999Z,8,0.584422,0.9913,0.2927,58.4422,29.0458,LONDON,-1
scalp_fade_3m,BTCUSDT,3m,1,TIME,2026-01-12T11:42:00.000Z,2026-01-12T12:44:59.999Z,20,-0.164187,0.9261,0.2933,-16.4187,35.0565,LONDON,-1
scalp_fade_3m,BTCUSDT,3m,1,STOP,2026-01-12T13:06:00.000Z,2026-01-12T13:08:59.999Z,0,-1.247865,0.0000,1.0154,-124.7865,41.3541,NY,1
scalp_fade_3m,BTCUSDT,3m,1,TIME,2026-01-12T13:09:00.000Z,2026-01-12T14:11:59.999Z,20,-0.595891,0.5236,0.5402,-59.5891,36.6995,NY,1
scalp_fade_3m,BTCUSDT,3m,1,STOP,2026-01-12T14:18:00.000Z,2026-01-12T14:23:59.999Z,1,-1.220305,0.1002,0.8262,-122.0305,36.7325,NY,1
scalp_fade_3m,BTCUSDT,3m,1,STOP,2026-01-13T00:42:00.000Z,2026-01-13T01:35:59.999Z,17,-1.207110,0.5933,0.7994,-120.7110,33.9753,ASIA,1
scalp_fade_3m,BTCUSDT,3m,1,STOP,2026-01-13T02:36:00.000Z,2026-01-13T02:38:59.999Z,0,-1.275129,0.0000,0.5829,-127.5129,45.8883,ASIA,-1
scalp_fade_3m,BTCUSDT,3m,1,TARGET,2026-01-13T03:00:00.000Z,2026-01-13T03:23:59.999Z,7,0.608119,1.2895,0.3197,60.8119,28.3259,ASIA,-1
scalp_fade_3m,BTCUSDT,3m,-1,STOP,2026-01-13T04:30:00.000Z,2026-01-13T05:02:59.999Z,10,-1.239174,0.2804,1.2800,-123.9174,39.3234,ASIA,1
scalp_fade_3m,BTCUSDT,3m,-1,TARGET,2026-01-13T09:39:00.000Z,2026-01-13T09:44:59.999Z,1,0.877756,1.2908,0.2295,87.7756,19.7727,LONDON,1
scalp_fade_3m,BTCUSDT,3m,-1,TARGET,2026-01-13T11:12:00.000Z,2026-01-13T11:53:59.999Z,13,0.639287,0.9469,0.3131,63.9287,27.2653,LONDON,-1
scalp_fade_3m,BTCUSDT,3m,-1,TIME,2026-01-13T12:21:00.000Z,2026-01-13T13:23:59.999Z,20,-0.593312,0.1522,0.5800,-59.3312,36.9785,LONDON,-1
scalp_fade_3m,BTCUSDT,3m,-1,STOP,2026-01-13T13:27:00.000Z,2026-01-13T13:29:59.999Z,0,-1.251850,0.0000,0.6269,-125.1850,41.8454,NY,1
scalp_fade_3m,BTCUSDT,3m,-1,STOP,2026-01-13T13:30:00.000Z,2026-01-13T13:32:59.999Z,0,-1.245755,0.0000,2.2602,-124.5755,40.8296,NY,1
scalp_fade_3m,BTCUSDT,3m,-1,TARGET,2026-01-13T13:36:00.000Z,2026-01-13T14:02:59.999Z,8,1.078395,1.2169,0.2933,107.8395,13.3639,NY,1
scalp_fade_3m,BTCUSDT,3m,-1,STOP,2026-01-13T18:06:00.000Z,2026-01-13T18:20:59.999Z,4,-1.138690,0.0440,0.8036,-113.8690,22.8885,NY,-1
scalp_fade_3m,BTCUSDT,3m,-1,STOP,2026-01-13T19:21:00.000Z,2026-01-13T19:35:59.999Z,4,-1.154690,0.0498,1.4274,-115.4690,25.5444,NY,-1
scalp_fade_3m,BTCUSDT,3m,-1,STOP,2026-01-13T20:39:00.000Z,2026-01-13T21:02:59.999Z,7,-1.152516,0.1672,0.7746,-115.2516,25.1055,NY,1
scalp_fade_3m,BTCUSDT,3m,-1,STOP,2026-01-13T22:09:00.000Z,2026-01-13T22:11:59.999Z,0,-1.177675,0.0450,7.6495,-117.7675,29.4818,LATE,1
scalp_fade_3m,BTCUSDT,3m,-1,TIME,2026-01-14T00:09:00.000Z,2026-01-14T01:11:59.999Z,20,-0.237174,0.9883,0.3396,-23.7174,24.0338,ASIA,1
scalp_fade_3m,BTCUSDT,3m,-1,TIME,2026-01-14T02:12:00.000Z,2026-01-14T03:14:59.999Z,20,-0.297548,0.5708,0.2746,-29.7548,25.7431,ASIA,1
scalp_fade_3m,BTCUSDT,3m,-1,STOP,2026-01-14T07:36:00.000Z,2026-01-14T07:47:59.999Z,3,-1.192630,0.1303,0.9003,-119.2630,31.8751,LONDON,1
scalp_fade_3m,BTCUSDT,3m,-1,STOP,2026-01-14T09:12:00.000Z,2026-01-14T09:20:59.999Z,2,-1.246275,0.0000,0.6564,-124.6275,40.8312,LONDON,-1
scalp_fade_3m,BTCUSDT,3m,-1,STOP,2026-01-14T09:30:00.000Z,2026-01-14T10:11:59.999Z,13,-1.242102,0.1840,0.6203,-124.2102,39.6838,LONDON,-1
scalp_fade_3m,BTCUSDT,3m,-1,TIME,2026-01-14T10:42:00.000Z,2026-01-14T11:44:59.999Z,20,-0.017520,0.7408,0.3291,-1.7520,26.7499,LONDON,1
scalp_fade_3m,BTCUSDT,3m,-1,STOP,2026-01-14T13:33:00.000Z,2026-01-14T14:05:59.999Z,10,-1.214608,0.5791,0.8623,-121.4608,35.2710,NY,-1
scalp_fade_3m,BTCUSDT,3m,-1,STOP,2026-01-14T14:33:00.000Z,2026-01-14T14:38:59.999Z,1,-1.131039,0.0000,1.3122,-113.1039,21.6859,NY,1
scalp_fade_3m,BTCUSDT,3m,-1,STOP,2026-01-14T14:39:00.000Z,2026-01-14T14:47:59.999Z,2,-1.105962,0.0388,1.3766,-110.5962,17.4923,NY,1
scalp_fade_3m,BTCUSDT,3m,-1,STOP,2026-01-14T16:36:00.000Z,2026-01-14T16:41:59.999Z,1,-1.099965,0.0000,0.8912,-109.9965,16.5119,NY,1
scalp_fade_3m,BTCUSDT,3m,-1,STOP,2026-01-14T17:00:00.000Z,2026-01-14T17:14:59.999Z,4,-1.108708,0.0748,0.9052,-110.8708,17.9119,NY,1
scalp_fade_3m,BTCUSDT,3m,-1,TARGET,2026-01-14T22:00:00.000Z,2026-01-14T22:35:59.999Z,11,0.832209,1.2159,0.2466,83.2209,21.1614,LATE,1
scalp_fade_3m,BTCUSDT,3m,-1,TARGET,2026-01-15T01:03:00.000Z,2026-01-15T01:29:59.999Z,8,0.864357,1.2719,0.5217,86.4357,20.1588,ASIA,-1
scalp_fade_3m,BTCUSDT,3m,1,STOP,2026-01-15T02:36:00.000Z,2026-01-15T02:38:59.999Z,0,-1.166882,0.0000,0.7979,-116.6882,27.8862,ASIA,-1
scalp_fade_3m,BTCUSDT,3m,1,TIME,2026-01-15T05:30:00.000Z,2026-01-15T06:32:59.999Z,20,-0.048741,0.9831,0.2441,-4.8741,34.4528,ASIA,1
scalp_fade_3m,BTCUSDT,3m,1,TIME,2026-01-15T06:36:00.000Z,2026-01-15T07:38:59.999Z,20,0.323698,0.8638,0.4259,32.3698,30.7138,ASIA,-1
scalp_fade_3m,BTCUSDT,3m,1,TARGET,2026-01-15T17:09:00.000Z,2026-01-15T17:44:59.999Z,11,1.011116,1.2774,0.2816,101.1116,15.5185,NY,1
scalp_fade_3m,BTCUSDT,3m,1,STOP,2026-01-15T23:03:00.000Z,2026-01-15T23:08:59.999Z,1,-1.205330,0.0000,0.7137,-120.5330,34.2447,LATE,1
scalp_fade_3m,BTCUSDT,3m,1,TIME,2026-01-15T23:30:00.000Z,2026-01-16T00:32:59.999Z,20,-0.086434,0.5054,0.5560,-8.6434,32.6536,LATE,-1
scalp_fade_3m,BTCUSDT,3m,1,STOP,2026-01-16T04:30:00.000Z,2026-01-16T04:35:59.999Z,1,-1.227998,0.0000,0.7016,-122.7998,38.0106,ASIA,-1
scalp_fade_3m,BTCUSDT,3m,-1,TIME,2026-01-16T08:51:00.000Z,2026-01-16T09:53:59.999Z,20,-0.455036,0.4636,0.3594,-45.5036,39.6407,LONDON,1
scalp_fade_3m,BTCUSDT,3m,1,STOP,2026-01-16T11:15:00.000Z,2026-01-16T11:17:59.999Z,0,-1.278472,0.0000,0.5469,-127.8472,46.4443,LONDON,-1
scalp_fade_3m,BTCUSDT,3m,1,STOP,2026-01-16T12:36:00.000Z,2026-01-16T12:50:59.999Z,4,-1.290701,0.1734,0.7205,-129.0701,48.2771,LONDON,1
scalp_fade_3m,BTCUSDT,3m,1,STOP,2026-01-16T13:36:00.000Z,2026-01-16T13:41:59.999Z,1,-1.274271,0.0000,1.1514,-127.4271,45.6980,NY,1
scalp_fade_3m,BTCUSDT,3m,1,STOP,2026-01-16T14:33:00.000Z,2026-01-16T14:38:59.999Z,1,-1.165737,0.3504,0.8392,-116.5737,27.6670,NY,1
scalp_fade_3m,BTCUSDT,3m,1,STOP,2026-01-16T14:39:00.000Z,2026-01-16T14:53:59.999Z,4,-1.142550,0.0000,0.7992,-114.2550,23.7408,NY,1
scalp_fade_3m,BTCUSDT,3m,1,STOP,2026-01-16T15:21:00.000Z,2026-01-16T15:35:59.999Z,4,-1.097435,0.0962,1.2017,-109.7435,16.2691,NY,-1
scalp_fade_3m,BTCUSDT,3m,1,TARGET,2026-01-16T17:39:00.000Z,2026-01-16T18:05:59.999Z,8,0.851461,1.1683,0.2265,85.1461,20.5972,NY,-1
scalp_fade_3m,BTCUSDT,3m,1,TARGET,2026-01-16T20:18:00.000Z,2026-01-16T20:44:59.999Z,8,0.750763,1.0122,0.2040,75.0763,23.7921,NY,-1
scalp_fade_3m,BTCUSDT,3m,-1,STOP,2026-01-16T22:45:00.000Z,2026-01-16T23:26:59.999Z,13,-1.212658,0.1806,0.7880,-121.2658,34.8416,LATE,-1
scalp_fade_3m,BTCUSDT,3m,-1,TIME,2026-01-17T00:48:00.000Z,2026-01-17T01:50:59.999Z,20,-0.616502,0.3175,0.4815,-61.6502,51.5735,ASIA,-1
scalp_fade_3m,BTCUSDT,3m,-1,STOP_GAP,2026-01-17T03:45:00.000Z,2026-01-17T03:47:59.999Z,0,-1.426987,0.1696,0.3891,-142.6987,64.8446,ASIA,1
scalp_fade_3m,BTCUSDT,3m,-1,STOP,2026-01-17T03:51:00.000Z,2026-01-17T03:53:59.999Z,0,-1.339520,0.0000,0.4536,-133.9520,56.4586,ASIA,1
scalp_fade_3m,BTCUSDT,3m,1,STOP,2026-01-17T05:00:00.000Z,2026-01-17T05:14:59.999Z,4,-1.363389,0.1364,0.5987,-136.3389,60.3154,ASIA,1
scalp_fade_3m,BTCUSDT,3m,1,STOP,2026-01-17T05:15:00.000Z,2026-01-17T06:05:59.999Z,16,-1.338914,0.0000,0.9544,-133.8914,55.5712,ASIA,1
scalp_fade_3m,BTCUSDT,3m,1,STOP,2026-01-17T06:45:00.000Z,2026-01-17T06:47:59.999Z,0,-1.360107,0.0000,0.6198,-136.0107,60.0206,ASIA,-1
scalp_fade_3m,BTCUSDT,3m,1,STOP_GAP,2026-01-17T10:03:00.000Z,2026-01-17T10:05:59.999Z,0,-1.431789,0.0000,0.4205,-143.1789,65.0628,LONDON,1
scalp_fade_3m,BTCUSDT,3m,1,STOP_GAP,2026-01-17T11:18:00.000Z,2026-01-17T11:20:59.999Z,0,-1.429015,0.0000,0.3896,-142.9015,64.9368,LONDON,-1
scalp_fade_3m,BTCUSDT,3m,1,STOP_GAP,2026-01-17T13:15:00.000Z,2026-01-17T13:17:59.999Z,0,-1.454605,0.3679,0.4695,-145.4605,66.0996,NY,-1
scalp_fade_3m,BTCUSDT,3m,-1,STOP,2026-01-17T14:30:00.000Z,2026-01-17T14:35:59.999Z,1,-1.304800,0.0000,0.5858,-130.4800,50.6186,NY,1
scalp_fade_3m,BTCUSDT,3m,-1,STOP,2026-01-17T14:45:00.000Z,2026-01-17T15:08:59.999Z,7,-1.282690,0.0008,1.3400,-128.2690,46.6461,NY,1
scalp_fade_3m,BTCUSDT,3m,-1,TIME,2026-01-17T16:30:00.000Z,2026-01-17T17:32:59.999Z,20,-0.452233,0.7845,0.2131,-45.2233,35.4439,NY,-1
scalp_fade_3m,BTCUSDT,3m,1,STOP,2026-01-17T21:21:00.000Z,2026-01-17T21:32:59.999Z,3,-1.373713,0.0000,0.6299,-137.3713,62.0896,LATE,-1
scalp_fade_3m,BTCUSDT,3m,1,STOP,2026-01-17T21:33:00.000Z,2026-01-17T21:41:59.999Z,2,-1.371253,0.0000,0.4943,-137.1253,61.7458,LATE,-1
scalp_fade_3m,BTCUSDT,3m,1,STOP,2026-01-18T00:00:00.000Z,2026-01-18T00:02:59.999Z,0,-1.372806,0.0000,0.5969,-137.2806,62.1324,ASIA,-1
scalp_fade_3m,BTCUSDT,3m,1,TARGET,2026-01-18T02:51:00.000Z,2026-01-18T03:32:59.999Z,13,0.385021,0.8041,0.4031,38.5021,35.3462,ASIA,-1
scalp_fade_3m,BTCUSDT,3m,1,STOP_GAP,2026-01-18T05:18:00.000Z,2026-01-18T05:20:59.999Z,0,-1.478684,0.0000,0.4039,-147.8684,67.1938,ASIA,-1
scalp_fade_3m,BTCUSDT,3m,1,STOP_GAP,2026-01-18T05:33:00.000Z,2026-01-18T05:35:59.999Z,0,-1.446756,0.0000,0.6538,-144.6756,65.7430,ASIA,-1
scalp_fade_3m,BTCUSDT,3m,1,STOP_GAP,2026-01-18T11:45:00.000Z,2026-01-18T11:47:59.999Z,0,-1.433428,0.0000,0.4991,-143.3428,65.1373,LONDON,1
scalp_fade_3m,BTCUSDT,3m,1,STOP_GAP,2026-01-18T12:54:00.000Z,2026-01-18T12:56:59.999Z,0,-1.481682,0.0000,0.6249,-148.1682,67.3300,LONDON,-1
scalp_fade_3m,BTCUSDT,3m,1,TIME,2026-01-18T15:45:00.000Z,2026-01-18T16:47:59.999Z,20,-0.377851,0.5986,0.3298,-37.7851,51.9164,NY,1
scalp_fade_3m,BTCUSDT,3m,-1,STOP,2026-01-18T17:18:00.000Z,2026-01-18T17:26:59.999Z,2,-1.295533,0.0000,0.5603,-129.5533,49.0246,NY,1
scalp_fade_3m,BTCUSDT,3m,-1,STOP,2026-01-18T18:30:00.000Z,2026-01-18T18:32:59.999Z,0,-1.285346,0.0000,0.6357,-128.5346,47.4286,NY,-1
scalp_fade_3m,BTCUSDT,3m,-1,STOP,2026-01-18T22:42:00.000Z,2026-01-18T22:56:59.999Z,4,-1.350950,0.0160,0.5307,-135.0950,58.1216,LATE,1
scalp_fade_3m,BTCUSDT,3m,1,TIME,2026-01-19T03:24:00.000Z,2026-01-19T04:26:59.999Z,20,-0.630055,0.5943,0.3222,-63.0055,32.7574,ASIA,1
scalp_fade_3m,BTCUSDT,3m,1,STOP,2026-01-19T05:00:00.000Z,2026-01-19T05:17:59.999Z,5,-1.262752,0.2667,0.6422,-126.2752,43.6031,ASIA,1
scalp_fade_3m,BTCUSDT,3m,1,STOP,2026-01-19T05:30:00.000Z,2026-01-19T05:50:59.999Z,6,-1.240053,0.4013,0.7098,-124.0053,39.8065,ASIA,1
scalp_fade_3m,BTCUSDT,3m,1,TIME,2026-01-19T06:30:00.000Z,2026-01-19T07:32:59.999Z,20,-0.506476,0.2879,0.4679,-50.6476,35.7528,ASIA,-1
scalp_fade_3m,BTCUSDT,3m,1,TARGET,2026-01-19T11:12:00.000Z,2026-01-19T11:38:59.999Z,8,0.386764,0.9933,0.3173,38.6764,35.3409,LONDON,1
scalp_fade_3m,BTCUSDT,3m,1,STOP,2026-01-19T12:03:00.000Z,2026-01-19T12:29:59.999Z,8,-1.278396,0.1044,0.6101,-127.8396,46.0484,LONDON,1
scalp_fade_3m,BTCUSDT,3m,1,STOP,2026-01-19T14:33:00.000Z,2026-01-19T14:38:59.999Z,1,-1.227739,0.0000,1.2228,-122.7739,37.9676,NY,1
scalp_fade_3m,BTCUSDT,3m,-1,STOP,2026-01-19T17:03:00.000Z,2026-01-19T17:14:59.999Z,3,-1.211329,0.1729,0.7687,-121.1329,34.9822,NY,1
scalp_fade_3m,BTCUSDT,3m,-1,STOP,2026-01-19T19:18:00.000Z,2026-01-19T20:02:59.999Z,14,-1.265647,0.1367,0.6512,-126.5647,43.5112,NY,-1
scalp_fade_3m,BTCUSDT,3m,-1,STOP,2026-01-19T20:39:00.000Z,2026-01-19T21:02:59.999Z,7,-1.281871,0.2595,0.7726,-128.1871,46.5105,NY,1
scalp_fade_3m,BTCUSDT,3m,-1,STOP,2026-01-19T21:03:00.000Z,2026-01-19T21:08:59.999Z,1,-1.270993,0.0000,0.7364,-127.0993,44.9894,LATE,1
scalp_fade_3m,BTCUSDT,3m,1,STOP,2026-01-20T02:00:00.000Z,2026-01-20T02:05:59.999Z,1,-1.214895,0.0000,0.8731,-121.4895,35.8337,ASIA,1
scalp_fade_3m,BTCUSDT,3m,1,STOP,2026-01-20T02:33:00.000Z,2026-01-20T03:11:59.999Z,12,-1.192645,0.2749,0.8042,-119.2645,31.7739,ASIA,-1
scalp_fade_3m,BTCUSDT,3m,1,STOP,2026-01-20T04:36:00.000Z,2026-01-20T04:53:59.999Z,5,-1.209196,0.0000,1.1633,-120.9196,34.7424,ASIA,-1
scalp_fade_3m,BTCUSDT,3m,1,STOP,2026-01-20T08:21:00.000Z,2026-01-20T08:35:59.999Z,4,-1.170857,0.3343,1.0154,-117.0857,28.4289,LONDON,1
scalp_fade_3m,BTCUSDT,3m,1,STOP,2026-01-20T12:15:00.000Z,2026-01-20T12:20:59.999Z,1,-1.268282,0.0000,1.1848,-126.8282,44.7031,LONDON,-1
scalp_fade_3m,BTCUSDT,3m,1,STOP,2026-01-20T12:21:00.000Z,2026-01-20T13:05:59.999Z,14,-1.235651,0.5338,0.7402,-123.5651,38.7582,LONDON,-1
scalp_fade_3m,BTCUSDT,3m,1,STOP,2026-01-20T14:18:00.000Z,2026-01-20T14:20:59.999Z,0,-1.186093,0.0000,0.7451,-118.6093,31.0811,NY,-1
scalp_fade_3m,BTCUSDT,3m,1,TARGET,2026-01-20T14:33:00.000Z,2026-01-20T14:38:59.999Z,1,0.976183,1.1491,0.3316,97.6183,16.6730,NY,-1
scalp_fade_3m,BTCUSDT,3m,1,STOP,2026-01-20T14:48:00.000Z,2026-01-20T15:11:59.999Z,7,-1.075303,0.2994,0.9285,-107.5303,12.5644,NY,-1
scalp_fade_3m,BTCUSDT,3m,-1,TARGET,2026-01-21T07:06:00.000Z,2026-01-21T07:32:59.999Z,8,0.766460,1.0284,0.2695,76.6460,23.2667,LONDON,1
scalp_fade_3m,BTCUSDT,3m,1,STOP,2026-01-21T11:48:00.000Z,2026-01-21T11:50:59.999Z,0,-1.263945,0.0000,0.6931,-126.3945,44.0283,LONDON,-1
scalp_fade_3m,BTCUSDT,3m,1,STOP,2026-01-21T13:39:00.000Z,2026-01-21T13:50:59.999Z,3,-1.146575,0.0000,0.7717,-114.6575,24.4327,NY,1
scalp_fade_3m,BTCUSDT,3m,-1,TARGET,2026-01-21T23:15:00.000Z,2026-01-21T23:41:59.999Z,8,0.935750,1.2837,0.1539,93.5750,17.8924,LATE,-1
scalp_fade_3m,BTCUSDT,3m,-1,STOP,2026-01-22T01:03:00.000Z,2026-01-22T01:20:59.999Z,5,-1.178479,0.2565,0.7477,-117.8479,29.4626,ASIA,-1
scalp_fade_3m,BTCUSDT,3m,-1,STOP,2026-01-22T02:15:00.000Z,2026-01-22T02:26:59.999Z,3,-1.179073,0.0000,0.8027,-117.9073,29.6225,ASIA,1
scalp_fade_3m,BTCUSDT,3m,-1,STOP,2026-01-22T05:42:00.000Z,2026-01-22T06:05:59.999Z,7,-1.274058,0.1604,0.8912,-127.4058,45.2178,ASIA,-1
scalp_fade_3m,BTCUSDT,3m,-1,STOP,2026-01-22T06:15:00.000Z,2026-01-22T06:44:59.999Z,9,-1.211069,0.0158,0.8282,-121.1069,34.7229,ASIA,1
scalp_fade_3m,BTCUSDT,3m,-1,TIME,2026-01-22T09:36:00.000Z,2026-01-22T10:38:59.999Z,20,-0.781704,0.4062,0.4198,-78.1704,40.1584,LONDON,1
scalp_fade_3m,BTCUSDT,3m,1,STOP,2026-01-22T14:42:00.000Z,2026-01-22T14:50:59.999Z,2,-1.098977,0.0000,0.9915,-109.8977,16.5587,NY,-1
scalp_fade_3m,BTCUSDT,3m,1,TARGET,2026-01-22T23:03:00.000Z,2026-01-22T23:26:59.999Z,7,0.791895,1.0378,0.2407,79.1895,22.4934,LATE,-1
scalp_fade_3m,BTCUSDT,3m,-1,STOP,2026-01-23T01:03:00.000Z,2026-01-23T01:05:59.999Z,0,-1.251429,0.0000,0.6162,-125.1429,41.7753,ASIA,-1
scalp_fade_3m,BTCUSDT,3m,-1,STOP,2026-01-23T01:15:00.000Z,2026-01-23T01:17:59.999Z,0,-1.234107,0.0000,0.6177,-123.4107,38.8880,ASIA,-1
scalp_fade_3m,BTCUSDT,3m,-1,STOP,2026-01-23T01:30:00.000Z,2026-01-23T01:35:59.999Z,1,-1.243028,0.0000,0.8040,-124.3028,40.3330,ASIA,-1
scalp_fade_3m,BTCUSDT,3m,-1,STOP,2026-01-23T02:39:00.000Z,2026-01-23T03:17:59.999Z,12,-1.253728,0.5959,0.6536,-125.3728,41.6386,ASIA,-1
scalp_fade_3m,BTCUSDT,3m,-1,STOP,2026-01-23T04:33:00.000Z,2026-01-23T04:35:59.999Z,0,-1.267798,0.0000,0.6910,-126.7798,44.5037,ASIA,1
scalp_fade_3m,BTCUSDT,3m,1,STOP,2026-01-23T07:39:00.000Z,2026-01-23T07:44:59.999Z,1,-1.267018,0.0000,0.5930,-126.7018,44.4931,LONDON,1
scalp_fade_3m,BTCUSDT,3m,1,STOP,2026-01-23T08:00:00.000Z,2026-01-23T08:23:59.999Z,7,-1.242545,0.1792,0.6579,-124.2545,40.1767,LONDON,-1
scalp_fade_3m,BTCUSDT,3m,1,TARGET,2026-01-23T10:48:00.000Z,2026-01-23T11:35:59.999Z,15,0.712748,1.0020,0.4067,71.2748,24.9488,LONDON,1
scalp_fade_3m,BTCUSDT,3m,1,STOP,2026-01-23T12:00:00.000Z,2026-01-23T12:14:59.999Z,4,-1.281810,0.0000,0.5502,-128.1810,46.8046,LONDON,1
scalp_fade_3m,BTCUSDT,3m,1,STOP,2026-01-23T12:15:00.000Z,2026-01-23T12:35:59.999Z,6,-1.287166,0.0000,0.5848,-128.7166,47.5931,LONDON,-1
scalp_fade_3m,BTCUSDT,3m,1,STOP,2026-01-23T14:33:00.000Z,2026-01-23T14:35:59.999Z,0,-1.142221,0.1213,0.8411,-114.2221,23.7850,NY,1
scalp_fade_3m,BTCUSDT,3m,-1,STOP,2026-01-23T16:36:00.000Z,2026-01-23T16:41:59.999Z,1,-1.113153,0.0000,1.0963,-111.3153,18.7078,NY,1
scalp_fade_3m,BTCUSDT,3m,1,TIME,2026-01-23T22:45:00.000Z,2026-01-23T23:47:59.999Z,20,-1.057191,0.0679,0.6123,-105.7191,32.7083,LATE,-1
scalp_fade_3m,BTCUSDT,3m,1,STOP,2026-01-24T00:06:00.000Z,2026-01-24T00:11:59.999Z,1,-1.288238,0.0000,0.5216,-128.8238,48.0185,ASIA,-1
scalp_fade_3m,BTCUSDT,3m,1,STOP,2026-01-24T00:36:00.000Z,2026-01-24T00:41:59.999Z,1,-1.301274,0.0000,0.5238,-130.1274,50.1842,ASIA,-1
scalp_fade_3m,BTCUSDT,3m,1,STOP,2026-01-24T01:33:00.000Z,2026-01-24T01:38:59.999Z,1,-1.319473,0.0000,0.4924,-131.9473,53.2076,ASIA,-1
scalp_fade_3m,BTCUSDT,3m,-1,STOP,2026-01-24T05:12:00.000Z,2026-01-24T05:14:59.999Z,0,-1.368175,0.0000,0.5181,-136.8175,61.2347,ASIA,-1
scalp_fade_3m,BTCUSDT,3m,1,STOP_GAP,2026-01-24T09:09:00.000Z,2026-01-24T09:11:59.999Z,0,-1.486123,0.0000,0.4052,-148.6123,67.5318,LONDON,-1
scalp_fade_3m,BTCUSDT,3m,1,STOP_GAP,2026-01-24T12:36:00.000Z,2026-01-24T12:38:59.999Z,0,-1.416322,0.0000,0.5696,-141.6322,64.3600,LONDON,-1
scalp_fade_3m,BTCUSDT,3m,1,STOP,2026-01-24T14:00:00.000Z,2026-01-24T14:02:59.999Z,0,-1.358235,0.0000,1.6318,-135.8235,59.7091,NY,-1
scalp_fade_3m,BTCUSDT,3m,1,TIME,2026-01-24T14:09:00.000Z,2026-01-24T15:11:59.999Z,20,-1.028262,0.0000,0.5865,-102.8262,40.5411,NY,-1
scalp_fade_3m,BTCUSDT,3m,1,STOP,2026-01-24T15:12:00.000Z,2026-01-24T15:14:59.999Z,0,-1.369595,0.0000,0.4847,-136.9595,61.5985,NY,-1
scalp_fade_3m,BTCUSDT,3m,1,STOP,2026-01-24T16:12:00.000Z,2026-01-24T16:14:59.999Z,0,-1.293398,0.0000,1.0638,-129.3398,48.9265,NY,-1
scalp_fade_3m,BTCUSDT,3m,1,TIME,2026-01-24T17:45:00.000Z,2026-01-24T18:47:59.999Z,20,-0.661731,0.5567,0.4232,-66.1731,56.6216,NY,1
scalp_fade_3m,BTCUSDT,3m,1,STOP,2026-01-24T23:09:00.000Z,2026-01-24T23:59:59.999Z,16,-1.297459,0.1276,0.9264,-129.7459,48.7898,LATE,1
scalp_fade_3m,BTCUSDT,3m,1,STOP,2026-01-25T00:24:00.000Z,2026-01-25T00:26:59.999Z,0,-1.360354,0.0000,0.6916,-136.0354,60.0617,ASIA,-1
scalp_fade_3m,BTCUSDT,3m,1,STOP,2026-01-25T01:15:00.000Z,2026-01-25T01:17:59.999Z,0,-1.370850,0.0000,0.7879,-137.0850,61.8071,ASIA,1
scalp_fade_3m,BTCUSDT,3m,1,STOP,2026-01-25T02:33:00.000Z,2026-01-25T02:35:59.999Z,0,-1.344311,0.0000,0.4603,-134.4311,57.3936,ASIA,1
scalp_fade_3m,BTCUSDT,3m,1,STOP,2026-01-25T06:36:00.000Z,2026-01-25T06:41:59.999Z,1,-1.249887,0.2406,0.7433,-124.9887,41.6471,ASIA,-1
scalp_fade_3m,BTCUSDT,3m,1,STOP,2026-01-25T08:06:00.000Z,2026-01-25T08:08:59.999Z,0,-1.312136,0.0000,0.4966,-131.2136,52.0428,LONDON,-1
scalp_fade_3m,BTCUSDT,3m,1,TARGET,2026-01-25T13:30:00.000Z,2026-01-25T13:53:59.999Z,7,0.507894,1.2314,0.4782,50.7894,31.5067,NY,1
scalp_fade_3m,BTCUSDT,3m,1,STOP,2026-01-25T18:18:00.000Z,2026-01-25T18:20:59.999Z,0,-1.134574,0.0000,0.7987,-113.4574,22.5132,NY,-1
scalp_fade_3m,BTCUSDT,3m,1,TARGET,2026-01-25T20:51:00.000Z,2026-01-25T21:05:59.999Z,4,0.967217,1.2529,0.1975,96.7217,16.9437,NY,-1
scalp_fade_3m,BTCUSDT,3m,1,STOP,2026-01-25T21:36:00.000Z,2026-01-25T22:23:59.999Z,15,-1.133346,0.2718,0.8004,-113.3346,21.9659,LATE,1
scalp_fade_3m,BTCUSDT,3m,1,TIME,2026-01-25T23:06:00.000Z,2026-01-26T00:08:59.999Z,20,0.857219,1.2226,0.2626,85.7219,17.1131,LATE,-1
scalp_fade_3m,BTCUSDT,3m,-1,STOP,2026-01-26T06:00:00.000Z,2026-01-26T06:23:59.999Z,7,-1.218791,0.0741,0.7235,-121.8791,36.0723,ASIA,1
scalp_fade_3m,BTCUSDT,3m,-1,STOP,2026-01-26T06:39:00.000Z,2026-01-26T06:47:59.999Z,2,-1.218623,0.1286,0.7907,-121.8623,36.2317,ASIA,-1
scalp_fade_3m,BTCUSDT,3m,-1,STOP,2026-01-26T06:48:00.000Z,2026-01-26T07:20:59.999Z,10,-1.195628,0.2030,0.7608,-119.5628,32.1399,ASIA,1
scalp_fade_3m,BTCUSDT,3m,-1,TARGET,2026-01-26T08:24:00.000Z,2026-01-26T09:14:59.999Z,16,0.996231,1.1792,0.2582,99.6231,15.9362,LONDON,1
scalp_fade_3m,BTCUSDT,3m,-1,TARGET,2026-01-26T12:03:00.000Z,2026-01-26T12:11:59.999Z,2,0.415157,0.9592,0.3570,41.5157,34.4780,LONDON,-1
scalp_fade_3m,BTCUSDT,3m,-1,STOP,2026-01-26T13:15:00.000Z,2026-01-26T13:20:59.999Z,1,-1.241071,0.0000,0.6981,-124.1071,40.0071,NY,-1
scalp_fade_3m,BTCUSDT,3m,-1,TARGET,2026-01-26T13:39:00.000Z,2026-01-26T14:14:59.999Z,11,0.682181,1.0378,0.5219,68.2181,25.9202,NY,1
scalp_fade_3m,BTCUSDT,3m,-1,STOP,2026-01-26T14:36:00.000Z,2026-01-26T14:41:59.999Z,1,-1.110204,0.1059,0.8900,-111.0204,18.2168,NY,-1
scalp_fade_3m,BTCUSDT,3m,-1,TIME,2026-01-26T16:24:00.000Z,2026-01-26T17:26:59.999Z,20,0.464211,1.1539,0.1342,46.4211,14.7503,NY,-1
scalp_fade_3m,BTCUSDT,3m,-1,STOP,2026-01-26T18:48:00.000Z,2026-01-26T18:59:59.999Z,3,-1.134384,0.0000,1.1187,-113.4384,22.1968,NY,1
scalp_fade_3m,BTCUSDT,3m,-1,STOP,2026-01-27T00:54:00.000Z,2026-01-27T01:23:59.999Z,9,-1.262546,0.5118,0.6482,-126.2546,43.2235,ASIA,1
scalp_fade_3m,BTCUSDT,3m,-1,STOP,2026-01-27T04:03:00.000Z,2026-01-27T04:11:59.999Z,2,-1.267105,0.2494,1.2176,-126.7105,44.2960,ASIA,1
scalp_fade_3m,BTCUSDT,3m,1,STOP,2026-01-27T10:15:00.000Z,2026-01-27T10:32:59.999Z,5,-1.265621,0.0347,0.8836,-126.5621,44.0777,LONDON,-1
scalp_fade_3m,BTCUSDT,3m,1,TARGET,2026-01-27T13:51:00.000Z,2026-01-27T14:14:59.999Z,7,0.620430,1.4631,0.3507,62.0430,27.9352,NY,-1
scalp_fade_3m,BTCUSDT,3m,1,STOP,2026-01-27T14:36:00.000Z,2026-01-27T14:38:59.999Z,0,-1.146892,0.0000,1.0924,-114.6892,24.5618,NY,1
scalp_fade_3m,BTCUSDT,3m,1,TIME,2026-01-27T14:39:00.000Z,2026-01-27T15:41:59.999Z,20,-0.562345,0.8585,0.6427,-56.2345,20.6715,NY,1
scalp_fade_3m,BTCUSDT,3m,1,TARGET,2026-01-27T18:06:00.000Z,2026-01-27T18:56:59.999Z,16,1.056246,1.2795,0.4987,105.6246,14.0680,NY,-1
scalp_fade_3m,BTCUSDT,3m,-1,STOP,2026-01-27T23:09:00.000Z,2026-01-27T23:23:59.999Z,4,-1.195182,0.0000,0.7351,-119.5182,32.2657,LATE,-1
scalp_fade_3m,BTCUSDT,3m,-1,TIME,2026-01-28T00:51:00.000Z,2026-01-28T01:53:59.999Z,20,-0.782430,0.6138,0.5358,-78.2430,34.0792,ASIA,1
scalp_fade_3m,BTCUSDT,3m,-1,STOP,2026-01-28T09:33:00.000Z,2026-01-28T09:38:59.999Z,1,-1.207731,0.0000,1.4230,-120.7731,34.4557,LONDON,-1
scalp_fade_3m,BTCUSDT,3m,-1,STOP,2026-01-28T11:36:00.000Z,2026-01-28T11:41:59.999Z,1,-1.262705,0.0000,1.2253,-126.2705,43.6095,LONDON,1
scalp_fade_3m,BTCUSDT,3m,-1,STOP,2026-01-28T11:42:00.000Z,2026-01-28T11:47:59.999Z,1,-1.217894,0.0000,1.0417,-121.7894,36.1480,LONDON,1
scalp_fade_3m,BTCUSDT,3m,-1,STOP,2026-01-28T12:54:00.000Z,2026-01-28T13:11:59.999Z,5,-1.152381,0.0000,1.1947,-115.2381,25.1352,LONDON,1
scalp_fade_3m,BTCUSDT,3m,-1,STOP,2026-01-28T17:42:00.000Z,2026-01-28T17:44:59.999Z,0,-1.150993,0.0000,1.1332,-115.0993,25.0344,NY,1
scalp_fade_3m,BTCUSDT,3m,1,STOP,2026-01-28T23:45:00.000Z,2026-01-28T23:59:59.999Z,4,-1.242813,0.1684,0.6233,-124.2813,40.3460,LATE,1
scalp_fade_3m,BTCUSDT,3m,1,STOP,2026-01-29T00:00:00.000Z,2026-01-29T00:05:59.999Z,1,-1.217891,0.0063,0.9292,-121.7891,36.3315,ASIA,-1
scalp_fade_3m,BTCUSDT,3m,1,STOP,2026-01-29T00:51:00.000Z,2026-01-29T01:26:59.999Z,11,-1.176043,0.0371,1.3680,-117.6043,29.0768,ASIA,-1
scalp_fade_3m,BTCUSDT,3m,1,STOP,2026-01-29T01:27:00.000Z,2026-01-29T01:50:59.999Z,7,-1.170432,0.2828,0.7184,-117.0432,28.2706,ASIA,-1
scalp_fade_3m,BTCUSDT,3m,1,TIME,2026-01-29T03:15:00.000Z,2026-01-29T04:17:59.999Z,20,-0.480717,0.1458,0.4058,-48.0717,20.1586,ASIA,-1
scalp_fade_3m,BTCUSDT,3m,1,STOP,2026-01-29T07:18:00.000Z,2026-01-29T08:05:59.999Z,15,-1.289637,0.4984,0.8929,-128.9637,47.5589,LONDON,-1
scalp_fade_3m,BTCUSDT,3m,1,STOP,2026-01-29T08:36:00.000Z,2026-01-29T08:50:59.999Z,4,-1.137016,0.0145,0.8263,-113.7016,22.8243,LONDON,1
scalp_fade_3m,BTCUSDT,3m,1,STOP,2026-01-29T09:42:00.000Z,2026-01-29T09:53:59.999Z,3,-1.237477,0.0000,0.7924,-123.7477,39.5032,LONDON,1
scalp_fade_3m,BTCUSDT,3m,1,STOP,2026-01-29T10:12:00.000Z,2026-01-29T10:50:59.999Z,12,-1.254934,0.1413,0.8908,-125.4934,42.0052,LONDON,1
scalp_fade_3m,BTCUSDT,3m,1,STOP,2026-01-29T11:18:00.000Z,2026-01-29T11:26:59.999Z,2,-1.231630,0.0574,0.7413,-123.1630,38.5738,LONDON,1
scalp_fade_3m,BTCUSDT,3m,1,TIME,2026-01-29T11:39:00.000Z,2026-01-29T12:41:59.999Z,20,-0.211150,0.9635,0.4467,-21.1150,34.7961,LONDON,1
scalp_fade_3m,BTCUSDT,3m,1,TIME,2026-01-29T12:42:00.000Z,2026-01-29T13:44:59.999Z,20,-0.278303,0.7045,0.2207,-27.8303,36.8169,LONDON,1
scalp_fade_3m,BTCUSDT,3m,1,STOP,2026-01-29T14:18:00.000Z,2026-01-29T14:26:59.999Z,2,-1.253765,0.0000,0.9846,-125.3765,42.2474,NY,-1
scalp_fade_3m,BTCUSDT,3m,1,STOP,2026-01-29T14:27:00.000Z,2026-01-29T14:29:59.999Z,0,-1.239056,0.0000,0.6483,-123.9056,39.8892,NY,-1
scalp_fade_3m,BTCUSDT,3m,1,STOP,2026-01-29T14:42:00.000Z,2026-01-29T14:53:59.999Z,3,-1.125699,0.2383,0.8358,-112.5699,20.9717,NY,-1
scalp_fade_3m,BTCUSDT,3m,1,STOP,2026-01-29T17:27:00.000Z,2026-01-29T17:47:59.999Z,6,-1.083769,0.1708,0.9450,-108.3769,13.9766,NY,1
scalp_fade_3m,BTCUSDT,3m,1,TIME,2026-01-29T22:15:00.000Z,2026-01-29T23:17:59.999Z,20,0.010225,0.6458,0.1727,1.0225,28.8234,LATE,1
scalp_fade_3m,BTCUSDT,3m,1,STOP,2026-01-30T00:48:00.000Z,2026-01-30T00:53:59.999Z,1,-1.209172,0.0000,1.6585,-120.9172,34.8830,ASIA,-1
scalp_fade_3m,BTCUSDT,3m,1,STOP,2026-01-30T06:00:00.000Z,2026-01-30T06:08:59.999Z,2,-1.171249,0.0000,0.7202,-117.1249,28.5531,ASIA,1
scalp_fade_3m,BTCUSDT,3m,1,STOP,2026-01-30T09:18:00.000Z,2026-01-30T09:26:59.999Z,2,-1.157482,0.0717,1.3771,-115.7482,26.2683,LONDON,1
scalp_fade_3m,BTCUSDT,3m,1,STOP,2026-01-30T12:15:00.000Z,2026-01-30T12:26:59.999Z,3,-1.143801,0.0000,0.9896,-114.3801,23.9729,LONDON,1
scalp_fade_3m,BTCUSDT,3m,1,STOP,2026-01-30T13:12:00.000Z,2026-01-30T13:32:59.999Z,6,-1.141200,0.0317,1.2133,-114.1200,23.4686,NY,-1
scalp_fade_3m,BTCUSDT,3m,-1,TIME,2026-01-30T15:36:00.000Z,2026-01-30T16:38:59.999Z,20,-0.413963,0.7223,0.4113,-41.3963,9.7454,NY,-1
scalp_fade_3m,BTCUSDT,3m,-1,STOP,2026-01-30T17:21:00.000Z,2026-01-30T17:26:59.999Z,1,-1.093213,0.0000,0.9094,-109.3213,15.3876,NY,-1
scalp_fade_3m,BTCUSDT,3m,-1,TIME,2026-01-30T20:33:00.000Z,2026-01-30T21:35:59.999Z,20,-0.595304,0.7741,0.8490,-59.5304,14.1632,NY,-1
scalp_fade_3m,BTCUSDT,3m,-1,STOP,2026-01-30T22:51:00.000Z,2026-01-30T23:50:59.999Z,19,-1.163099,0.3108,0.8391,-116.3099,26.5280,LATE,1
scalp_fade_3m,BTCUSDT,3m,-1,STOP,2026-01-31T00:24:00.000Z,2026-01-31T00:41:59.999Z,5,-1.212400,0.0000,0.7119,-121.2400,35.0874,ASIA,1
scalp_fade_3m,BTCUSDT,3m,-1,TARGET,2026-01-31T01:06:00.000Z,2026-01-31T01:38:59.999Z,10,0.764123,1.1537,0.2006,76.4123,23.3277,ASIA,1
scalp_fade_3m,BTCUSDT,3m,-1,STOP,2026-01-31T02:36:00.000Z,2026-01-31T02:47:59.999Z,3,-1.194595,0.0000,0.7822,-119.4595,32.2015,ASIA,-1
scalp_fade_3m,BTCUSDT,3m,-1,TIME,2026-01-31T04:24:00.000Z,2026-01-31T05:26:59.999Z,20,-0.272543,0.7903,0.5422,-27.2543,45.0754,ASIA,-1
scalp_fade_3m,BTCUSDT,3m,1,STOP,2026-01-31T11:30:00.000Z,2026-01-31T11:53:59.999Z,7,-1.222608,0.0793,0.9421,-122.2608,36.8851,LONDON,-1
scalp_fade_3m,BTCUSDT,3m,1,STOP,2026-01-31T12:12:00.000Z,2026-01-31T12:50:59.999Z,12,-1.178355,0.4723,0.7696,-117.8355,29.4266,LONDON,1
scalp_fade_3m,BTCUSDT,3m,1,STOP,2026-01-31T13:33:00.000Z,2026-01-31T13:38:59.999Z,1,-1.168470,0.0669,0.7518,-116.8470,28.1210,NY,-1
scalp_fade_3m,BTCUSDT,3m,1,STOP,2026-01-31T14:09:00.000Z,2026-01-31T14:14:59.999Z,1,-1.133302,0.0000,0.9577,-113.3302,22.2786,NY,-1
scalp_fade_3m,BTCUSDT,3m,1,STOP,2026-01-31T16:09:00.000Z,2026-01-31T16:17:59.999Z,2,-1.107515,0.4294,1.3033,-110.7515,17.9758,NY,1
scalp_fade_3m,BTCUSDT,3m,1,STOP,2026-01-31T16:30:00.000Z,2026-01-31T16:47:59.999Z,5,-1.054874,0.1369,1.0845,-105.4874,9.2106,NY,-1
scalp_fade_3m,BTCUSDT,3m,1,TARGET,2026-01-31T22:45:00.000Z,2026-01-31T23:20:59.999Z,11,1.088366,1.2589,0.4012,108.8366,13.0696,LATE,-1
scalp_fade_3m,BTCUSDT,3m,1,TARGET,2026-02-01T02:03:00.000Z,2026-02-01T02:17:59.999Z,4,1.000254,1.2181,0.3201,100.0254,15.8943,ASIA,-1
scalp_fade_3m,BTCUSDT,3m,1,TIME,2026-02-01T03:09:00.000Z,2026-02-01T04:11:59.999Z,20,-0.178693,0.3092,0.4899,-17.8693,23.3508,ASIA,1
scalp_fade_3m,BTCUSDT,3m,1,STOP,2026-02-01T05:03:00.000Z,2026-02-01T05:44:59.999Z,13,-1.182612,0.5908,1.0819,-118.2612,30.0950,ASIA,1
scalp_fade_3m,BTCUSDT,3m,1,STOP,2026-02-01T06:39:00.000Z,2026-02-01T06:50:59.999Z,3,-1.163767,0.4113,0.7895,-116.3767,27.2830,ASIA,1
scalp_fade_3m,BTCUSDT,3m,1,TARGET,2026-02-01T08:18:00.000Z,2026-02-01T08:38:59.999Z,6,0.970968,1.4017,0.2961,97.0968,16.8150,LONDON,1
scalp_fade_3m,BTCUSDT,3m,1,STOP,2026-02-01T12:03:00.000Z,2026-02-01T12:17:59.999Z,4,-1.169309,0.0000,0.7678,-116.9309,28.1726,LONDON,1
scalp_fade_3m,BTCUSDT,3m,1,TIME,2026-02-01T12:24:00.000Z,2026-02-01T13:26:59.999Z,20,0.345686,1.1281,0.5119,34.5686,24.1836,LONDON,1
scalp_fade_3m,BTCUSDT,3m,1,STOP,2026-02-01T14:09:00.000Z,2026-02-01T14:17:59.999Z,2,-1.130756,0.0000,0.8585,-113.0756,21.8328,NY,1
scalp_fade_3m,BTCUSDT,3m,1,STOP,2026-02-01T14:45:00.000Z,2026-02-01T15:17:59.999Z,10,-1.070249,0.9081,0.9760,-107.0249,11.6937,NY,-1
scalp_fade_3m,BTCUSDT,3m,1,STOP,2026-02-01T18:48:00.000Z,2026-02-01T19:17:59.999Z,9,-1.112964,0.4180,0.8131,-111.2964,18.7437,NY,1
scalp_fade_3m,BTCUSDT,3m,1,STOP,2026-02-01T19:36:00.000Z,2026-02-01T19:47:59.999Z,3,-1.129970,0.0000,1.3745,-112.9970,21.6799,NY,-1
scalp_fade_3m,BTCUSDT,3m,1,STOP,2026-02-01T20:27:00.000Z,2026-02-01T20:29:59.999Z,0,-1.092673,0.0000,0.9336,-109.2673,15.5449,NY,-1
scalp_fade_3m,BTCUSDT,3m,1,STOP,2026-02-01T22:24:00.000Z,2026-02-01T23:08:59.999Z,14,-1.067149,1.0780,1.5059,-106.7149,11.1374,LATE,-1
scalp_fade_3m,BTCUSDT,3m,1,STOP,2026-02-02T02:18:00.000Z,2026-02-02T02:47:59.999Z,9,-1.076680,0.0436,0.8858,-107.6680,12.7654,ASIA,-1
scalp_fade_3m,BTCUSDT,3m,1,TARGET,2026-02-02T06:27:00.000Z,2026-02-02T06:44:59.999Z,5,1.268983,1.7476,0.8859,126.8983,7.3564,ASIA,1
scalp_fade_3m,BTCUSDT,3m,-1,STOP,2026-02-02T11:06:00.000Z,2026-02-02T11:32:59.999Z,8,-1.144628,0.2749,0.8894,-114.4628,23.7758,LONDON,-1
scalp_fade_3m,BTCUSDT,3m,-1,STOP,2026-02-02T12:06:00.000Z,2026-02-02T12:23:59.999Z,5,-1.140085,0.0000,1.0427,-114.0085,23.0962,LONDON,-1
scalp_fade_3m,BTCUSDT,3m,-1,STOP,2026-02-02T13:15:00.000Z,2026-02-02T13:56:59.999Z,13,-1.139845,0.4046,0.8140,-113.9845,22.8672,NY,-1
scalp_fade_3m,BTCUSDT,3m,-1,TARGET,2026-02-02T13:57:00.000Z,2026-02-02T14:20:59.999Z,7,1.074257,1.3756,0.8066,107.4257,13.4991,NY,-1
scalp_fade_3m,BTCUSDT,3m,-1,STOP,2026-02-02T14:24:00.000Z,2026-02-02T14:32:59.999Z,2,-1.100357,0.3326,1.0127,-110.0357,16.5599,NY,1
scalp_fade_3m,BTCUSDT,3m,-1,TARGET,2026-02-02T17:21:00.000Z,2026-02-02T18:23:59.999Z,20,1.150734,1.3312,0.1851,115.0734,11.0298,NY,-1
scalp_fade_3m,BTCUSDT,3m,-1,TARGET,2026-02-02T20:09:00.000Z,2026-02-02T20:50:59.999Z,13,1.119041,1.3580,0.1115,111.9041,12.0565,NY,-1
scalp_fade_3m,BTCUSDT,3m,-1,STOP,2026-02-02T21:45:00.000Z,2026-02-02T22:02:59.999Z,5,-1.139423,0.0000,0.8044,-113.9423,22.9865,LATE,1
scalp_fade_3m,BTCUSDT,3m,-1,STOP,2026-02-02T23:00:00.000Z,2026-02-02T23:38:59.999Z,12,-1.180862,0.7169,0.8456,-118.0862,29.6430,LATE,1
scalp_fade_3m,BTCUSDT,3m,-1,TARGET,2026-02-03T02:24:00.000Z,2026-02-03T02:44:59.999Z,6,0.998634,1.1929,0.1823,99.8634,15.9051,ASIA,1
scalp_fade_3m,BTCUSDT,3m,1,STOP,2026-02-03T11:06:00.000Z,2026-02-03T11:26:59.999Z,6,-1.164712,0.0557,0.8879,-116.4712,27.3545,LONDON,-1
scalp_fade_3m,BTCUSDT,3m,1,STOP,2026-02-03T14:00:00.000Z,2026-02-03T14:17:59.999Z,5,-1.167742,0.3215,0.8176,-116.7742,27.8841,NY,-1
scalp_fade_3m,BTCUSDT,3m,1,STOP,2026-02-03T14:18:00.000Z,2026-02-03T14:35:59.999Z,5,-1.138496,0.7676,0.8262,-113.8496,23.0455,NY,-1
scalp_fade_3m,BTCUSDT,3m,1,STOP,2026-02-03T14:36:00.000Z,2026-02-03T14:38:59.999Z,0,-1.097377,0.0000,1.0726,-109.7377,16.3271,NY,-1
scalp_fade_3m,BTCUSDT,3m,1,STOP,2026-02-03T14:39:00.000Z,2026-02-03T14:56:59.999Z,5,-1.083922,0.5248,0.9959,-108.3922,14.0165,NY,-1
scalp_fade_3m,BTCUSDT,3m,1,STOP,2026-02-03T15:36:00.000Z,2026-02-03T16:26:59.999Z,16,-1.051496,0.4823,1.2442,-105.1496,8.5539,NY,-1
scalp_fade_3m,BTCUSDT,3m,1,STOP,2026-02-03T21:39:00.000Z,2026-02-03T22:08:59.999Z,9,-1.085834,0.2858,0.9907,-108.5834,14.2736,LATE,1
scalp_fade_3m,BTCUSDT,3m,1,TIME,2026-02-03T23:18:00.000Z,2026-02-04T00:20:59.999Z,20,-0.020538,0.6077,0.5590,-2.0538,16.0814,LATE,-1
scalp_fade_3m,BTCUSDT,3m,-1,TIME,2026-02-04T06:57:00.000Z,2026-02-04T07:59:59.999Z,20,-0.045190,0.9513,0.2681,-4.5190,25.5696,ASIA,1
scalp_fade_3m,BTCUSDT,3m,1,STOP,2026-02-04T12:30:00.000Z,2026-02-04T13:20:59.999Z,16,-1.145767,0.4930,0.8281,-114.5767,23.9753,LONDON,1
scalp_fade_3m,BTCUSDT,3m,1,STOP,2026-02-04T14:24:00.000Z,2026-02-04T14:32:59.999Z,2,-1.093198,0.0000,1.1976,-109.3198,15.5997,NY,-1
scalp_fade_3m,BTCUSDT,3m,1,TARGET,2026-02-04T14:33:00.000Z,2026-02-04T14:38:59.999Z,1,1.185090,1.6674,0.4596,118.5090,10.0317,NY,-1
scalp_fade_3m,BTCUSDT,3m,1,STOP,2026-02-04T14:42:00.000Z,2026-02-04T14:59:59.999Z,5,-1.059863,0.5180,1.2252,-105.9863,10.0360,NY,-1
scalp_fade_3m,BTCUSDT,3m,1,STOP,2026-02-04T15:09:00.000Z,2026-02-04T15:38:59.999Z,9,-1.040184,0.4110,0.9910,-104.0184,6.7521,NY,-1
scalp_fade_3m,BTCUSDT,3m,1,TARGET,2026-02-04T19:24:00.000Z,2026-02-04T20:05:59.999Z,13,1.248363,1.4856,0.2827,124.8363,7.9931,NY,1
scalp_fade_3m,BTCUSDT,3m,1,STOP,2026-02-04T21:00:00.000Z,2026-02-04T21:20:59.999Z,6,-1.117419,0.2637,0.9846,-111.7419,19.5382,LATE,-1
scalp_fade_3m,BTCUSDT,3m,1,TARGET,2026-02-04T22:18:00.000Z,2026-02-04T22:29:59.999Z,3,1.258678,1.4721,0.2254,125.8678,7.6879,LATE,-1
scalp_fade_3m,BTCUSDT,3m,1,STOP,2026-02-05T01:18:00.000Z,2026-02-05T01:23:59.999Z,1,-1.086002,0.0013,1.3841,-108.6002,14.4205,ASIA,-1
scalp_fade_3m,BTCUSDT,3m,1,STOP,2026-02-05T01:33:00.000Z,2026-02-05T02:05:59.999Z,10,-1.055809,0.2588,1.0273,-105.5809,9.3169,ASIA,-1
scalp_fade_3m,BTCUSDT,3m,1,TIME,2026-02-05T04:12:00.000Z,2026-02-05T05:14:59.999Z,20,-0.686255,0.3284,0.8180,-68.6255,10.6111,ASIA,-1
scalp_fade_3m,BTCUSDT,3m,1,TIME,2026-02-05T05:48:00.000Z,2026-02-05T06:50:59.999Z,20,0.087138,0.5156,0.3129,8.7138,9.9575,ASIA,-1
scalp_fade_3m,BTCUSDT,3m,1,STOP,2026-02-05T07:42:00.000Z,2026-02-05T07:59:59.999Z,5,-1.089386,0.3024,0.9316,-108.9386,14.9204,LONDON,1
scalp_fade_3m,BTCUSDT,3m,1,TARGET,2026-02-05T14:18:00.000Z,2026-02-05T14:32:59.999Z,4,1.250794,1.3490,0.0715,125.0794,7.9362,NY,1
scalp_fade_3m,BTCUSDT,3m,1,STOP,2026-02-05T14:54:00.000Z,2026-02-05T14:59:59.999Z,1,-1.048393,0.0449,0.9366,-104.8393,8.1724,NY,1
scalp_fade_3m,BTCUSDT,3m,1,STOP,2026-02-05T17:06:00.000Z,2026-02-05T17:14:59.999Z,2,-1.045993,0.1250,0.9395,-104.5993,7.7655,NY,1
scalp_fade_3m,BTCUSDT,3m,1,STOP,2026-02-05T17:27:00.000Z,2026-02-05T17:56:59.999Z,9,-1.039192,0.0880,1.1078,-103.9192,6.5887,NY,1
scalp_fade_3m,BTCUSDT,3m,1,STOP,2026-02-05T23:36:00.000Z,2026-02-05T23:53:59.999Z,5,-1.046346,0.2271,1.0062,-104.6346,7.7997,LATE,1
scalp_fade_3m,BTCUSDT,3m,-1,STOP,2026-02-06T12:57:00.000Z,2026-02-06T13:05:59.999Z,2,-1.101596,0.1641,0.9338,-110.1596,16.7660,LONDON,-1
scalp_fade_3m,BTCUSDT,3m,-1,STOP,2026-02-06T14:33:00.000Z,2026-02-06T14:35:59.999Z,0,-1.064706,0.0000,1.0432,-106.4706,10.6519,NY,-1
scalp_fade_3m,BTCUSDT,3m,-1,STOP,2026-02-06T20:09:00.000Z,2026-02-06T20:35:59.999Z,8,-1.077426,0.3713,1.0557,-107.7426,12.6670,NY,1
scalp_fade_3m,BTCUSDT,3m,-1,TARGET,2026-02-06T20:36:00.000Z,2026-02-06T20:44:59.999Z,2,1.222112,1.4202,0.0758,122.2112,8.8165,NY,-1
scalp_fade_3m,BTCUSDT,3m,-1,STOP,2026-02-06T21:21:00.000Z,2026-02-06T22:05:59.999Z,14,-1.084342,0.1836,0.9492,-108.4342,13.7254,LATE,-1
scalp_fade_3m,BTCUSDT,3m,-1,STOP,2026-02-06T22:06:00.000Z,2026-02-06T22:32:59.999Z,8,-1.103220,0.5862,1.0092,-110.3220,16.9309,LATE,-1
scalp_fade_3m,BTCUSDT,3m,-1,STOP,2026-02-07T03:03:00.000Z,2026-02-07T03:11:59.999Z,2,-1.125681,0.2119,1.1827,-112.5681,20.7722,ASIA,-1
scalp_fade_3m,BTCUSDT,3m,-1,STOP,2026-02-07T03:12:00.000Z,2026-02-07T04:02:59.999Z,16,-1.108292,0.2695,0.9719,-110.8292,17.6239,ASIA,-1
scalp_fade_3m,BTCUSDT,3m,1,STOP,2026-02-07T10:06:00.000Z,2026-02-07T10:38:59.999Z,10,-1.100903,0.0000,1.1062,-110.0903,16.7392,LONDON,-1
scalp_fade_3m,BTCUSDT,3m,1,TIME,2026-02-07T12:54:00.000Z,2026-02-07T13:56:59.999Z,20,-0.028406,0.6472,0.1828,-2.8406,10.0314,LONDON,-1
scalp_fade_3m,BTCUSDT,3m,1,TARGET,2026-02-07T14:39:00.000Z,2026-02-07T15:14:59.999Z,11,1.134680,1.3192,0.7899,113.4680,11.6014,NY,1
scalp_fade_3m,BTCUSDT,3m,-1,TARGET,2026-02-07T16:06:00.000Z,2026-02-07T17:08:59.999Z,20,1.269933,1.3487,0.4596,126.9933,7.2585,NY,1
scalp_fade_3m,BTCUSDT,3m,-1,STOP,2026-02-07T19:48:00.000Z,2026-02-07T20:35:59.999Z,15,-1.150196,0.4960,0.7948,-115.0196,24.5192,NY,-1
scalp_fade_3m,BTCUSDT,3m,-1,TARGET,2026-02-07T22:09:00.000Z,2026-02-07T22:47:59.999Z,12,0.924195,1.2391,0.1716,92.4195,18.2385,LATE,-1
scalp_fade_3m,BTCUSDT,3m,-1,STOP,2026-02-08T02:03:00.000Z,2026-02-08T02:20:59.999Z,5,-1.134121,0.0313,0.9773,-113.4121,22.1073,ASIA,1
scalp_fade_3m,BTCUSDT,3m,-1,TARGET,2026-02-08T03:24:00.000Z,2026-02-08T04:17:59.999Z,17,0.933561,1.3035,0.3924,93.3561,17.9161,ASIA,1
scalp_fade_3m,BTCUSDT,3m,1,STOP,2026-02-08T05:24:00.000Z,2026-02-08T06:05:59.999Z,13,-1.177975,0.0000,0.9285,-117.7975,29.3340,ASIA,1
scalp_fade_3m,BTCUSDT,3m,-1,STOP,2026-02-08T07:12:00.000Z,2026-02-08T07:17:59.999Z,1,-1.199131,0.0000,0.9815,-119.9131,33.0238,LONDON,1
scalp_fade_3m,BTCUSDT,3m,-1,STOP,2026-02-08T07:21:00.000Z,2026-02-08T07:35:59.999Z,4,-1.167302,0.0593,1.0479,-116.7302,27.6380,LONDON,-1
scalp_fade_3m,BTCUSDT,3m,-1,STOP,2026-02-08T08:12:00.000Z,2026-02-08T08:23:59.999Z,3,-1.138798,0.3632,1.8207,-113.8798,22.9302,LONDON,1
scalp_fade_3m,BTCUSDT,3m,-1,TIME,2026-02-08T10:03:00.000Z,2026-02-08T11:05:59.999Z,20,-0.866471,1.0501,0.6299,-86.6471,17.9600,LONDON,-1
scalp_fade_3m,BTCUSDT,3m,-1,STOP,2026-02-08T12:48:00.000Z,2026-02-08T13:20:59.999Z,10,-1.097240,0.0465,1.0232,-109.7240,15.9096,LONDON,-1
scalp_fade_3m,BTCUSDT,3m,-1,TARGET,2026-02-08T15:03:00.000Z,2026-02-08T15:26:59.999Z,7,1.007551,1.4990,0.3500,100.7551,15.6174,NY,-1
scalp_fade_3m,BTCUSDT,3m,-1,TARGET,2026-02-08T21:15:00.000Z,2026-02-08T21:38:59.999Z,7,0.926473,1.2106,0.6364,92.6473,18.1921,LATE,-1
scalp_fade_3m,BTCUSDT,3m,1,STOP,2026-02-09T01:39:00.000Z,2026-02-09T01:44:59.999Z,1,-1.091676,0.0000,1.0688,-109.1676,15.3632,ASIA,1
scalp_fade_3m,BTCUSDT,3m,1,TIME,2026-02-09T01:54:00.000Z,2026-02-09T02:56:59.999Z,20,0.253836,1.1321,0.4370,25.3836,13.7471,ASIA,1
scalp_fade_3m,BTCUSDT,3m,-1,TARGET,2026-02-09T05:54:00.000Z,2026-02-09T06:20:59.999Z,8,0.948862,1.9609,0.3481,94.8862,17.4761,ASIA,1
scalp_fade_3m,BTCUSDT,3m,1,STOP,2026-02-09T07:33:00.000Z,2026-02-09T07:38:59.999Z,1,-1.123150,0.1169,0.8120,-112.3150,20.5920,LONDON,1
scalp_fade_3m,BTCUSDT,3m,1,STOP,2026-02-09T07:39:00.000Z,2026-02-09T08:23:59.999Z,14,-1.116276,0.3945,0.9994,-111.6276,19.1902,LONDON,1
scalp_fade_3m,BTCUSDT,3m,1,STOP,2026-02-09T10:12:00.000Z,2026-02-09T10:17:59.999Z,1,-1.105726,0.0000,1.5048,-110.5726,17.6973,LONDON,-1
scalp_fade_3m,BTCUSDT,3m,1,STOP,2026-02-09T13:03:00.000Z,2026-02-09T13:53:59.999Z,16,-1.136533,0.8209,0.9203,-113.6533,22.4648,NY,1
scalp_fade_3m,BTCUSDT,3m,1,TARGET,2026-02-09T14:36:00.000Z,2026-02-09T14:41:59.999Z,1,1.242078,1.6772,0.3799,124.2078,8.2200,NY,-1
scalp_fade_3m,BTCUSDT,3m,-1,TIME,2026-02-09T20:03:00.000Z,2026-02-09T21:05:59.999Z,20,0.260950,0.7344,0.7693,26.0950,16.7344,NY,1
scalp_fade_3m,BTCUSDT,3m,-1,TARGET,2026-02-09T23:06:00.000Z,2026-02-09T23:53:59.999Z,15,1.003958,1.3660,0.2298,100.3958,15.6958,LATE,1
scalp_fade_3m,BTCUSDT,3m,1,STOP,2026-02-10T05:18:00.000Z,2026-02-10T05:32:59.999Z,4,-1.143351,0.0043,0.8938,-114.3351,23.8734,ASIA,1
scalp_fade_3m,BTCUSDT,3m,1,STOP,2026-02-10T05:42:00.000Z,2026-02-10T05:50:59.999Z,2,-1.122298,0.0000,0.8970,-112.2298,20.4292,ASIA,-1
scalp_fade_3m,BTCUSDT,3m,1,STOP,2026-02-10T06:09:00.000Z,2026-02-10T06:23:59.999Z,4,-1.126407,0.0000,1.1148,-112.6407,21.0672,ASIA,-1
scalp_fade_3m,BTCUSDT,3m,1,TARGET,2026-02-10T08:15:00.000Z,2026-02-10T08:53:59.999Z,12,0.959408,1.2606,0.5463,95.9408,17.1528,LONDON,-1
scalp_fade_3m,BTCUSDT,3m,1,STOP,2026-02-10T11:24:00.000Z,2026-02-10T11:44:59.999Z,6,-1.181522,0.4362,2.3505,-118.1522,30.1327,LONDON,1
scalp_fade_3m,BTCUSDT,3m,1,STOP,2026-02-10T14:39:00.000Z,2026-02-10T14:41:59.999Z,0,-1.070119,0.2371,0.9618,-107.0119,11.7941,NY,-1
scalp_fade_3m,BTCUSDT,3m,1,STOP,2026-02-10T19:57:00.000Z,2026-02-10T20:14:59.999Z,5,-1.118983,0.1106,1.0881,-111.8983,19.8171,NY,1
scalp_fade_3m,BTCUSDT,3m,1,TARGET,2026-02-10T23:18:00.000Z,2026-02-11T00:05:59.999Z,15,0.967832,1.1427,0.1657,96.7832,16.8716,LATE,-1
scalp_fade_3m,BTCUSDT,3m,-1,TARGET,2026-02-11T02:36:00.000Z,2026-02-11T02:47:59.999Z,3,0.895192,1.4206,0.1860,89.5192,19.2072,ASIA,-1
scalp_fade_3m,BTCUSDT,3m,1,TIME,2026-02-11T08:09:00.000Z,2026-02-11T09:11:59.999Z,20,-0.460325,0.4161,0.5701,-46.0325,19.9767,LONDON,1
scalp_fade_3m,BTCUSDT,3m,1,STOP,2026-02-11T10:03:00.000Z,2026-02-11T10:35:59.999Z,10,-1.152819,0.3891,0.9213,-115.2819,25.2842,LONDON,-1
scalp_fade_3m,BTCUSDT,3m,1,TARGET,2026-02-11T10:36:00.000Z,2026-02-11T11:20:59.999Z,14,1.023187,1.2644,0.7770,102.3187,15.1230,LONDON,1
scalp_fade_3m,BTCUSDT,3m,1,STOP,2026-02-11T12:42:00.000Z,2026-02-11T13:17:59.999Z,11,-1.126088,0.4091,0.9000,-112.6088,20.8630,LONDON,1
scalp_fade_3m,BTCUSDT,3m,1,TARGET,2026-02-11T13:54:00.000Z,2026-02-11T14:05:59.999Z,3,1.201810,1.6405,0.1346,120.1810,9.4948,NY,1
scalp_fade_3m,BTCUSDT,3m,-1,STOP,2026-02-12T04:03:00.000Z,2026-02-12T04:14:59.999Z,3,-1.175195,0.0295,0.7860,-117.5195,28.9780,ASIA,-1
scalp_fade_3m,BTCUSDT,3m,1,TIME,2026-02-12T07:03:00.000Z,2026-02-12T08:05:59.999Z,20,-0.309052,0.9141,0.5701,-30.9052,25.2438,LONDON,1
scalp_fade_3m,BTCUSDT,3m,1,STOP,2026-02-12T08:06:00.000Z,2026-02-12T08:29:59.999Z,7,-1.162378,0.7786,1.0463,-116.2378,26.9409,LONDON,-1
scalp_fade_3m,BTCUSDT,3m,-1,STOP,2026-02-12T11:12:00.000Z,2026-02-12T11:26:59.999Z,4,-1.114596,0.0000,0.8528,-111.4596,18.8891,LONDON,1
scalp_fade_3m,BTCUSDT,3m,-1,STOP,2026-02-12T13:18:00.000Z,2026-02-12T13:59:59.999Z,13,-1.137321,1.0734,1.3417,-113.7321,22.4521,NY,-1
scalp_fade_3m,BTCUSDT,3m,-1,TARGET,2026-02-12T14:33:00.000Z,2026-02-12T14:44:59.999Z,3,1.136721,1.4769,0.1674,113.6721,11.5287,NY,-1
scalp_fade_3m,BTCUSDT,3m,1,STOP,2026-02-12T20:12:00.000Z,2026-02-12T20:50:59.999Z,12,-1.090626,0.2887,0.8875,-109.0626,15.0166,NY,-1
scalp_fade_3m,BTCUSDT,3m,1,TIME,2026-02-12T21:24:00.000Z,2026-02-12T22:26:59.999Z,20,0.309179,0.9838,0.2657,30.9179,19.0551,LATE,-1
scalp_fade_3m,BTCUSDT,3m,1,STOP,2026-02-12T23:51:00.000Z,2026-02-13T00:29:59.999Z,12,-1.148724,1.1274,0.8118,-114.8724,24.5596,LATE,1
scalp_fade_3m,BTCUSDT,3m,-1,TARGET,2026-02-13T04:21:00.000Z,2026-02-13T05:08:59.999Z,15,0.943343,1.1308,0.1513,94.3343,17.6163,ASIA,-1
scalp_fade_3m,BTCUSDT,3m,1,STOP,2026-02-13T07:36:00.000Z,2026-02-13T07:41:59.999Z,1,-1.156408,0.0000,0.8025,-115.6408,26.1172,LONDON,1
scalp_fade_3m,BTCUSDT,3m,-1,STOP,2026-02-13T13:00:00.000Z,2026-02-13T13:26:59.999Z,8,-1.162968,0.4268,1.3760,-116.2968,26.8075,NY,1
scalp_fade_3m,BTCUSDT,3m,-1,TARGET,2026-02-13T14:33:00.000Z,2026-02-13T14:41:59.999Z,2,1.083478,1.4693,0.5750,108.3478,13.2251,NY,1
scalp_fade_3m,BTCUSDT,3m,-1,STOP,2026-02-13T14:45:00.000Z,2026-02-13T14:50:59.999Z,1,-1.064779,0.0000,1.1510,-106.4779,10.6531,NY,1
scalp_fade_3m,BTCUSDT,3m,-1,STOP,2026-02-13T15:48:00.000Z,2026-02-13T16:08:59.999Z,6,-1.059521,0.1382,0.9581,-105.9521,9.7272,NY,1
scalp_fade_3m,BTCUSDT,3m,-1,STOP,2026-02-13T18:36:00.000Z,2026-02-13T18:47:59.999Z,3,-1.123455,0.0000,0.8550,-112.3455,20.3807,NY,1
scalp_fade_3m,BTCUSDT,3m,-1,STOP,2026-02-13T21:03:00.000Z,2026-02-13T21:20:59.999Z,5,-1.135096,0.0000,0.8762,-113.5096,22.2689,LATE,-1
scalp_fade_3m,BTCUSDT,3m,-1,TIME,2026-02-13T22:00:00.000Z,2026-02-13T23:02:59.999Z,20,-0.776301,0.6032,0.5959,-77.6301,27.1111,LATE,-1
scalp_fade_3m,BTCUSDT,3m,-1,TIME,2026-02-13T23:18:00.000Z,2026-02-14T00:20:59.999Z,20,-0.129171,0.5210,0.2819,-12.9171,28.2373,LATE,1
scalp_fade_3m,BTCUSDT,3m,-1,STOP,2026-02-14T00:30:00.000Z,2026-02-14T00:44:59.999Z,4,-1.199953,0.0000,0.8342,-119.9953,33.0576,ASIA,-1
scalp_fade_3m,BTCUSDT,3m,-1,TIME,2026-02-14T01:15:00.000Z,2026-02-14T02:17:59.999Z,20,-0.219346,0.5850,0.2741,-21.9346,29.9578,ASIA,1
scalp_fade_3m,BTCUSDT,3m,-1,TIME,2026-02-14T02:45:00.000Z,2026-02-14T03:47:59.999Z,20,-0.540651,0.4303,0.4929,-54.0651,40.9872,ASIA,-1
scalp_fade_3m,BTCUSDT,3m,-1,STOP,2026-02-14T06:18:00.000Z,2026-02-14T06:26:59.999Z,2,-1.255606,0.0000,0.6077,-125.5606,42.3834,ASIA,-1
scalp_fade_3m,BTCUSDT,3m,-1,STOP,2026-02-14T06:27:00.000Z,2026-02-14T06:53:59.999Z,8,-1.256299,0.0000,0.6195,-125.6299,42.2354,ASIA,-1
scalp_fade_3m,BTCUSDT,3m,-1,STOP,2026-02-14T15:18:00.000Z,2026-02-14T15:26:59.999Z,2,-1.144803,0.0000,1.1579,-114.4803,23.9529,NY,1
scalp_fade_3m,BTCUSDT,3m,-1,TIME,2026-02-14T16:54:00.000Z,2026-02-14T17:56:59.999Z,20,-0.376225,0.3614,0.5966,-37.6225,20.7843,NY,-1
scalp_fade_3m,BTCUSDT,3m,-1,TIME,2026-02-14T18:06:00.000Z,2026-02-14T19:08:59.999Z,20,-0.831503,0.2038,0.6017,-83.1503,30.8722,NY,-1
scalp_fade_3m,BTCUSDT,3m,-1,STOP,2026-02-14T19:21:00.000Z,2026-02-14T20:05:59.999Z,14,-1.177718,0.1283,0.9895,-117.7718,29.0657,NY,1
scalp_fade_3m,BTCUSDT,3m,-1,STOP,2026-02-14T20:24:00.000Z,2026-02-14T21:02:59.999Z,12,-1.176704,0.2513,1.3835,-117.6704,28.9585,NY,1
scalp_fade_3m,BTCUSDT,3m,-1,TARGET,2026-02-14T21:24:00.000Z,2026-02-14T21:38:59.999Z,4,0.875064,1.4306,0.2048,87.5064,19.8415,LATE,-1
scalp_fade_3m,BTCUSDT,3m,-1,STOP,2026-02-14T22:12:00.000Z,2026-02-14T22:47:59.999Z,11,-1.182481,0.6555,0.7476,-118.2481,29.9404,LATE,-1
scalp_fade_3m,BTCUSDT,3m,-1,TARGET,2026-02-14T23:18:00.000Z,2026-02-14T23:23:59.999Z,1,0.834010,1.0989,0.2176,83.4010,21.1643,LATE,1
scalp_fade_3m,BTCUSDT,3m,1,TIME,2026-02-15T01:45:00.000Z,2026-02-15T02:47:59.999Z,20,-0.074959,0.9128,0.2715,-7.4959,20.5091,ASIA,-1
scalp_fade_3m,BTCUSDT,3m,1,TARGET,2026-02-15T03:36:00.000Z,2026-02-15T03:47:59.999Z,3,0.883483,2.4908,0.5503,88.3483,19.6089,ASIA,1
scalp_fade_3m,BTCUSDT,3m,-1,TIME,2026-02-15T05:18:00.000Z,2026-02-15T06:20:59.999Z,20,-0.092213,0.7310,0.1986,-9.2213,22.0533,ASIA,-1
scalp_fade_3m,BTCUSDT,3m,-1,STOP,2026-02-15T06:24:00.000Z,2026-02-15T06:26:59.999Z,0,-1.192280,0.0000,1.0366,-119.2280,31.9162,ASIA,1
scalp_fade_3m,BTCUSDT,3m,-1,TIME,2026-02-15T10:24:00.000Z,2026-02-15T11:26:59.999Z,20,-0.409564,0.3061,0.7155,-40.9564,27.5478,LONDON,-1
scalp_fade_3m,BTCUSDT,3m,-1,TARGET,2026-02-15T12:24:00.000Z,2026-02-15T12:50:59.999Z,8,0.938193,1.7379,0.3683,93.8193,17.8148,LONDON,-1
scalp_fade_3m,BTCUSDT,3m,1,STOP,2026-02-15T16:06:00.000Z,2026-02-15T16:08:59.999Z,0,-1.165099,0.0258,0.9456,-116.5099,27.5896,NY,1
scalp_fade_3m,BTCUSDT,3m,1,TIME,2026-02-15T16:09:00.000Z,2026-02-15T17:11:59.999Z,20,0.246626,0.8748,0.1519,24.6626,23.7505,NY,1
scalp_fade_3m,BTCUSDT,3m,1,STOP,2026-02-15T18:48:00.000Z,2026-02-15T19:05:59.999Z,5,-1.107842,0.0730,0.9971,-110.7842,17.9740,NY,-1
scalp_fade_3m,BTCUSDT,3m,1,STOP,2026-02-15T23:03:00.000Z,2026-02-15T23:08:59.999Z,1,-1.130792,0.0042,1.2338,-113.0792,21.8616,LATE,-1
scalp_fade_3m,BTCUSDT,3m,1,TIME,2026-02-15T23:33:00.000Z,2026-02-16T00:35:59.999Z,20,0.370970,1.0330,0.5222,37.0970,20.4335,LATE,-1
scalp_fade_3m,BTCUSDT,3m,1,STOP,2026-02-16T05:06:00.000Z,2026-02-16T05:14:59.999Z,2,-1.194734,0.0000,1.2092,-119.4734,32.4507,ASIA,1
scalp_fade_3m,BTCUSDT,3m,1,TARGET,2026-02-16T07:42:00.000Z,2026-02-16T08:38:59.999Z,18,0.865899,1.0922,0.2129,86.5899,20.0823,LONDON,-1
scalp_fade_3m,BTCUSDT,3m,1,TARGET,2026-02-16T17:12:00.000Z,2026-02-16T18:11:59.999Z,19,1.023310,1.3283,0.5092,102.3310,15.0978,NY,1
scalp_fade_3m,BTCUSDT,3m,1,STOP,2026-02-16T18:48:00.000Z,2026-02-16T19:20:59.999Z,10,-1.171811,0.0496,0.7275,-117.1811,28.4103,NY,1
scalp_fade_3m,BTCUSDT,3m,-1,STOP,2026-02-16T23:48:00.000Z,2026-02-16T23:56:59.999Z,2,-1.164981,0.0000,0.7981,-116.4981,27.3091,LATE,-1
scalp_fade_3m,BTCUSDT,3m,-1,STOP,2026-02-17T00:30:00.000Z,2026-02-17T00:50:59.999Z,6,-1.162681,0.0120,0.8809,-116.2681,26.8153,ASIA,1
scalp_fade_3m,BTCUSDT,3m,-1,STOP,2026-02-17T02:12:00.000Z,2026-02-17T02:14:59.999Z,0,-1.113813,0.0519,0.8441,-111.3813,18.8372,ASIA,-1
scalp_fade_3m,BTCUSDT,3m,1,STOP,2026-02-17T08:18:00.000Z,2026-02-17T08:38:59.999Z,6,-1.178664,0.1168,0.8336,-117.8664,29.6603,LONDON,-1
scalp_fade_3m,BTCUSDT,3m,1,TIME,2026-02-17T09:12:00.000Z,2026-02-17T10:14:59.999Z,20,-0.308590,0.3985,0.5075,-30.8590,28.9549,LONDON,-1
scalp_fade_3m,BTCUSDT,3m,1,STOP,2026-02-17T10:18:00.000Z,2026-02-17T10:53:59.999Z,11,-1.149652,0.1591,0.8743,-114.9652,24.7375,LONDON,1
scalp_fade_3m,BTCUSDT,3m,1,STOP,2026-02-17T11:03:00.000Z,2026-02-17T11:08:59.999Z,1,-1.163181,0.0000,0.8527,-116.3181,27.2423,LONDON,1
scalp_fade_3m,BTCUSDT,3m,1,STOP,2026-02-17T14:33:00.000Z,2026-02-17T14:38:59.999Z,1,-1.117104,0.4769,1.3891,-111.7104,19.5875,NY,1
scalp_fade_3m,BTCUSDT,3m,1,STOP,2026-02-17T14:39:00.000Z,2026-02-17T14:44:59.999Z,1,-1.082957,0.2091,1.2104,-108.2957,13.9145,NY,1
scalp_fade_3m,BTCUSDT,3m,1,TIME,2026-02-17T17:12:00.000Z,2026-02-17T18:14:59.999Z,20,0.015103,0.5301,0.7090,1.5103,12.7020,NY,-1
scalp_fade_3m,BTCUSDT,3m,1,TIME,2026-02-17T21:03:00.000Z,2026-02-17T22:05:59.999Z,20,-0.727971,0.7007,0.6951,-72.7971,23.7408,LATE,1
scalp_fade_3m,BTCUSDT,3m,1,TIME,2026-02-17T23:42:00.000Z,2026-02-18T00:44:59.999Z,20,-0.852277,0.3352,0.4606,-85.2277,29.0960,LATE,1
scalp_fade_3m,BTCUSDT,3m,1,TIME,2026-02-18T01:45:00.000Z,2026-02-18T02:47:59.999Z,20,-0.107746,0.7370,0.4975,-10.7746,22.4074,ASIA,-1
scalp_fade_3m,BTCUSDT,3m,1,TIME,2026-02-18T12:33:00.000Z,2026-02-18T13:35:59.999Z,20,-0.719171,0.3880,0.5140,-71.9171,23.3969,LONDON,1
scalp_fade_3m,BTCUSDT,3m,1,STOP,2026-02-18T14:33:00.000Z,2026-02-18T14:50:59.999Z,5,-1.120432,0.2345,1.6283,-112.0432,20.0569,NY,-1
scalp_fade_3m,BTCUSDT,3m,1,TIME,2026-02-18T16:06:00.000Z,2026-02-18T17:08:59.999Z,20,0.149808,0.5398,0.4270,14.9808,12.4366,NY,1
scalp_fade_3m,BTCUSDT,3m,1,TIME,2026-02-18T17:15:00.000Z,2026-02-18T18:17:59.999Z,20,-0.181252,0.3046,0.1711,-18.1252,17.2779,NY,-1
scalp_fade_3m,BTCUSDT,3m,1,STOP,2026-02-18T18:21:00.000Z,2026-02-18T18:23:59.999Z,0,-1.127685,0.0529,0.8065,-112.7685,21.3675,NY,1
scalp_fade_3m,BTCUSDT,3m,1,STOP,2026-02-18T20:54:00.000Z,2026-02-18T21:05:59.999Z,3,-1.110710,0.0000,0.8839,-111.0710,18.4868,NY,1
scalp_fade_3m,BTCUSDT,3m,1,TIME,2026-02-18T23:03:00.000Z,2026-02-19T00:05:59.999Z,20,-0.297974,0.4524,0.6707,-29.7974,32.0527,LATE,1
scalp_fade_3m,BTCUSDT,3m,1,TARGET,2026-02-19T01:00:00.000Z,2026-02-19T01:14:59.999Z,4,0.718358,1.5771,0.2282,71.8358,24.8484,ASIA,1
scalp_fade_3m,BTCUSDT,3m,-1,STOP,2026-02-19T03:00:00.000Z,2026-02-19T03:26:59.999Z,8,-1.184748,0.3212,0.7681,-118.4748,30.4078,ASIA,1
scalp_fade_3m,BTCUSDT,3m,-1,STOP,2026-02-19T07:15:00.000Z,2026-02-19T07:23:59.999Z,2,-1.190972,0.0000,0.7821,-119.0972,31.6324,LONDON,-1
scalp_fade_3m,BTCUSDT,3m,-1,TARGET,2026-02-19T07:45:00.000Z,2026-02-19T08:26:59.999Z,13,0.839067,1.2189,0.3345,83.9067,20.9320,LONDON,-1
scalp_fade_3m,BTCUSDT,3m,-1,TARGET,2026-02-19T09:24:00.000Z,2026-02-19T09:47:59.999Z,7,0.881469,1.2187,0.1685,88.1469,19.6212,LONDON,1
scalp_fade_3m,BTCUSDT,3m,1,STOP,2026-02-19T12:39:00.000Z,2026-02-19T13:05:59.999Z,8,-1.153468,0.3611,1.2069,-115.3468,25.4435,LONDON,-1
scalp_fade_3m,BTCUSDT,3m,1,STOP,2026-02-19T14:15:00.000Z,2026-02-19T14:35:59.999Z,6,-1.128554,0.0000,1.3924,-112.8554,21.3785,NY,-1
scalp_fade_3m,BTCUSDT,3m,1,TIME,2026-02-19T15:15:00.000Z,2026-02-19T16:17:59.999Z,20,0.035030,0.8803,0.4089,3.5030,12.0386,NY,-1
scalp_fade_3m,BTCUSDT,3m,1,TARGET,2026-02-19T16:54:00.000Z,2026-02-19T17:17:59.999Z,7,1.113363,1.4431,0.2741,111.3363,12.2911,NY,1
scalp_fade_3m,BTCUSDT,3m,-1,TIME,2026-02-19T19:51:00.000Z,2026-02-19T20:53:59.999Z,20,-0.676895,0.5338,0.4578,-67.6895,18.2964,NY,-1
scalp_fade_3m,BTCUSDT,3m,-1,STOP,2026-02-19T22:45:00.000Z,2026-02-19T22:56:59.999Z,3,-1.182490,0.2149,0.7661,-118.2490,30.1903,LATE,-1
scalp_fade_3m,BTCUSDT,3m,-1,STOP,2026-02-19T23:51:00.000Z,2026-02-20T00:14:59.999Z,7,-1.205437,0.0932,1.4199,-120.5437,33.8627,LATE,1
scalp_fade_3m,BTCUSDT,3m,-1,STOP,2026-02-20T02:42:00.000Z,2026-02-20T03:23:59.999Z,13,-1.234964,0.1004,0.8850,-123.4964,38.5099,ASIA,-1
scalp_fade_3m,BTCUSDT,3m,-1,TARGET,2026-02-20T03:42:00.000Z,2026-02-20T04:20:59.999Z,12,0.829906,1.0925,0.1944,82.9906,21.2284,ASIA,1
scalp_fade_3m,BTCUSDT,3m,-1,STOP,2026-02-20T05:24:00.000Z,2026-02-20T05:26:59.999Z,0,-1.256104,0.0000,0.9770,-125.6104,42.5546,ASIA,-1
scalp_fade_3m,BTCUSDT,3m,-1,TIME,2026-02-20T07:54:00.000Z,2026-02-20T08:56:59.999Z,20,-0.615453,0.5800,0.5166,-61.5453,34.5232,LONDON,1
scalp_fade_3m,BTCUSDT,3m,-1,TARGET,2026-02-20T10:12:00.000Z,2026-02-20T10:56:59.999Z,14,0.867405,1.6276,0.5710,86.7405,20.0280,LONDON,1
scalp_fade_3m,BTCUSDT,3m,1,STOP,2026-02-20T13:03:00.000Z,2026-02-20T13:26:59.999Z,7,-1.136970,0.1299,0.9523,-113.6970,22.7460,NY,-1
scalp_fade_3m,BTCUSDT,3m,1,TIME,2026-02-20T16:30:00.000Z,2026-02-20T17:32:59.999Z,20,-0.796672,0.9908,0.6656,-79.6672,11.9210,NY,1
scalp_fade_3m,BTCUSDT,3m,1,TARGET,2026-02-20T17:48:00.000Z,2026-02-20T18:05:59.999Z,5,1.141821,1.5293,0.2183,114.1821,11.3943,NY,-1
scalp_fade_3m,BTCUSDT,3m,-1,TIME,2026-02-20T19:06:00.000Z,2026-02-20T20:08:59.999Z,20,-0.453421,0.4240,0.2871,-45.3421,15.3496,NY,1
scalp_fade_3m,BTCUSDT,3m,-1,TIME,2026-02-20T20:57:00.000Z,2026-02-20T21:59:59.999Z,20,-1.064016,0.3014,0.6783,-106.4016,30.6703,NY,-1
scalp_fade_3m,BTCUSDT,3m,-1,STOP,2026-02-20T22:24:00.000Z,2026-02-20T22:26:59.999Z,0,-1.179320,0.0000,1.0515,-117.9320,29.7561,LATE,-1
scalp_fade_3m,BTCUSDT,3m,-1,TIME,2026-02-20T23:36:00.000Z,2026-02-21T00:38:59.999Z,20,-0.139400,0.4788,0.3331,-13.9400,29.1957,LATE,1
scalp_fade_3m,BTCUSDT,3m,1,TARGET,2026-02-21T04:45:00.000Z,2026-02-21T05:02:59.999Z,5,0.605837,0.9205,0.2433,60.5837,28.4144,ASIA,1
scalp_fade_3m,BTCUSDT,3m,-1,STOP,2026-02-21T05:42:00.000Z,2026-02-21T06:14:59.999Z,10,-1.262542,0.0693,0.6197,-126.2542,43.1782,ASIA,-1
scalp_fade_3m,BTCUSDT,3m,-1,STOP,2026-02-21T07:09:00.000Z,2026-02-21T07:11:59.999Z,0,-1.300271,0.0000,0.5085,-130.0271,49.9163,LONDON,-1
scalp_fade_3m,BTCUSDT,3m,-1,STOP,2026-02-21T07:39:00.000Z,2026-02-21T07:41:59.999Z,0,-1.348685,0.0000,0.4855,-134.8685,57.9862,LONDON,-1
scalp_fade_3m,BTCUSDT,3m,-1,STOP,2026-02-21T07:48:00.000Z,2026-02-21T07:53:59.999Z,1,-1.361121,0.0000,0.5219,-136.1121,59.9966,LONDON,1
scalp_fade_3m,BTCUSDT,3m,-1,STOP,2026-02-21T07:54:00.000Z,2026-02-21T07:59:59.999Z,1,-1.370776,0.0000,0.4169,-137.0776,61.6041,LONDON,1
scalp_fade_3m,BTCUSDT,3m,-1,STOP,2026-02-21T08:03:00.000Z,2026-02-21T08:05:59.999Z,0,-1.350219,0.0000,0.6157,-135.0219,58.2418,LONDON,1
scalp_fade_3m,BTCUSDT,3m,-1,STOP,2026-02-21T08:06:00.000Z,2026-02-21T08:08:59.999Z,0,-1.342493,0.0000,0.4391,-134.2493,56.9541,LONDON,-1
scalp_fade_3m,BTCUSDT,3m,-1,STOP,2026-02-21T09:18:00.000Z,2026-02-21T09:23:59.999Z,1,-1.229152,0.0000,0.9862,-122.9152,38.0225,LONDON,1
scalp_fade_3m,BTCUSDT,3m,-1,TARGET,2026-02-21T11:18:00.000Z,2026-02-21T11:44:59.999Z,8,0.532331,0.8898,0.4745,53.2331,30.6995,LONDON,-1
scalp_fade_3m,BTCUSDT,3m,-1,STOP,2026-02-21T12:48:00.000Z,2026-02-21T12:50:59.999Z,0,-1.279564,0.0000,0.7614,-127.9564,46.4649,LONDON,-1
scalp_fade_3m,BTCUSDT,3m,-1,STOP,2026-02-21T14:21:00.000Z,2026-02-21T14:23:59.999Z,0,-1.182794,0.0290,1.1540,-118.2794,30.3351,NY,1
scalp_fade_3m,BTCUSDT,3m,-1,STOP,2026-02-21T15:33:00.000Z,2026-02-21T15:44:59.999Z,3,-1.213277,0.0000,1.3522,-121.3277,35.3059,NY,-1
scalp_fade_3m,BTCUSDT,3m,-1,TARGET,2026-02-21T20:18:00.000Z,2026-02-21T20:41:59.999Z,7,0.626775,1.1845,0.5062,62.6775,27.7091,NY,1
scalp_fade_3m,BTCUSDT,3m,1,STOP,2026-02-22T02:36:00.000Z,2026-02-22T02:41:59.999Z,1,-1.227110,0.0000,0.6294,-122.7110,37.8631,ASIA,1
scalp_fade_3m,BTCUSDT,3m,1,STOP,2026-02-22T03:18:00.000Z,2026-02-22T03:20:59.999Z,0,-1.226269,0.0000,1.0632,-122.6269,37.7626,ASIA,-1
scalp_fade_3m,BTCUSDT,3m,1,STOP,2026-02-22T04:30:00.000Z,2026-02-22T04:41:59.999Z,3,-1.281021,0.0503,0.5609,-128.1021,46.7223,ASIA,1
scalp_fade_3m,BTCUSDT,3m,1,TARGET,2026-02-22T05:12:00.000Z,2026-02-22T06:08:59.999Z,18,0.495706,0.8377,0.3177,49.5706,31.7945,ASIA,-1
scalp_fade_3m,BTCUSDT,3m,1,STOP,2026-02-22T07:54:00.000Z,2026-02-22T08:02:59.999Z,2,-1.313579,0.0000,0.5994,-131.3579,52.1741,LONDON,-1
scalp_fade_3m,BTCUSDT,3m,1,TARGET,2026-02-22T10:03:00.000Z,2026-02-22T10:35:59.999Z,10,0.381223,0.7691,0.3039,38.1223,35.4967,LONDON,-1
scalp_fade_3m,BTCUSDT,3m,1,STOP,2026-02-22T13:06:00.000Z,2026-02-22T13:32:59.999Z,8,-1.238848,0.1661,0.9060,-123.8848,39.5256,NY,-1
scalp_fade_3m,BTCUSDT,3m,1,STOP,2026-02-22T14:39:00.000Z,2026-02-22T14:44:59.999Z,1,-1.186430,0.0000,1.3044,-118.6430,31.1047,NY,1
scalp_fade_3m,BTCUSDT,3m,1,STOP,2026-02-22T19:57:00.000Z,2026-02-22T20:11:59.999Z,4,-1.290181,0.0000,0.7061,-129.0181,48.1909,NY,1
scalp_fade_3m,BTCUSDT,3m,1,STOP,2026-02-22T20:33:00.000Z,2026-02-22T20:56:59.999Z,7,-1.277645,0.2858,0.6260,-127.7645,45.9719,NY,-1
scalp_fade_3m,BTCUSDT,3m,1,STOP,2026-02-22T22:12:00.000Z,2026-02-22T22:14:59.999Z,0,-1.305936,0.0000,0.6742,-130.5936,51.0116,LATE,1
scalp_fade_3m,BTCUSDT,3m,1,STOP,2026-02-22T23:27:00.000Z,2026-02-23T00:26:59.999Z,19,-1.185408,0.5980,0.9217,-118.5408,30.3666,LATE,1
scalp_fade_3m,BTCUSDT,3m,1,TIME,2026-02-23T03:33:00.000Z,2026-02-23T04:35:59.999Z,20,-0.561387,0.6563,0.4090,-56.1387,21.6751,ASIA,1
scalp_fade_3m,BTCUSDT,3m,1,TARGET,2026-02-23T05:27:00.000Z,2026-02-23T06:11:59.999Z,14,0.990500,1.2944,0.1443,99.0500,16.1584,ASIA,-1
scalp_fade_3m,BTCUSDT,3m,-1,TIME,2026-02-23T12:39:00.000Z,2026-02-23T13:41:59.999Z,20,-0.246812,0.4967,0.7670,-24.6812,20.3839,LONDON,-1
scalp_fade_3m,BTCUSDT,3m,-1,TARGET,2026-02-23T13:45:00.000Z,2026-02-23T14:35:59.999Z,16,1.011649,1.3266,0.2137,101.1649,15.4478,NY,1
scalp_fade_3m,BTCUSDT,3m,1,TARGET,2026-02-24T00:03:00.000Z,2026-02-24T00:20:59.999Z,5,0.895373,1.1328,0.2535,89.5373,19.2202,ASIA,1
scalp_fade_3m,BTCUSDT,3m,1,STOP,2026-02-24T01:03:00.000Z,2026-02-24T01:11:59.999Z,2,-1.162702,0.0000,1.1588,-116.2702,27.1346,ASIA,1
scalp_fade_3m,BTCUSDT,3m,1,STOP,2026-02-24T06:48:00.000Z,2026-02-24T06:56:59.999Z,2,-1.139806,0.1804,0.9431,-113.9806,23.3348,ASIA,1
scalp_fade_3m,BTCUSDT,3m,1,STOP,2026-02-24T07:03:00.000Z,2026-02-24T07:05:59.999Z,0,-1.129300,0.0000,0.8960,-112.9300,21.6362,LONDON,-1
scalp_fade_3m,BTCUSDT,3m,1,TIME,2026-02-24T07:06:00.000Z,2026-02-24T08:08:59.999Z,20,0.079960,1.0530,0.1476,7.9960,19.3896,LONDON,-1
scalp_fade_3m,BTCUSDT,3m,1,TIME,2026-02-24T09:42:00.000Z,2026-02-24T10:44:59.999Z,20,-0.276061,0.4146,0.4644,-27.6061,21.2982,LONDON,-1
scalp_fade_3m,BTCUSDT,3m,1,STOP,2026-02-24T11:15:00.000Z,2026-02-24T11:32:59.999Z,5,-1.201772,0.0414,0.8500,-120.1772,33.5142,LONDON,1
scalp_fade_3m,BTCUSDT,3m,1,STOP,2026-02-24T12:03:00.000Z,2026-02-24T12:50:59.999Z,15,-1.188543,0.8380,0.8789,-118.8543,31.0045,LONDON,-1
scalp_fade_3m,BTCUSDT,3m,1,TARGET,2026-02-24T14:33:00.000Z,2026-02-24T14:41:59.999Z,2,1.090151,1.4849,0.4693,109.0151,13.0462,NY,1
scalp_fade_3m,BTCUSDT,3m,-1,STOP,2026-02-24T18:21:00.000Z,2026-02-24T19:02:59.999Z,13,-1.102611,0.0000,0.9735,-110.2611,16.7439,NY,-1
scalp_fade_3m,BTCUSDT,3m,-1,TARGET,2026-02-24T20:33:00.000Z,2026-02-24T21:02:59.999Z,9,0.925091,1.1457,0.3960,92.5091,18.2256,NY,1
scalp_fade_3m,BTCUSDT,3m,-1,TIME,2026-02-24T22:03:00.000Z,2026-02-24T23:05:59.999Z,20,0.440719,0.8957,0.5288,44.0719,25.7752,LATE,1
scalp_fade_3m,BTCUSDT,3m,-1,STOP,2026-02-24T23:15:00.000Z,2026-02-24T23:38:59.999Z,7,-1.142687,0.0000,0.7781,-114.2687,23.4791,LATE,-1
scalp_fade_3m,BTCUSDT,3m,-1,STOP,2026-02-25T01:03:00.000Z,2026-02-25T01:08:59.999Z,1,-1.159585,0.0000,0.9231,-115.9585,26.4391,ASIA,1
scalp_fade_3m,BTCUSDT,3m,-1,TIME,2026-02-25T04:12:00.000Z,2026-02-25T05:14:59.999Z,20,0.075869,0.4591,0.5065,7.5869,17.5431,ASIA,-1
scalp_fade_3m,BTCUSDT,3m,-1,STOP,2026-02-25T07:12:00.000Z,2026-02-25T07:17:59.999Z,1,-1.168389,0.0000,1.0268,-116.8389,27.9050,LONDON,-1
scalp_fade_3m,BTCUSDT,3m,-1,STOP,2026-02-25T07:39:00.000Z,2026-02-25T08:23:59.999Z,14,-1.168442,0.7133,0.9872,-116.8442,27.5418,LONDON,1
scalp_fade_3m,BTCUSDT,3m,-1,TARGET,2026-02-25T10:48:00.000Z,2026-02-25T11:05:59.999Z,5,0.786653,1.1696,0.3419,78.6653,22.6449,LONDON,-1
scalp_fade_3m,BTCUSDT,3m,-1,STOP,2026-02-25T11:39:00.000Z,2026-02-25T12:17:59.999Z,12,-1.190985,0.3658,1.0172,-119.0985,31.3096,LONDON,1
scalp_fade_3m,BTCUSDT,3m,-1,STOP,2026-02-25T14:48:00.000Z,2026-02-25T15:05:59.999Z,5,-1.075612,0.1761,0.9734,-107.5612,12.4054,NY,1
scalp_fade_3m,BTCUSDT,3m,-1,STOP,2026-02-25T18:06:00.000Z,2026-02-25T18:11:59.999Z,1,-1.092320,0.0020,0.9958,-109.2320,15.2388,NY,1
scalp_fade_3m,BTCUSDT,3m,-1,STOP,2026-02-25T20:33:00.000Z,2026-02-25T21:35:59.999Z,20,-1.111822,0.9161,0.9911,-111.1822,18.1286,NY,-1
scalp_fade_3m,BTCUSDT,3m,-1,STOP,2026-02-25T21:36:00.000Z,2026-02-25T21:38:59.999Z,0,-1.081330,0.0966,1.1484,-108.1330,13.4228,LATE,-1
scalp_fade_3m,BTCUSDT,3m,-1,TARGET,2026-02-25T23:09:00.000Z,2026-02-25T23:41:59.999Z,10,1.206264,1.6135,0.1309,120.6264,9.2993,LATE,-1
scalp_fade_3m,BTCUSDT,3m,-1,STOP,2026-02-26T00:39:00.000Z,2026-02-26T01:08:59.999Z,9,-1.092473,0.5235,1.1004,-109.2473,15.1387,ASIA,1
scalp_fade_3m,BTCUSDT,3m,-1,TIME,2026-02-26T02:45:00.000Z,2026-02-26T03:47:59.999Z,20,-0.776870,0.3138,0.6970,-77.6870,19.9095,ASIA,-1
scalp_fade_3m,BTCUSDT,3m,-1,STOP,2026-02-26T04:03:00.000Z,2026-02-26T04:11:59.999Z,2,-1.184314,0.0000,1.8022,-118.4314,30.5249,ASIA,1
scalp_fade_3m,BTCUSDT,3m,-1,TIME,2026-02-26T10:21:00.000Z,2026-02-26T11:23:59.999Z,20,0.426722,0.8950,0.2501,42.6722,26.1331,LONDON,1
scalp_fade_3m,BTCUSDT,3m,1,TARGET,2026-02-26T12:03:00.000Z,2026-02-26T12:23:59.999Z,6,0.773046,1.0148,0.1982,77.3046,23.0982,LONDON,-1
scalp_fade_3m,BTCUSDT,3m,1,TIME,2026-02-26T12:45:00.000Z,2026-02-26T13:47:59.999Z,20,-0.247142,0.4307,0.6826,-24.7142,25.9331,LONDON,-1
scalp_fade_3m,BTCUSDT,3m,1,STOP,2026-02-26T14:33:00.000Z,2026-02-26T14:47:59.999Z,4,-1.102699,0.8821,1.6303,-110.2699,17.1408,NY,-1
scalp_fade_3m,BTCUSDT,3m,1,STOP,2026-02-26T16:36:00.000Z,2026-02-26T16:56:59.999Z,6,-1.084655,0.3553,0.8710,-108.4655,14.1231,NY,1
scalp_fade_3m,BTCUSDT,3m,1,TARGET,2026-02-26T18:09:00.000Z,2026-02-26T18:35:59.999Z,8,1.101019,1.9476,0.1282,110.1019,12.6792,NY,-1
scalp_fade_3m,BTCUSDT,3m,1,TIME,2026-02-26T19:42:00.000Z,2026-02-26T20:44:59.999Z,20,-0.287895,0.8840,0.3924,-28.7895,17.3439,NY,1
scalp_fade_3m,BTCUSDT,3m,1,STOP,2026-02-26T22:06:00.000Z,2026-02-26T22:23:59.999Z,5,-1.183034,0.5423,0.7256,-118.3034,30.4140,LATE,1
scalp_fade_3m,BTCUSDT,3m,1,TIME,2026-02-26T23:03:00.000Z,2026-02-27T00:05:59.999Z,20,-0.552041,0.5996,0.6088,-55.2041,30.4510,LATE,-1
scalp_fade_3m,BTCUSDT,3m,1,STOP,2026-02-27T00:12:00.000Z,2026-02-27T00:26:59.999Z,4,-1.150630,0.0493,0.7864,-115.0630,25.0790,ASIA,-1
scalp_fade_3m,BTCUSDT,3m,1,TIME,2026-02-27T01:45:00.000Z,2026-02-27T02:47:59.999Z,20,0.353282,1.1220,0.2928,35.3282,22.2088,ASIA,1
scalp_fade_3m,BTCUSDT,3m,1,STOP,2026-02-27T02:54:00.000Z,2026-02-27T03:05:59.999Z,3,-1.166676,0.0000,0.9203,-116.6676,27.7653,ASIA,1
scalp_fade_3m,BTCUSDT,3m,-1,TIME,2026-02-27T05:03:00.000Z,2026-02-27T06:05:59.999Z,20,-0.351478,0.3038,0.5324,-35.1478,22.3098,ASIA,-1
scalp_fade_3m,BTCUSDT,3m,-1,TIME,2026-02-27T06:36:00.000Z,2026-02-27T07:38:59.999Z,20,0.174482,0.9421,0.5770,17.4482,28.9105,ASIA,-1
scalp_fade_3m,BTCUSDT,3m,-1,STOP,2026-02-27T07:48:00.000Z,2026-02-27T07:56:59.999Z,2,-1.164153,0.0000,0.7516,-116.4153,27.1715,LONDON,-1
scalp_fade_3m,BTCUSDT,3m,-1,STOP,2026-02-27T08:42:00.000Z,2026-02-27T08:47:59.999Z,1,-1.146778,0.0000,1.0085,-114.6778,24.3067,LONDON,1
scalp_fade_3m,BTCUSDT,3m,-1,STOP,2026-02-27T09:06:00.000Z,2026-02-27T09:11:59.999Z,1,-1.157257,0.0000,0.7970,-115.7257,26.0514,LONDON,1
scalp_fade_3m,BTCUSDT,3m,1,STOP,2026-02-27T13:33:00.000Z,2026-02-27T13:38:59.999Z,1,-1.113798,0.0000,0.8942,-111.3798,19.0382,NY,1
scalp_fade_3m,BTCUSDT,3m,1,STOP,2026-02-27T14:30:00.000Z,2026-02-27T14:44:59.999Z,4,-1.115847,0.4810,1.0708,-111.5847,19.3184,NY,1
scalp_fade_3m,BTCUSDT,3m,1,STOP,2026-02-27T16:06:00.000Z,2026-02-27T16:50:59.999Z,14,-1.101389,0.5809,0.9738,-110.1389,16.7499,NY,-1
scalp_fade_3m,BTCUSDT,3m,1,TIME,2026-02-27T19:30:00.000Z,2026-02-27T20:32:59.999Z,20,-0.022004,1.0601,0.4946,-2.2004,24.0071,NY,-1
scalp_fade_3m,BTCUSDT,3m,1,STOP,2026-02-27T21:33:00.000Z,2026-02-27T21:56:59.999Z,7,-1.185828,0.0000,1.2401,-118.5828,30.8125,LATE,1
scalp_fade_3m,BTCUSDT,3m,-1,TIME,2026-02-28T01:21:00.000Z,2026-02-28T02:23:59.999Z,20,-0.927149,0.7066,0.5450,-92.7149,33.4341,ASIA,1
scalp_fade_3m,BTCUSDT,3m,-1,TARGET,2026-02-28T03:27:00.000Z,2026-02-28T03:38:59.999Z,3,0.656109,1.1134,0.2301,65.6109,26.8080,ASIA,1
scalp_fade_3m,BTCUSDT,3m,1,STOP,2026-02-28T04:30:00.000Z,2026-02-28T04:32:59.999Z,0,-1.191737,0.0000,1.1477,-119.1737,32.0198,ASIA,-1
scalp_fade_3m,BTCUSDT,3m,1,STOP,2026-02-28T06:15:00.000Z,2026-02-28T06:17:59.999Z,0,-1.203965,0.0000,2.9691,-120.3965,34.0534,ASIA,-1
scalp_fade_3m,BTCUSDT,3m,1,TIME,2026-02-28T08:21:00.000Z,2026-02-28T09:23:59.999Z,20,0.398256,0.6770,0.2916,39.8256,12.6717,LONDON,1
scalp_fade_3m,BTCUSDT,3m,1,TIME,2026-02-28T09:39:00.000Z,2026-02-28T10:41:59.999Z,20,0.465378,1.1061,0.7895,46.5378,18.5239,LONDON,-1
scalp_fade_3m,BTCUSDT,3m,1,STOP,2026-02-28T11:42:00.000Z,2026-02-28T11:56:59.999Z,4,-1.135657,0.0924,0.9151,-113.5657,22.5992,LONDON,1
scalp_fade_3m,BTCUSDT,3m,1,TARGET,2026-02-28T13:03:00.000Z,2026-02-28T13:50:59.999Z,15,0.982385,3.1754,0.2462,98.2385,16.4107,NY,-1
scalp_fade_3m,BTCUSDT,3m,-1,STOP,2026-02-28T17:09:00.000Z,2026-02-28T17:32:59.999Z,7,-1.155435,0.4482,0.7581,-115.5435,25.5886,NY,1
scalp_fade_3m,BTCUSDT,3m,-1,STOP,2026-02-28T17:48:00.000Z,2026-02-28T17:59:59.999Z,3,-1.129126,0.0358,1.7538,-112.9126,21.3232,NY,-1
scalp_fade_3m,BTCUSDT,3m,-1,STOP,2026-02-28T18:33:00.000Z,2026-02-28T18:38:59.999Z,1,-1.119705,0.0350,1.3148,-111.9705,19.7987,NY,-1
scalp_fade_3m,BTCUSDT,3m,-1,STOP,2026-02-28T21:39:00.000Z,2026-02-28T22:35:59.999Z,18,-1.091064,0.6138,1.4857,-109.1064,14.7693,LATE,-1
scalp_fade_3m,BTCUSDT,3m,-1,TIME,2026-02-28T23:48:00.000Z,2026-03-01T00:50:59.999Z,20,0.295960,1.0070,0.5095,29.5960,19.8225,LATE,-1
scalp_fade_3m,BTCUSDT,3m,-1,TIME,2026-03-01T04:42:00.000Z,2026-03-01T05:44:59.999Z,20,-0.360148,0.6160,0.6533,-36.0148,22.2806,ASIA,-1
scalp_fade_3m,BTCUSDT,3m,-1,TIME,2026-03-01T07:36:00.000Z,2026-03-01T08:38:59.999Z,20,-0.742351,0.7870,0.6778,-74.2351,24.5677,LONDON,1
scalp_fade_3m,BTCUSDT,3m,1,STOP,2026-03-01T12:48:00.000Z,2026-03-01T13:05:59.999Z,5,-1.153306,0.0000,0.8764,-115.3306,25.4958,LONDON,-1
scalp_fade_3m,BTCUSDT,3m,1,TARGET,2026-03-01T13:21:00.000Z,2026-03-01T13:53:59.999Z,10,1.013993,3.8817,0.2005,101.3993,15.4317,NY,-1
scalp_fade_3m,BTCUSDT,3m,1,TIME,2026-03-01T22:36:00.000Z,2026-03-01T23:38:59.999Z,20,0.466922,1.0937,0.6458,46.6922,10.9506,LATE,1
scalp_fade_3m,BTCUSDT,3m,-1,STOP,2026-03-02T03:12:00.000Z,2026-03-02T03:29:59.999Z,5,-1.108969,0.2554,0.8830,-110.8969,17.9367,ASIA,-1
scalp_fade_3m,BTCUSDT,3m,-1,STOP,2026-03-02T04:21:00.000Z,2026-03-02T04:29:59.999Z,2,-1.140285,0.2203,0.7824,-114.0285,23.2014,ASIA,-1
scalp_fade_3m,BTCUSDT,3m,-1,TIME,2026-03-02T05:00:00.000Z,2026-03-02T06:02:59.999Z,20,0.152641,1.0221,0.6815,15.2641,25.1410,ASIA,-1
scalp_fade_3m,BTCUSDT,3m,1,STOP,2026-03-02T08:03:00.000Z,2026-03-02T08:29:59.999Z,8,-1.129617,0.7147,0.8361,-112.9617,21.5096,LONDON,-1
scalp_fade_3m,BTCUSDT,3m,1,STOP,2026-03-02T11:03:00.000Z,2026-03-02T11:08:59.999Z,1,-1.156614,0.0000,0.9309,-115.6614,26.1514,LONDON,-1
scalp_fade_3m,BTCUSDT,3m,1,TARGET,2026-03-02T11:09:00.000Z,2026-03-02T11:47:59.999Z,12,0.969398,1.2442,0.5091,96.9398,16.8362,LONDON,-1
scalp_fade_3m,BTCUSDT,3m,1,STOP,2026-03-02T13:30:00.000Z,2026-03-02T13:41:59.999Z,3,-1.118451,0.2563,1.0434,-111.8451,19.7701,NY,-1
scalp_fade_3m,BTCUSDT,3m,-1,TARGET,2026-03-02T18:33:00.000Z,2026-03-02T19:08:59.999Z,11,1.134180,1.3955,0.0996,113.4180,11.5831,NY,-1
scalp_fade_3m,BTCUSDT,3m,-1,TARGET,2026-03-02T20:03:00.000Z,2026-03-02T20:11:59.999Z,2,1.080549,1.6114,0.2041,108.0549,13.3182,NY,1
scalp_fade_3m,BTCUSDT,3m,-1,STOP,2026-03-02T21:03:00.000Z,2026-03-02T21:47:59.999Z,14,-1.099024,0.1308,1.0342,-109.9024,16.1374,LATE,1
scalp_fade_3m,BTCUSDT,3m,-1,TIME,2026-03-02T22:06:00.000Z,2026-03-02T23:08:59.999Z,20,-0.324627,0.7896,0.4571,-32.4627,24.6399,LATE,1
scalp_fade_3m,BTCUSDT,3m,-1,STOP,2026-03-03T00:36:00.000Z,2026-03-03T01:11:59.999Z,11,-1.129819,0.0229,0.8866,-112.9819,21.2620,ASIA,1
scalp_fade_3m,BTCUSDT,3m,-1,TARGET,2026-03-03T01:24:00.000Z,2026-03-03T02:02:59.999Z,12,1.086416,1.6119,0.2919,108.6416,13.0944,ASIA,1
scalp_fade_3m,BTCUSDT,3m,1,STOP,2026-03-03T04:39:00.000Z,2026-03-03T04:50:59.999Z,3,-1.181958,0.0003,1.0020,-118.1958,30.2988,ASIA,-1
scalp_fade_3m,BTCUSDT,3m,1,STOP,2026-03-03T05:36:00.000Z,2026-03-03T05:47:59.999Z,3,-1.123326,0.0000,0.8671,-112.3326,20.5783,ASIA,1
scalp_fade_3m,BTCUSDT,3m,1,STOP,2026-03-03T08:15:00.000Z,2026-03-03T08:26:59.999Z,3,-1.121795,0.1635,1.0622,-112.1795,20.3245,LONDON,1
scalp_fade_3m,BTCUSDT,3m,1,STOP,2026-03-03T14:36:00.000Z,2026-03-03T14:44:59.999Z,2,-1.074807,0.7429,0.9674,-107.4807,12.5476,NY,1
scalp_fade_3m,BTCUSDT,3m,-1,TIME,2026-03-03T16:48:00.000Z,2026-03-03T17:50:59.999Z,20,-0.347026,0.6167,0.4800,-34.7026,8.6982,NY,1
scalp_fade_3m,BTCUSDT,3m,-1,STOP,2026-03-03T18:18:00.000Z,2026-03-03T18:35:59.999Z,5,-1.082981,0.1738,1.0042,-108.2981,13.6273,NY,1
scalp_fade_3m,BTCUSDT,3m,-1,TIME,2026-03-03T19:15:00.000Z,2026-03-03T20:17:59.999Z,20,0.457913,0.9266,0.6744,45.7913,14.7913,NY,-1
scalp_fade_3m,BTCUSDT,3m,-1,STOP,2026-03-03T22:03:00.000Z,2026-03-03T22:05:59.999Z,0,-1.138757,0.1568,0.8033,-113.8757,22.9949,LATE,1
scalp_fade_3m,BTCUSDT,3m,-1,STOP,2026-03-03T23:09:00.000Z,2026-03-03T23:11:59.999Z,0,-1.136499,0.0000,0.9643,-113.6499,22.6186,LATE,-1
scalp_fade_3m,BTCUSDT,3m,-1,TARGET,2026-03-03T23:48:00.000Z,2026-03-04T00:35:59.999Z,15,1.010278,1.4725,0.2929,101.0278,15.4956,LATE,-1
scalp_fade_3m,BTCUSDT,3m,-1,STOP,2026-03-04T00:51:00.000Z,2026-03-04T01:32:59.999Z,13,-1.114332,0.6193,1.0878,-111.4332,18.6714,ASIA,-1
scalp_fade_3m,BTCUSDT,3m,-1,TARGET,2026-03-04T03:15:00.000Z,2026-03-04T03:32:59.999Z,5,1.070193,1.5448,0.4648,107.0193,13.6359,ASIA,-1
scalp_fade_3m,BTCUSDT,3m,1,TIME,2026-03-04T04:03:00.000Z,2026-03-04T05:05:59.999Z,20,-0.148035,0.5398,0.7153,-14.8035,16.8302,ASIA,-1
scalp_fade_3m,BTCUSDT,3m,1,TARGET,2026-03-04T05:27:00.000Z,2026-03-04T05:41:59.999Z,4,1.043012,1.2450,0.3080,104.3012,14.5361,ASIA,1
scalp_fade_3m,BTCUSDT,3m,-1,TIME,2026-03-04T10:51:00.000Z,2026-03-04T11:53:59.999Z,20,0.219638,1.0730,0.3161,21.9638,17.2170,LONDON,-1
scalp_fade_3m,BTCUSDT,3m,-1,STOP,2026-03-04T12:42:00.000Z,2026-03-04T12:56:59.999Z,4,-1.116401,0.1092,0.9318,-111.6401,19.1888,LONDON,1
scalp_fade_3m,BTCUSDT,3m,-1,TARGET,2026-03-04T22:24:00.000Z,2026-03-04T22:44:59.999Z,6,0.988303,1.5984,0.1394,98.8303,16.2333,LATE,1
scalp_fade_3m,BTCUSDT,3m,-1,STOP,2026-03-05T00:42:00.000Z,2026-03-05T01:14:59.999Z,10,-1.117846,0.6626,1.0596,-111.7846,19.3088,ASIA,1
scalp_fade_3m,BTCUSDT,3m,1,STOP,2026-03-05T07:06:00.000Z,2026-03-05T07:38:59.999Z,10,-1.130360,0.5515,0.9113,-113.0360,21.5876,LONDON,1
scalp_fade_3m,BTCUSDT,3m,-1,TARGET,2026-03-05T12:48:00.000Z,2026-03-05T13:23:59.999Z,11,1.026237,1.3319,0.3719,102.6237,15.0070,LONDON,-1
scalp_fade_3m,BTCUSDT,3m,1,STOP,2026-03-05T14:33:00.000Z,2026-03-05T14:44:59.999Z,3,-1.095832,0.8285,1.2050,-109.5832,16.0201,NY,-1
scalp_fade_3m,BTCUSDT,3m,1,STOP,2026-03-05T15:06:00.000Z,2026-03-05T15:11:59.999Z,1,-1.066002,0.0342,1.0458,-106.6002,11.0977,NY,-1
scalp_fade_3m,BTCUSDT,3m,1,STOP,2026-03-05T17:12:00.000Z,2026-03-05T17:32:59.999Z,6,-1.087966,0.0000,1.0531,-108.7966,14.6703,NY,1
scalp_fade_3m,BTCUSDT,3m,1,TIME,2026-03-05T19:33:00.000Z,2026-03-05T20:35:59.999Z,20,0.500622,0.8897,0.4681,50.0622,18.7067,NY,-1
scalp_fade_3m,BTCUSDT,3m,1,TIME,2026-03-05T20:45:00.000Z,2026-03-05T21:47:59.999Z,20,-0.185051,1.0499,0.4993,-18.5051,21.0314,NY,1
scalp_fade_3m,BTCUSDT,3m,1,TIME,2026-03-05T21:54:00.000Z,2026-03-05T22:56:59.999Z,20,0.295005,0.8435,0.2417,29.5005,21.1232,LATE,-1
scalp_fade_3m,BTCUSDT,3m,1,STOP,2026-03-05T23:33:00.000Z,2026-03-05T23:35:59.999Z,0,-1.172752,0.0000,1.0718,-117.2752,28.8624,LATE,-1
scalp_fade_3m,BTCUSDT,3m,1,STOP,2026-03-06T00:45:00.000Z,2026-03-06T00:53:59.999Z,2,-1.178713,0.2528,0.7318,-117.8713,29.7918,ASIA,-1
scalp_fade_3m,BTCUSDT,3m,1,TARGET,2026-03-06T01:33:00.000Z,2026-03-06T01:53:59.999Z,6,1.118471,1.2462,0.1419,111.8471,12.1324,ASIA,1
scalp_fade_3m,BTCUSDT,3m,1,STOP,2026-03-06T03:15:00.000Z,2026-03-06T04:17:59.999Z,20,-1.152277,0.5297,0.7639,-115.2277,24.9380,ASIA,1
scalp_fade_3m,BTCUSDT,3m,1,TIME,2026-03-06T09:48:00.000Z,2026-03-06T10:50:59.999Z,20,-0.396657,0.8825,0.1794,-39.6657,20.9775,LONDON,-1
scalp_fade_3m,BTCUSDT,3m,1,STOP,2026-03-06T10:57:00.000Z,2026-03-06T11:11:59.999Z,4,-1.160750,0.0295,0.7462,-116.0750,26.7550,LONDON,1
scalp_fade_3m,BTCUSDT,3m,1,STOP,2026-03-06T11:45:00.000Z,2026-03-06T11:53:59.999Z,2,-1.159614,0.0000,0.7346,-115.9614,26.6221,LONDON,-1
scalp_fade_3m,BTCUSDT,3m,1,STOP,2026-03-06T13:48:00.000Z,2026-03-06T13:56:59.999Z,2,-1.086834,0.1463,1.2564,-108.6834,14.5435,NY,1
scalp_fade_3m,BTCUSDT,3m,1,STOP,2026-03-06T13:57:00.000Z,2026-03-06T14:02:59.999Z,1,-1.071618,0.0000,1.0461,-107.1618,12.0308,NY,1
scalp_fade_3m,BTCUSDT,3m,1,STOP,2026-03-06T16:57:00.000Z,2026-03-06T17:32:59.999Z,11,-1.099289,0.5543,0.9043,-109.9289,16.4565,NY,-1
scalp_fade_3m,BTCUSDT,3m,1,STOP,2026-03-06T18:54:00.000Z,2026-03-06T19:47:59.999Z,17,-1.127701,0.4574,0.8632,-112.7701,20.9984,NY,-1
scalp_fade_3m,BTCUSDT,3m,1,STOP,2026-03-06T20:12:00.000Z,2026-03-06T20:26:59.999Z,4,-1.128218,0.2644,0.8253,-112.8218,21.3671,NY,-1
scalp_fade_3m,BTCUSDT,3m,1,TIME,2026-03-06T20:27:00.000Z,2026-03-06T21:29:59.999Z,20,0.143973,0.9830,0.2423,14.3973,19.2437,NY,-1
scalp_fade_3m,BTCUSDT,3m,1,STOP,2026-03-06T23:03:00.000Z,2026-03-06T23:44:59.999Z,13,-1.186767,0.1599,0.8219,-118.6767,30.7768,LATE,1
scalp_fade_3m,BTCUSDT,3m,1,STOP,2026-03-07T02:15:00.000Z,2026-03-07T02:23:59.999Z,2,-1.246039,0.0000,0.9706,-124.6039,40.9652,ASIA,1
scalp_fade_3m,BTCUSDT,3m,1,TARGET,2026-03-07T02:24:00.000Z,2026-03-07T02:59:59.999Z,11,0.677660,1.2068,0.5858,67.7660,26.0893,ASIA,1
scalp_fade_3m,BTCUSDT,3m,1,STOP,2026-03-07T03:21:00.000Z,2026-03-07T03:53:59.999Z,10,-1.156113,0.0000,0.8250,-115.6113,25.8264,ASIA,-1
scalp_fade_3m,BTCUSDT,3m,1,TIME,2026-03-07T05:12:00.000Z,2026-03-07T06:14:59.999Z,20,-0.908493,0.4786,0.6309,-90.8493,34.1083,ASIA,1
scalp_fade_3m,BTCUSDT,3m,1,STOP,2026-03-07T06:51:00.000Z,2026-03-07T06:53:59.999Z,0,-1.184250,0.0000,1.0249,-118.4250,30.7746,ASIA,-1
scalp_fade_3m,BTCUSDT,3m,1,TARGET,2026-03-07T08:57:00.000Z,2026-03-07T09:17:59.999Z,6,0.794947,1.3367,0.4107,79.4947,22.4029,LONDON,1
scalp_fade_3m,BTCUSDT,3m,1,STOP,2026-03-07T12:36:00.000Z,2026-03-07T12:41:59.999Z,1,-1.259417,0.0000,0.5890,-125.9417,43.2303,LONDON,-1
scalp_fade_3m,BTCUSDT,3m,1,STOP,2026-03-07T13:09:00.000Z,2026-03-07T13:38:59.999Z,9,-1.236193,0.4189,0.8883,-123.6193,39.0474,NY,-1
scalp_fade_3m,BTCUSDT,3m,1,STOP,2026-03-07T13:39:00.000Z,2026-03-07T14:02:59.999Z,7,-1.189774,0.2386,0.7975,-118.9774,31.4640,NY,1
scalp_fade_3m,BTCUSDT,3m,1,TIME,2026-03-07T16:18:00.000Z,2026-03-07T17:20:59.999Z,20,-0.317607,0.2776,0.6280,-31.7607,34.8808,NY,-1
scalp_fade_3m,BTCUSDT,3m,1,STOP,2026-03-07T17:57:00.000Z,2026-03-07T17:59:59.999Z,0,-1.338227,0.0000,1.1016,-133.8227,56.3817,NY,1
scalp_fade_3m,BTCUSDT,3m,1,STOP,2026-03-07T18:00:00.000Z,2026-03-07T18:02:59.999Z,0,-1.290751,0.0000,2.7942,-129.0751,48.4862,NY,1
scalp_fade_3m,BTCUSDT,3m,1,STOP,2026-03-07T18:51:00.000Z,2026-03-07T19:20:59.999Z,9,-1.185278,0.0000,1.7291,-118.5278,30.6584,NY,-1
scalp_fade_3m,BTCUSDT,3m,1,STOP,2026-03-07T21:51:00.000Z,2026-03-07T22:35:59.999Z,14,-1.195508,0.4158,1.2549,-119.5508,32.1779,LATE,-1
scalp_fade_3m,BTCUSDT,3m,1,TIME,2026-03-07T22:48:00.000Z,2026-03-07T23:50:59.999Z,20,-0.858474,0.3089,0.7022,-85.8474,28.7448,LATE,-1
scalp_fade_3m,BTCUSDT,3m,1,STOP,2026-03-08T01:30:00.000Z,2026-03-08T01:32:59.999Z,0,-1.207487,0.0000,0.9425,-120.7487,34.6390,ASIA,-1
scalp_fade_3m,BTCUSDT,3m,1,STOP,2026-03-08T02:48:00.000Z,2026-03-08T02:50:59.999Z,0,-1.146313,0.0000,1.4966,-114.6313,24.4655,ASIA,-1
scalp_fade_3m,BTCUSDT,3m,1,TIME,2026-03-08T02:51:00.000Z,2026-03-08T03:53:59.999Z,20,0.140971,0.5859,0.3696,14.0971,18.8206,ASIA,-1
scalp_fade_3m,BTCUSDT,3m,1,STOP,2026-03-08T04:15:00.000Z,2026-03-08T04:47:59.999Z,10,-1.182089,0.1399,1.0803,-118.2089,30.1018,ASIA,1
scalp_fade_3m,BTCUSDT,3m,-1,STOP,2026-03-08T08:36:00.000Z,2026-03-08T08:41:59.999Z,1,-1.207980,0.0000,1.0340,-120.7980,34.4973,LONDON,1
scalp_fade_3m,BTCUSDT,3m,1,TIME,2026-03-08T14:42:00.000Z,2026-03-08T15:44:59.999Z,20,-0.564907,0.4859,0.5450,-56.4907,21.9626,NY,1
scalp_fade_3m,BTCUSDT,3m,1,STOP,2026-03-08T15:48:00.000Z,2026-03-08T15:56:59.999Z,2,-1.166659,0.0000,0.7554,-116.6659,27.7913,NY,-1
scalp_fade_3m,BTCUSDT,3m,1,STOP,2026-03-08T22:03:00.000Z,2026-03-08T22:05:59.999Z,0,-1.128852,0.0000,3.2169,-112.8852,21.5617,LATE,-1
scalp_fade_3m,BTCUSDT,3m,1,STOP,2026-03-09T01:57:00.000Z,2026-03-09T02:17:59.999Z,6,-1.105840,0.1199,0.9466,-110.5840,17.6245,ASIA,1
scalp_fade_3m,BTCUSDT,3m,-1,STOP,2026-03-09T04:54:00.000Z,2026-03-09T05:32:59.999Z,12,-1.149357,0.8592,0.9989,-114.9357,24.4565,ASIA,1
scalp_fade_3m,BTCUSDT,3m,-1,STOP,2026-03-09T07:33:00.000Z,2026-03-09T07:56:59.999Z,7,-1.119886,0.0496,0.8633,-111.9886,19.7060,LONDON,-1
scalp_fade_3m,BTCUSDT,3m,-1,TIME,2026-03-09T08:24:00.000Z,2026-03-09T09:26:59.999Z,20,-1.027900,0.3884,0.7800,-102.7900,17.8908,LONDON,1
scalp_fade_3m,BTCUSDT,3m,-1,STOP,2026-03-09T13:27:00.000Z,2026-03-09T13:35:59.999Z,2,-1.094029,0.2024,0.8630,-109.4029,15.5074,NY,1
scalp_fade_3m,BTCUSDT,3m,-1,TIME,2026-03-09T15:00:00.000Z,2026-03-09T16:02:59.999Z,20,0.281065,0.8505,0.3191,28.1065,15.3185,NY,1
scalp_fade_3m,BTCUSDT,3m,-1,STOP,2026-03-09T16:30:00.000Z,2026-03-09T16:53:59.999Z,7,-1.127252,0.9115,0.9119,-112.7252,20.9250,NY,-1
scalp_fade_3m,BTCUSDT,3m,-1,STOP,2026-03-09T19:18:00.000Z,2026-03-09T19:20:59.999Z,0,-1.148151,0.1462,1.4129,-114.8151,24.5607,NY,1
scalp_fade_3m,BTCUSDT,3m,-1,STOP,2026-03-09T19:21:00.000Z,2026-03-09T19:23:59.999Z,0,-1.113175,0.0000,0.9268,-111.3175,18.7309,NY,1
scalp_fade_3m,BTCUSDT,3m,-1,TIME,2026-03-09T19:45:00.000Z,2026-03-09T20:47:59.999Z,20,0.036741,0.2633,0.4216,3.6741,13.2735,NY,1
scalp_fade_3m,BTCUSDT,3m,-1,TIME,2026-03-09T21:45:00.000Z,2026-03-09T22:47:59.999Z,20,0.274870,1.0210,0.4383,27.4870,22.4443,LATE,-1
scalp_fade_3m,BTCUSDT,3m,-1,STOP,2026-03-10T01:48:00.000Z,2026-03-10T01:50:59.999Z,0,-1.134055,0.0000,1.0696,-113.4055,22.2112,ASIA,-1
scalp_fade_3m,BTCUSDT,3m,-1,STOP,2026-03-10T01:51:00.000Z,2026-03-10T02:32:59.999Z,13,-1.119074,0.3130,1.9006,-111.9074,19.4513,ASIA,-1
scalp_fade_3m,BTCUSDT,3m,-1,STOP,2026-03-10T06:27:00.000Z,2026-03-10T07:08:59.999Z,13,-1.155209,0.6315,1.0510,-115.5209,25.3939,ASIA,-1
scalp_fade_3m,BTCUSDT,3m,-1,STOP,2026-03-10T07:09:00.000Z,2026-03-10T07:11:59.999Z,0,-1.119356,0.0692,0.8457,-111.9356,19.7612,LONDON,-1
scalp_fade_3m,BTCUSDT,3m,-1,TIME,2026-03-10T08:09:00.000Z,2026-03-10T09:11:59.999Z,20,-0.060837,0.5864,0.4861,-6.0837,15.1018,LONDON,1
scalp_fade_3m,BTCUSDT,3m,-1,TARGET,2026-03-10T11:06:00.000Z,2026-03-10T12:08:59.999Z,20,0.991970,1.3379,0.2044,99.1970,16.0529,LONDON,-1
scalp_fade_3m,BTCUSDT,3m,-1,TARGET,2026-03-10T13:33:00.000Z,2026-03-10T13:35:59.999Z,0,1.033704,1.7709,0.1276,103.3704,14.8164,NY,1
scalp_fade_3m,BTCUSDT,3m,1,STOP,2026-03-10T21:15:00.000Z,2026-03-10T21:23:59.999Z,2,-1.158854,0.1582,0.7688,-115.8854,26.4960,LATE,1
scalp_fade_3m,BTCUSDT,3m,1,TIME,2026-03-11T01:27:00.000Z,2026-03-11T02:29:59.999Z,20,-0.599820,0.3346,0.5573,-59.9820,24.1674,ASIA,1
scalp_fade_3m,BTCUSDT,3m,1,STOP,2026-03-11T03:03:00.000Z,2026-03-11T03:20:59.999Z,5,-1.168308,0.0000,0.9579,-116.8308,27.9778,ASIA,1
scalp_fade_3m,BTCUSDT,3m,1,STOP,2026-03-11T07:51:00.000Z,2026-03-11T08:20:59.999Z,9,-1.159606,0.0189,0.7977,-115.9606,26.4285,LONDON,-1
scalp_fade_3m,BTCUSDT,3m,1,STOP,2026-03-11T08:36:00.000Z,2026-03-11T09:38:59.999Z,20,-1.177931,0.9366,0.8497,-117.7931,29.1175,LONDON,1
scalp_fade_3m,BTCUSDT,3m,1,TIME,2026-03-11T09:42:00.000Z,2026-03-11T10:44:59.999Z,20,-0.130188,0.5139,0.7460,-13.0188,23.1638,LONDON,1
scalp_fade_3m,BTCUSDT,3m,-1,TIME,2026-03-11T14:03:00.000Z,2026-03-11T15:05:59.999Z,20,0.286124,1.0432,0.3495,28.6124,9.6259,NY,1
scalp_fade_3m,BTCUSDT,3m,-1,TIME,2026-03-11T17:42:00.000Z,2026-03-11T18:44:59.999Z,20,0.361705,0.8085,0.3068,36.1705,13.6670,NY,1
scalp_fade_3m,BTCUSDT,3m,-1,STOP,2026-03-11T20:00:00.000Z,2026-03-11T21:02:59.999Z,20,-1.167202,0.8029,0.8010,-116.7202,27.1710,NY,-1
scalp_fade_3m,BTCUSDT,3m,1,TIME,2026-03-12T03:48:00.000Z,2026-03-12T04:50:59.999Z,20,-0.490572,1.0077,0.3535,-49.0572,23.0689,ASIA,1
scalp_fade_3m,BTCUSDT,3m,-1,STOP,2026-03-12T09:48:00.000Z,2026-03-12T10:38:59.999Z,16,-1.092961,0.0422,1.0932,-109.2961,15.1104,LONDON,-1
scalp_fade_3m,BTCUSDT,3m,-1,TARGET,2026-03-12T13:36:00.000Z,2026-03-12T13:47:59.999Z,3,1.100570,1.4665,0.4435,110.0570,12.6780,NY,-1
scalp_fade_3m,BTCUSDT,3m,-1,TARGET,2026-03-12T14:03:00.000Z,2026-03-12T14:38:59.999Z,11,1.221319,1.3393,0.6680,122.1319,8.8191,NY,-1
scalp_fade_3m,BTCUSDT,3m,-1,STOP,2026-03-12T21:03:00.000Z,2026-03-12T21:11:59.999Z,2,-1.193154,0.0000,0.7994,-119.3154,31.9953,LATE,-1
scalp_fade_3m,BTCUSDT,3m,-1,TIME,2026-03-12T21:12:00.000Z,2026-03-12T22:14:59.999Z,20,0.125437,0.7806,0.5006,12.5437,29.6806,LATE,-1
scalp_fade_3m,BTCUSDT,3m,-1,STOP,2026-03-12T22:27:00.000Z,2026-03-12T23:05:59.999Z,12,-1.185637,0.8585,1.0372,-118.5637,30.4290,LATE,1
scalp_fade_3m,BTCUSDT,3m,-1,TIME,2026-03-13T01:45:00.000Z,2026-03-13T02:47:59.999Z,20,0.567891,1.1817,0.3505,56.7891,17.1662,ASIA,1
scalp_fade_3m,BTCUSDT,3m,-1,STOP,2026-03-13T03:51:00.000Z,2026-03-13T03:56:59.999Z,1,-1.155216,0.0000,1.1843,-115.5216,25.7116,ASIA,1
scalp_fade_3m,BTCUSDT,3m,-1,STOP,2026-03-13T05:24:00.000Z,2026-03-13T05:35:59.999Z,3,-1.167959,0.2644,0.8247,-116.7959,27.7757,ASIA,1
scalp_fade_3m,BTCUSDT,3m,-1,STOP,2026-03-13T07:06:00.000Z,2026-03-13T07:29:59.999Z,7,-1.161747,0.0000,0.8514,-116.1747,26.6331,LONDON,1
scalp_fade_3m,BTCUSDT,3m,-1,STOP,2026-03-13T07:36:00.000Z,2026-03-13T07:50:59.999Z,4,-1.162510,0.0000,0.9792,-116.2510,26.8425,LONDON,1
scalp_fade_3m,BTCUSDT,3m,-1,STOP,2026-03-13T12:06:00.000Z,2026-03-13T12:35:59.999Z,9,-1.166839,0.0923,1.1215,-116.6839,27.4190,LONDON,-1
scalp_fade_3m,BTCUSDT,3m,-1,STOP,2026-03-13T12:48:00.000Z,2026-03-13T12:50:59.999Z,0,-1.115245,0.0000,0.9144,-111.5245,19.0760,LONDON,1
scalp_fade_3m,BTCUSDT,3m,-1,STOP,2026-03-13T13:39:00.000Z,2026-03-13T13:47:59.999Z,2,-1.082131,0.0000,1.0492,-108.2131,13.5284,NY,1
scalp_fade_3m,BTCUSDT,3m,1,STOP,2026-03-13T17:27:00.000Z,2026-03-13T17:38:59.999Z,3,-1.103570,0.0000,0.8887,-110.3570,17.3031,NY,1
scalp_fade_3m,BTCUSDT,3m,1,STOP,2026-03-13T21:27:00.000Z,2026-03-13T21:29:59.999Z,0,-1.207328,0.0000,0.9967,-120.7328,34.6127,LATE,1
scalp_fade_3m,BTCUSDT,3m,1,STOP,2026-03-13T21:39:00.000Z,2026-03-13T22:02:59.999Z,7,-1.170624,0.2611,1.7772,-117.0624,28.3023,LATE,1
scalp_fade_3m,BTCUSDT,3m,1,TIME,2026-03-13T22:03:00.000Z,2026-03-13T23:05:59.999Z,20,-0.328411,0.3426,0.7806,-32.8411,21.0690,LATE,-1
scalp_fade_3m,BTCUSDT,3m,1,STOP,2026-03-14T00:03:00.000Z,2026-03-14T00:44:59.999Z,13,-1.198028,0.6446,1.1974,-119.8028,32.6246,ASIA,1
scalp_fade_3m,BTCUSDT,3m,1,STOP,2026-03-14T01:36:00.000Z,2026-03-14T01:38:59.999Z,0,-1.193812,0.0000,0.9948,-119.3812,32.3648,ASIA,-1
scalp_fade_3m,BTCUSDT,3m,1,TARGET,2026-03-14T02:27:00.000Z,2026-03-14T03:17:59.999Z,16,0.739273,1.4507,0.5362,73.9273,24.1021,ASIA,1
scalp_fade_3m,BTCUSDT,3m,1,STOP,2026-03-14T04:54:00.000Z,2026-03-14T05:35:59.999Z,13,-1.186957,0.1131,0.7891,-118.6957,30.8080,ASIA,1
scalp_fade_3m,BTCUSDT,3m,1,STOP,2026-03-14T09:33:00.000Z,2026-03-14T09:47:59.999Z,4,-1.204972,0.0032,0.6739,-120.4972,34.0789,LONDON,1
scalp_fade_3m,BTCUSDT,3m,1,STOP,2026-03-14T09:54:00.000Z,2026-03-14T10:35:59.999Z,13,-1.183832,0.0000,0.7936,-118.3832,30.2951,LONDON,-1
scalp_fade_3m,BTCUSDT,3m,1,TARGET,2026-03-14T12:36:00.000Z,2026-03-14T13:20:59.999Z,14,0.553857,1.4526,0.5591,55.3857,29.9885,LONDON,-1
scalp_fade_3m,BTCUSDT,3m,1,STOP,2026-03-14T15:06:00.000Z,2026-03-14T15:32:59.999Z,8,-1.198197,0.2887,0.8820,-119.8197,32.8208,NY,-1
scalp_fade_3m,BTCUSDT,3m,1,STOP,2026-03-14T17:09:00.000Z,2026-03-14T17:50:59.999Z,13,-1.298965,0.4295,0.5314,-129.8965,49.1871,NY,1
scalp_fade_3m,BTCUSDT,3m,1,TIME,2026-03-14T19:03:00.000Z,2026-03-14T20:05:59.999Z,20,-0.860939,0.6731,0.3123,-86.0939,52.0653,NY,1
scalp_fade_3m,BTCUSDT,3m,-1,STOP,2026-03-14T21:42:00.000Z,2026-03-14T21:50:59.999Z,2,-1.300160,0.0708,0.5451,-130.0160,49.7942,LATE,1
scalp_fade_3m,BTCUSDT,3m,-1,STOP,2026-03-14T22:27:00.000Z,2026-03-14T22:38:59.999Z,3,-1.291020,0.0000,0.7243,-129.1020,48.2239,LATE,1
scalp_fade_3m,BTCUSDT,3m,-1,STOP,2026-03-14T23:03:00.000Z,2026-03-14T23:08:59.999Z,1,-1.237030,0.0000,1.4795,-123.7030,39.3343,LATE,1
scalp_fade_3m,BTCUSDT,3m,-1,STOP,2026-03-15T02:03:00.000Z,2026-03-15T02:05:59.999Z,0,-1.183874,0.5374,0.7111,-118.3874,30.5151,ASIA,1
scalp_fade_3m,BTCUSDT,3m,-1,TIME,2026-03-15T05:18:00.000Z,2026-03-15T06:20:59.999Z,20,0.441949,0.9773,0.3250,44.1949,29.3236,ASIA,-1
scalp_fade_3m,BTCUSDT,3m,-1,TIME,2026-03-15T07:12:00.000Z,2026-03-15T08:14:59.999Z,20,-0.712852,0.8009,0.4822,-71.2852,35.8551,LONDON,-1
scalp_fade_3m,BTCUSDT,3m,-1,STOP,2026-03-15T10:51:00.000Z,2026-03-15T11:53:59.999Z,20,-1.263860,0.7413,0.6799,-126.3860,42.9533,LONDON,1
scalp_fade_3m,BTCUSDT,3m,1,STOP,2026-03-15T15:18:00.000Z,2026-03-15T16:17:59.999Z,19,-1.218159,0.3711,1.1384,-121.8159,35.7078,NY,-1
scalp_fade_3m,BTCUSDT,3m,1,TIME,2026-03-15T16:18:00.000Z,2026-03-15T17:20:59.999Z,20,-0.184962,0.4045,0.6022,-18.4962,31.6930,NY,-1
scalp_fade_3m,BTCUSDT,3m,-1,STOP,2026-03-15T22:09:00.000Z,2026-03-15T22:32:59.999Z,7,-1.121595,0.6388,0.8361,-112.1595,19.9888,LATE,1
scalp_fade_3m,BTCUSDT,3m,-1,STOP,2026-03-15T22:33:00.000Z,2026-03-15T22:41:59.999Z,2,-1.116736,0.4502,0.8396,-111.6736,19.2843,LATE,1
scalp_fade_3m,BTCUSDT,3m,-1,TARGET,2026-03-16T07:03:00.000Z,2026-03-16T07:38:59.999Z,11,0.890289,1.4107,0.4502,89.0289,19.3192,LONDON,1
scalp_fade_3m,BTCUSDT,3m,-1,TARGET,2026-03-16T08:03:00.000Z,2026-03-16T08:32:59.999Z,9,0.964118,1.2049,0.5296,96.4118,16.9870,LONDON,1
scalp_fade_3m,BTCUSDT,3m,-1,STOP,2026-03-16T09:51:00.000Z,2026-03-16T10:05:59.999Z,4,-1.187063,0.1456,1.1128,-118.7063,30.9181,LONDON,1
scalp_fade_3m,BTCUSDT,3m,-1,STOP,2026-03-16T10:51:00.000Z,2026-03-16T10:53:59.999Z,0,-1.146448,0.0000,0.8022,-114.6448,24.2769,LONDON,-1
scalp_fade_3m,BTCUSDT,3m,-1,STOP,2026-03-16T12:03:00.000Z,2026-03-16T12:05:59.999Z,0,-1.191453,0.0000,1.0624,-119.1453,31.7784,LONDON,-1
scalp_fade_3m,BTCUSDT,3m,-1,STOP,2026-03-16T12:06:00.000Z,2026-03-16T12:26:59.999Z,6,-1.164473,0.5267,0.7751,-116.4473,27.1121,LONDON,-1
scalp_fade_3m,BTCUSDT,3m,-1,STOP,2026-03-16T13:33:00.000Z,2026-03-16T13:35:59.999Z,0,-1.128612,0.0495,0.9489,-112.8612,21.3040,NY,-1
scalp_fade_3m,BTCUSDT,3m,-1,STOP,2026-03-16T13:45:00.000Z,2026-03-16T14:08:59.999Z,7,-1.092577,0.3635,0.8788,-109.2577,15.1871,NY,1
scalp_fade_3m,BTCUSDT,3m,-1,STOP,2026-03-16T17:39:00.000Z,2026-03-16T18:08:59.999Z,9,-1.125471,0.3509,0.9535,-112.5471,20.5878,NY,-1
scalp_fade_3m,BTCUSDT,3m,-1,TIME,2026-03-16T19:12:00.000Z,2026-03-16T20:14:59.999Z,20,0.172398,0.5991,0.3998,17.2398,16.9759,NY,1
scalp_fade_3m,BTCUSDT,3m,-1,STOP,2026-03-17T00:06:00.000Z,2026-03-17T00:08:59.999Z,0,-1.138967,0.0000,0.8060,-113.8967,23.0299,ASIA,-1
scalp_fade_3m,BTCUSDT,3m,-1,STOP,2026-03-17T00:27:00.000Z,2026-03-17T00:59:59.999Z,10,-1.094458,0.0000,0.8700,-109.4458,15.4505,ASIA,-1
scalp_fade_3m,BTCUSDT,3m,1,STOP,2026-03-17T05:36:00.000Z,2026-03-17T05:44:59.999Z,2,-1.137269,0.0000,1.3158,-113.7269,22.9137,ASIA,1
scalp_fade_3m,BTCUSDT,3m,1,TARGET,2026-03-17T06:45:00.000Z,2026-03-17T07:23:59.999Z,12,1.009947,1.2073,0.3152,100.9947,15.5512,ASIA,1
scalp_fade_3m,BTCUSDT,3m,1,STOP,2026-03-17T08:12:00.000Z,2026-03-17T09:08:59.999Z,18,-1.155997,0.6492,0.8610,-115.5997,25.5962,LONDON,-1
scalp_fade_3m,BTCUSDT,3m,1,STOP,2026-03-17T09:21:00.000Z,2026-03-17T09:56:59.999Z,11,-1.148036,0.7190,1.1155,-114.8036,24.4717,LONDON,1
scalp_fade_3m,BTCUSDT,3m,1,STOP,2026-03-17T12:24:00.000Z,2026-03-17T12:26:59.999Z,0,-1.146519,0.0000,0.9073,-114.6519,24.4997,LONDON,1
scalp_fade_3m,BTCUSDT,3m,1,TIME,2026-03-17T12:27:00.000Z,2026-03-17T13:29:59.999Z,20,-0.781207,0.2159,0.5793,-78.1207,22.1891,LONDON,1
scalp_fade_3m,BTCUSDT,3m,1,TIME,2026-03-17T13:45:00.000Z,2026-03-17T14:47:59.999Z,20,0.979946,1.2708,0.8170,97.9946,15.2818,NY,-1
scalp_fade_3m,BTCUSDT,3m,-1,TIME,2026-03-17T19:21:00.000Z,2026-03-17T20:23:59.999Z,20,-0.082111,0.9832,0.4620,-8.2111,26.2236,NY,1
scalp_fade_3m,BTCUSDT,3m,-1,STOP,2026-03-17T21:36:00.000Z,2026-03-17T21:38:59.999Z,0,-1.191983,0.0000,0.6915,-119.1983,31.8667,LATE,1
scalp_fade_3m,BTCUSDT,3m,1,STOP,2026-03-18T11:12:00.000Z,2026-03-18T11:26:59.999Z,4,-1.160487,0.0000,0.9341,-116.0487,26.7115,LONDON,-1
scalp_fade_3m,BTCUSDT,3m,1,STOP,2026-03-18T13:36:00.000Z,2026-03-18T13:47:59.999Z,3,-1.112573,0.1831,0.8230,-111.2573,18.7956,NY,1
scalp_fade_3m,BTCUSDT,3m,1,TARGET,2026-03-18T16:57:00.000Z,2026-03-18T17:41:59.999Z,14,1.003297,1.2396,0.4411,100.3297,15.7530,NY,-1
scalp_fade_3m,BTCUSDT,3m,1,STOP,2026-03-18T22:03:00.000Z,2026-03-18T22:08:59.999Z,1,-1.174096,0.0000,0.7974,-117.4096,29.0558,LATE,1
scalp_fade_3m,BTCUSDT,3m,1,STOP,2026-03-19T00:03:00.000Z,2026-03-19T00:11:59.999Z,2,-1.206561,0.3499,0.7418,-120.6561,34.4135,ASIA,1
scalp_fade_3m,BTCUSDT,3m,1,STOP,2026-03-19T00:12:00.000Z,2026-03-19T00:53:59.999Z,13,-1.170415,0.5963,0.7221,-117.0415,28.0936,ASIA,1
scalp_fade_3m,BTCUSDT,3m,1,TIME,2026-03-19T02:03:00.000Z,2026-03-19T03:05:59.999Z,20,-0.262059,0.8550,0.2971,-26.2059,28.5571,ASIA,1
scalp_fade_3m,BTCUSDT,3m,1,TARGET,2026-03-19T08:42:00.000Z,2026-03-19T09:44:59.999Z,20,0.971534,1.1442,0.7325,97.1534,16.7307,LONDON,1
scalp_fade_3m,BTCUSDT,3m,1,STOP,2026-03-19T11:03:00.000Z,2026-03-19T11:05:59.999Z,0,-1.189869,0.0000,0.7266,-118.9869,31.7092,LONDON,-1
scalp_fade_3m,BTCUSDT,3m,1,STOP,2026-03-19T11:36:00.000Z,2026-03-19T11:56:59.999Z,6,-1.178580,0.0000,0.7822,-117.8580,29.6464,LONDON,-1
scalp_fade_3m,BTCUSDT,3m,1,STOP,2026-03-19T15:21:00.000Z,2026-03-19T15:41:59.999Z,6,-1.089778,0.0000,0.9041,-108.9778,14.9699,NY,-1
scalp_fade_3m,BTCUSDT,3m,1,TARGET,2026-03-19T15:42:00.000Z,2026-03-19T16:41:59.999Z,19,1.168766,1.2794,0.5880,116.8766,10.4972,NY,-1
scalp_fade_3m,BTCUSDT,3m,1,TARGET,2026-03-19T18:30:00.000Z,2026-03-19T19:02:59.999Z,10,0.950998,1.1440,0.4339,95.0998,17.4292,NY,1
scalp_fade_3m,BTCUSDT,3m,-1,STOP,2026-03-20T07:24:00.000Z,2026-03-20T07:38:59.999Z,4,-1.144403,0.2263,0.7976,-114.4403,23.8368,LONDON,1
scalp_fade_3m,BTCUSDT,3m,-1,TIME,2026-03-20T11:18:00.000Z,2026-03-20T12:20:59.999Z,20,-0.496273,1.0105,0.5304,-49.6273,25.2351,LONDON,1
scalp_fade_3m,BTCUSDT,3m,1,STOP,2026-03-20T12:27:00.000Z,2026-03-20T12:41:59.999Z,4,-1.161395,0.0000,1.0074,-116.1395,26.8619,LONDON,-1
scalp_fade_3m,BTCUSDT,3m,1,STOP,2026-03-20T13:33:00.000Z,2026-03-20T14:02:59.999Z,9,-1.102362,0.7451,1.0014,-110.2362,16.9969,NY,-1
scalp_fade_3m,BTCUSDT,3m,1,STOP,2026-03-20T14:12:00.000Z,2026-03-20T15:11:59.999Z,19,-1.078660,0.5925,0.8768,-107.8660,12.9576,NY,-1
scalp_fade_3m,BTCUSDT,3m,1,STOP,2026-03-20T16:33:00.000Z,2026-03-20T17:35:59.999Z,20,-1.112366,0.3361,0.9065,-111.2366,18.4358,NY,1
scalp_fade_3m,BTCUSDT,3m,1,STOP,2026-03-20T18:24:00.000Z,2026-03-20T18:32:59.999Z,2,-1.131273,0.0640,0.9361,-113.1273,21.9186,NY,1
scalp_fade_3m,BTCUSDT,3m,1,TARGET,2026-03-20T19:36:00.000Z,2026-03-20T19:56:59.999Z,6,1.040044,1.2494,0.2958,104.0044,14.6221,NY,1
scalp_fade_3m,BTCUSDT,3m,1,STOP,2026-03-20T20:21:00.000Z,2026-03-20T20:35:59.999Z,4,-1.138195,0.0420,0.8897,-113.8195,23.0196,NY,1
scalp_fade_3m,BTCUSDT,3m,-1,STOP,2026-03-21T00:15:00.000Z,2026-03-21T00:17:59.999Z,0,-1.209300,0.0000,0.8434,-120.9300,34.7531,ASIA,1
scalp_fade_3m,BTCUSDT,3m,-1,TIME,2026-03-21T01:36:00.000Z,2026-03-21T02:38:59.999Z,20,-0.848409,0.7697,0.5726,-84.8409,35.6014,ASIA,1
scalp_fade_3m,BTCUSDT,3m,-1,STOP,2026-03-21T04:03:00.000Z,2026-03-21T04:05:59.999Z,0,-1.283057,0.0000,0.7167,-128.3057,47.0472,ASIA,-1
scalp_fade_3m,BTCUSDT,3m,-1,STOP,2026-03-21T06:03:00.000Z,2026-03-21T06:20:59.999Z,5,-1.279206,0.0000,0.7666,-127.9206,46.1650,ASIA,1
scalp_fade_3m,BTCUSDT,3m,-1,STOP,2026-03-21T06:36:00.000Z,2026-03-21T07:20:59.999Z,14,-1.271500,0.0000,0.6822,-127.1500,44.4727,ASIA,1
scalp_fade_3m,BTCUSDT,3m,-1,TARGET,2026-03-21T07:36:00.000Z,2026-03-21T08:20:59.999Z,14,0.529131,1.0694,0.3347,52.9131,30.7487,LONDON,-1
scalp_fade_3m,BTCUSDT,3m,-1,TIME,2026-03-21T10:09:00.000Z,2026-03-21T11:11:59.999Z,20,-0.383533,0.4019,0.3279,-38.3533,43.0319,LONDON,1
scalp_fade_3m,BTCUSDT,3m,-1,STOP,2026-03-21T13:33:00.000Z,2026-03-21T14:02:59.999Z,9,-1.303547,0.1255,0.5451,-130.3547,49.9941,NY,-1
scalp_fade_3m,BTCUSDT,3m,-1,STOP,2026-03-21T14:03:00.000Z,2026-03-21T14:08:59.999Z,1,-1.299842,0.0000,0.6767,-129.9842,49.7931,NY,-1
scalp_fade_3m,BTCUSDT,3m,1,STOP,2026-03-21T21:15:00.000Z,2026-03-21T21:53:59.999Z,12,-1.254140,0.0000,0.8815,-125.4140,41.8748,LATE,1
scalp_fade_3m,BTCUSDT,3m,1,STOP,2026-03-21T22:03:00.000Z,2026-03-21T23:02:59.999Z,19,-1.263384,0.2524,0.7462,-126.3384,43.0833,LATE,-1
scalp_fade_3m,BTCUSDT,3m,1,TARGET,2026-03-22T01:39:00.000Z,2026-03-22T02:29:59.999Z,16,1.022231,1.6880,0.1926,102.2231,15.1447,ASIA,-1
scalp_fade_3m,BTCUSDT,3m,1,TIME,2026-03-22T04:24:00.000Z,2026-03-22T05:26:59.999Z,20,-0.822030,0.3720,0.6168,-82.2030,27.5147,ASIA,1
scalp_fade_3m,BTCUSDT,3m,1,STOP,2026-03-22T07:09:00.000Z,2026-03-22T07:35:59.999Z,8,-1.252950,0.0000,0.7690,-125.2950,41.8514,LONDON,1
scalp_fade_3m,BTCUSDT,3m,1,STOP,2026-03-22T11:18:00.000Z,2026-03-22T11:26:59.999Z,2,-1.235241,0.0220,1.6887,-123.5241,39.1731,LONDON,-1
scalp_fade_3m,BTCUSDT,3m,1,STOP,2026-03-22T11:27:00.000Z,2026-03-22T11:41:59.999Z,4,-1.176791,0.0118,1.0013,-117.6791,29.4116,LONDON,-1
scalp_fade_3m,BTCUSDT,3m,1,STOP,2026-03-22T17:24:00.000Z,2026-03-22T17:38:59.999Z,4,-1.250540,0.0808,0.9203,-125.0540,41.6258,NY,1
scalp_fade_3m,BTCUSDT,3m,1,STOP,2026-03-22T18:33:00.000Z,2026-03-22T18:35:59.999Z,0,-1.248103,0.0000,1.3457,-124.8103,41.3937,NY,-1
scalp_fade_3m,BTCUSDT,3m,1,TIME,2026-03-22T19:48:00.000Z,2026-03-22T20:50:59.999Z,20,-0.392092,0.8808,0.5325,-39.2092,26.5927,NY,-1
scalp_fade_3m,BTCUSDT,3m,1,STOP,2026-03-22T23:48:00.000Z,2026-03-22T23:53:59.999Z,1,-1.154242,0.0000,0.9437,-115.4242,25.7573,LATE,-1
scalp_fade_3m,BTCUSDT,3m,1,TARGET,2026-03-23T02:15:00.000Z,2026-03-23T02:26:59.999Z,3,1.009648,1.1920,0.3122,100.9648,15.6003,ASIA,-1
scalp_fade_3m,BTCUSDT,3m,1,TARGET,2026-03-23T04:09:00.000Z,2026-03-23T04:53:59.999Z,14,0.859895,1.1501,0.3041,85.9895,20.2951,ASIA,-1
scalp_fade_3m,BTCUSDT,3m,-1,STOP,2026-03-23T10:51:00.000Z,2026-03-23T11:02:59.999Z,3,-1.147572,0.0001,0.8605,-114.7572,24.3882,LONDON,-1
scalp_fade_3m,BTCUSDT,3m,-1,STOP,2026-03-23T11:06:00.000Z,2026-03-23T11:08:59.999Z,0,-1.067051,0.0192,1.8276,-106.7051,11.0427,LONDON,-1
scalp_fade_3m,BTCUSDT,3m,-1,STOP,2026-03-23T13:33:00.000Z,2026-03-23T13:38:59.999Z,1,-1.114739,0.0000,1.2428,-111.4739,18.9718,NY,1
scalp_fade_3m,BTCUSDT,3m,-1,STOP,2026-03-23T16:48:00.000Z,2026-03-23T17:38:59.999Z,16,-1.098820,0.6953,0.9549,-109.8820,16.0711,NY,1
scalp_fade_3m,BTCUSDT,3m,-1,TIME,2026-03-23T22:48:00.000Z,2026-03-23T23:50:59.999Z,20,-0.799348,1.0587,0.6027,-79.9348,27.3333,LATE,-1
scalp_fade_3m,BTCUSDT,3m,-1,TARGET,2026-03-24T00:12:00.000Z,2026-03-24T00:41:59.999Z,9,0.953215,1.4670,0.1685,95.3215,17.3330,ASIA,1
scalp_fade_3m,BTCUSDT,3m,1,TIME,2026-03-24T03:06:00.000Z,2026-03-24T04:08:59.999Z,20,0.125044,0.8432,0.5996,12.5044,27.9845,ASIA,-1
scalp_fade_3m,BTCUSDT,3m,1,TIME,2026-03-24T05:21:00.000Z,2026-03-24T06:23:59.999Z,20,0.228844,0.7485,0.5819,22.8844,26.7521,ASIA,-1
scalp_fade_3m,BTCUSDT,3m,-1,STOP,2026-03-24T09:18:00.000Z,2026-03-24T09:41:59.999Z,7,-1.164890,0.0000,0.9967,-116.4890,27.1532,LONDON,1
scalp_fade_3m,BTCUSDT,3m,-1,TIME,2026-03-24T10:18:00.000Z,2026-03-24T11:20:59.999Z,20,0.203271,0.8901,0.5740,20.3271,30.3970,LONDON,1
scalp_fade_3m,BTCUSDT,3m,-1,STOP,2026-03-24T11:36:00.000Z,2026-03-24T11:44:59.999Z,2,-1.169468,0.0000,0.9585,-116.9468,28.0555,LONDON,-1
scalp_fade_3m,BTCUSDT,3m,1,TIME,2026-03-24T14:54:00.000Z,2026-03-24T15:56:59.999Z,20,-0.236958,0.6062,0.4287,-23.6958,12.7127,NY,-1
scalp_fade_3m,BTCUSDT,3m,1,TARGET,2026-03-24T17:57:00.000Z,2026-03-24T18:38:59.999Z,13,1.110848,1.2671,0.2897,111.0848,12.3500,NY,-1
scalp_fade_3m,BTCUSDT,3m,1,STOP,2026-03-24T19:33:00.000Z,2026-03-24T19:53:59.999Z,6,-1.164728,0.1128,0.7517,-116.4728,27.3570,NY,-1
scalp_fade_3m,BTCUSDT,3m,-1,STOP,2026-03-25T00:33:00.000Z,2026-03-25T00:38:59.999Z,1,-1.154654,0.0000,0.7448,-115.4654,25.6179,ASIA,-1
scalp_fade_3m,BTCUSDT,3m,-1,TIME,2026-03-25T01:03:00.000Z,2026-03-25T02:05:59.999Z,20,0.331304,0.8331,0.5101,33.1304,24.3569,ASIA,1
scalp_fade_3m,BTCUSDT,3m,-1,STOP,2026-03-25T03:33:00.000Z,2026-03-25T04:08:59.999Z,11,-1.178087,0.0694,0.8749,-117.8087,29.2162,ASIA,-1
scalp_fade_3m,BTCUSDT,3m,-1,TIME,2026-03-25T06:18:00.000Z,2026-03-25T07:20:59.999Z,20,-0.262926,0.8567,0.5429,-26.2926,31.3347,ASIA,-1
scalp_fade_3m,BTCUSDT,3m,-1,STOP,2026-03-25T08:21:00.000Z,2026-03-25T08:29:59.999Z,2,-1.160927,0.0000,0.8288,-116.0927,26.6349,LONDON,-1
scalp_fade_3m,BTCUSDT,3m,-1,STOP,2026-03-25T09:57:00.000Z,2026-03-25T09:59:59.999Z,0,-1.194410,0.0000,0.9339,-119.4410,32.2713,LONDON,-1
scalp_fade_3m,BTCUSDT,3m,-1,STOP,2026-03-25T10:00:00.000Z,2026-03-25T10:17:59.999Z,5,-1.176779,0.0316,0.7825,-117.6779,29.1808,LONDON,-1
scalp_fade_3m,BTCUSDT,3m,-1,TIME,2026-03-25T12:57:00.000Z,2026-03-25T13:59:59.999Z,20,0.145818,0.5720,0.4630,14.5818,16.1723,LONDON,-1
scalp_fade_3m,BTCUSDT,3m,1,TIME,2026-03-25T18:57:00.000Z,2026-03-25T19:59:59.999Z,20,-0.057817,1.0995,0.1430,-5.7817,23.8596,NY,1
scalp_fade_3m,BTCUSDT,3m,1,TIME,2026-03-25T21:27:00.000Z,2026-03-25T22:29:59.999Z,20,-0.377105,0.5639,0.3017,-37.7105,31.2784,LATE,1
scalp_fade_3m,BTCUSDT,3m,-1,STOP,2026-03-26T00:03:00.000Z,2026-03-26T00:50:59.999Z,15,-1.200970,0.4671,0.7694,-120.0970,32.8520,ASIA,-1
scalp_fade_3m,BTCUSDT,3m,1,STOP,2026-03-26T04:12:00.000Z,2026-03-26T05:05:59.999Z,17,-1.215276,0.3463,0.9206,-121.5276,35.3097,ASIA,1
scalp_fade_3m,BTCUSDT,3m,1,STOP,2026-03-26T07:06:00.000Z,2026-03-26T07:20:59.999Z,4,-1.181331,0.0000,0.9032,-118.1331,30.1637,LONDON,1
scalp_fade_3m,BTCUSDT,3m,1,STOP,2026-03-26T08:06:00.000Z,2026-03-26T08:14:59.999Z,2,-1.197198,0.1479,0.9464,-119.7198,32.8595,LONDON,-1
scalp_fade_3m,BTCUSDT,3m,1,STOP,2026-03-26T08:45:00.000Z,2026-03-26T09:32:59.999Z,15,-1.180236,0.7901,1.6483,-118.0236,29.6442,LONDON,1
scalp_fade_3m,BTCUSDT,3m,1,TIME,2026-03-26T09:33:00.000Z,2026-03-26T10:35:59.999Z,20,-0.388417,0.2439,0.7337,-38.8417,20.7589,LONDON,1
scalp_fade_3m,BTCUSDT,3m,1,STOP,2026-03-26T11:12:00.000Z,2026-03-26T11:23:59.999Z,3,-1.172365,0.0000,0.9936,-117.2365,28.7085,LONDON,-1
scalp_fade_3m,BTCUSDT,3m,1,STOP,2026-03-26T13:33:00.000Z,2026-03-26T13:35:59.999Z,0,-1.201368,0.0000,1.0656,-120.1368,33.6215,NY,1
scalp_fade_3m,BTCUSDT,3m,1,TARGET,2026-03-26T13:39:00.000Z,2026-03-26T13:47:59.999Z,2,0.950267,1.6456,0.5421,95.0267,17.4920,NY,-1
scalp_fade_3m,BTCUSDT,3m,1,STOP,2026-03-26T15:00:00.000Z,2026-03-26T15:11:59.999Z,3,-1.103468,0.0000,1.1014,-110.3468,17.2862,NY,-1
scalp_fade_3m,BTCUSDT,3m,1,STOP,2026-03-26T16:21:00.000Z,2026-03-26T16:32:59.999Z,3,-1.133556,0.0000,0.7807,-113.3556,22.2743,NY,1
scalp_fade_3m,BTCUSDT,3m,1,STOP,2026-03-26T17:42:00.000Z,2026-03-26T17:50:59.999Z,2,-1.170792,0.0000,1.4085,-117.0792,28.4772,NY,1
scalp_fade_3m,BTCUSDT,3m,1,TARGET,2026-03-26T20:00:00.000Z,2026-03-26T20:11:59.999Z,3,0.931705,2.9185,0.6220,93.1705,18.0768,NY,1
scalp_fade_3m,BTCUSDT,3m,1,STOP,2026-03-26T22:15:00.000Z,2026-03-26T22:26:59.999Z,3,-1.151938,0.0000,1.5733,-115.1938,25.3219,LATE,-1
scalp_fade_3m,BTCUSDT,3m,1,STOP,2026-03-26T23:15:00.000Z,2026-03-26T23:26:59.999Z,3,-1.176360,0.0000,0.8751,-117.6360,29.3707,LATE,1
scalp_fade_3m,BTCUSDT,3m,1,STOP,2026-03-27T00:03:00.000Z,2026-03-27T00:35:59.999Z,10,-1.194789,0.7125,0.8240,-119.4789,32.1922,ASIA,-1
scalp_fade_3m,BTCUSDT,3m,1,TIME,2026-03-27T00:42:00.000Z,2026-03-27T01:44:59.999Z,20,-0.056594,0.4877,0.7075,-5.6594,22.9545,ASIA,-1
scalp_fade_3m,BTCUSDT,3m,1,TARGET,2026-03-27T06:48:00.000Z,2026-03-27T07:14:59.999Z,8,0.701047,1.1345,0.5157,70.1047,25.3695,ASIA,1
scalp_fade_3m,BTCUSDT,3m,1,STOP,2026-03-27T07:36:00.000Z,2026-03-27T07:41:59.999Z,1,-1.170551,0.0000,1.0594,-117.0551,28.4667,LONDON,-1
scalp_fade_3m,BTCUSDT,3m,1,STOP,2026-03-27T13:33:00.000Z,2026-03-27T13:35:59.999Z,0,-1.129240,0.0000,0.8078,-112.9240,21.6262,NY,1
scalp_fade_3m,BTCUSDT,3m,1,STOP,2026-03-27T13:45:00.000Z,2026-03-27T13:56:59.999Z,3,-1.098484,0.0762,1.1315,-109.8484,16.4599,NY,-1
scalp_fade_3m,BTCUSDT,3m,1,STOP,2026-03-27T17:21:00.000Z,2026-03-27T17:35:59.999Z,4,-1.119923,0.0000,0.9531,-111.9923,19.9935,NY,1
scalp_fade_3m,BTCUSDT,3m,1,TIME,2026-03-27T20:27:00.000Z,2026-03-27T21:29:59.999Z,20,0.313787,0.8816,0.6250,31.3787,26.0364,NY,1
scalp_fade_3m,BTCUSDT,3m,1,STOP,2026-03-27T22:00:00.000Z,2026-03-27T22:05:59.999Z,1,-1.225763,0.0000,0.6690,-122.5763,37.6393,LATE,-1
scalp_fade_3m,BTCUSDT,3m,1,TARGET,2026-03-27T22:36:00.000Z,2026-03-27T23:26:59.999Z,16,0.679309,1.2206,0.5359,67.9309,26.0003,LATE,-1
scalp_fade_3m,BTCUSDT,3m,1,TIME,2026-03-28T02:18:00.000Z,2026-03-28T03:20:59.999Z,20,-0.039743,0.4389,0.6814,-3.9743,28.7671,ASIA,1
scalp_fade_3m,BTCUSDT,3m,-1,STOP,2026-03-28T05:45:00.000Z,2026-03-28T06:02:59.999Z,5,-1.270786,0.0000,0.8451,-127.0786,44.7689,ASIA,1
scalp_fade_3m,BTCUSDT,3m,-1,STOP,2026-03-28T06:03:00.000Z,2026-03-28T06:08:59.999Z,1,-1.257540,0.0000,0.8031,-125.7540,42.7495,ASIA,1
scalp_fade_3m,BTCUSDT,3m,-1,STOP,2026-03-28T07:36:00.000Z,2026-03-28T07:47:59.999Z,3,-1.323839,0.0000,0.5103,-132.3839,53.6772,LONDON,1
scalp_fade_3m,BTCUSDT,3m,1,STOP,2026-03-28T12:06:00.000Z,2026-03-28T12:08:59.999Z,0,-1.297784,0.1693,0.5103,-129.7784,49.6560,LONDON,1
scalp_fade_3m,BTCUSDT,3m,-1,STOP,2026-03-28T13:27:00.000Z,2026-03-28T13:32:59.999Z,1,-1.256749,0.0000,1.7870,-125.6749,42.6178,NY,1
scalp_fade_3m,BTCUSDT,3m,-1,STOP,2026-03-28T13:33:00.000Z,2026-03-28T13:41:59.999Z,2,-1.198368,0.0273,2.8444,-119.8368,32.8626,NY,1
scalp_fade_3m,BTCUSDT,3m,-1,TIME,2026-03-28T18:42:00.000Z,2026-03-28T19:44:59.999Z,20,-0.333830,0.5238,0.4063,-33.3830,40.0353,NY,1
scalp_fade_3m,BTCUSDT,3m,-1,STOP,2026-03-28T19:57:00.000Z,2026-03-28T19:59:59.999Z,0,-1.296125,0.0000,0.5272,-129.6125,49.2254,NY,-1
scalp_fade_3m,BTCUSDT,3m,-1,STOP,2026-03-28T20:27:00.000Z,2026-03-28T20:35:59.999Z,2,-1.279804,0.0000,0.6861,-127.9804,46.4083,NY,1
scalp_fade_3m,BTCUSDT,3m,-1,STOP,2026-03-28T20:36:00.000Z,2026-03-28T20:41:59.999Z,1,-1.261144,0.0000,0.5767,-126.1144,43.3496,NY,1
scalp_fade_3m,BTCUSDT,3m,-1,TARGET,2026-03-28T22:21:00.000Z,2026-03-28T23:11:59.999Z,16,0.840571,2.1099,0.2400,84.0571,20.8666,LATE,1
scalp_fade_3m,BTCUSDT,3m,1,TARGET,2026-03-29T00:24:00.000Z,2026-03-29T01:08:59.999Z,14,0.821569,1.0725,0.1975,82.1569,21.5090,ASIA,1
scalp_fade_3m,BTCUSDT,3m,-1,TIME,2026-03-29T03:54:00.000Z,2026-03-29T04:56:59.999Z,20,0.118989,0.7316,0.3796,11.8989,36.2125,ASIA,1
scalp_fade_3m,BTCUSDT,3m,-1,STOP,2026-03-29T05:51:00.000Z,2026-03-29T05:53:59.999Z,0,-1.222492,0.0081,0.6916,-122.2492,36.9521,ASIA,-1
scalp_fade_3m,BTCUSDT,3m,-1,TIME,2026-03-29T05:54:00.000Z,2026-03-29T06:56:59.999Z,20,-0.399027,0.6337,0.5906,-39.9027,33.4994,ASIA,-1
scalp_fade_3m,BTCUSDT,3m,1,TIME,2026-03-29T07:42:00.000Z,2026-03-29T08:44:59.999Z,20,-0.235536,0.6942,0.4689,-23.5536,42.1964,LONDON,-1
scalp_fade_3m,BTCUSDT,3m,1,STOP,2026-03-29T09:06:00.000Z,2026-03-29T09:08:59.999Z,0,-1.266761,0.0000,0.8068,-126.6761,44.4967,LONDON,1
scalp_fade_3m,BTCUSDT,3m,1,STOP,2026-03-29T09:36:00.000Z,2026-03-29T10:08:59.999Z,10,-1.228693,0.0208,0.8410,-122.8693,37.7727,LONDON,-1
scalp_fade_3m,BTCUSDT,3m,-1,STOP,2026-03-29T12:18:00.000Z,2026-03-29T13:02:59.999Z,14,-1.224537,0.3408,0.6551,-122.4537,36.7574,LONDON,1
scalp_fade_3m,BTCUSDT,3m,-1,TARGET,2026-03-29T13:06:00.000Z,2026-03-29T13:08:59.999Z,0,0.564862,1.2924,0.2558,56.4862,29.7342,NY,-1
scalp_fade_3m,BTCUSDT,3m,1,STOP,2026-03-29T15:15:00.000Z,2026-03-29T15:26:59.999Z,3,-1.177926,0.1455,1.3024,-117.7926,29.6304,NY,-1
scalp_fade_3m,BTCUSDT,3m,1,STOP,2026-03-29T19:21:00.000Z,2026-03-29T19:38:59.999Z,5,-1.283855,0.1523,0.5459,-128.3855,47.0944,NY,1
scalp_fade_3m,BTCUSDT,3m,1,STOP,2026-03-29T19:48:00.000Z,2026-03-29T19:53:59.999Z,1,-1.248535,0.0000,0.6969,-124.8535,41.4224,NY,1
scalp_fade_3m,BTCUSDT,3m,-1,STOP,2026-03-30T02:09:00.000Z,2026-03-30T02:47:59.999Z,12,-1.112627,0.4775,2.0753,-111.2627,18.4099,ASIA,1
scalp_fade_3m,BTCUSDT,3m,-1,STOP,2026-03-30T07:51:00.000Z,2026-03-30T07:53:59.999Z,0,-1.174763,0.0000,0.7389,-117.4763,28.9965,LONDON,-1
scalp_fade_3m,BTCUSDT,3m,-1,STOP,2026-03-30T10:51:00.000Z,2026-03-30T11:02:59.999Z,3,-1.248442,0.0000,0.6132,-124.8442,41.1490,LONDON,-1
scalp_fade_3m,BTCUSDT,3m,-1,TARGET,2026-03-30T13:27:00.000Z,2026-03-30T13:56:59.999Z,9,0.983921,1.3202,0.3814,98.3921,16.3585,NY,1
scalp_fade_3m,BTCUSDT,3m,-1,TIME,2026-03-30T14:57:00.000Z,2026-03-30T15:59:59.999Z,20,-0.157286,0.6016,0.5669,-15.7286,15.7646,NY,-1
scalp_fade_3m,BTCUSDT,3m,1,TARGET,2026-03-30T21:06:00.000Z,2026-03-30T21:14:59.999Z,2,0.610703,0.9805,0.3161,61.0703,28.2839,LATE,1
scalp_fade_3m,BTCUSDT,3m,1,TIME,2026-03-30T23:03:00.000Z,2026-03-31T00:05:59.999Z,20,0.309917,1.0877,0.6214,30.9917,27.4079,LATE,-1
scalp_fade_3m,BTCUSDT,3m,-1,TARGET,2026-03-31T04:21:00.000Z,2026-03-31T04:29:59.999Z,2,0.961976,1.1430,0.1471,96.1976,17.0889,ASIA,-1
scalp_fade_3m,BTCUSDT,3m,-1,STOP,2026-03-31T05:24:00.000Z,2026-03-31T05:47:59.999Z,7,-1.155716,0.0000,0.8093,-115.5716,25.6351,ASIA,-1
scalp_fade_3m,BTCUSDT,3m,1,TARGET,2026-03-31T10:42:00.000Z,2026-03-31T11:17:59.999Z,11,0.970214,1.7909,0.3327,97.0214,16.8151,LONDON,-1
scalp_fade_3m,BTCUSDT,3m,1,TARGET,2026-03-31T12:51:00.000Z,2026-03-31T13:41:59.999Z,16,1.021750,1.2318,0.3008,102.1750,15.1600,LONDON,1
scalp_fade_3m,BTCUSDT,3m,-1,STOP,2026-03-31T16:39:00.000Z,2026-03-31T16:41:59.999Z,0,-1.102303,0.0000,1.8020,-110.2303,16.9187,NY,1
scalp_fade_3m,BTCUSDT,3m,-1,STOP,2026-03-31T19:54:00.000Z,2026-03-31T20:08:59.999Z,4,-1.151360,0.3999,0.9040,-115.1360,24.9917,NY,-1
scalp_fade_3m,BTCUSDT,3m,-1,TIME,2026-03-31T23:09:00.000Z,2026-04-01T00:11:59.999Z,20,0.194349,0.6411,0.6279,19.4349,26.8771,LATE,-1
scalp_fade_3m,BTCUSDT,3m,-1,TARGET,2026-04-01T00:51:00.000Z,2026-04-01T01:35:59.999Z,14,0.983714,1.4541,0.5172,98.3714,16.3419,ASIA,-1
scalp_fade_3m,BTCUSDT,3m,-1,STOP,2026-04-01T04:15:00.000Z,2026-04-01T04:23:59.999Z,2,-1.171482,0.0000,0.8026,-117.1482,28.3905,ASIA,1
scalp_fade_3m,BTCUSDT,3m,-1,STOP,2026-04-01T05:15:00.000Z,2026-04-01T05:26:59.999Z,3,-1.147980,0.0232,1.4545,-114.7980,24.4559,ASIA,1
scalp_fade_3m,BTCUSDT,3m,-1,STOP,2026-04-01T10:48:00.000Z,2026-04-01T11:14:59.999Z,8,-1.185535,0.2850,0.7826,-118.5535,30.5379,LONDON,1
scalp_fade_3m,BTCUSDT,3m,-1,TARGET,2026-04-01T12:12:00.000Z,2026-04-01T12:38:59.999Z,8,0.872662,1.1528,0.4502,87.2662,19.8952,LONDON,1
scalp_fade_3m,BTCUSDT,3m,-1,TARGET,2026-04-01T12:45:00.000Z,2026-04-01T13:08:59.999Z,7,1.088767,1.2740,0.4831,108.8767,13.0384,LONDON,-1
scalp_fade_3m,BTCUSDT,3m,-1,STOP,2026-04-01T16:36:00.000Z,2026-04-01T16:38:59.999Z,0,-1.139003,0.0000,0.8108,-113.9003,23.0360,NY,-1
scalp_fade_3m,BTCUSDT,3m,1,STOP,2026-04-01T19:51:00.000Z,2026-04-01T20:32:59.999Z,13,-1.149952,0.1074,0.7669,-114.9952,24.7358,NY,1
scalp_fade_3m,BTCUSDT,3m,1,STOP,2026-04-01T22:03:00.000Z,2026-04-01T22:08:59.999Z,1,-1.174378,0.0485,0.7319,-117.4378,29.1026,LATE,1
scalp_fade_3m,BTCUSDT,3m,1,TARGET,2026-04-01T23:39:00.000Z,2026-04-02T00:41:59.999Z,20,0.802701,1.4241,0.6455,80.2701,22.0693,LATE,-1
scalp_fade_3m,BTCUSDT,3m,1,TARGET,2026-04-02T01:06:00.000Z,2026-04-02T01:11:59.999Z,1,1.198311,1.3247,0.1573,119.8311,9.6114,ASIA,1
scalp_fade_3m,BTCUSDT,3m,1,STOP,2026-04-02T01:12:00.000Z,2026-04-02T01:17:59.999Z,1,-1.065410,0.0000,0.9422,-106.5410,10.9995,ASIA,1
scalp_fade_3m,BTCUSDT,3m,1,TIME,2026-04-02T05:06:00.000Z,2026-04-02T06:08:59.999Z,20,0.073958,0.8766,0.6044,7.3958,27.4311,ASIA,-1
scalp_fade_3m,BTCUSDT,3m,1,STOP,2026-04-02T08:18:00.000Z,2026-04-02T08:23:59.999Z,1,-1.202565,0.0000,0.8634,-120.2565,33.7853,LONDON,1
scalp_fade_3m,BTCUSDT,3m,1,STOP,2026-04-02T09:42:00.000Z,2026-04-02T10:11:59.999Z,9,-1.193597,0.1209,1.2489,-119.3597,32.0291,LONDON,-1
scalp_fade_3m,BTCUSDT,3m,1,STOP,2026-04-02T13:33:00.000Z,2026-04-02T13:35:59.999Z,0,-1.125209,0.0000,0.9320,-112.5209,20.9558,NY,-1
scalp_fade_3m,BTCUSDT,3m,-1,TIME,2026-04-02T20:00:00.000Z,2026-04-02T21:02:59.999Z,20,-0.583358,0.5889,0.7024,-58.3358,26.7381,NY,1
scalp_fade_3m,BTCUSDT,3m,-1,STOP,2026-04-02T22:33:00.000Z,2026-04-02T23:05:59.999Z,10,-1.204851,0.0000,0.8709,-120.4851,33.6614,LATE,-1
scalp_fade_3m,BTCUSDT,3m,-1,TIME,2026-04-02T23:06:00.000Z,2026-04-03T00:08:59.999Z,20,0.421365,0.9542,0.3804,42.1365,33.0539,LATE,1
scalp_fade_3m,BTCUSDT,3m,-1,TARGET,2026-04-03T00:24:00.000Z,2026-04-03T00:56:59.999Z,10,0.794521,1.0495,0.2192,79.4521,22.3632,ASIA,-1
scalp_fade_3m,BTCUSDT,3m,1,STOP,2026-04-03T01:36:00.000Z,2026-04-03T01:38:59.999Z,0,-1.168302,0.0000,0.8229,-116.8302,28.1224,ASIA,1
scalp_fade_3m,BTCUSDT,3m,1,STOP,2026-04-03T04:36:00.000Z,2026-04-03T05:17:59.999Z,13,-1.204872,0.4803,0.6672,-120.4872,33.7475,ASIA,1
scalp_fade_3m,BTCUSDT,3m,1,STOP,2026-04-03T05:51:00.000Z,2026-04-03T05:56:59.999Z,1,-1.177971,0.0000,0.7255,-117.7971,29.6995,ASIA,1
scalp_fade_3m,BTCUSDT,3m,-1,STOP,2026-04-03T10:48:00.000Z,2026-04-03T10:53:59.999Z,1,-1.237087,0.0000,0.6993,-123.7087,39.3439,LONDON,-1
scalp_fade_3m,BTCUSDT,3m,1,TARGET,2026-04-03T13:57:00.000Z,2026-04-03T14:26:59.999Z,9,0.808386,1.1461,0.2349,80.8386,21.9576,NY,-1
scalp_fade_3m,BTCUSDT,3m,-1,STOP,2026-04-03T15:24:00.000Z,2026-04-03T15:35:59.999Z,3,-1.215588,0.0000,0.6791,-121.5588,35.6899,NY,1
scalp_fade_3m,BTCUSDT,3m,-1,STOP,2026-04-03T16:18:00.000Z,2026-04-03T16:23:59.999Z,1,-1.245628,0.0000,0.7400,-124.5628,40.7659,NY,-1
scalp_fade_3m,BTCUSDT,3m,-1,TIME,2026-04-03T18:21:00.000Z,2026-04-03T19:23:59.999Z,20,-0.518867,0.5769,0.3702,-51.8867,41.5682,NY,-1
scalp_fade_3m,BTCUSDT,3m,1,TIME,2026-04-03T19:27:00.000Z,2026-04-03T20:29:59.999Z,20,-0.501984,0.4725,0.4972,-50.1984,45.5304,NY,-1
scalp_fade_3m,BTCUSDT,3m,-1,STOP,2026-04-03T21:15:00.000Z,2026-04-03T21:59:59.999Z,14,-1.313128,0.0000,0.8264,-131.3128,51.3116,LATE,1
scalp_fade_3m,BTCUSDT,3m,-1,TIME,2026-04-03T22:03:00.000Z,2026-04-03T23:05:59.999Z,20,-0.893803,0.3661,0.4854,-89.3803,48.4352,LATE,1
scalp_fade_3m,BTCUSDT,3m,-1,STOP,2026-04-03T23:33:00.000Z,2026-04-03T23:47:59.999Z,4,-1.305558,0.1172,0.6189,-130.5558,50.5869,LATE,-1
scalp_fade_3m,BTCUSDT,3m,-1,STOP,2026-04-03T23:48:00.000Z,2026-04-03T23:50:59.999Z,0,-1.301166,0.0000,0.6065,-130.1166,50.0656,LATE,-1
scalp_fade_3m,BTCUSDT,3m,-1,TIME,2026-04-04T02:06:00.000Z,2026-04-04T03:08:59.999Z,20,-0.932228,0.6400,0.3417,-93.2228,56.9344,ASIA,-1
scalp_fade_3m,BTCUSDT,3m,1,STOP_GAP,2026-04-04T04:15:00.000Z,2026-04-04T04:17:59.999Z,0,-1.433355,0.0000,0.6600,-143.3355,65.1340,ASIA,-1
scalp_fade_3m,BTCUSDT,3m,1,TARGET,2026-04-04T05:27:00.000Z,2026-04-04T06:11:59.999Z,14,0.189482,0.6192,0.3823,18.9482,41.5297,ASIA,1
scalp_fade_3m,BTCUSDT,3m,-1,STOP,2026-04-04T07:42:00.000Z,2026-04-04T07:44:59.999Z,0,-1.366205,0.0000,0.3991,-136.6205,60.9064,LONDON,-1
scalp_fade_3m,BTCUSDT,3m,-1,STOP,2026-04-04T08:24:00.000Z,2026-04-04T08:26:59.999Z,0,-1.310011,0.0000,0.5031,-131.0011,51.5399,LONDON,1
scalp_fade_3m,BTCUSDT,3m,-1,STOP,2026-04-04T10:39:00.000Z,2026-04-04T10:41:59.999Z,0,-1.313950,0.0000,0.6722,-131.3950,52.1964,LONDON,1
scalp_fade_3m,BTCUSDT,3m,-1,TARGET,2026-04-04T13:39:00.000Z,2026-04-04T14:41:59.999Z,20,0.483181,1.1927,0.4236,48.3181,32.1504,NY,1
scalp_fade_3m,BTCUSDT,3m,-1,STOP,2026-04-04T18:18:00.000Z,2026-04-04T19:08:59.999Z,16,-1.319965,0.5764,0.9362,-131.9965,52.3275,NY,1
scalp_fade_3m,BTCUSDT,3m,1,STOP_GAP,2026-04-05T04:03:00.000Z,2026-04-05T04:05:59.999Z,0,-1.411271,0.0000,0.3857,-141.1271,64.1305,ASIA,-1
scalp_fade_3m,BTCUSDT,3m,1,STOP,2026-04-05T05:00:00.000Z,2026-04-05T05:20:59.999Z,6,-1.333819,0.1729,0.5430,-133.3819,55.3035,ASIA,1
scalp_fade_3m,BTCUSDT,3m,1,STOP,2026-04-05T05:21:00.000Z,2026-04-05T05:23:59.999Z,0,-1.316684,0.0000,0.5594,-131.6684,52.7991,ASIA,1
scalp_fade_3m,BTCUSDT,3m,1,STOP,2026-04-05T05:51:00.000Z,2026-04-05T05:53:59.999Z,0,-1.321550,0.0000,1.0299,-132.1550,53.6083,ASIA,-1
scalp_fade_3m,BTCUSDT,3m,1,STOP,2026-04-05T07:18:00.000Z,2026-04-05T07:32:59.999Z,4,-1.231568,0.0000,0.7140,-123.1568,38.4837,LONDON,-1
scalp_fade_3m,BTCUSDT,3m,1,TARGET,2026-04-05T08:45:00.000Z,2026-04-05T09:05:59.999Z,6,0.250383,0.7987,0.3399,25.0383,39.6905,LONDON,1
scalp_fade_3m,BTCUSDT,3m,1,STOP,2026-04-05T11:27:00.000Z,2026-04-05T11:29:59.999Z,0,-1.301556,0.0000,0.4992,-130.1556,50.2832,LONDON,1
scalp_fade_3m,BTCUSDT,3m,1,TIME,2026-04-05T14:18:00.000Z,2026-04-05T15:20:59.999Z,20,-0.081494,0.6970,0.3947,-8.1494,37.5039,NY,1
scalp_fade_3m,BTCUSDT,3m,-1,STOP,2026-04-05T19:15:00.000Z,2026-04-05T19:20:59.999Z,1,-1.269572,0.0000,1.1190,-126.9572,44.7529,NY,-1
scalp_fade_3m,BTCUSDT,3m,-1,TARGET,2026-04-05T22:03:00.000Z,2026-04-05T22:23:59.999Z,6,0.905046,1.2402,0.5353,90.5046,18.8778,LATE,1
scalp_fade_3m,BTCUSDT,3m,-1,STOP,2026-04-06T02:06:00.000Z,2026-04-06T02:11:59.999Z,1,-1.169773,0.3180,1.8005,-116.9773,28.1354,ASIA,-1
scalp_fade_3m,BTCUSDT,3m,-1,TIME,2026-04-06T02:12:00.000Z,2026-04-06T03:14:59.999Z,20,-0.315483,0.0719,0.8015,-31.5483,19.1837,ASIA,-1
scalp_fade_3m,BTCUSDT,3m,-1,STOP,2026-04-06T04:36:00.000Z,2026-04-06T04:38:59.999Z,0,-1.215962,0.0000,0.6585,-121.5962,35.8637,ASIA,-1
scalp_fade_3m,BTCUSDT,3m,-1,STOP,2026-04-06T06:09:00.000Z,2026-04-06T06:11:59.999Z,0,-1.222052,0.0000,0.8459,-122.2052,36.8787,ASIA,-1
scalp_fade_3m,BTCUSDT,3m,-1,STOP,2026-04-06T06:51:00.000Z,2026-04-06T07:53:59.999Z,20,-1.173227,0.7408,0.7812,-117.3227,28.1547,ASIA,-1
scalp_fade_3m,BTCUSDT,3m,-1,STOP,2026-04-06T13:36:00.000Z,2026-04-06T14:02:59.999Z,8,-1.177466,0.8120,1.1705,-117.7466,29.2040,NY,1
scalp_fade_3m,BTCUSDT,3m,-1,STOP,2026-04-06T14:42:00.000Z,2026-04-06T15:14:59.999Z,10,-1.094426,0.2673,0.8656,-109.4426,15.4453,NY,-1
scalp_fade_3m,BTCUSDT,3m,-1,STOP,2026-04-06T18:12:00.000Z,2026-04-06T18:29:59.999Z,5,-1.144802,0.0571,1.0080,-114.4802,23.8783,NY,-1
scalp_fade_3m,BTCUSDT,3m,1,STOP,2026-04-07T01:24:00.000Z,2026-04-07T01:50:59.999Z,8,-1.137318,0.1772,1.0241,-113.7318,22.7797,ASIA,-1
scalp_fade_3m,BTCUSDT,3m,1,STOP,2026-04-07T04:06:00.000Z,2026-04-07T04:14:59.999Z,2,-1.239261,0.0000,0.6942,-123.9261,39.8403,ASIA,1
scalp_fade_3m,BTCUSDT,3m,1,TARGET,2026-04-07T12:09:00.000Z,2026-04-07T12:32:59.999Z,7,0.967532,1.1643,0.1454,96.7532,16.9193,LONDON,1
scalp_fade_3m,BTCUSDT,3m,1,STOP,2026-04-07T13:33:00.000Z,2026-04-07T13:44:59.999Z,3,-1.158102,0.1220,0.7392,-115.8102,26.3438,NY,1
scalp_fade_3m,BTCUSDT,3m,1,STOP,2026-04-07T14:24:00.000Z,2026-04-07T14:59:59.999Z,11,-1.107277,0.1316,0.8409,-110.7277,17.7700,NY,-1
scalp_fade_3m,BTCUSDT,3m,1,TIME,2026-04-07T16:24:00.000Z,2026-04-07T17:26:59.999Z,20,0.409581,0.8295,0.1496,40.9581,23.7068,NY,1
scalp_fade_3m,BTCUSDT,3m,-1,STOP,2026-04-07T19:18:00.000Z,2026-04-07T19:20:59.999Z,0,-1.170402,0.0141,1.4186,-117.0402,28.2695,NY,-1
scalp_fade_3m,BTCUSDT,3m,-1,STOP,2026-04-07T19:21:00.000Z,2026-04-07T19:47:59.999Z,8,-1.134054,0.5797,1.0192,-113.4054,22.0279,NY,-1
scalp_fade_3m,BTCUSDT,3m,-1,STOP,2026-04-07T19:48:00.000Z,2026-04-07T20:02:59.999Z,4,-1.115675,0.2582,1.5091,-111.5675,19.0683,NY,1
scalp_fade_3m,BTCUSDT,3m,-1,TIME,2026-04-08T00:03:00.000Z,2026-04-08T01:05:59.999Z,20,0.672469,1.0905,0.1270,67.2469,13.9380,ASIA,1
scalp_fade_3m,BTCUSDT,3m,-1,TARGET,2026-04-08T02:09:00.000Z,2026-04-08T02:35:59.999Z,8,0.967341,1.2940,0.3121,96.7341,16.8895,ASIA,1
scalp_fade_3m,BTCUSDT,3m,-1,STOP,2026-04-08T04:03:00.000Z,2026-04-08T04:05:59.999Z,0,-1.244832,0.0000,1.3549,-124.4832,40.6757,ASIA,1
scalp_fade_3m,BTCUSDT,3m,-1,STOP,2026-04-08T04:06:00.000Z,2026-04-08T04:38:59.999Z,10,-1.194815,0.0917,0.8195,-119.4815,32.0059,ASIA,1
scalp_fade_3m,BTCUSDT,3m,-1,TIME,2026-04-08T06:30:00.000Z,2026-04-08T07:32:59.999Z,20,0.110895,0.6994,0.3748,11.0895,28.1499,ASIA,-1
scalp_fade_3m,BTCUSDT,3m,-1,STOP,2026-04-08T08:03:00.000Z,2026-04-08T08:05:59.999Z,0,-1.218452,0.0000,0.6399,-121.8452,36.2786,LONDON,-1
scalp_fade_3m,BTCUSDT,3m,-1,TARGET,2026-04-08T11:30:00.000Z,2026-04-08T11:38:59.999Z,2,0.692142,1.0773,0.2388,69.2142,25.6697,LONDON,1
scalp_fade_3m,BTCUSDT,3m,-1,STOP,2026-04-08T11:54:00.000Z,2026-04-08T12:14:59.999Z,6,-1.177393,0.0000,0.7858,-117.7393,29.2523,LONDON,1
scalp_fade_3m,BTCUSDT,3m,-1,STOP,2026-04-08T12:24:00.000Z,2026-04-08T12:35:59.999Z,3,-1.166048,0.0000,0.9806,-116.6048,27.4581,LONDON,1
scalp_fade_3m,BTCUSDT,3m,1,STOP,2026-04-09T00:57:00.000Z,2026-04-09T01:08:59.999Z,3,-1.149015,0.0043,1.4162,-114.9015,24.8373,ASIA,-1
scalp_fade_3m,BTCUSDT,3m,1,STOP,2026-04-09T03:09:00.000Z,2026-04-09T03:29:59.999Z,6,-1.181687,0.0000,0.7791,-118.1687,30.1600,ASIA,1
scalp_fade_3m,BTCUSDT,3m,1,TARGET,2026-04-09T04:51:00.000Z,2026-04-09T05:26:59.999Z,11,0.720770,0.9948,0.4879,72.0770,24.7227,ASIA,-1
scalp_fade_3m,BTCUSDT,3m,1,STOP,2026-04-09T05:51:00.000Z,2026-04-09T06:26:59.999Z,11,-1.225963,0.6523,0.6959,-122.5963,37.2849,ASIA,-1
scalp_fade_3m,BTCUSDT,3m,1,STOP,2026-04-09T07:45:00.000Z,2026-04-09T08:02:59.999Z,5,-1.223483,0.0000,0.6674,-122.3483,37.1062,LONDON,-1
scalp_fade_3m,BTCUSDT,3m,1,TARGET,2026-04-09T08:12:00.000Z,2026-04-09T08:38:59.999Z,8,0.745177,1.0558,0.2052,74.5177,23.9693,LONDON,-1
scalp_fade_3m,BTCUSDT,3m,-1,STOP,2026-04-09T09:03:00.000Z,2026-04-09T09:11:59.999Z,2,-1.186673,0.0000,0.8922,-118.6673,30.9173,LONDON,1
scalp_fade_3m,BTCUSDT,3m,-1,TARGET,2026-04-09T12:30:00.000Z,2026-04-09T13:32:59.999Z,20,0.844341,1.0992,0.5247,84.4341,20.7237,LONDON,1
scalp_fade_3m,BTCUSDT,3m,-1,STOP,2026-04-09T19:09:00.000Z,2026-04-09T19:47:59.999Z,12,-1.150809,0.9305,0.8446,-115.0809,24.6956,NY,1
scalp_fade_3m,BTCUSDT,3m,-1,STOP,2026-04-09T20:00:00.000Z,2026-04-09T20:20:59.999Z,6,-1.135567,0.2090,0.7995,-113.5567,22.3240,NY,-1
scalp_fade_3m,BTCUSDT,3m,-1,TARGET,2026-04-09T22:33:00.000Z,2026-04-09T23:02:59.999Z,9,1.142037,1.4997,0.1777,114.2037,11.3403,LATE,1
scalp_fade_3m,BTCUSDT,3m,-1,STOP,2026-04-10T01:33:00.000Z,2026-04-10T01:38:59.999Z,1,-1.127007,0.0000,0.9529,-112.7007,21.0146,ASIA,1
scalp_fade_3m,BTCUSDT,3m,-1,TARGET,2026-04-10T06:15:00.000Z,2026-04-10T06:38:59.999Z,7,0.670808,1.2095,0.2258,67.0808,26.3108,ASIA,-1
scalp_fade_3m,BTCUSDT,3m,1,TARGET,2026-04-10T08:48:00.000Z,2026-04-10T09:20:59.999Z,10,0.796127,1.0435,0.5529,79.6127,22.3401,LONDON,1
scalp_fade_3m,BTCUSDT,3m,-1,STOP,2026-04-10T12:03:00.000Z,2026-04-10T12:23:59.999Z,6,-1.208022,0.1871,1.0506,-120.8022,34.3259,LONDON,-1
scalp_fade_3m,BTCUSDT,3m,-1,STOP,2026-04-10T12:30:00.000Z,2026-04-10T12:32:59.999Z,0,-1.150831,0.3190,1.3019,-115.0831,25.0074,LONDON,-1
scalp_fade_3m,BTCUSDT,3m,-1,TIME,2026-04-10T12:33:00.000Z,2026-04-10T13:35:59.999Z,20,0.585987,0.9555,0.2894,58.5987,18.7395,LONDON,-1
scalp_fade_3m,BTCUSDT,3m,-1,STOP,2026-04-10T14:45:00.000Z,2026-04-10T15:26:59.999Z,13,-1.103981,0.2942,1.1166,-110.3981,16.9692,NY,1
scalp_fade_3m,BTCUSDT,3m,-1,STOP,2026-04-10T16:36:00.000Z,2026-04-10T16:59:59.999Z,7,-1.124052,0.1515,1.0341,-112.4052,20.3955,NY,1
scalp_fade_3m,BTCUSDT,3m,-1,STOP,2026-04-10T18:21:00.000Z,2026-04-10T19:08:59.999Z,15,-1.164014,0.3543,0.7971,-116.4014,26.7869,NY,1
scalp_fade_3m,BTCUSDT,3m,-1,STOP,2026-04-10T19:51:00.000Z,2026-04-10T19:59:59.999Z,2,-1.184305,0.0000,0.9254,-118.4305,30.5235,NY,1
scalp_fade_3m,BTCUSDT,3m,-1,STOP,2026-04-10T20:24:00.000Z,2026-04-10T20:32:59.999Z,2,-1.172444,0.0000,1.4898,-117.2444,28.5506,NY,1
scalp_fade_3m,BTCUSDT,3m,-1,TIME,2026-04-10T20:45:00.000Z,2026-04-10T21:47:59.999Z,20,-0.050685,0.8424,0.7096,-5.0685,22.9769,NY,1
scalp_fade_3m,BTCUSDT,3m,-1,TARGET,2026-04-10T22:06:00.000Z,2026-04-10T22:38:59.999Z,10,0.834273,1.2899,0.3437,83.4273,21.1019,LATE,-1
scalp_fade_3m,BTCUSDT,3m,-1,TIME,2026-04-10T23:21:00.000Z,2026-04-11T00:23:59.999Z,20,-0.533207,0.2505,0.4489,-53.3207,32.8285,LATE,-1
scalp_fade_3m,BTCUSDT,3m,-1,TARGET,2026-04-11T03:42:00.000Z,2026-04-11T03:56:59.999Z,4,0.521943,0.9402,0.2812,52.1943,31.0645,ASIA,1
scalp_fade_3m,BTCUSDT,3m,-1,TARGET,2026-04-11T04:09:00.000Z,2026-04-11T04:17:59.999Z,2,0.654169,0.9578,0.2312,65.4169,26.8773,ASIA,-1
scalp_fade_3m,BTCUSDT,3m,1,TIME,2026-04-11T06:36:00.000Z,2026-04-11T07:38:59.999Z,20,-0.627455,0.4291,0.3282,-62.7455,45.6150,ASIA,-1
scalp_fade_3m,BTCUSDT,3m,-1,STOP_GAP,2026-04-11T11:45:00.000Z,2026-04-11T11:47:59.999Z,0,-1.401126,0.0000,0.3820,-140.1126,63.6695,LONDON,-1
scalp_fade_3m,BTCUSDT,3m,-1,STOP_GAP,2026-04-11T11:51:00.000Z,2026-04-11T11:53:59.999Z,0,-1.401728,0.0000,0.6114,-140.1728,63.6968,LONDON,-1
scalp_fade_3m,BTCUSDT,3m,1,STOP,2026-04-11T14:39:00.000Z,2026-04-11T14:41:59.999Z,0,-1.266090,0.0000,0.5819,-126.6090,44.3850,NY,1
scalp_fade_3m,BTCUSDT,3m,-1,STOP,2026-04-11T21:36:00.000Z,2026-04-11T21:53:59.999Z,5,-1.212390,0.0000,0.7134,-121.2390,35.0858,LATE,-1
scalp_fade_3m,BTCUSDT,3m,1,STOP,2026-04-12T01:06:00.000Z,2026-04-12T01:35:59.999Z,9,-1.221575,0.3124,4.6781,-122.1575,36.6388,ASIA,1
scalp_fade_3m,BTCUSDT,3m,1,STOP,2026-04-12T01:36:00.000Z,2026-04-12T01:41:59.999Z,1,-1.109490,0.0000,1.0068,-110.9490,18.3226,ASIA,-1
scalp_fade_3m,BTCUSDT,3m,1,TIME,2026-04-12T02:18:00.000Z,2026-04-12T03:20:59.999Z,20,-0.758709,0.0000,0.6062,-75.8709,14.3297,ASIA,-1
scalp_fade_3m,BTCUSDT,3m,1,TARGET,2026-04-12T04:54:00.000Z,2026-04-12T05:32:59.999Z,12,0.727305,1.0851,0.4599,72.7305,24.5086,ASIA,-1
scalp_fade_3m,BTCUSDT,3m,1,STOP,2026-04-12T08:00:00.000Z,2026-04-12T08:05:59.999Z,1,-1.306399,0.0000,0.5072,-130.6399,51.0355,LONDON,1
scalp_fade_3m,BTCUSDT,3m,1,STOP,2026-04-12T10:06:00.000Z,2026-04-12T10:41:59.999Z,11,-1.306768,0.6548,0.6833,-130.6768,50.5714,LONDON,1
scalp_fade_3m,BTCUSDT,3m,1,STOP,2026-04-12T12:54:00.000Z,2026-04-12T13:02:59.999Z,2,-1.169003,0.0000,1.2044,-116.9003,28.1803,LONDON,-1
scalp_fade_3m,BTCUSDT,3m,1,STOP,2026-04-12T19:39:00.000Z,2026-04-12T20:08:59.999Z,9,-1.309753,0.0582,0.8480,-130.9753,51.1675,NY,1
scalp_fade_3m,BTCUSDT,3m,-1,TARGET,2026-04-12T22:00:00.000Z,2026-04-12T22:02:59.999Z,0,0.703764,2.8226,0.2224,70.3764,25.3145,LATE,1
scalp_fade_3m,BTCUSDT,3m,1,TARGET,2026-04-13T00:03:00.000Z,2026-04-13T00:26:59.999Z,7,0.927561,1.2356,0.1560,92.7561,18.1878,ASIA,1
scalp_fade_3m,BTCUSDT,3m,-1,TIME,2026-04-13T02:27:00.000Z,2026-04-13T03:29:59.999Z,20,0.029477,0.7336,0.5536,2.9477,31.8138,ASIA,1
scalp_fade_3m,BTCUSDT,3m,1,TARGET,2026-04-13T05:48:00.000Z,2026-04-13T06:23:59.999Z,11,0.773351,1.0541,0.1978,77.3351,23.0558,ASIA,-1
scalp_fade_3m,BTCUSDT,3m,1,STOP,2026-04-13T07:51:00.000Z,2026-04-13T08:11:59.999Z,6,-1.231663,0.1953,0.7266,-123.1663,38.4198,LONDON,-1
scalp_fade_3m,BTCUSDT,3m,1,TIME,2026-04-13T10:18:00.000Z,2026-04-13T11:20:59.999Z,20,-0.024519,0.6388,0.5024,-2.4519,39.2806,LONDON,1
scalp_fade_3m,BTCUSDT,3m,1,TARGET,2026-04-13T12:03:00.000Z,2026-04-13T12:08:59.999Z,1,0.641459,1.0285,0.3378,64.1459,27.3142,LONDON,-1
scalp_fade_3m,BTCUSDT,3m,1,TARGET,2026-04-13T12:36:00.000Z,2026-04-13T12:53:59.999Z,5,0.766682,1.4738,0.5287,76.6682,23.3068,LONDON,1
scalp_fade_3m,BTCUSDT,3m,-1,STOP,2026-04-13T13:51:00.000Z,2026-04-13T14:44:59.999Z,17,-1.087229,0.3081,1.0560,-108.7229,14.1563,NY,1
scalp_fade_3m,BTCUSDT,3m,-1,STOP,2026-04-13T16:09:00.000Z,2026-04-13T16:20:59.999Z,3,-1.117397,0.0000,1.0196,-111.7397,19.3743,NY,-1
scalp_fade_3m,BTCUSDT,3m,-1,TIME,2026-04-13T17:12:00.000Z,2026-04-13T18:14:59.999Z,20,0.045916,0.6865,0.7029,4.5916,18.8053,NY,1
scalp_fade_3m,BTCUSDT,3m,-1,STOP,2026-04-13T19:18:00.000Z,2026-04-13T19:23:59.999Z,1,-1.164689,0.0000,1.6084,-116.4689,27.2890,NY,1
scalp_fade_3m,BTCUSDT,3m,-1,STOP,2026-04-13T21:36:00.000Z,2026-04-13T21:41:59.999Z,1,-1.218352,0.0000,1.0327,-121.8352,36.2243,LATE,1
scalp_fade_3m,BTCUSDT,3m,-1,TIME,2026-04-14T04:33:00.000Z,2026-04-14T05:35:59.999Z,20,0.046031,0.7368,0.2325,4.6031,38.7060,ASIA,1
scalp_fade_3m,BTCUSDT,3m,-1,STOP,2026-04-14T08:48:00.000Z,2026-04-14T08:53:59.999Z,1,-1.173014,0.0000,0.8075,-117.3014,28.6751,LONDON,1
scalp_fade_3m,BTCUSDT,3m,-1,TIME,2026-04-14T11:51:00.000Z,2026-04-14T12:53:59.999Z,20,-0.447589,0.5407,0.4603,-44.7589,37.9708,LONDON,-1
scalp_fade_3m,BTCUSDT,3m,-1,STOP,2026-04-14T13:33:00.000Z,2026-04-14T13:35:59.999Z,0,-1.150698,0.0000,0.8613,-115.0698,24.9852,NY,1
scalp_fade_3m,BTCUSDT,3m,-1,TARGET,2026-04-14T16:21:00.000Z,2026-04-14T16:53:59.999Z,10,1.033578,1.5606,0.1862,103.3578,14.7783,NY,1
scalp_fade_3m,BTCUSDT,3m,1,STOP,2026-04-14T21:06:00.000Z,2026-04-14T21:38:59.999Z,10,-1.167497,0.0513,0.8339,-116.7497,27.7001,LATE,1
scalp_fade_3m,BTCUSDT,3m,1,STOP,2026-04-14T22:21:00.000Z,2026-04-14T22:32:59.999Z,3,-1.147561,0.0579,0.9354,-114.7561,24.5962,LATE,1
scalp_fade_3m,BTCUSDT,3m,1,TARGET,2026-04-14T23:54:00.000Z,2026-04-15T00:05:59.999Z,3,0.866762,1.9552,0.2422,86.6762,20.1402,LATE,-1
scalp_fade_3m,BTCUSDT,3m,-1,TARGET,2026-04-15T01:57:00.000Z,2026-04-15T02:32:59.999Z,11,0.874857,1.3809,0.5054,87.4857,19.8087,ASIA,-1
scalp_fade_3m,BTCUSDT,3m,1,TIME,2026-04-15T03:39:00.000Z,2026-04-15T04:41:59.999Z,20,-0.189086,0.7983,0.2199,-18.9086,33.5810,ASIA,-1
scalp_fade_3m,BTCUSDT,3m,1,STOP,2026-04-15T07:06:00.000Z,2026-04-15T07:17:59.999Z,3,-1.231236,0.6079,1.6703,-123.1236,38.4686,LONDON,-1
scalp_fade_3m,BTCUSDT,3m,1,TARGET,2026-04-15T07:51:00.000Z,2026-04-15T08:35:59.999Z,14,0.917895,1.4579,0.2923,91.7895,18.4580,LONDON,-1
scalp_fade_3m,BTCUSDT,3m,1,STOP,2026-04-15T10:18:00.000Z,2026-04-15T10:29:59.999Z,3,-1.199588,0.0000,0.8120,-119.9588,33.2217,LONDON,1
scalp_fade_3m,BTCUSDT,3m,1,TARGET,2026-04-15T12:06:00.000Z,2026-04-15T12:38:59.999Z,10,0.905720,1.1050,0.1858,90.5720,18.8650,LONDON,1
scalp_fade_3m,BTCUSDT,3m,-1,TARGET,2026-04-15T15:15:00.000Z,2026-04-15T15:32:59.999Z,5,1.086452,1.6415,0.1874,108.6452,13.1193,NY,1
scalp_fade_3m,BTCUSDT,3m,1,TIME,2026-04-15T16:42:00.000Z,2026-04-15T17:44:59.999Z,20,-0.140077,1.0286,0.2678,-14.0077,22.7439,NY,1
scalp_fade_3m,BTCUSDT,3m,-1,STOP,2026-04-15T21:42:00.000Z,2026-04-15T22:05:59.999Z,7,-1.184097,0.0757,1.4367,-118.4097,30.3314,LATE,-1
scalp_fade_3m,BTCUSDT,3m,-1,TIME,2026-04-16T00:33:00.000Z,2026-04-16T01:35:59.999Z,20,-0.142744,0.9536,0.5695,-14.2744,26.8199,ASIA,-1
scalp_fade_3m,BTCUSDT,3m,-1,STOP,2026-04-16T04:09:00.000Z,2026-04-16T04:41:59.999Z,10,-1.200872,0.1139,0.7280,-120.0872,33.0050,ASIA,-1
scalp_fade_3m,BTCUSDT,3m,1,STOP,2026-04-16T13:39:00.000Z,2026-04-16T13:47:59.999Z,2,-1.146391,0.0434,0.8736,-114.6391,24.4277,NY,-1
scalp_fade_3m,BTCUSDT,3m,-1,TIME,2026-04-16T22:03:00.000Z,2026-04-16T23:05:59.999Z,20,-0.224816,0.9191,0.3270,-22.4816,30.8330,LATE,1
scalp_fade_3m,BTCUSDT,3m,-1,STOP,2026-04-16T23:06:00.000Z,2026-04-16T23:26:59.999Z,6,-1.195137,0.1152,0.8463,-119.5137,32.1915,LATE,-1
scalp_fade_3m,BTCUSDT,3m,-1,TARGET,2026-04-17T00:33:00.000Z,2026-04-17T01:23:59.999Z,16,0.775942,1.6287,0.3846,77.5942,22.9137,ASIA,-1
scalp_fade_3m,BTCUSDT,3m,1,TIME,2026-04-17T03:12:00.000Z,2026-04-17T04:14:59.999Z,20,-0.653467,0.8485,0.4756,-65.3467,37.4104,ASIA,-1
scalp_fade_3m,BTCUSDT,3m,1,STOP,2026-04-17T05:06:00.000Z,2026-04-17T05:08:59.999Z,0,-1.250169,0.0000,0.6253,-125.0169,41.7374,ASIA,1
scalp_fade_3m,BTCUSDT,3m,-1,STOP,2026-04-17T07:57:00.000Z,2026-04-17T07:59:59.999Z,0,-1.231732,0.0000,0.6635,-123.1732,38.4923,LONDON,1
scalp_fade_3m,BTCUSDT,3m,-1,STOP,2026-04-17T08:27:00.000Z,2026-04-17T08:35:59.999Z,2,-1.187686,0.0000,1.4690,-118.7686,31.0858,LONDON,1
scalp_fade_3m,BTCUSDT,3m,-1,STOP,2026-04-17T19:18:00.000Z,2026-04-17T20:08:59.999Z,16,-1.142177,0.4175,0.8000,-114.2177,23.1793,NY,-1
scalp_fade_3m,BTCUSDT,3m,-1,TIME,2026-04-17T21:45:00.000Z,2026-04-17T22:47:59.999Z,20,-0.472794,0.3297,0.6435,-47.2794,33.0420,LATE,1
scalp_fade_3m,BTCUSDT,3m,-1,TIME,2026-04-18T00:03:00.000Z,2026-04-18T01:05:59.999Z,20,-0.734303,0.6984,0.4879,-73.4303,32.0895,ASIA,1
scalp_fade_3m,BTCUSDT,3m,-1,STOP,2026-04-18T01:48:00.000Z,2026-04-18T02:17:59.999Z,9,-1.221866,0.4967,0.6577,-122.1866,36.5059,ASIA,1
scalp_fade_3m,BTCUSDT,3m,-1,TARGET,2026-04-18T02:39:00.000Z,2026-04-18T03:32:59.999Z,17,0.723671,1.0337,0.3962,72.3671,24.5624,ASIA,-1
scalp_fade_3m,BTCUSDT,3m,1,STOP,2026-04-18T05:36:00.000Z,2026-04-18T06:26:59.999Z,16,-1.273443,0.2553,0.7286,-127.3443,44.8611,ASIA,-1
scalp_fade_3m,BTCUSDT,3m,1,STOP,2026-04-18T06:42:00.000Z,2026-04-18T07:08:59.999Z,8,-1.297157,0.0565,0.5092,-129.7157,49.1426,ASIA,-1
scalp_fade_3m,BTCUSDT,3m,1,STOP,2026-04-18T08:03:00.000Z,2026-04-18T08:14:59.999Z,3,-1.247374,0.0000,1.3814,-124.7374,41.1440,LONDON,-1
scalp_fade_3m,BTCUSDT,3m,1,STOP,2026-04-18T10:03:00.000Z,2026-04-18T10:11:59.999Z,2,-1.181520,0.1408,0.8236,-118.1520,30.2576,LONDON,1
scalp_fade_3m,BTCUSDT,3m,1,TARGET,2026-04-18T14:24:00.000Z,2026-04-18T14:38:59.999Z,4,0.784098,1.0171,0.1948,78.4098,22.7602,NY,1
scalp_fade_3m,BTCUSDT,3m,1,STOP,2026-04-18T16:03:00.000Z,2026-04-18T16:17:59.999Z,4,-1.199794,0.3842,1.2666,-119.9794,33.2213,NY,-1
scalp_fade_3m,BTCUSDT,3m,1,STOP,2026-04-18T16:18:00.000Z,2026-04-18T16:20:59.999Z,0,-1.156632,0.4913,0.9466,-115.6632,26.1817,NY,1
scalp_fade_3m,BTCUSDT,3m,1,STOP,2026-04-18T16:24:00.000Z,2026-04-18T17:08:59.999Z,14,-1.125265,0.0819,0.8530,-112.5265,20.6638,NY,1
scalp_fade_3m,BTCUSDT,3m,1,TARGET,2026-04-18T20:03:00.000Z,2026-04-18T20:53:59.999Z,16,0.598057,0.8939,0.3767,59.8057,28.5724,NY,-1
scalp_fade_3m,BTCUSDT,3m,1,STOP,2026-04-18T20:57:00.000Z,2026-04-18T21:20:59.999Z,7,-1.244319,0.3428,0.9624,-124.4319,40.4696,NY,1
scalp_fade_3m,BTCUSDT,3m,1,TARGET,2026-04-18T22:06:00.000Z,2026-04-18T22:50:59.999Z,14,0.610637,0.9081,0.5642,61.0637,28.1901,LATE,1
scalp_fade_3m,BTCUSDT,3m,1,STOP,2026-04-19T00:18:00.000Z,2026-04-19T00:23:59.999Z,1,-1.247211,0.0486,0.9029,-124.7211,41.2025,ASIA,-1
scalp_fade_3m,BTCUSDT,3m,1,STOP,2026-04-19T04:33:00.000Z,2026-04-19T04:41:59.999Z,2,-1.236442,0.1328,1.1525,-123.6442,39.3725,ASIA,1
scalp_fade_3m,BTCUSDT,3m,1,TIME,2026-04-19T04:42:00.000Z,2026-04-19T05:44:59.999Z,20,-0.299785,0.7271,0.1947,-29.9785,31.9688,ASIA,1
scalp_fade_3m,BTCUSDT,3m,1,TIME,2026-04-19T07:45:00.000Z,2026-04-19T08:47:59.999Z,20,-0.412917,0.2531,0.5570,-41.2917,26.9777,LONDON,-1
scalp_fade_3m,BTCUSDT,3m,1,STOP,2026-04-19T09:09:00.000Z,2026-04-19T09:20:59.999Z,3,-1.251797,0.0000,0.7541,-125.1797,41.8773,LONDON,1
scalp_fade_3m,BTCUSDT,3m,1,STOP,2026-04-19T20:03:00.000Z,2026-04-19T20:23:59.999Z,6,-1.180560,0.1211,0.7219,-118.0560,29.9737,NY,1
scalp_fade_3m,BTCUSDT,3m,1,STOP,2026-04-19T21:51:00.000Z,2026-04-19T21:53:59.999Z,0,-1.185389,0.0000,1.3208,-118.5389,30.9640,LATE,1
scalp_fade_3m,BTCUSDT,3m,1,TIME,2026-04-20T03:18:00.000Z,2026-04-20T04:20:59.999Z,20,-0.467135,0.8926,0.2172,-46.7135,33.4354,ASIA,-1
scalp_fade_3m,BTCUSDT,3m,1,STOP,2026-04-20T04:36:00.000Z,2026-04-20T04:44:59.999Z,2,-1.261232,0.0000,0.5801,-126.1232,43.4866,ASIA,1
scalp_fade_3m,BTCUSDT,3m,-1,STOP,2026-04-20T08:33:00.000Z,2026-04-20T09:23:59.999Z,16,-1.134821,0.8351,0.7961,-113.4821,21.9733,LONDON,1
scalp_fade_3m,BTCUSDT,3m,-1,STOP,2026-04-20T11:27:00.000Z,2026-04-20T12:11:59.999Z,14,-1.177118,0.3227,0.9368,-117.7118,28.9672,LONDON,-1
scalp_fade_3m,BTCUSDT,3m,-1,STOP,2026-04-20T13:36:00.000Z,2026-04-20T14:20:59.999Z,14,-1.115652,0.6515,0.8610,-111.5652,18.8692,NY,-1
scalp_fade_3m,BTCUSDT,3m,-1,TARGET,2026-04-20T14:21:00.000Z,2026-04-20T15:05:59.999Z,14,1.154458,1.5551,0.7172,115.4458,10.9306,NY,1
scalp_fade_3m,BTCUSDT,3m,-1,TIME,2026-04-20T15:24:00.000Z,2026-04-20T16:26:59.999Z,20,-0.116838,0.1321,0.7965,-11.6838,14.9107,NY,-1
scalp_fade_3m,BTCUSDT,3m,-1,STOP,2026-04-20T16:42:00.000Z,2026-04-20T17:20:59.999Z,12,-1.132519,0.6003,1.1105,-113.2519,21.6847,NY,-1
scalp_fade_3m,BTCUSDT,3m,-1,TARGET,2026-04-20T20:48:00.000Z,2026-04-20T21:11:59.999Z,7,0.686853,1.9327,0.6111,68.6853,25.8013,NY,1
scalp_fade_3m,BTCUSDT,3m,-1,STOP,2026-04-20T22:03:00.000Z,2026-04-20T22:08:59.999Z,1,-1.195990,0.0000,0.6988,-119.5990,32.5008,LATE,-1
scalp_fade_3m,BTCUSDT,3m,-1,TARGET,2026-04-20T22:39:00.000Z,2026-04-20T23:05:59.999Z,8,0.767116,1.0326,0.3226,76.7116,23.2459,LATE,-1
scalp_fade_3m,BTCUSDT,3m,-1,STOP,2026-04-21T00:03:00.000Z,2026-04-21T00:47:59.999Z,14,-1.227228,0.8614,1.0400,-122.7228,37.1995,ASIA,-1
scalp_fade_3m,BTCUSDT,3m,-1,STOP,2026-04-21T00:48:00.000Z,2026-04-21T01:08:59.999Z,6,-1.167416,0.2044,1.1148,-116.7416,27.5996,ASIA,1
scalp_fade_3m,BTCUSDT,3m,1,TARGET,2026-04-21T04:21:00.000Z,2026-04-21T05:02:59.999Z,13,0.604989,0.9777,0.3640,60.4989,28.3770,ASIA,1
scalp_fade_3m,BTCUSDT,3m,-1,TIME,2026-04-21T09:03:00.000Z,2026-04-21T10:05:59.999Z,20,-0.556471,0.5865,0.4282,-55.6471,19.9426,LONDON,1
scalp_fade_3m,BTCUSDT,3m,-1,STOP,2026-04-21T10:45:00.000Z,2026-04-21T10:47:59.999Z,0,-1.200567,0.0000,0.8084,-120.0567,33.2976,LONDON,-1
scalp_fade_3m,BTCUSDT,3m,-1,TARGET,2026-04-21T12:33:00.000Z,2026-04-21T12:41:59.999Z,2,0.799575,1.9677,0.6379,79.9575,22.2533,LONDON,-1
scalp_fade_3m,BTCUSDT,3m,1,STOP,2026-04-21T13:45:00.000Z,2026-04-21T14:02:59.999Z,5,-1.121879,0.0199,0.8218,-112.1879,20.2963,NY,1
scalp_fade_3m,BTCUSDT,3m,1,STOP,2026-04-21T14:57:00.000Z,2026-04-21T15:05:59.999Z,2,-1.099631,0.0000,1.2780,-109.9631,16.6674,NY,1
scalp_fade_3m,BTCUSDT,3m,1,STOP,2026-04-21T18:18:00.000Z,2026-04-21T18:53:59.999Z,11,-1.129103,0.0215,0.8099,-112.9103,21.3586,NY,-1
scalp_fade_3m,BTCUSDT,3m,-1,TIME,2026-04-22T00:39:00.000Z,2026-04-22T01:41:59.999Z,20,-0.403053,0.4914,0.6345,-40.3053,28.4745,ASIA,-1
scalp_fade_3m,BTCUSDT,3m,-1,STOP,2026-04-22T02:06:00.000Z,2026-04-22T02:11:59.999Z,1,-1.200118,0.0000,2.6042,-120.0118,33.1881,ASIA,1
scalp_fade_3m,BTCUSDT,3m,-1,STOP,2026-04-22T02:12:00.000Z,2026-04-22T02:17:59.999Z,1,-1.133845,0.2706,1.1064,-113.3845,22.1531,ASIA,1
scalp_fade_3m,BTCUSDT,3m,-1,STOP,2026-04-22T05:18:00.000Z,2026-04-22T05:23:59.999Z,1,-1.137507,0.0787,1.0012,-113.7507,22.7629,ASIA,1
scalp_fade_3m,BTCUSDT,3m,-1,STOP,2026-04-22T07:45:00.000Z,2026-04-22T08:23:59.999Z,12,-1.185402,0.1781,0.7795,-118.5402,30.3905,LONDON,-1
scalp_fade_3m,BTCUSDT,3m,-1,TIME,2026-04-22T08:27:00.000Z,2026-04-22T09:29:59.999Z,20,-0.995231,0.3597,0.5391,-99.5231,30.2361,LONDON,1
scalp_fade_3m,BTCUSDT,3m,-1,STOP,2026-04-22T11:12:00.000Z,2026-04-22T11:29:59.999Z,5,-1.201300,0.0000,0.8419,-120.1300,33.2467,LONDON,1
scalp_fade_3m,BTCUSDT,3m,-1,STOP,2026-04-22T11:39:00.000Z,2026-04-22T12:05:59.999Z,8,-1.201378,0.1079,0.9156,-120.1378,33.1568,LONDON,1
scalp_fade_3m,BTCUSDT,3m,-1,STOP,2026-04-22T13:12:00.000Z,2026-04-22T13:20:59.999Z,2,-1.162986,0.0000,0.7707,-116.2986,26.9773,NY,-1
scalp_fade_3m,BTCUSDT,3m,-1,STOP,2026-04-22T13:33:00.000Z,2026-04-22T13:44:59.999Z,3,-1.137661,0.1742,0.9044,-113.7661,22.7412,NY,1
scalp_fade_3m,BTCUSDT,3m,-1,STOP,2026-04-22T17:54:00.000Z,2026-04-22T18:53:59.999Z,19,-1.157830,0.2750,0.8494,-115.7830,25.6670,NY,-1
scalp_fade_3m,BTCUSDT,3m,-1,STOP,2026-04-22T21:33:00.000Z,2026-04-22T21:35:59.999Z,0,-1.274744,0.0000,0.5642,-127.4744,45.6615,LATE,-1
scalp_fade_3m,BTCUSDT,3m,-1,STOP,2026-04-22T22:06:00.000Z,2026-04-22T22:11:59.999Z,1,-1.221211,0.0000,0.6368,-122.1211,36.7003,LATE,1
scalp_fade_3m,BTCUSDT,3m,1,STOP,2026-04-23T00:06:00.000Z,2026-04-23T00:11:59.999Z,1,-1.175394,0.0000,1.2713,-117.5394,29.2713,ASIA,-1
scalp_fade_3m,BTCUSDT,3m,1,TIME,2026-04-23T00:21:00.000Z,2026-04-23T01:23:59.999Z,20,-0.580700,0.6130,0.3345,-58.0700,15.2637,ASIA,-1
scalp_fade_3m,BTCUSDT,3m,1,STOP,2026-04-23T07:39:00.000Z,2026-04-23T07:53:59.999Z,4,-1.221224,0.0639,0.8387,-122.1224,36.7705,LONDON,-1
scalp_fade_3m,BTCUSDT,3m,1,STOP,2026-04-23T08:12:00.000Z,2026-04-23T08:32:59.999Z,6,-1.186950,0.2921,0.8272,-118.6950,31.0299,LONDON,-1
scalp_fade_3m,BTCUSDT,3m,1,TIME,2026-04-23T10:06:00.000Z,2026-04-23T11:08:59.999Z,20,-0.148707,0.1514,0.4952,-14.8707,14.5748,LONDON,1
scalp_fade_3m,BTCUSDT,3m,1,TIME,2026-04-23T12:48:00.000Z,2026-04-23T13:50:59.999Z,20,-0.976812,0.7414,0.7221,-97.6812,25.0871,LONDON,1
scalp_fade_3m,BTCUSDT,3m,1,TARGET,2026-04-23T13:51:00.000Z,2026-04-23T14:29:59.999Z,12,0.993994,1.1932,0.5714,99.3994,16.0567,NY,1
scalp_fade_3m,BTCUSDT,3m,-1,TIME,2026-04-23T15:48:00.000Z,2026-04-23T16:50:59.999Z,20,-0.423320,0.1643,0.5574,-42.3320,19.8376,NY,1
scalp_fade_3m,BTCUSDT,3m,1,TIME,2026-04-23T17:54:00.000Z,2026-04-23T18:56:59.999Z,20,-0.009866,0.7686,0.2537,-0.9866,12.6080,NY,-1
scalp_fade_3m,BTCUSDT,3m,1,TIME,2026-04-23T19:51:00.000Z,2026-04-23T20:53:59.999Z,20,-0.043761,0.9800,0.4192,-4.3761,25.8044,NY,-1
scalp_fade_3m,BTCUSDT,3m,-1,STOP,2026-04-23T22:03:00.000Z,2026-04-23T22:08:59.999Z,1,-1.213527,0.0000,1.0707,-121.3527,35.4209,LATE,1
scalp_fade_3m,BTCUSDT,3m,-1,TARGET,2026-04-24T01:00:00.000Z,2026-04-24T01:11:59.999Z,3,0.770156,1.3802,0.2130,77.0156,23.1823,ASIA,1
scalp_fade_3m,BTCUSDT,3m,1,STOP,2026-04-24T06:36:00.000Z,2026-04-24T07:20:59.999Z,14,-1.212583,0.3748,0.6525,-121.2583,34.9770,ASIA,-1
scalp_fade_3m,BTCUSDT,3m,1,STOP,2026-04-24T07:54:00.000Z,2026-04-24T07:56:59.999Z,0,-1.255151,0.0000,0.9747,-125.5151,42.5658,LONDON,-1
scalp_fade_3m,BTCUSDT,3m,1,TARGET,2026-04-24T07:57:00.000Z,2026-04-24T08:17:59.999Z,6,0.680929,1.2201,0.4832,68.0929,26.0225,LONDON,-1
scalp_fade_3m,BTCUSDT,3m,-1,TIME,2026-04-24T14:39:00.000Z,2026-04-24T15:41:59.999Z,20,0.138605,0.9861,0.4191,13.8605,21.5743,NY,-1
scalp_fade_3m,BTCUSDT,3m,1,STOP,2026-04-24T18:15:00.000Z,2026-04-24T18:17:59.999Z,0,-1.164298,0.0000,0.8345,-116.4298,27.4565,NY,-1
scalp_fade_3m,BTCUSDT,3m,1,STOP,2026-04-24T19:33:00.000Z,2026-04-24T20:26:59.999Z,17,-1.216296,0.0992,0.8483,-121.6296,35.4764,NY,-1
scalp_fade_3m,BTCUSDT,3m,1,STOP,2026-04-24T21:15:00.000Z,2026-04-24T22:02:59.999Z,15,-1.238267,0.1271,0.6481,-123.8267,39.1470,LATE,-1
scalp_fade_3m,BTCUSDT,3m,1,STOP,2026-04-24T22:06:00.000Z,2026-04-24T22:32:59.999Z,8,-1.259030,0.0763,0.8307,-125.9030,42.8542,LATE,-1
scalp_fade_3m,BTCUSDT,3m,1,TARGET,2026-04-25T02:06:00.000Z,2026-04-25T03:08:59.999Z,20,0.350544,0.9728,0.3114,35.0544,36.3665,ASIA,1
scalp_fade_3m,BTCUSDT,3m,-1,TARGET,2026-04-25T04:12:00.000Z,2026-04-25T05:02:59.999Z,16,0.347272,0.7634,0.3131,34.7272,36.4916,ASIA,1
scalp_fade_3m,BTCUSDT,3m,1,STOP,2026-04-25T06:45:00.000Z,2026-04-25T06:59:59.999Z,4,-1.367582,0.1410,0.5535,-136.7582,61.0099,ASIA,1
scalp_fade_3m,BTCUSDT,3m,1,STOP,2026-04-25T07:00:00.000Z,2026-04-25T07:02:59.999Z,0,-1.343844,0.0000,0.7798,-134.3844,57.3160,LONDON,-1
scalp_fade_3m,BTCUSDT,3m,1,STOP,2026-04-25T07:33:00.000Z,2026-04-25T07:59:59.999Z,8,-1.348642,0.1318,0.5013,-134.8642,57.6342,LONDON,-1
scalp_fade_3m,BTCUSDT,3m,1,TARGET,2026-04-25T08:00:00.000Z,2026-04-25T08:32:59.999Z,10,0.282326,0.8225,0.3728,28.2326,38.6327,LONDON,-1
scalp_fade_3m,BTCUSDT,3m,-1,TARGET,2026-04-25T10:45:00.000Z,2026-04-25T11:23:59.999Z,12,0.412699,0.8544,0.4205,41.2699,34.4582,LONDON,1
scalp_fade_3m,BTCUSDT,3m,-1,TIME,2026-04-25T12:09:00.000Z,2026-04-25T13:11:59.999Z,20,-0.570620,0.6424,0.3944,-57.0620,48.2097,LONDON,-1
scalp_fade_3m,BTCUSDT,3m,-1,STOP,2026-04-25T14:15:00.000Z,2026-04-25T14:29:59.999Z,4,-1.280181,0.0000,0.5719,-128.0181,46.3747,NY,1
scalp_fade_3m,BTCUSDT,3m,1,TIME,2026-04-25T18:03:00.000Z,2026-04-25T19:05:59.999Z,20,-1.129936,0.2024,0.5350,-112.9936,42.6702,NY,-1
scalp_fade_3m,BTCUSDT,3m,-1,STOP,2026-04-25T22:57:00.000Z,2026-04-25T23:08:59.999Z,3,-1.320749,0.0000,0.6364,-132.0749,53.1637,LATE,1
scalp_fade_3m,BTCUSDT,3m,-1,STOP,2026-04-26T00:03:00.000Z,2026-04-26T00:05:59.999Z,0,-1.341480,0.4139,0.5742,-134.1480,56.7852,ASIA,1
scalp_fade_3m,BTCUSDT,3m,-1,STOP,2026-04-26T01:27:00.000Z,2026-04-26T01:44:59.999Z,5,-1.296112,0.0000,0.5231,-129.6112,48.9683,ASIA,1
scalp_fade_3m,BTCUSDT,3m,-1,STOP,2026-04-26T01:45:00.000Z,2026-04-26T02:17:59.999Z,10,-1.333477,0.5422,0.5812,-133.3477,54.8799,ASIA,1
scalp_fade_3m,BTCUSDT,3m,-1,TIME,2026-04-26T02:27:00.000Z,2026-04-26T03:29:59.999Z,20,-0.192133,0.6963,0.4366,-19.2133,49.5768,ASIA,-1
scalp_fade_3m,BTCUSDT,3m,1,TARGET,2026-04-26T04:00:00.000Z,2026-04-26T04:47:59.999Z,15,0.278931,1.3148,0.4091,27.8931,38.6856,ASIA,-1
scalp_fade_3m,BTCUSDT,3m,-1,STOP,2026-04-26T07:54:00.000Z,2026-04-26T07:56:59.999Z,0,-1.333972,0.0000,0.8143,-133.3972,55.5337,LONDON,-1
scalp_fade_3m,BTCUSDT,3m,-1,STOP,2026-04-26T09:54:00.000Z,2026-04-26T10:08:59.999Z,4,-1.323340,0.0000,0.7126,-132.3340,53.5387,LONDON,-1
scalp_fade_3m,BTCUSDT,3m,-1,STOP,2026-04-26T10:09:00.000Z,2026-04-26T11:02:59.999Z,17,-1.311304,0.1428,0.5417,-131.1304,50.8555,LONDON,-1
scalp_fade_3m,BTCUSDT,3m,-1,STOP,2026-04-26T14:15:00.000Z,2026-04-26T14:20:59.999Z,1,-1.276425,0.0000,1.4306,-127.6425,45.8939,NY,1
scalp_fade_3m,BTCUSDT,3m,-1,TIME,2026-04-26T14:21:00.000Z,2026-04-26T15:23:59.999Z,20,-0.698307,0.4024,0.4759,-69.8307,36.7666,NY,1
scalp_fade_3m,BTCUSDT,3m,-1,STOP,2026-04-26T16:30:00.000Z,2026-04-26T16:35:59.999Z,1,-1.344640,0.0000,0.6715,-134.4640,57.2523,NY,-1
scalp_fade_3m,BTCUSDT,3m,-1,STOP,2026-04-26T18:09:00.000Z,2026-04-26T18:14:59.999Z,1,-1.289994,0.0005,0.9034,-128.9994,48.1532,NY,1
scalp_fade_3m,BTCUSDT,3m,-1,STOP,2026-04-26T18:15:00.000Z,2026-04-26T18:17:59.999Z,0,-1.242440,0.0000,1.5169,-124.2440,40.2769,NY,1
scalp_fade_3m,BTCUSDT,3m,-1,STOP,2026-04-26T20:30:00.000Z,2026-04-26T20:32:59.999Z,0,-1.272246,0.0000,0.8210,-127.2246,45.2451,NY,-1
scalp_fade_3m,BTCUSDT,3m,-1,TIME,2026-04-26T21:57:00.000Z,2026-04-26T22:59:59.999Z,20,0.052755,0.9597,0.7318,5.2755,14.6390,LATE,-1
scalp_fade_3m,BTCUSDT,3m,-1,STOP,2026-04-26T23:33:00.000Z,2026-04-26T23:50:59.999Z,5,-1.123533,0.1323,1.4915,-112.3533,20.3516,LATE,-1
scalp_fade_3m,BTCUSDT,3m,-1,TIME,2026-04-27T03:39:00.000Z,2026-04-27T04:41:59.999Z,20,-0.280453,0.7331,0.4521,-28.0453,36.0886,ASIA,1
scalp_fade_3m,BTCUSDT,3m,1,STOP,2026-04-27T07:48:00.000Z,2026-04-27T08:02:59.999Z,4,-1.225142,0.1135,0.6365,-122.5142,37.4194,LONDON,1
scalp_fade_3m,BTCUSDT,3m,1,STOP,2026-04-27T08:03:00.000Z,2026-04-27T08:29:59.999Z,8,-1.208088,0.0494,0.6954,-120.8088,34.4521,LONDON,1
scalp_fade_3m,BTCUSDT,3m,1,STOP,2026-04-27T12:03:00.000Z,2026-04-27T12:38:59.999Z,11,-1.282680,0.4564,0.8077,-128.2680,46.6106,LONDON,-1
scalp_fade_3m,BTCUSDT,3m,1,STOP,2026-04-27T12:45:00.000Z,2026-04-27T12:56:59.999Z,3,-1.218522,0.0000,0.7633,-121.8522,36.3607,LONDON,-1
scalp_fade_3m,BTCUSDT,3m,1,STOP,2026-04-27T13:12:00.000Z,2026-04-27T13:32:59.999Z,6,-1.222060,0.1295,0.6690,-122.2060,36.8326,NY,-1
scalp_fade_3m,BTCUSDT,3m,1,TARGET,2026-04-27T13:48:00.000Z,2026-04-27T14:38:59.999Z,16,0.993206,1.4917,0.4652,99.3206,16.0636,NY,1
scalp_fade_3m,BTCUSDT,3m,1,STOP,2026-04-27T14:54:00.000Z,2026-04-27T15:05:59.999Z,3,-1.125847,0.0503,1.7612,-112.5847,20.9963,NY,1
scalp_fade_3m,BTCUSDT,3m,1,TIME,2026-04-27T17:03:00.000Z,2026-04-27T18:05:59.999Z,20,-0.350768,0.7177,0.5001,-35.0768,30.8645,NY,-1
scalp_fade_3m,BTCUSDT,3m,1,STOP,2026-04-27T19:27:00.000Z,2026-04-27T19:29:59.999Z,0,-1.220541,0.0000,0.6826,-122.0541,36.8100,NY,1
scalp_fade_3m,BTCUSDT,3m,1,STOP,2026-04-27T21:21:00.000Z,2026-04-27T22:02:59.999Z,13,-1.241035,0.4554,0.7318,-124.1035,39.6815,LATE,-1
scalp_fade_3m,BTCUSDT,3m,-1,TARGET,2026-04-28T00:54:00.000Z,2026-04-28T01:47:59.999Z,17,0.866184,1.1203,0.4081,86.6184,20.0496,ASIA,-1
scalp_fade_3m,BTCUSDT,3m,1,STOP,2026-04-28T04:21:00.000Z,2026-04-28T04:26:59.999Z,1,-1.241203,0.0000,0.8988,-124.1203,40.2043,ASIA,1
scalp_fade_3m,BTCUSDT,3m,1,TARGET,2026-04-28T04:36:00.000Z,2026-04-28T05:08:59.999Z,10,0.678589,1.1786,0.2745,67.8589,26.0672,ASIA,-1
scalp_fade_3m,BTCUSDT,3m,1,STOP,2026-04-28T06:39:00.000Z,2026-04-28T06:44:59.999Z,1,-1.208649,0.0000,1.1201,-120.8649,34.7961,ASIA,-1
scalp_fade_3m,BTCUSDT,3m,1,STOP,2026-04-28T12:21:00.000Z,2026-04-28T13:11:59.999Z,16,-1.171976,0.4251,1.4276,-117.1976,28.2626,LONDON,-1
scalp_fade_3m,BTCUSDT,3m,1,STOP,2026-04-28T13:30:00.000Z,2026-04-28T13:56:59.999Z,8,-1.173482,0.6887,0.7733,-117.3482,28.7445,NY,1
scalp_fade_3m,BTCUSDT,3m,1,TARGET,2026-04-28T16:51:00.000Z,2026-04-28T16:56:59.999Z,1,0.763084,1.2723,0.2227,76.3084,23.4476,NY,-1
scalp_fade_3m,BTCUSDT,3m,-1,TIME,2026-04-28T21:57:00.000Z,2026-04-28T22:59:59.999Z,20,-0.109009,0.6904,0.5341,-10.9009,40.3296,LATE,-1
scalp_fade_3m,BTCUSDT,3m,-1,STOP,2026-04-28T23:15:00.000Z,2026-04-29T00:05:59.999Z,16,-1.282693,0.3198,0.5521,-128.2693,46.2168,LATE,-1
scalp_fade_3m,BTCUSDT,3m,-1,STOP,2026-04-29T00:15:00.000Z,2026-04-29T00:32:59.999Z,5,-1.292838,0.0909,0.6078,-129.2838,48.4255,ASIA,1
scalp_fade_3m,BTCUSDT,3m,-1,TARGET,2026-04-29T11:36:00.000Z,2026-04-29T12:14:59.999Z,12,0.653197,1.4283,0.5488,65.3197,26.8320,LONDON,-1
scalp_fade_3m,BTCUSDT,3m,1,STOP,2026-04-29T17:27:00.000Z,2026-04-29T18:08:59.999Z,13,-1.164742,1.0822,1.8780,-116.4742,27.1627,NY,1
scalp_fade_3m,BTCUSDT,3m,1,TIME,2026-04-29T19:33:00.000Z,2026-04-29T20:35:59.999Z,20,0.478922,1.0687,0.3584,47.8922,24.8634,NY,1
scalp_fade_3m,BTCUSDT,3m,1,TIME,2026-04-29T22:03:00.000Z,2026-04-29T23:05:59.999Z,20,-0.736195,0.4061,0.4781,-73.6195,35.2384,LATE,1
scalp_fade_3m,BTCUSDT,3m,1,STOP,2026-04-30T04:06:00.000Z,2026-04-30T04:23:59.999Z,5,-1.201327,0.0418,0.7045,-120.1327,33.4406,ASIA,1
scalp_fade_3m,BTCUSDT,3m,-1,STOP,2026-04-30T08:24:00.000Z,2026-04-30T08:26:59.999Z,0,-1.225672,0.0000,0.8493,-122.5672,37.4821,LONDON,1
scalp_fade_3m,BTCUSDT,3m,-1,STOP,2026-04-30T08:27:00.000Z,2026-04-30T09:29:59.999Z,20,-1.210541,0.1717,0.8358,-121.0541,34.2474,LONDON,1
scalp_fade_3m,BTCUSDT,3m,-1,STOP,2026-04-30T09:30:00.000Z,2026-04-30T09:32:59.999Z,0,-1.208396,0.0000,0.8274,-120.8396,34.6024,LONDON,1
scalp_fade_3m,BTCUSDT,3m,-1,STOP,2026-04-30T10:36:00.000Z,2026-04-30T11:11:59.999Z,11,-1.232621,0.2984,0.7727,-123.2621,38.2031,LONDON,-1
scalp_fade_3m,BTCUSDT,3m,-1,STOP,2026-04-30T13:36:00.000Z,2026-04-30T13:38:59.999Z,0,-1.199913,0.0000,0.7018,-119.9913,33.1885,NY,-1
scalp_fade_3m,BTCUSDT,3m,-1,STOP,2026-04-30T13:39:00.000Z,2026-04-30T13:41:59.999Z,0,-1.183287,0.0000,1.2309,-118.3287,30.4173,NY,-1
scalp_fade_3m,BTCUSDT,3m,-1,TIME,2026-04-30T15:45:00.000Z,2026-04-30T16:47:59.999Z,20,-0.127510,0.4491,0.3827,-12.7510,25.7570,NY,1
scalp_fade_3m,BTCUSDT,3m,-1,TIME,2026-04-30T18:18:00.000Z,2026-04-30T19:20:59.999Z,20,-0.497298,0.8808,0.2905,-49.7298,30.8924,NY,1
scalp_fade_3m,BTCUSDT,3m,-1,STOP,2026-04-30T21:00:00.000Z,2026-04-30T21:05:59.999Z,1,-1.298964,0.0000,0.5854,-129.8964,49.6469,LATE,1
scalp_fade_3m,BTCUSDT,3m,-1,TARGET,2026-04-30T21:09:00.000Z,2026-04-30T21:29:59.999Z,6,0.397675,0.8688,0.3075,39.7675,34.9941,LATE,1
scalp_fade_3m,BTCUSDT,3m,-1,STOP,2026-04-30T23:30:00.000Z,2026-05-01T00:02:59.999Z,10,-1.272866,0.0000,0.7726,-127.2866,44.8814,LATE,-1
scalp_fade_3m,BTCUSDT,3m,-1,STOP,2026-05-01T00:03:00.000Z,2026-05-01T00:05:59.999Z,0,-1.255994,0.0000,0.6225,-125.5994,42.5362,ASIA,1
scalp_fade_3m,BTCUSDT,3m,-1,TIME,2026-05-01T06:57:00.000Z,2026-05-01T07:59:59.999Z,20,-0.797190,0.4235,0.3349,-79.7190,31.1624,ASIA,-1
scalp_fade_3m,BTCUSDT,3m,-1,STOP,2026-05-01T09:06:00.000Z,2026-05-01T09:26:59.999Z,6,-1.284815,0.0000,0.5323,-128.4815,47.0464,LONDON,1
scalp_fade_3m,BTCUSDT,3m,-1,STOP,2026-05-01T10:21:00.000Z,2026-05-01T10:23:59.999Z,0,-1.257853,0.0000,0.9714,-125.7853,42.8462,LONDON,1
scalp_fade_3m,BTCUSDT,3m,-1,STOP,2026-05-01T12:15:00.000Z,2026-05-01T12:17:59.999Z,0,-1.178837,0.0000,0.7126,-117.8837,29.6756,LONDON,-1
scalp_fade_3m,BTCUSDT,3m,-1,STOP,2026-05-01T13:42:00.000Z,2026-05-01T13:53:59.999Z,3,-1.130536,0.0124,1.8014,-113.0536,21.5575,NY,1
scalp_fade_3m,BTCUSDT,3m,-1,TIME,2026-05-01T16:03:00.000Z,2026-05-01T17:05:59.999Z,20,0.637764,1.1265,0.3458,63.7764,20.5800,NY,1
scalp_fade_3m,BTCUSDT,3m,-1,STOP,2026-05-01T17:18:00.000Z,2026-05-01T17:38:59.999Z,6,-1.167662,0.3063,0.8570,-116.7662,27.6403,NY,-1
scalp_fade_3m,BTCUSDT,3m,-1,STOP,2026-05-01T17:39:00.000Z,2026-05-01T18:23:59.999Z,14,-1.165012,0.0111,0.7486,-116.5012,26.9783,NY,-1
scalp_fade_3m,BTCUSDT,3m,-1,TIME,2026-05-01T18:33:00.000Z,2026-05-01T19:35:59.999Z,20,0.031181,0.6456,0.4095,3.1181,31.7270,NY,1
scalp_fade_3m,BTCUSDT,3m,-1,TIME,2026-05-02T01:45:00.000Z,2026-05-02T02:47:59.999Z,20,-1.060920,0.4133,0.4627,-106.0920,45.0288,ASIA,1
scalp_fade_3m,BTCUSDT,3m,-1,STOP,2026-05-02T03:27:00.000Z,2026-05-02T03:29:59.999Z,0,-1.269827,0.0000,0.5723,-126.9827,44.8419,ASIA,-1
scalp_fade_3m,BTCUSDT,3m,1,TARGET,2026-05-02T06:24:00.000Z,2026-05-02T06:53:59.999Z,9,0.455562,0.9637,0.3668,45.5562,33.1488,ASIA,1
scalp_fade_3m,BTCUSDT,3m,-1,TIME,2026-05-02T09:57:00.000Z,2026-05-02T10:59:59.999Z,20,-0.731241,0.3536,0.3260,-73.1241,54.2019,LONDON,-1
scalp_fade_3m,BTCUSDT,3m,1,TARGET,2026-05-02T12:12:00.000Z,2026-05-02T12:29:59.999Z,5,0.341139,0.7900,0.3153,34.1139,36.8198,LONDON,-1
scalp_fade_3m,BTCUSDT,3m,-1,STOP,2026-05-02T14:27:00.000Z,2026-05-02T14:53:59.999Z,8,-1.271205,0.0881,0.5634,-127.1205,44.6995,NY,1
scalp_fade_3m,BTCUSDT,3m,-1,TARGET,2026-05-02T21:39:00.000Z,2026-05-02T22:26:59.999Z,15,0.910649,1.1352,0.2119,91.0649,18.6522,LATE,1
scalp_fade_3m,BTCUSDT,3m,-1,STOP,2026-05-02T23:15:00.000Z,2026-05-02T23:29:59.999Z,4,-1.243365,0.0000,0.6347,-124.3365,40.2636,LATE,1
scalp_fade_3m,BTCUSDT,3m,-1,STOP,2026-05-03T00:03:00.000Z,2026-05-03T00:05:59.999Z,0,-1.296054,0.0000,0.6085,-129.6054,49.2136,ASIA,1
scalp_fade_3m,BTCUSDT,3m,1,STOP,2026-05-03T02:12:00.000Z,2026-05-03T02:14:59.999Z,0,-1.248823,0.0000,0.7025,-124.8823,41.5135,ASIA,1
scalp_fade_3m,BTCUSDT,3m,1,TARGET,2026-05-03T03:30:00.000Z,2026-05-03T04:29:59.999Z,19,0.164514,0.6100,0.3627,16.4514,42.2608,ASIA,-1
scalp_fade_3m,BTCUSDT,3m,1,STOP_GAP,2026-05-03T04:48:00.000Z,2026-05-03T04:50:59.999Z,0,-1.394971,0.0000,0.7502,-139.4971,63.3898,ASIA,1
scalp_fade_3m,BTCUSDT,3m,-1,STOP,2026-05-03T09:09:00.000Z,2026-05-03T09:23:59.999Z,4,-1.330489,0.0011,0.6368,-133.0489,54.7254,LONDON,-1
scalp_fade_3m,BTCUSDT,3m,-1,STOP,2026-05-03T11:12:00.000Z,2026-05-03T11:35:59.999Z,7,-1.317398,0.0000,0.8801,-131.7398,52.3895,LONDON,-1
scalp_fade_3m,BTCUSDT,3m,-1,STOP,2026-05-03T14:03:00.000Z,2026-05-03T14:05:59.999Z,0,-1.273694,0.0000,0.5496,-127.3694,45.4865,NY,-1
scalp_fade_3m,BTCUSDT,3m,-1,STOP,2026-05-03T14:54:00.000Z,2026-05-03T15:05:59.999Z,3,-1.307303,0.0000,0.6794,-130.7303,50.9294,NY,1
scalp_fade_3m,BTCUSDT,3m,-1,STOP,2026-05-03T17:12:00.000Z,2026-05-03T17:23:59.999Z,3,-1.268627,0.0000,0.5683,-126.8627,44.5030,NY,-1
scalp_fade_3m,BTCUSDT,3m,-1,STOP,2026-05-03T19:33:00.000Z,2026-05-03T19:35:59.999Z,0,-1.346308,0.0000,1.2264,-134.6308,57.5900,NY,1
scalp_fade_3m,BTCUSDT,3m,-1,STOP,2026-05-03T20:51:00.000Z,2026-05-03T21:11:59.999Z,6,-1.176213,0.0000,0.7591,-117.6213,29.0569,NY,1
scalp_fade_3m,BTCUSDT,3m,-1,STOP,2026-05-03T22:03:00.000Z,2026-05-03T22:14:59.999Z,3,-1.166187,0.5229,1.1259,-116.6187,27.4812,LATE,-1
scalp_fade_3m,BTCUSDT,3m,-1,TARGET,2026-05-04T05:00:00.000Z,2026-05-04T05:26:59.999Z,8,0.864820,1.1082,0.4242,86.4820,20.1441,ASIA,-1
scalp_fade_3m,BTCUSDT,3m,-1,TARGET,2026-05-04T07:45:00.000Z,2026-05-04T08:05:59.999Z,6,0.696832,0.9882,0.4564,69.6832,25.4916,LONDON,-1
scalp_fade_3m,BTCUSDT,3m,-1,STOP,2026-05-04T09:12:00.000Z,2026-05-04T09:44:59.999Z,10,-1.213191,0.1781,0.7586,-121.3191,35.0371,LONDON,-1
scalp_fade_3m,BTCUSDT,3m,1,STOP,2026-05-04T13:00:00.000Z,2026-05-04T13:02:59.999Z,0,-1.210153,0.0000,1.3825,-121.0153,35.0824,NY,1
scalp_fade_3m,BTCUSDT,3m,1,STOP,2026-05-04T13:39:00.000Z,2026-05-04T14:05:59.999Z,8,-1.147387,0.2442,1.0363,-114.7387,24.4405,NY,-1
scalp_fade_3m,BTCUSDT,3m,-1,TIME,2026-05-04T16:21:00.000Z,2026-05-04T17:23:59.999Z,20,-0.657720,0.3651,0.5093,-65.7720,13.3783,NY,1
scalp_fade_3m,BTCUSDT,3m,-1,TIME,2026-05-04T18:03:00.000Z,2026-05-04T19:05:59.999Z,20,0.313552,0.9016,0.2578,31.3552,19.4075,NY,1
scalp_fade_3m,BTCUSDT,3m,-1,STOP,2026-05-04T20:00:00.000Z,2026-05-04T20:17:59.999Z,5,-1.217646,0.2285,0.6935,-121.7646,35.9572,NY,1
scalp_fade_3m,BTCUSDT,3m,-1,STOP,2026-05-04T21:03:00.000Z,2026-05-04T21:11:59.999Z,2,-1.223374,0.0000,0.6802,-122.3374,37.0220,LATE,-1
scalp_fade_3m,BTCUSDT,3m,-1,STOP,2026-05-05T05:06:00.000Z,2026-05-05T05:26:59.999Z,6,-1.217654,0.0000,1.7808,-121.7654,35.9214,ASIA,-1
scalp_fade_3m,BTCUSDT,3m,-1,STOP,2026-05-05T07:03:00.000Z,2026-05-05T07:14:59.999Z,3,-1.238536,0.0140,0.6640,-123.8536,39.5029,LONDON,-1
scalp_fade_3m,BTCUSDT,3m,-1,TARGET,2026-05-05T13:33:00.000Z,2026-05-05T14:17:59.999Z,14,1.000261,1.2349,0.7699,100.0261,15.8174,NY,1
scalp_fade_3m,BTCUSDT,3m,-1,TARGET,2026-05-05T16:06:00.000Z,2026-05-05T16:35:59.999Z,9,0.848026,1.0995,0.3447,84.8026,20.6714,NY,1
scalp_fade_3m,BTCUSDT,3m,-1,STOP,2026-05-05T18:09:00.000Z,2026-05-05T18:11:59.999Z,0,-1.219904,0.0000,0.6761,-121.9904,36.5207,NY,1
scalp_fade_3m,BTCUSDT,3m,-1,STOP,2026-05-05T19:18:00.000Z,2026-05-05T19:35:59.999Z,5,-1.236365,0.0000,0.8111,-123.6365,39.0612,NY,-1
scalp_fade_3m,BTCUSDT,3m,-1,STOP,2026-05-05T20:03:00.000Z,2026-05-05T21:05:59.999Z,20,-1.209540,0.5017,0.6976,-120.9540,34.0839,NY,1
scalp_fade_3m,BTCUSDT,3m,1,STOP,2026-05-06T00:03:00.000Z,2026-05-06T00:50:59.999Z,15,-1.191861,1.0103,1.2417,-119.1861,31.5478,ASIA,-1
scalp_fade_3m,BTCUSDT,3m,-1,STOP,2026-05-06T09:33:00.000Z,2026-05-06T09:41:59.999Z,2,-1.154343,0.0000,0.7654,-115.4343,25.5397,LONDON,-1
scalp_fade_3m,BTCUSDT,3m,-1,STOP,2026-05-06T09:48:00.000Z,2026-05-06T10:02:59.999Z,4,-1.155528,0.1152,0.8436,-115.5528,25.6836,LONDON,-1
scalp_fade_3m,BTCUSDT,3m,-1,TARGET,2026-05-06T12:24:00.000Z,2026-05-06T13:02:59.999Z,12,0.941828,1.1654,0.1518,94.1828,17.6794,LONDON,-1
scalp_fade_3m,BTCUSDT,3m,1,TIME,2026-05-06T17:18:00.000Z,2026-05-06T18:20:59.999Z,20,-0.274505,0.3130,0.6513,-27.4505,25.5165,NY,-1
scalp_fade_3m,BTCUSDT,3m,1,TIME,2026-05-06T20:33:00.000Z,2026-05-06T21:35:59.999Z,20,-0.035133,0.5263,0.3377,-3.5133,29.7792,NY,1
scalp_fade_3m,BTCUSDT,3m,1,STOP,2026-05-06T22:03:00.000Z,2026-05-06T22:05:59.999Z,0,-1.244107,0.0000,0.6016,-124.4107,40.7291,LATE,1
scalp_fade_3m,BTCUSDT,3m,1,STOP,2026-05-06T22:06:00.000Z,2026-05-06T22:08:59.999Z,0,-1.235036,0.0000,0.6519,-123.5036,39.2206,LATE,1
scalp_fade_3m,BTCUSDT,3m,1,STOP,2026-05-06T22:48:00.000Z,2026-05-06T23:05:59.999Z,5,-1.250742,0.5279,1.6934,-125.0742,41.6160,LATE,-1
scalp_fade_3m,BTCUSDT,3m,1,TIME,2026-05-07T01:12:00.000Z,2026-05-07T02:14:59.999Z,20,-1.008258,0.5499,0.6790,-100.8258,25.7924,ASIA,-1
scalp_fade_3m,BTCUSDT,3m,1,STOP,2026-05-07T02:33:00.000Z,2026-05-07T03:23:59.999Z,16,-1.183673,0.2662,0.8729,-118.3673,30.1761,ASIA,-1
scalp_fade_3m,BTCUSDT,3m,1,STOP,2026-05-07T03:45:00.000Z,2026-05-07T03:56:59.999Z,3,-1.231810,0.0000,0.8459,-123.1810,38.5637,ASIA,-1
scalp_fade_3m,BTCUSDT,3m,1,TARGET,2026-05-07T04:15:00.000Z,2026-05-07T05:14:59.999Z,19,0.757429,1.1035,0.3049,75.7429,23.5074,ASIA,-1
scalp_fade_3m,BTCUSDT,3m,1,STOP,2026-05-07T06:06:00.000Z,2026-05-07T06:08:59.999Z,0,-1.276565,0.0000,0.7719,-127.6565,46.1270,ASIA,-1
scalp_fade_3m,BTCUSDT,3m,1,STOP,2026-05-07T06:09:00.000Z,2026-05-07T06:14:59.999Z,1,-1.251765,0.0000,0.6798,-125.1765,41.9591,ASIA,-1
scalp_fade_3m,BTCUSDT,3m,-1,TARGET,2026-05-07T07:51:00.000Z,2026-05-07T08:38:59.999Z,15,0.675832,0.9418,0.5821,67.5832,26.0920,LONDON,1
scalp_fade_3m,BTCUSDT,3m,1,TIME,2026-05-07T10:48:00.000Z,2026-05-07T11:50:59.999Z,20,-0.861832,0.6598,0.3972,-86.1832,31.4630,LONDON,-1
scalp_fade_3m,BTCUSDT,3m,1,TARGET,2026-05-07T11:51:00.000Z,2026-05-07T12:11:59.999Z,6,0.666931,0.9441,0.3682,66.6931,26.4669,LONDON,1
scalp_fade_3m,BTCUSDT,3m,1,TARGET,2026-05-07T17:27:00.000Z,2026-05-07T17:56:59.999Z,9,1.009637,1.3069,0.3838,100.9637,15.5742,NY,1
scalp_fade_3m,BTCUSDT,3m,1,STOP,2026-05-07T19:54:00.000Z,2026-05-07T20:38:59.999Z,14,-1.182462,0.9085,0.7893,-118.2462,30.0396,NY,-1
scalp_fade_3m,BTCUSDT,3m,1,TIME,2026-05-07T22:36:00.000Z,2026-05-07T23:38:59.999Z,20,0.088410,0.6145,0.2305,8.8410,29.7135,LATE,-1
scalp_fade_3m,BTCUSDT,3m,1,STOP,2026-05-08T00:30:00.000Z,2026-05-08T00:38:59.999Z,2,-1.206071,0.0000,0.7577,-120.6071,34.3321,ASIA,1
scalp_fade_3m,BTCUSDT,3m,1,STOP,2026-05-08T02:36:00.000Z,2026-05-08T02:56:59.999Z,6,-1.172212,0.0000,0.7563,-117.2212,28.5940,ASIA,-1
scalp_fade_3m,BTCUSDT,3m,1,STOP,2026-05-08T05:48:00.000Z,2026-05-08T06:02:59.999Z,4,-1.255974,0.0429,1.3859,-125.5974,42.5258,ASIA,1
scalp_fade_3m,BTCUSDT,3m,1,STOP,2026-05-08T06:48:00.000Z,2026-05-08T07:05:59.999Z,5,-1.226684,0.0000,0.7932,-122.6684,37.6359,ASIA,-1
scalp_fade_3m,BTCUSDT,3m,-1,STOP,2026-05-08T09:30:00.000Z,2026-05-08T10:05:59.999Z,11,-1.213141,0.3432,0.7711,-121.3141,34.9928,LONDON,1
scalp_fade_3m,BTCUSDT,3m,-1,TARGET,2026-05-08T12:33:00.000Z,2026-05-08T13:08:59.999Z,11,0.866960,1.1314,0.3612,86.6960,20.0591,LONDON,1
scalp_fade_3m,BTCUSDT,3m,1,TARGET,2026-05-08T17:12:00.000Z,2026-05-08T17:32:59.999Z,6,0.858601,1.5752,0.1748,85.8601,20.3822,NY,1
scalp_fade_3m,BTCUSDT,3m,-1,STOP,2026-05-08T18:00:00.000Z,2026-05-08T18:02:59.999Z,0,-1.170816,0.0000,0.8799,-117.0816,28.3385,NY,-1
scalp_fade_3m,BTCUSDT,3m,-1,TIME,2026-05-08T18:03:00.000Z,2026-05-08T19:05:59.999Z,20,0.127007,0.7212,0.4454,12.7007,25.7452,NY,-1
scalp_fade_3m,BTCUSDT,3m,-1,STOP,2026-05-08T20:00:00.000Z,2026-05-08T20:23:59.999Z,7,-1.226125,0.0000,0.6351,-122.6125,37.2860,NY,-1
scalp_fade_3m,BTCUSDT,3m,-1,TIME,2026-05-08T20:33:00.000Z,2026-05-08T21:35:59.999Z,20,-0.985975,0.4685,0.5309,-98.5975,40.9306,NY,1
scalp_fade_3m,BTCUSDT,3m,-1,STOP,2026-05-08T21:36:00.000Z,2026-05-08T22:02:59.999Z,8,-1.266781,0.0953,1.0787,-126.6781,43.9681,LATE,1
scalp_fade_3m,BTCUSDT,3m,-1,STOP,2026-05-09T00:24:00.000Z,2026-05-09T00:35:59.999Z,3,-1.314898,0.0000,0.5351,-131.4898,52.1915,ASIA,1
scalp_fade_3m,BTCUSDT,3m,-1,STOP,2026-05-09T00:51:00.000Z,2026-05-09T00:53:59.999Z,0,-1.335241,0.0000,0.5027,-133.5241,55.7453,ASIA,1
scalp_fade_3m,BTCUSDT,3m,-1,STOP,2026-05-09T01:24:00.000Z,2026-05-09T01:29:59.999Z,1,-1.317491,0.0000,0.6233,-131.7491,52.7317,ASIA,1
scalp_fade_3m,BTCUSDT,3m,-1,STOP,2026-05-09T02:03:00.000Z,2026-05-09T02:11:59.999Z,2,-1.264706,0.0000,0.6554,-126.4706,43.8970,ASIA,1
scalp_fade_3m,BTCUSDT,3m,-1,STOP,2026-05-09T03:06:00.000Z,2026-05-09T03:23:59.999Z,5,-1.281999,0.0000,0.9724,-128.1999,46.6281,ASIA,-1
scalp_fade_3m,BTCUSDT,3m,1,TARGET,2026-05-09T07:51:00.000Z,2026-05-09T08:14:59.999Z,7,0.504438,0.8231,0.4243,50.4438,31.6164,LONDON,1
scalp_fade_3m,BTCUSDT,3m,-1,STOP,2026-05-09T12:24:00.000Z,2026-05-09T12:26:59.999Z,0,-1.329564,0.0000,0.6541,-132.9564,54.7990,LONDON,1
scalp_fade_3m,BTCUSDT,3m,-1,STOP,2026-05-09T13:33:00.000Z,2026-05-09T13:38:59.999Z,1,-1.345998,0.0000,0.4443,-134.5998,57.4784,NY,1
scalp_fade_3m,BTCUSDT,3m,-1,STOP,2026-05-09T13:57:00.000Z,2026-05-09T13:59:59.999Z,0,-1.345704,0.0000,0.4880,-134.5704,57.4892,NY,-1
scalp_fade_3m,BTCUSDT,3m,-1,STOP,2026-05-09T14:12:00.000Z,2026-05-09T14:14:59.999Z,0,-1.327779,0.0000,0.5650,-132.7779,54.5016,NY,1
scalp_fade_3m,BTCUSDT,3m,-1,STOP,2026-05-09T14:45:00.000Z,2026-05-09T15:20:59.999Z,11,-1.266726,0.3100,0.6169,-126.6726,43.8233,NY,1
scalp_fade_3m,BTCUSDT,3m,-1,STOP,2026-05-09T18:00:00.000Z,2026-05-09T18:26:59.999Z,8,-1.246410,0.0000,1.4967,-124.6410,40.6008,NY,1
scalp_fade_3m,BTCUSDT,3m,-1,TIME,2026-05-09T18:45:00.000Z,2026-05-09T19:47:59.999Z,20,-0.616226,0.3494,0.4028,-61.6226,38.7966,NY,1
scalp_fade_3m,BTCUSDT,3m,-1,TIME,2026-05-09T20:09:00.000Z,2026-05-09T21:11:59.999Z,20,-0.921454,0.6434,0.3081,-92.1454,51.3370,NY,-1
scalp_fade_3m,BTCUSDT,3m,-1,STOP,2026-05-09T22:42:00.000Z,2026-05-09T22:44:59.999Z,0,-1.302714,0.0000,0.5761,-130.2714,50.3236,LATE,-1
scalp_fade_3m,BTCUSDT,3m,-1,STOP,2026-05-10T00:03:00.000Z,2026-05-10T00:14:59.999Z,3,-1.325021,0.2364,0.4861,-132.5021,53.8736,ASIA,1
scalp_fade_3m,BTCUSDT,3m,-1,TIME,2026-05-10T00:42:00.000Z,2026-05-10T01:44:59.999Z,20,-0.450862,0.6069,0.4806,-45.0862,44.1380,ASIA,1
scalp_fade_3m,BTCUSDT,3m,-1,STOP,2026-05-10T05:24:00.000Z,2026-05-10T05:26:59.999Z,0,-1.350503,0.0000,0.4536,-135.0503,58.2892,ASIA,-1
scalp_fade_3m,BTCUSDT,3m,-1,STOP,2026-05-10T08:12:00.000Z,2026-05-10T08:17:59.999Z,1,-1.341304,0.0000,0.5080,-134.1304,56.6968,LONDON,1
scalp_fade_3m,BTCUSDT,3m,-1,STOP,2026-05-10T08:18:00.000Z,2026-05-10T08:23:59.999Z,1,-1.342978,0.0000,0.6325,-134.2978,56.9755,LONDON,1
scalp_fade_3m,BTCUSDT,3m,-1,STOP,2026-05-10T08:42:00.000Z,2026-05-10T08:47:59.999Z,1,-1.317193,0.0000,0.4882,-131.7193,52.6821,LONDON,1
scalp_fade_3m,BTCUSDT,3m,-1,STOP,2026-05-10T10:03:00.000Z,2026-05-10T10:11:59.999Z,2,-1.370641,0.5197,0.7773,-137.0641,61.5177,LONDON,-1
scalp_fade_3m,BTCUSDT,3m,-1,STOP,2026-05-10T10:21:00.000Z,2026-05-10T10:53:59.999Z,10,-1.256504,0.0000,0.8170,-125.6504,42.1823,LONDON,1
scalp_fade_3m,BTCUSDT,3m,-1,STOP,2026-05-10T13:42:00.000Z,2026-05-10T14:05:59.999Z,7,-1.302013,0.0000,0.5749,-130.2013,49.8435,NY,1
scalp_fade_3m,BTCUSDT,3m,-1,STOP,2026-05-10T14:54:00.000Z,2026-05-10T15:02:59.999Z,2,-1.231119,0.0000,0.6437,-123.1119,38.3102,NY,-1
scalp_fade_3m,BTCUSDT,3m,-1,STOP,2026-05-10T15:09:00.000Z,2026-05-10T15:38:59.999Z,9,-1.201009,0.0000,0.7730,-120.1009,33.0617,NY,-1
scalp_fade_3m,BTCUSDT,3m,-1,STOP,2026-05-10T17:48:00.000Z,2026-05-10T17:53:59.999Z,1,-1.236212,0.0326,1.2162,-123.6212,39.1982,NY,-1
scalp_fade_3m,BTCUSDT,3m,-1,STOP,2026-05-10T19:12:00.000Z,2026-05-10T19:17:59.999Z,1,-1.230160,0.0000,0.8327,-123.0160,38.1903,NY,-1
scalp_fade_3m,BTCUSDT,3m,1,TARGET,2026-05-10T21:54:00.000Z,2026-05-10T22:02:59.999Z,2,0.884677,1.3833,0.5455,88.4677,19.5765,LATE,1
scalp_fade_3m,BTCUSDT,3m,-1,TARGET,2026-05-11T00:00:00.000Z,2026-05-11T00:17:59.999Z,5,0.946343,1.5206,0.6782,94.6343,17.5711,ASIA,-1
scalp_fade_3m,BTCUSDT,3m,1,TARGET,2026-05-11T05:45:00.000Z,2026-05-11T06:26:59.999Z,13,0.578122,1.2083,0.4713,57.8122,29.2282,ASIA,1
scalp_fade_3m,BTCUSDT,3m,1,STOP,2026-05-11T07:51:00.000Z,2026-05-11T08:11:59.999Z,6,-1.233464,0.0000,0.8835,-123.3464,38.7174,LONDON,-1
scalp_fade_3m,BTCUSDT,3m,1,STOP,2026-05-11T08:18:00.000Z,2026-05-11T08:29:59.999Z,3,-1.231277,0.1416,0.6451,-123.1277,38.4753,LONDON,-1
scalp_fade_3m,BTCUSDT,3m,1,TARGET,2026-05-11T08:30:00.000Z,2026-05-11T09:11:59.999Z,13,0.679420,1.0069,0.3254,67.9420,26.0188,LONDON,-1
scalp_fade_3m,BTCUSDT,3m,-1,STOP,2026-05-11T11:54:00.000Z,2026-05-11T11:59:59.999Z,1,-1.266570,0.0000,0.5616,-126.6570,44.2530,LONDON,1
scalp_fade_3m,BTCUSDT,3m,-1,STOP,2026-05-11T12:09:00.000Z,2026-05-11T12:26:59.999Z,5,-1.248494,0.2815,1.1456,-124.8494,41.0723,LONDON,1
scalp_fade_3m,BTCUSDT,3m,-1,STOP,2026-05-11T13:03:00.000Z,2026-05-11T13:17:59.999Z,4,-1.199771,0.0000,0.7242,-119.9771,33.0274,NY,1
scalp_fade_3m,BTCUSDT,3m,-1,TIME,2026-05-11T19:24:00.000Z,2026-05-11T20:26:59.999Z,20,0.062321,0.5472,0.2333,6.2321,25.0474,NY,-1
scalp_fade_3m,BTCUSDT,3m,-1,TARGET,2026-05-11T23:42:00.000Z,2026-05-12T00:20:59.999Z,12,0.614951,0.9409,0.2407,61.4951,28.0447,LATE,-1
scalp_fade_3m,BTCUSDT,3m,1,TIME,2026-05-12T01:54:00.000Z,2026-05-12T02:56:59.999Z,20,-0.461066,0.1776,0.5351,-46.1066,21.5281,ASIA,-1
scalp_fade_3m,BTCUSDT,3m,1,STOP,2026-05-12T03:45:00.000Z,2026-05-12T03:47:59.999Z,0,-1.286167,0.0000,1.1004,-128.6167,47.7240,ASIA,-1
scalp_fade_3m,BTCUSDT,3m,1,STOP,2026-05-12T03:48:00.000Z,2026-05-12T03:50:59.999Z,0,-1.249059,0.0000,0.6027,-124.9059,41.5527,ASIA,-1
scalp_fade_3m,BTCUSDT,3m,1,STOP,2026-05-12T05:36:00.000Z,2026-05-12T06:32:59.999Z,18,-1.285184,0.1938,0.5839,-128.5184,46.6862,ASIA,-1
scalp_fade_3m,BTCUSDT,3m,1,STOP,2026-05-12T09:06:00.000Z,2026-05-12T09:08:59.999Z,0,-1.257209,0.0000,0.6693,-125.7209,42.9081,LONDON,-1
scalp_fade_3m,BTCUSDT,3m,1,STOP,2026-05-12T11:12:00.000Z,2026-05-12T11:17:59.999Z,1,-1.216746,0.0000,0.6559,-121.6746,36.1412,LONDON,-1
scalp_fade_3m,BTCUSDT,3m,1,STOP,2026-05-12T12:09:00.000Z,2026-05-12T12:32:59.999Z,7,-1.281361,0.9404,0.8052,-128.1361,46.5854,LONDON,-1
scalp_fade_3m,BTCUSDT,3m,1,TARGET,2026-05-12T12:33:00.000Z,2026-05-12T12:38:59.999Z,1,0.811772,1.1590,0.1878,81.1772,21.8998,LONDON,1
scalp_fade_3m,BTCUSDT,3m,1,STOP,2026-05-12T13:48:00.000Z,2026-05-12T13:59:59.999Z,3,-1.158466,0.0695,1.1388,-115.8466,26.4041,NY,-1
scalp_fade_3m,BTCUSDT,3m,1,TIME,2026-05-12T14:09:00.000Z,2026-05-12T15:11:59.999Z,20,-0.297559,0.7302,0.5332,-29.7559,20.7206,NY,-1
scalp_fade_3m,BTCUSDT,3m,1,STOP,2026-05-12T16:18:00.000Z,2026-05-12T16:47:59.999Z,9,-1.148157,0.1899,1.4836,-114.8157,24.5422,NY,-1
scalp_fade_3m,BTCUSDT,3m,-1,TARGET,2026-05-12T23:03:00.000Z,2026-05-12T23:47:59.999Z,14,0.518718,1.0474,0.4558,51.8718,31.0787,LATE,1
scalp_fade_3m,BTCUSDT,3m,-1,TIME,2026-05-13T04:36:00.000Z,2026-05-13T05:38:59.999Z,20,-0.080327,0.5734,0.4514,-8.0327,40.5381,ASIA,-1
scalp_fade_3m,BTCUSDT,3m,-1,TIME,2026-05-13T06:30:00.000Z,2026-05-13T07:32:59.999Z,20,0.056279,0.8773,0.2944,5.6279,40.7187,ASIA,-1
scalp_fade_3m,BTCUSDT,3m,-1,STOP,2026-05-13T08:42:00.000Z,2026-05-13T09:02:59.999Z,6,-1.228966,0.0000,0.9623,-122.8966,37.7952,LONDON,1
scalp_fade_3m,BTCUSDT,3m,1,TARGET,2026-05-13T17:18:00.000Z,2026-05-13T17:47:59.999Z,9,0.785060,1.0165,0.1943,78.5060,22.6975,NY,1
scalp_fade_3m,BTCUSDT,3m,1,STOP,2026-05-13T21:03:00.000Z,2026-05-13T21:08:59.999Z,1,-1.273444,0.0000,1.2277,-127.3444,45.5606,LATE,1
scalp_fade_3m,BTCUSDT,3m,1,STOP,2026-05-13T23:12:00.000Z,2026-05-13T23:29:59.999Z,5,-1.238911,0.0419,0.7681,-123.8911,39.6586,LATE,1
scalp_fade_3m,BTCUSDT,3m,1,STOP,2026-05-13T23:30:00.000Z,2026-05-13T23:35:59.999Z,1,-1.220139,0.0000,0.7213,-122.0139,36.7049,LATE,-1
scalp_fade_3m,BTCUSDT,3m,1,STOP,2026-05-14T02:18:00.000Z,2026-05-14T02:47:59.999Z,9,-1.235118,0.2346,0.7981,-123.5118,38.8703,ASIA,-1
scalp_fade_3m,BTCUSDT,3m,-1,TIME,2026-05-14T08:12:00.000Z,2026-05-14T09:14:59.999Z,20,-0.644923,0.3631,0.5728,-64.4923,32.8415,LONDON,-1
scalp_fade_3m,BTCUSDT,3m,-1,TARGET,2026-05-14T10:12:00.000Z,2026-05-14T10:44:59.999Z,10,0.766737,1.0785,0.4195,76.6737,23.2447,LONDON,-1
scalp_fade_3m,BTCUSDT,3m,-1,TIME,2026-05-14T17:00:00.000Z,2026-05-14T18:02:59.999Z,20,0.294093,1.0854,0.3919,29.4093,15.3228,NY,-1
scalp_fade_3m,BTCUSDT,3m,-1,STOP,2026-05-14T22:06:00.000Z,2026-05-14T22:14:59.999Z,2,-1.235582,0.0000,0.6621,-123.5582,39.0526,LATE,-1
scalp_fade_3m,BTCUSDT,3m,-1,STOP,2026-05-15T00:09:00.000Z,2026-05-15T00:14:59.999Z,1,-1.223554,0.0000,1.0627,-122.3554,37.0904,ASIA,1
scalp_fade_3m,BTCUSDT,3m,1,STOP,2026-05-15T04:45:00.000Z,2026-05-15T04:53:59.999Z,2,-1.208666,0.0000,0.7045,-120.8666,34.7627,ASIA,-1
scalp_fade_3m,BTCUSDT,3m,1,STOP,2026-05-15T05:33:00.000Z,2026-05-15T05:38:59.999Z,1,-1.154566,0.0000,0.9343,-115.4566,25.8112,ASIA,-1
scalp_fade_3m,BTCUSDT,3m,1,TARGET,2026-05-15T07:09:00.000Z,2026-05-15T07:23:59.999Z,4,0.705931,1.4329,0.2161,70.5931,25.2431,LONDON,1
scalp_fade_3m,BTCUSDT,3m,1,STOP,2026-05-15T08:03:00.000Z,2026-05-15T08:17:59.999Z,4,-1.203710,0.0248,0.7736,-120.3710,33.8699,LONDON,1
scalp_fade_3m,BTCUSDT,3m,1,STOP,2026-05-15T12:03:00.000Z,2026-05-15T12:08:59.999Z,1,-1.234574,0.0000,0.8594,-123.4574,39.1030,LONDON,-1
scalp_fade_3m,BTCUSDT,3m,1,STOP,2026-05-15T12:12:00.000Z,2026-05-15T12:14:59.999Z,0,-1.199542,0.0000,0.7352,-119.9542,33.3178,LONDON,-1
scalp_fade_3m,BTCUSDT,3m,1,STOP,2026-05-15T12:24:00.000Z,2026-05-15T12:47:59.999Z,7,-1.188367,0.0358,0.7395,-118.8367,31.2317,LONDON,-1
scalp_fade_3m,BTCUSDT,3m,1,TIME,2026-05-15T16:12:00.000Z,2026-05-15T17:14:59.999Z,20,-0.262873,0.7362,0.2529,-26.2873,29.7662,NY,1
scalp_fade_3m,BTCUSDT,3m,1,STOP,2026-05-15T21:06:00.000Z,2026-05-15T21:50:59.999Z,14,-1.245633,0.2287,0.6196,-124.5633,40.3946,LATE,-1
scalp_fade_3m,BTCUSDT,3m,1,TIME,2026-05-15T23:21:00.000Z,2026-05-16T00:23:59.999Z,20,-0.472898,0.3953,0.4170,-47.2898,49.5032,LATE,1
scalp_fade_3m,BTCUSDT,3m,1,STOP,2026-05-16T00:45:00.000Z,2026-05-16T00:50:59.999Z,1,-1.300294,0.0000,0.5917,-130.0294,50.0212,ASIA,-1
scalp_fade_3m,BTCUSDT,3m,1,STOP,2026-05-16T04:06:00.000Z,2026-05-16T04:11:59.999Z,1,-1.287856,0.0000,0.6493,-128.7856,47.9549,ASIA,-1
scalp_fade_3m,BTCUSDT,3m,1,STOP,2026-05-16T04:12:00.000Z,2026-05-16T04:32:59.999Z,6,-1.276186,0.0000,0.7278,-127.6186,45.7783,ASIA,-1
scalp_fade_3m,BTCUSDT,3m,1,STOP,2026-05-16T05:42:00.000Z,2026-05-16T06:11:59.999Z,9,-1.307649,0.1438,0.5271,-130.7649,50.8207,ASIA,1
scalp_fade_3m,BTCUSDT,3m,1,TIME,2026-05-16T10:36:00.000Z,2026-05-16T11:38:59.999Z,20,0.082320,0.6163,0.5194,8.2320,25.3683,LONDON,-1
scalp_fade_3m,BTCUSDT,3m,1,STOP,2026-05-16T13:33:00.000Z,2026-05-16T13:38:59.999Z,1,-1.243407,0.0000,0.8639,-124.3407,40.5705,NY,-1
scalp_fade_3m,BTCUSDT,3m,1,STOP,2026-05-16T16:42:00.000Z,2026-05-16T16:44:59.999Z,0,-1.247931,0.0000,0.5989,-124.7931,41.3651,NY,-1
scalp_fade_3m,BTCUSDT,3m,1,TIME,2026-05-16T18:42:00.000Z,2026-05-16T19:44:59.999Z,20,-0.803989,0.6511,0.3404,-80.3989,55.4598,NY,-1
scalp_fade_3m,BTCUSDT,3m,1,STOP,2026-05-16T21:00:00.000Z,2026-05-16T21:02:59.999Z,0,-1.347700,0.0000,0.4878,-134.7700,57.9571,LATE,-1
scalp_fade_3m,BTCUSDT,3m,-1,TIME,2026-05-16T21:15:00.000Z,2026-05-16T22:17:59.999Z,20,-0.941170,0.6155,0.3670,-94.1170,54.6435,LATE,1
scalp_fade_3m,BTCUSDT,3m,1,STOP,2026-05-16T23:51:00.000Z,2026-05-16T23:53:59.999Z,0,-1.334113,0.0000,0.6173,-133.4113,55.6977,LATE,-1
scalp_fade_3m,BTCUSDT,3m,1,STOP,2026-05-17T00:12:00.000Z,2026-05-17T00:23:59.999Z,3,-1.298657,0.0000,0.6461,-129.8657,49.6461,ASIA,-1
scalp_fade_3m,BTCUSDT,3m,1,STOP,2026-05-17T07:39:00.000Z,2026-05-17T08:29:59.999Z,16,-1.280288,0.2708,0.5470,-128.0288,45.9809,LONDON,-1
scalp_fade_3m,BTCUSDT,3m,1,TARGET,2026-05-17T09:06:00.000Z,2026-05-17T09:56:59.999Z,16,0.331579,0.9525,0.3460,33.1579,37.0080,LONDON,-1
scalp_fade_3m,BTCUSDT,3m,1,TIME,2026-05-17T15:18:00.000Z,2026-05-17T16:20:59.999Z,20,-0.184761,0.6849,0.3988,-18.4761,38.6545,NY,1
scalp_fade_3m,BTCUSDT,3m,1,STOP,2026-05-17T16:51:00.000Z,2026-05-17T17:02:59.999Z,3,-1.273087,0.1700,0.9543,-127.3087,45.4070,NY,1
scalp_fade_3m,BTCUSDT,3m,1,TARGET,2026-05-17T18:21:00.000Z,2026-05-17T18:59:59.999Z,12,0.632094,0.9910,0.3912,63.2094,27.5260,NY,1
scalp_fade_3m,BTCUSDT,3m,1,TIME,2026-05-18T04:24:00.000Z,2026-05-18T05:26:59.999Z,20,0.173772,0.9393,0.4667,17.3772,33.8320,ASIA,1
scalp_fade_3m,BTCUSDT,3m,1,STOP,2026-05-18T05:48:00.000Z,2026-05-18T06:05:59.999Z,5,-1.207108,0.0000,0.9361,-120.7108,34.3970,ASIA,-1
scalp_fade_3m,BTCUSDT,3m,1,STOP,2026-05-18T06:18:00.000Z,2026-05-18T06:20:59.999Z,0,-1.161116,0.0000,0.7428,-116.1116,26.9273,ASIA,-1
scalp_fade_3m,BTCUSDT,3m,-1,STOP,2026-05-18T12:30:00.000Z,2026-05-18T12:35:59.999Z,1,-1.162241,0.0000,1.1226,-116.2241,26.8812,LONDON,1
scalp_fade_3m,BTCUSDT,3m,1,TIME,2026-05-18T16:09:00.000Z,2026-05-18T17:11:59.999Z,20,0.392387,1.0827,0.4584,39.2387,24.3826,NY,1
scalp_fade_3m,BTCUSDT,3m,1,TIME,2026-05-19T04:03:00.000Z,2026-05-19T05:05:59.999Z,20,-0.094532,0.8073,0.5038,-9.4532,38.9447,ASIA,1
scalp_fade_3m,BTCUSDT,3m,1,STOP,2026-05-19T05:15:00.000Z,2026-05-19T05:17:59.999Z,0,-1.249893,0.0000,0.6677,-124.9893,41.6915,ASIA,-1
scalp_fade_3m,BTCUSDT,3m,1,STOP,2026-05-19T05:18:00.000Z,2026-05-19T05:23:59.999Z,1,-1.241835,0.0000,0.9344,-124.1835,40.3094,ASIA,-1
scalp_fade_3m,BTCUSDT,3m,1,TIME,2026-05-19T05:33:00.000Z,2026-05-19T06:35:59.999Z,20,0.009980,0.8869,0.3522,0.9980,33.8135,ASIA,-1
scalp_fade_3m,BTCUSDT,3m,-1,STOP,2026-05-19T06:39:00.000Z,2026-05-19T07:11:59.999Z,10,-1.220983,0.1292,0.6595,-122.0983,36.3226,ASIA,1
scalp_fade_3m,BTCUSDT,3m,1,STOP,2026-05-19T10:39:00.000Z,2026-05-19T10:47:59.999Z,2,-1.206237,0.2111,0.7177,-120.6237,34.3597,LONDON,1
scalp_fade_3m,BTCUSDT,3m,1,STOP,2026-05-19T11:21:00.000Z,2026-05-19T11:41:59.999Z,6,-1.197266,0.0000,0.8913,-119.7266,32.7349,LONDON,1
scalp_fade_3m,BTCUSDT,3m,1,STOP,2026-05-19T13:06:00.000Z,2026-05-19T13:20:59.999Z,4,-1.229170,0.0939,0.8013,-122.9170,38.0865,NY,1
scalp_fade_3m,BTCUSDT,3m,1,TARGET,2026-05-19T13:27:00.000Z,2026-05-19T13:38:59.999Z,3,0.909223,1.4148,0.2574,90.9223,18.7911,NY,-1
scalp_fade_3m,BTCUSDT,3m,1,STOP,2026-05-19T13:45:00.000Z,2026-05-19T14:20:59.999Z,11,-1.129263,0.7028,1.1528,-112.9263,21.3850,NY,-1
scalp_fade_3m,BTCUSDT,3m,1,TIME,2026-05-19T15:27:00.000Z,2026-05-19T16:29:59.999Z,20,0.040423,0.6708,0.2405,4.0423,25.5336,NY,-1
scalp_fade_3m,BTCUSDT,3m,-1,STOP,2026-05-19T21:30:00.000Z,2026-05-19T21:32:59.999Z,0,-1.333416,0.0000,0.5249,-133.3416,55.4411,LATE,1
scalp_fade_3m,BTCUSDT,3m,-1,TARGET,2026-05-20T00:03:00.000Z,2026-05-20T00:11:59.999Z,2,0.522037,1.1179,0.3240,52.2037,31.0791,ASIA,1
scalp_fade_3m,BTCUSDT,3m,1,STOP,2026-05-20T00:33:00.000Z,2026-05-20T01:29:59.999Z,18,-1.182002,0.6071,0.8284,-118.2002,29.8416,ASIA,-1
scalp_fade_3m,BTCUSDT,3m,1,TIME,2026-05-20T03:00:00.000Z,2026-05-20T04:02:59.999Z,20,-0.251549,0.4522,0.6057,-25.1549,36.7037,ASIA,-1
scalp_fade_3m,BTCUSDT,3m,1,STOP,2026-05-20T04:30:00.000Z,2026-05-20T04:35:59.999Z,1,-1.284308,0.0000,0.6720,-128.4308,47.3655,ASIA,1
scalp_fade_3m,BTCUSDT,3m,1,TARGET,2026-05-20T04:39:00.000Z,2026-05-20T05:11:59.999Z,10,0.546671,2.7139,0.3693,54.6671,30.2503,ASIA,1
scalp_fade_3m,BTCUSDT,3m,-1,TIME,2026-05-20T07:33:00.000Z,2026-05-20T08:35:59.999Z,20,-0.750419,0.5395,0.4498,-75.0419,37.4777,LONDON,1
scalp_fade_3m,BTCUSDT,3m,-1,STOP,2026-05-20T12:03:00.000Z,2026-05-20T12:26:59.999Z,7,-1.275370,0.2209,0.7759,-127.5370,45.4347,LONDON,-1
scalp_fade_3m,BTCUSDT,3m,-1,STOP,2026-05-20T12:27:00.000Z,2026-05-20T12:35:59.999Z,2,-1.243241,0.0000,0.6171,-124.3241,40.3265,LONDON,1
scalp_fade_3m,BTCUSDT,3m,-1,STOP,2026-05-20T14:18:00.000Z,2026-05-20T15:17:59.999Z,19,-1.100988,0.1219,1.1148,-110.0988,16.3763,NY,-1
scalp_fade_3m,BTCUSDT,3m,-1,TIME,2026-05-20T15:18:00.000Z,2026-05-20T16:20:59.999Z,20,0.614077,1.0217,0.4561,61.4077,20.3517,NY,1
scalp_fade_3m,BTCUSDT,3m,-1,STOP,2026-05-20T17:15:00.000Z,2026-05-20T17:26:59.999Z,3,-1.171680,0.0058,0.7709,-117.1680,28.3940,NY,-1
scalp_fade_3m,BTCUSDT,3m,-1,TIME,2026-05-20T18:03:00.000Z,2026-05-20T19:05:59.999Z,20,0.236537,0.8035,0.4130,23.6537,33.4743,NY,-1
scalp_fade_3m,BTCUSDT,3m,-1,STOP,2026-05-20T19:21:00.000Z,2026-05-20T19:32:59.999Z,3,-1.224736,0.0000,0.7344,-122.4736,37.2100,NY,-1
scalp_fade_3m,BTCUSDT,3m,-1,STOP,2026-05-20T20:18:00.000Z,2026-05-20T20:47:59.999Z,9,-1.199793,0.5151,0.7222,-119.9793,32.8609,NY,1
scalp_fade_3m,BTCUSDT,3m,-1,TARGET,2026-05-20T21:03:00.000Z,2026-05-20T22:02:59.999Z,19,0.666401,1.3815,0.6123,66.6401,26.3610,LATE,1
scalp_fade_3m,BTCUSDT,3m,-1,STOP,2026-05-21T01:21:00.000Z,2026-05-21T02:23:59.999Z,20,-1.169509,0.2550,0.7528,-116.9509,27.5476,ASIA,1
scalp_fade_3m,BTCUSDT,3m,-1,TARGET,2026-05-21T06:24:00.000Z,2026-05-21T06:50:59.999Z,8,0.639966,1.2701,0.2341,63.9966,27.2825,ASIA,-1
scalp_fade_3m,BTCUSDT,3m,1,TIME,2026-05-21T10:27:00.000Z,2026-05-21T11:29:59.999Z,20,-0.132798,0.7794,0.3181,-13.2798,27.5675,LONDON,-1
scalp_fade_3m,BTCUSDT,3m,1,STOP,2026-05-21T12:06:00.000Z,2026-05-21T12:14:59.999Z,2,-1.238642,0.0000,0.6083,-123.8642,39.7376,LONDON,1
scalp_fade_3m,BTCUSDT,3m,1,STOP,2026-05-21T13:33:00.000Z,2026-05-21T13:38:59.999Z,1,-1.203736,0.0216,1.4328,-120.3736,33.9799,NY,-1
scalp_fade_3m,BTCUSDT,3m,1,STOP,2026-05-21T16:21:00.000Z,2026-05-21T16:44:59.999Z,7,-1.180362,0.2461,0.7725,-118.0362,29.9101,NY,1
scalp_fade_3m,BTCUSDT,3m,-1,TIME,2026-05-21T21:03:00.000Z,2026-05-21T22:05:59.999Z,20,-0.504776,0.6555,0.3601,-50.4776,39.1136,LATE,-1
scalp_fade_3m,BTCUSDT,3m,1,TARGET,2026-05-22T01:36:00.000Z,2026-05-22T01:50:59.999Z,4,0.687024,1.1545,0.2627,68.7024,25.8437,ASIA,-1
scalp_fade_3m,BTCUSDT,3m,-1,STOP,2026-05-22T02:27:00.000Z,2026-05-22T02:47:59.999Z,6,-1.247752,0.0000,0.6379,-124.7752,40.9070,ASIA,1
scalp_fade_3m,BTCUSDT,3m,-1,STOP,2026-05-22T02:48:00.000Z,2026-05-22T03:02:59.999Z,4,-1.260820,0.0000,0.6798,-126.0820,43.1609,ASIA,-1
scalp_fade_3m,BTCUSDT,3m,-1,STOP,2026-05-22T03:54:00.000Z,2026-05-22T04:02:59.999Z,2,-1.298933,0.0000,0.5826,-129.8933,49.5901,ASIA,1
scalp_fade_3m,BTCUSDT,3m,-1,TARGET,2026-05-22T04:21:00.000Z,2026-05-22T04:47:59.999Z,8,0.403977,0.8702,0.4927,40.3977,34.7742,ASIA,1
scalp_fade_3m,BTCUSDT,3m,1,STOP,2026-05-22T06:45:00.000Z,2026-05-22T06:56:59.999Z,3,-1.279519,0.0000,0.9477,-127.9519,46.4733,ASIA,-1
scalp_fade_3m,BTCUSDT,3m,1,STOP,2026-05-22T08:12:00.000Z,2026-05-22T08:35:59.999Z,7,-1.264302,0.4491,1.4504,-126.4302,43.7690,LONDON,-1
scalp_fade_3m,BTCUSDT,3m,1,TIME,2026-05-22T08:36:00.000Z,2026-05-22T09:38:59.999Z,20,-0.756653,0.1631,0.5890,-75.6653,32.4434,LONDON,-1
scalp_fade_3m,BTCUSDT,3m,1,STOP,2026-05-22T10:18:00.000Z,2026-05-22T11:17:59.999Z,19,-1.303714,0.2968,0.5366,-130.3714,49.6606,LONDON,1
scalp_fade_3m,BTCUSDT,3m,1,STOP,2026-05-22T13:24:00.000Z,2026-05-22T13:29:59.999Z,1,-1.235434,0.0000,0.6893,-123.5434,39.2459,NY,1
scalp_fade_3m,BTCUSDT,3m,1,STOP,2026-05-22T17:18:00.000Z,2026-05-22T17:20:59.999Z,0,-1.240679,0.0000,0.8346,-124.0679,40.1590,NY,1
scalp_fade_3m,BTCUSDT,3m,1,STOP,2026-05-22T17:21:00.000Z,2026-05-22T17:23:59.999Z,0,-1.217469,0.0000,0.7251,-121.7469,36.2990,NY,1
scalp_fade_3m,BTCUSDT,3m,1,STOP,2026-05-22T21:45:00.000Z,2026-05-22T22:05:59.999Z,6,-1.246176,0.2314,0.8408,-124.6176,40.8185,LATE,1
scalp_fade_3m,BTCUSDT,3m,1,STOP,2026-05-22T23:48:00.000Z,2026-05-22T23:50:59.999Z,0,-1.183856,0.0000,0.8111,-118.3856,30.7091,LATE,1
scalp_fade_3m,BTCUSDT,3m,1,TIME,2026-05-23T01:48:00.000Z,2026-05-23T02:50:59.999Z,20,-0.027662,0.6754,0.2232,-2.7662,37.1556,ASIA,-1
scalp_fade_3m,BTCUSDT,3m,1,STOP,2026-05-23T05:21:00.000Z,2026-05-23T05:26:59.999Z,1,-1.335017,0.0000,0.4974,-133.5017,55.7899,ASIA,-1
scalp_fade_3m,BTCUSDT,3m,1,STOP,2026-05-23T05:48:00.000Z,2026-05-23T05:50:59.999Z,0,-1.346125,0.0000,0.4578,-134.6125,57.6953,ASIA,-1
scalp_fade_3m,BTCUSDT,3m,1,STOP,2026-05-23T07:03:00.000Z,2026-05-23T07:05:59.999Z,0,-1.316903,0.0000,0.6166,-131.6903,52.8355,LONDON,-1
scalp_fade_3m,BTCUSDT,3m,1,STOP,2026-05-23T07:39:00.000Z,2026-05-23T07:44:59.999Z,1,-1.228975,0.0000,0.6507,-122.8975,38.1728,LONDON,-1
scalp_fade_3m,BTCUSDT,3m,-1,TIME,2026-05-23T16:51:00.000Z,2026-05-23T17:53:59.999Z,20,-0.760579,0.6764,0.4078,-76.0579,45.3315,NY,-1
scalp_fade_3m,BTCUSDT,3m,-1,STOP,2026-05-23T18:03:00.000Z,2026-05-23T18:05:59.999Z,0,-1.283465,0.0000,0.8758,-128.3465,47.1152,NY,1
scalp_fade_3m,BTCUSDT,3m,-1,STOP,2026-05-23T18:06:00.000Z,2026-05-23T18:14:59.999Z,2,-1.256740,0.0000,1.6510,-125.6740,42.5720,NY,1
scalp_fade_3m,BTCUSDT,3m,-1,STOP,2026-05-23T20:33:00.000Z,2026-05-23T20:38:59.999Z,1,-1.150826,0.1600,1.7247,-115.0826,24.9807,NY,1
scalp_fade_3m,BTCUSDT,3m,-1,STOP,2026-05-24T00:03:00.000Z,2026-05-24T00:41:59.999Z,12,-1.209389,0.1718,0.7214,-120.9389,34.3392,ASIA,1
scalp_fade_3m,BTCUSDT,3m,-1,TIME,2026-05-24T00:48:00.000Z,2026-05-24T01:50:59.999Z,20,-0.556959,0.5345,0.2461,-55.6959,33.4684,ASIA,-1
scalp_fade_3m,BTCUSDT,3m,-1,TARGET,2026-05-24T03:06:00.000Z,2026-05-24T03:44:59.999Z,12,0.602350,0.9735,0.5826,60.2350,28.4443,ASIA,-1
scalp_fade_3m,BTCUSDT,3m,-1,TIME,2026-05-24T04:03:00.000Z,2026-05-24T05:05:59.999Z,20,-0.313548,0.4448,0.2343,-31.3548,39.0168,ASIA,-1
scalp_fade_3m,BTCUSDT,3m,-1,STOP,2026-05-24T05:51:00.000Z,2026-05-24T05:53:59.999Z,0,-1.293663,0.0000,0.7150,-129.3663,48.8149,ASIA,-1
scalp_fade_3m,BTCUSDT,3m,-1,STOP,2026-05-24T10:03:00.000Z,2026-05-24T10:08:59.999Z,1,-1.263778,0.0000,0.6166,-126.3778,43.7881,LONDON,-1
scalp_fade_3m,BTCUSDT,3m,1,STOP,2026-05-24T18:27:00.000Z,2026-05-24T18:32:59.999Z,1,-1.254767,0.0000,0.6605,-125.4767,42.4579,NY,-1
scalp_fade_3m,BTCUSDT,3m,1,TIME,2026-05-24T18:51:00.000Z,2026-05-24T19:53:59.999Z,20,-0.100010,0.6507,0.2663,-10.0010,41.3689,NY,-1
scalp_fade_3m,BTCUSDT,3m,1,STOP,2026-05-24T20:27:00.000Z,2026-05-24T21:29:59.999Z,20,-1.233366,0.3729,1.0632,-123.3366,38.1489,NY,1
scalp_fade_3m,BTCUSDT,3m,-1,TIME,2026-05-25T00:51:00.000Z,2026-05-25T01:53:59.999Z,20,-0.236064,0.5572,0.4457,-23.6064,31.5852,ASIA,-1
scalp_fade_3m,BTCUSDT,3m,-1,STOP,2026-05-25T02:06:00.000Z,2026-05-25T02:08:59.999Z,0,-1.186738,0.0000,1.4932,-118.6738,30.9925,ASIA,-1
scalp_fade_3m,BTCUSDT,3m,-1,STOP,2026-05-25T06:09:00.000Z,2026-05-25T06:11:59.999Z,0,-1.250698,0.3747,1.3834,-125.0698,41.6535,ASIA,1
scalp_fade_3m,BTCUSDT,3m,-1,TIME,2026-05-25T06:12:00.000Z,2026-05-25T07:14:59.999Z,20,-0.392891,0.5206,0.6978,-39.2891,29.8921,ASIA,1
scalp_fade_3m,BTCUSDT,3m,-1,STOP,2026-05-25T08:36:00.000Z,2026-05-25T08:56:59.999Z,6,-1.277576,0.0562,0.7858,-127.7576,45.8472,LONDON,-1
scalp_fade_3m,BTCUSDT,3m,-1,TIME,2026-05-25T10:36:00.000Z,2026-05-25T11:38:59.999Z,20,-0.566036,0.7099,0.2670,-56.6036,44.4840,LONDON,-1
scalp_fade_3m,BTCUSDT,3m,-1,STOP,2026-05-25T12:30:00.000Z,2026-05-25T13:08:59.999Z,12,-1.271335,0.3061,0.6148,-127.1335,44.5371,LONDON,-1
scalp_fade_3m,BTCUSDT,3m,-1,STOP,2026-05-25T14:06:00.000Z,2026-05-25T14:20:59.999Z,4,-1.245288,0.0000,0.8048,-124.5288,40.5829,NY,-1
scalp_fade_3m,BTCUSDT,3m,-1,TIME,2026-05-25T15:18:00.000Z,2026-05-25T16:20:59.999Z,20,-0.072615,0.4669,0.4568,-7.2615,28.7852,NY,1
scalp_fade_3m,BTCUSDT,3m,-1,STOP,2026-05-25T16:24:00.000Z,2026-05-25T16:44:59.999Z,6,-1.242696,0.0000,0.6611,-124.2696,40.0695,NY,-1
scalp_fade_3m,BTCUSDT,3m,-1,TARGET,2026-05-25T18:36:00.000Z,2026-05-25T19:02:59.999Z,8,0.328041,1.1673,0.3588,32.8041,37.1849,NY,-1
scalp_fade_3m,BTCUSDT,3m,1,STOP,2026-05-25T20:30:00.000Z,2026-05-25T20:35:59.999Z,1,-1.305018,0.0000,1.2634,-130.5018,50.8060,NY,1
scalp_fade_3m,BTCUSDT,3m,1,STOP,2026-05-25T20:36:00.000Z,2026-05-25T20:44:59.999Z,2,-1.240365,0.1438,0.7082,-124.0365,40.0236,NY,1
scalp_fade_3m,BTCUSDT,3m,1,STOP,2026-05-25T21:39:00.000Z,2026-05-25T22:32:59.999Z,17,-1.265251,0.7084,1.2168,-126.5251,43.4766,LATE,1
scalp_fade_3m,BTCUSDT,3m,1,STOP,2026-05-26T00:03:00.000Z,2026-05-26T00:11:59.999Z,2,-1.271655,0.0000,0.7146,-127.1655,45.2165,ASIA,1
scalp_fade_3m,BTCUSDT,3m,1,STOP,2026-05-26T02:03:00.000Z,2026-05-26T02:47:59.999Z,14,-1.185203,0.3910,0.8726,-118.5203,30.4887,ASIA,-1
scalp_fade_3m,BTCUSDT,3m,1,TIME,2026-05-26T03:33:00.000Z,2026-05-26T04:35:59.999Z,20,-0.120059,0.5200,0.3086,-12.0059,35.8664,ASIA,-1
scalp_fade_3m,BTCUSDT,3m,1,STOP,2026-05-26T06:03:00.000Z,2026-05-26T06:29:59.999Z,8,-1.260896,0.1710,0.6228,-126.0896,43.1620,ASIA,1
scalp_fade_3m,BTCUSDT,3m,1,TARGET,2026-05-26T06:30:00.000Z,2026-05-26T06:41:59.999Z,3,0.561483,1.0783,0.2848,56.1483,29.8398,ASIA,-1
scalp_fade_3m,BTCUSDT,3m,1,STOP,2026-05-26T08:51:00.000Z,2026-05-26T09:02:59.999Z,3,-1.267552,0.0556,0.5560,-126.7552,44.4894,LONDON,1
scalp_fade_3m,BTCUSDT,3m,1,STOP,2026-05-26T09:42:00.000Z,2026-05-26T10:05:59.999Z,7,-1.237506,0.0000,0.8287,-123.7506,39.3448,LONDON,-1
scalp_fade_3m,BTCUSDT,3m,-1,STOP,2026-05-26T13:48:00.000Z,2026-05-26T13:50:59.999Z,0,-1.156852,0.0000,1.5647,-115.6852,26.0110,NY,1
scalp_fade_3m,BTCUSDT,3m,1,STOP,2026-05-26T22:06:00.000Z,2026-05-26T22:14:59.999Z,2,-1.211871,0.0029,0.6563,-121.1871,35.2947,LATE,-1
scalp_fade_3m,BTCUSDT,3m,1,STOP,2026-05-27T01:21:00.000Z,2026-05-27T02:05:59.999Z,14,-1.217832,0.3735,0.6459,-121.7832,35.8373,ASIA,1
scalp_fade_3m,BTCUSDT,3m,1,STOP,2026-05-27T15:45:00.000Z,2026-05-27T16:35:59.999Z,16,-1.139506,0.5619,0.8046,-113.9506,22.9511,NY,1
scalp_fade_3m,BTCUSDT,3m,1,TIME,2026-05-27T23:54:00.000Z,2026-05-28T00:56:59.999Z,20,-0.216865,0.6217,0.2415,-21.6865,29.3528,LATE,-1
scalp_fade_3m,BTCUSDT,3m,1,STOP,2026-05-28T03:12:00.000Z,2026-05-28T03:17:59.999Z,1,-1.165109,0.0469,1.1099,-116.5109,27.5627,ASIA,1
scalp_fade_3m,BTCUSDT,3m,1,STOP,2026-05-28T05:33:00.000Z,2026-05-28T06:29:59.999Z,18,-1.184821,0.1443,0.7497,-118.4821,30.3018,ASIA,-1
scalp_fade_3m,BTCUSDT,3m,1,STOP,2026-05-28T10:21:00.000Z,2026-05-28T10:23:59.999Z,0,-1.239826,0.0000,0.8404,-123.9826,40.0172,LONDON,1
scalp_fade_3m,BTCUSDT,3m,1,STOP,2026-05-28T10:51:00.000Z,2026-05-28T10:53:59.999Z,0,-1.221796,0.0000,0.7310,-122.1796,37.0187,LONDON,1
scalp_fade_3m,BTCUSDT,3m,1,TIME,2026-05-28T10:54:00.000Z,2026-05-28T11:56:59.999Z,20,-0.219637,0.4927,0.6001,-21.9637,34.9886,LONDON,-1
scalp_fade_3m,BTCUSDT,3m,1,STOP,2026-05-28T12:03:00.000Z,2026-05-28T12:17:59.999Z,4,-1.236249,0.1539,0.6557,-123.6249,39.2589,LONDON,-1
scalp_fade_3m,BTCUSDT,3m,1,STOP,2026-05-28T12:30:00.000Z,2026-05-28T13:17:59.999Z,15,-1.225840,0.8155,0.9675,-122.5840,37.1120,LONDON,1
scalp_fade_3m,BTCUSDT,3m,-1,STOP,2026-05-28T20:12:00.000Z,2026-05-28T20:29:59.999Z,5,-1.154480,0.0829,0.7934,-115.4480,25.4832,NY,-1
scalp_fade_3m,BTCUSDT,3m,-1,STOP,2026-05-29T08:03:00.000Z,2026-05-29T08:23:59.999Z,6,-1.193798,0.0955,0.7967,-119.3798,31.9696,LONDON,1
scalp_fade_3m,BTCUSDT,3m,1,STOP,2026-05-29T22:51:00.000Z,2026-05-29T23:14:59.999Z,7,-1.243162,0.1238,0.5969,-124.3162,40.2786,LATE,1
scalp_fade_3m,BTCUSDT,3m,1,STOP,2026-05-29T23:18:00.000Z,2026-05-29T23:23:59.999Z,1,-1.235155,0.0106,0.6881,-123.5155,39.1996,LATE,-1
scalp_fade_3m,BTCUSDT,3m,1,TARGET,2026-05-30T05:03:00.000Z,2026-05-30T05:05:59.999Z,0,0.689033,1.4716,0.3449,68.9033,25.8091,ASIA,-1
scalp_fade_3m,BTCUSDT,3m,1,TARGET,2026-05-30T06:09:00.000Z,2026-05-30T06:35:59.999Z,8,0.419431,0.8658,0.3763,41.9431,34.3045,ASIA,1
scalp_fade_3m,BTCUSDT,3m,1,STOP,2026-05-30T07:54:00.000Z,2026-05-30T08:20:59.999Z,8,-1.352985,0.0000,0.5097,-135.2985,58.3507,LONDON,-1
scalp_fade_3m,BTCUSDT,3m,1,STOP_GAP,2026-05-30T08:42:00.000Z,2026-05-30T08:44:59.999Z,0,-1.423604,0.0000,0.3881,-142.3604,64.6909,LONDON,-1
scalp_fade_3m,BTCUSDT,3m,1,STOP_GAP,2026-05-30T08:57:00.000Z,2026-05-30T08:59:59.999Z,0,-1.435619,0.0000,0.4633,-143.5619,65.2369,LONDON,-1
scalp_fade_3m,BTCUSDT,3m,1,STOP_GAP,2026-05-30T09:06:00.000Z,2026-05-30T09:08:59.999Z,0,-1.383558,0.0000,0.3772,-138.3558,62.8711,LONDON,-1
scalp_fade_3m,BTCUSDT,3m,-1,STOP_GAP,2026-05-30T12:21:00.000Z,2026-05-30T12:23:59.999Z,0,-1.448470,0.0000,0.4682,-144.8470,65.8209,LONDON,1
scalp_fade_3m,BTCUSDT,3m,-1,STOP,2026-05-30T13:42:00.000Z,2026-05-30T13:47:59.999Z,1,-1.289431,0.0000,0.6279,-128.9431,48.0595,NY,1
scalp_fade_3m,BTCUSDT,3m,-1,TIME,2026-05-30T15:54:00.000Z,2026-05-30T16:56:59.999Z,20,-0.805514,0.1589,0.4239,-80.5514,40.9823,NY,-1
scalp_fade_3m,BTCUSDT,3m,-1,STOP,2026-05-30T17:03:00.000Z,2026-05-30T17:20:59.999Z,5,-1.333826,0.1909,0.5323,-133.3826,55.2219,NY,1
scalp_fade_3m,BTCUSDT,3m,-1,STOP,2026-05-30T17:21:00.000Z,2026-05-30T17:23:59.999Z,0,-1.307593,0.0000,0.6733,-130.7593,51.1368,NY,1
scalp_fade_3m,BTCUSDT,3m,-1,STOP,2026-05-30T18:33:00.000Z,2026-05-30T18:44:59.999Z,3,-1.265363,0.0000,0.6515,-126.5363,43.9606,NY,1
scalp_fade_3m,BTCUSDT,3m,-1,STOP,2026-05-30T19:39:00.000Z,2026-05-30T19:41:59.999Z,0,-1.329544,0.0000,0.4702,-132.9544,54.7957,NY,1
scalp_fade_3m,BTCUSDT,3m,-1,STOP,2026-05-30T19:45:00.000Z,2026-05-30T19:47:59.999Z,0,-1.334361,0.0000,0.6844,-133.4361,55.5986,NY,1
scalp_fade_3m,BTCUSDT,3m,-1,STOP,2026-05-30T21:00:00.000Z,2026-05-30T21:02:59.999Z,0,-1.357856,0.0000,0.4850,-135.7856,59.5147,LATE,-1
scalp_fade_3m,BTCUSDT,3m,-1,STOP_GAP,2026-05-30T21:15:00.000Z,2026-05-30T21:17:59.999Z,0,-1.423573,0.0000,0.4712,-142.3573,64.6895,LATE,-1
scalp_fade_3m,BTCUSDT,3m,-1,TARGET,2026-05-30T22:00:00.000Z,2026-05-30T22:08:59.999Z,2,0.358859,0.8277,0.3112,35.8859,36.2683,LATE,1
scalp_fade_3m,BTCUSDT,3m,-1,TARGET,2026-05-30T23:03:00.000Z,2026-05-30T23:35:59.999Z,10,0.447175,0.8905,0.4214,44.7175,33.3839,LATE,-1
scalp_fade_3m,BTCUSDT,3m,-1,STOP,2026-05-31T00:51:00.000Z,2026-05-31T00:56:59.999Z,1,-1.286001,0.0000,0.7241,-128.6001,47.4885,ASIA,1
scalp_fade_3m,BTCUSDT,3m,-1,TARGET,2026-05-31T01:33:00.000Z,2026-05-31T02:35:59.999Z,20,0.744458,1.2111,0.5050,74.4458,23.8839,ASIA,1
scalp_fade_3m,BTCUSDT,3m,-1,STOP,2026-05-31T02:57:00.000Z,2026-05-31T03:26:59.999Z,9,-1.213112,0.0000,0.8745,-121.3112,35.0602,ASIA,-1
scalp_fade_3m,BTCUSDT,3m,-1,STOP,2026-05-31T04:21:00.000Z,2026-05-31T04:23:59.999Z,0,-1.320232,0.0000,0.6324,-132.0232,53.2436,ASIA,-1
scalp_fade_3m,BTCUSDT,3m,-1,STOP,2026-05-31T06:33:00.000Z,2026-05-31T06:35:59.999Z,0,-1.333867,0.0000,0.4920,-133.3867,55.5162,ASIA,-1
scalp_fade_3m,BTCUSDT,3m,1,STOP,2026-05-31T09:54:00.000Z,2026-05-31T09:59:59.999Z,1,-1.280164,0.0000,0.7909,-128.0164,46.6771,LONDON,1
scalp_fade_3m,BTCUSDT,3m,1,TIME,2026-05-31T12:03:00.000Z,2026-05-31T13:05:59.999Z,20,-1.157587,0.4026,0.4862,-115.7587,49.1768,LONDON,1
scalp_fade_3m,BTCUSDT,3m,1,STOP,2026-05-31T13:39:00.000Z,2026-05-31T13:50:59.999Z,3,-1.300837,0.0000,0.5127,-130.0837,50.0076,NY,-1
scalp_fade_3m,BTCUSDT,3m,1,STOP,2026-05-31T18:03:00.000Z,2026-05-31T18:20:59.999Z,5,-1.296409,0.0798,0.5143,-129.6409,49.1714,NY,1
scalp_fade_3m,BTCUSDT,3m,1,STOP,2026-05-31T19:06:00.000Z,2026-05-31T19:11:59.999Z,1,-1.307603,0.0000,0.4948,-130.7603,51.2356,NY,-1
scalp_fade_3m,BTCUSDT,3m,1,STOP,2026-05-31T21:15:00.000Z,2026-05-31T21:26:59.999Z,3,-1.335321,0.0916,0.7891,-133.5321,55.7247,LATE,1
scalp_fade_3m,BTCUSDT,3m,1,TARGET,2026-06-01T02:09:00.000Z,2026-06-01T02:44:59.999Z,11,0.929920,1.2464,0.3339,92.9920,18.0925,ASIA,1
scalp_fade_3m,BTCUSDT,3m,1,STOP,2026-06-01T06:51:00.000Z,2026-06-01T07:17:59.999Z,8,-1.155818,0.0000,0.8561,-115.5818,25.8311,ASIA,-1
scalp_fade_3m,BTCUSDT,3m,1,TARGET,2026-06-01T08:42:00.000Z,2026-06-01T09:29:59.999Z,15,0.878276,1.0829,0.6777,87.8276,19.7073,LONDON,-1
scalp_fade_3m,BTCUSDT,3m,1,STOP,2026-06-01T09:54:00.000Z,2026-06-01T10:05:59.999Z,3,-1.193144,0.0000,0.8320,-119.3144,32.1533,LONDON,-1
scalp_fade_3m,BTCUSDT,3m,1,TIME,2026-06-01T14:00:00.000Z,2026-06-01T15:02:59.999Z,20,-0.398251,0.2230,0.5522,-39.8251,11.1694,NY,-1
scalp_fade_3m,BTCUSDT,3m,1,STOP,2026-06-02T00:06:00.000Z,2026-06-02T00:20:59.999Z,4,-1.169249,0.0000,0.7870,-116.9249,28.1626,ASIA,1
scalp_fade_3m,BTCUSDT,3m,1,STOP,2026-06-02T04:09:00.000Z,2026-06-02T04:11:59.999Z,0,-1.187804,0.0000,0.7694,-118.7804,31.3656,ASIA,1
scalp_fade_3m,BTCUSDT,3m,1,STOP,2026-06-02T06:54:00.000Z,2026-06-02T06:56:59.999Z,0,-1.120936,0.0000,0.8096,-112.0936,20.2451,ASIA,-1
scalp_fade_3m,BTCUSDT,3m,1,STOP,2026-06-02T08:30:00.000Z,2026-06-02T08:50:59.999Z,6,-1.140743,0.0686,0.9464,-114.0743,23.3931,LONDON,-1
scalp_fade_3m,BTCUSDT,3m,1,TIME,2026-06-02T10:24:00.000Z,2026-06-02T11:26:59.999Z,20,-0.749314,0.4024,0.5355,-74.9314,23.6351,LONDON,-1
scalp_fade_3m,BTCUSDT,3m,1,STOP,2026-06-02T12:06:00.000Z,2026-06-02T12:32:59.999Z,8,-1.162165,0.3653,0.7685,-116.2165,26.8778,LONDON,1
scalp_fade_3m,BTCUSDT,3m,1,TIME,2026-06-02T16:39:00.000Z,2026-06-02T17:41:59.999Z,20,-0.611731,0.5591,0.7664,-61.1731,18.7741,NY,1
scalp_fade_3m,BTCUSDT,3m,1,STOP,2026-06-03T01:03:00.000Z,2026-06-03T01:44:59.999Z,13,-1.128204,0.6074,1.1958,-112.8204,21.1673,ASIA,1
scalp_fade_3m,BTCUSDT,3m,1,STOP,2026-06-03T02:57:00.000Z,2026-06-03T03:11:59.999Z,4,-1.127501,0.0000,0.8485,-112.7501,21.2485,ASIA,-1
scalp_fade_3m,BTCUSDT,3m,-1,TIME,2026-06-03T07:18:00.000Z,2026-06-03T08:20:59.999Z,20,0.127786,0.6073,0.3029,12.7786,19.7199,LONDON,1
scalp_fade_3m,BTCUSDT,3m,-1,TARGET,2026-06-03T08:33:00.000Z,2026-06-03T09:20:59.999Z,15,0.864954,1.1900,0.5115,86.4954,20.1000,LONDON,-1
scalp_fade_3m,BTCUSDT,3m,-1,TIME,2026-06-03T12:33:00.000Z,2026-06-03T13:35:59.999Z,20,-0.021226,0.7583,0.6335,-2.1226,22.2978,LONDON,-1
scalp_fade_3m,BTCUSDT,3m,1,STOP,2026-06-03T13:39:00.000Z,2026-06-03T13:47:59.999Z,2,-1.098808,0.0000,0.9130,-109.8808,16.5307,NY,-1
scalp_fade_3m,BTCUSDT,3m,1,STOP,2026-06-03T14:21:00.000Z,2026-06-03T15:17:59.999Z,18,-1.101681,0.5826,0.9129,-110.1681,16.7291,NY,-1
scalp_fade_3m,BTCUSDT,3m,1,STOP,2026-06-03T15:30:00.000Z,2026-06-03T15:38:59.999Z,2,-1.103041,0.1049,1.1321,-110.3041,17.2333,NY,-1
scalp_fade_3m,BTCUSDT,3m,1,STOP,2026-06-03T16:09:00.000Z,2026-06-03T16:26:59.999Z,5,-1.072060,0.2509,1.0022,-107.2060,12.0540,NY,-1
scalp_fade_3m,BTCUSDT,3m,1,TIME,2026-06-03T18:18:00.000Z,2026-06-03T19:20:59.999Z,20,0.043053,1.0261,0.1985,4.3053,18.7324,NY,1
scalp_fade_3m,BTCUSDT,3m,1,STOP,2026-06-03T19:48:00.000Z,2026-06-03T19:53:59.999Z,1,-1.139628,0.0000,1.2128,-113.9628,23.3295,NY,-1
scalp_fade_3m,BTCUSDT,3m,1,STOP,2026-06-04T05:03:00.000Z,2026-06-04T05:08:59.999Z,1,-1.106627,0.0000,1.0304,-110.6627,17.8470,ASIA,-1
scalp_fade_3m,BTCUSDT,3m,1,TIME,2026-06-04T05:33:00.000Z,2026-06-04T06:35:59.999Z,20,0.186396,0.9384,0.4715,18.6396,14.5530,ASIA,-1
scalp_fade_3m,BTCUSDT,3m,1,STOP,2026-06-04T07:33:00.000Z,2026-06-04T08:02:59.999Z,9,-1.098062,0.3911,1.0879,-109.8062,16.2883,LONDON,-1
scalp_fade_3m,BTCUSDT,3m,1,STOP,2026-06-04T08:33:00.000Z,2026-06-04T09:20:59.999Z,15,-1.084879,0.5638,0.9380,-108.4879,14.0293,LONDON,-1
scalp_fade_3m,BTCUSDT,3m,1,STOP,2026-06-04T09:48:00.000Z,2026-06-04T10:29:59.999Z,13,-1.086892,0.4657,1.3397,-108.6892,14.3885,LONDON,1
scalp_fade_3m,BTCUSDT,3m,1,TARGET,2026-06-04T11:39:00.000Z,2026-06-04T12:23:59.999Z,14,1.210226,1.9329,0.3479,121.0226,9.1988,LONDON,-1
scalp_fade_3m,BTCUSDT,3m,1,TARGET,2026-06-04T13:21:00.000Z,2026-06-04T13:35:59.999Z,4,1.204540,1.3248,0.3267,120.4540,9.4054,NY,1
scalp_fade_3m,BTCUSDT,3m,-1,TIME,2026-06-04T15:06:00.000Z,2026-06-04T16:08:59.999Z,20,0.487560,0.8953,0.6983,48.7560,13.9529,NY,-1
scalp_fade_3m,BTCUSDT,3m,-1,TARGET,2026-06-04T16:39:00.000Z,2026-06-04T17:23:59.999Z,14,1.146512,1.2926,0.5051,114.6512,11.1824,NY,-1
scalp_fade_3m,BTCUSDT,3m,1,TIME,2026-06-04T22:06:00.000Z,2026-06-04T23:08:59.999Z,20,0.868536,1.2465,0.3421,86.8536,15.0408,LATE,-1
scalp_fade_3m,BTCUSDT,3m,-1,TARGET,2026-06-05T00:21:00.000Z,2026-06-05T00:59:59.999Z,12,1.090064,1.2703,0.4446,109.0064,12.9787,ASIA,1
scalp_fade_3m,BTCUSDT,3m,1,TARGET,2026-06-05T04:21:00.000Z,2026-06-05T04:26:59.999Z,1,1.135304,1.2927,0.0993,113.5304,11.6144,ASIA,-1
scalp_fade_3m,BTCUSDT,3m,1,STOP,2026-06-05T05:39:00.000Z,2026-06-05T05:47:59.999Z,2,-1.091991,0.1381,1.3498,-109.1991,15.3993,ASIA,1
scalp_fade_3m,BTCUSDT,3m,1,STOP,2026-06-05T11:27:00.000Z,2026-06-05T11:44:59.999Z,5,-1.108625,0.2433,0.9600,-110.8625,18.1034,LONDON,-1
scalp_fade_3m,BTCUSDT,3m,1,STOP,2026-06-05T12:09:00.000Z,2026-06-05T12:35:59.999Z,8,-1.080393,0.7475,0.9437,-108.0393,13.3909,LONDON,-1
scalp_fade_3m,BTCUSDT,3m,1,STOP,2026-06-05T13:39:00.000Z,2026-06-05T13:50:59.999Z,3,-1.069735,0.0760,1.1769,-106.9735,11.6936,NY,1
scalp_fade_3m,BTCUSDT,3m,1,STOP,2026-06-05T15:51:00.000Z,2026-06-05T16:11:59.999Z,6,-1.055416,0.1103,1.1352,-105.5416,9.2906,NY,-1
scalp_fade_3m,BTCUSDT,3m,-1,STOP,2026-06-05T22:18:00.000Z,2026-06-05T22:56:59.999Z,12,-1.087251,0.3966,0.9362,-108.7251,14.2325,LATE,-1
scalp_fade_3m,BTCUSDT,3m,-1,TIME,2026-06-06T00:03:00.000Z,2026-06-06T01:05:59.999Z,20,-0.566758,0.1355,0.7771,-56.6758,14.4199,ASIA,1
scalp_fade_3m,BTCUSDT,3m,1,STOP,2026-06-06T04:06:00.000Z,2026-06-06T04:14:59.999Z,2,-1.095742,0.0000,1.3071,-109.5742,16.0219,ASIA,1
scalp_fade_3m,BTCUSDT,3m,1,TIME,2026-06-06T06:45:00.000Z,2026-06-06T07:47:59.999Z,20,0.249889,1.1170,0.4775,24.9889,17.0879,ASIA,-1
scalp_fade_3m,BTCUSDT,3m,-1,TARGET,2026-06-06T09:00:00.000Z,2026-06-06T09:50:59.999Z,16,1.032086,1.2064,0.3303,103.2086,14.8004,LONDON,1
scalp_fade_3m,BTCUSDT,3m,1,STOP,2026-06-06T12:24:00.000Z,2026-06-06T12:32:59.999Z,2,-1.123138,0.0454,0.8857,-112.3138,20.5685,LONDON,1
scalp_fade_3m,BTCUSDT,3m,1,TIME,2026-06-06T12:36:00.000Z,2026-06-06T13:38:59.999Z,20,-0.448085,1.0419,0.5911,-44.8085,19.6765,LONDON,1
scalp_fade_3m,BTCUSDT,3m,1,TIME,2026-06-06T13:48:00.000Z,2026-06-06T14:50:59.999Z,20,0.028668,0.4011,0.4439,2.8668,20.0410,NY,-1
scalp_fade_3m,BTCUSDT,3m,1,TIME,2026-06-06T16:27:00.000Z,2026-06-06T17:29:59.999Z,20,-0.214546,0.6742,0.6411,-21.4546,19.3093,NY,1
scalp_fade_3m,BTCUSDT,3m,1,STOP,2026-06-06T17:48:00.000Z,2026-06-06T18:17:59.999Z,9,-1.131564,0.0000,0.9045,-113.1564,21.8082,NY,-1
scalp_fade_3m,BTCUSDT,3m,1,TIME,2026-06-06T20:03:00.000Z,2026-06-06T21:05:59.999Z,20,0.142328,0.7963,0.4132,14.2328,29.0152,NY,-1
scalp_fade_3m,BTCUSDT,3m,1,STOP,2026-06-06T22:24:00.000Z,2026-06-06T22:29:59.999Z,1,-1.137042,0.0000,0.7899,-113.7042,22.8998,LATE,-1
scalp_fade_3m,BTCUSDT,3m,-1,STOP,2026-06-07T02:48:00.000Z,2026-06-07T03:20:59.999Z,10,-1.145699,0.0426,1.4811,-114.5699,23.9035,ASIA,-1
scalp_fade_3m,BTCUSDT,3m,-1,TIME,2026-06-07T05:24:00.000Z,2026-06-07T06:26:59.999Z,20,-0.291322,0.7335,0.2903,-29.1322,18.8735,ASIA,-1
scalp_fade_3m,BTCUSDT,3m,-1,STOP,2026-06-07T08:42:00.000Z,2026-06-07T08:47:59.999Z,1,-1.128258,0.0000,1.3721,-112.8258,21.2229,LONDON,1
scalp_fade_3m,BTCUSDT,3m,-1,STOP,2026-06-07T11:09:00.000Z,2026-06-07T11:38:59.999Z,9,-1.152029,0.0034,0.9800,-115.2029,24.9734,LONDON,-1
scalp_fade_3m,BTCUSDT,3m,1,TIME,2026-06-07T14:48:00.000Z,2026-06-07T15:50:59.999Z,20,0.152506,0.7655,0.6470,15.2506,17.7990,NY,1
scalp_fade_3m,BTCUSDT,3m,1,TARGET,2026-06-07T16:09:00.000Z,2026-06-07T16:26:59.999Z,5,1.007805,1.2329,0.1789,100.7805,15.6500,NY,1
scalp_fade_3m,BTCUSDT,3m,-1,TIME,2026-06-07T17:06:00.000Z,2026-06-07T18:08:59.999Z,20,-0.604557,0.2185,0.6609,-60.4557,21.5286,NY,-1
scalp_fade_3m,BTCUSDT,3m,1,TARGET,2026-06-07T21:42:00.000Z,2026-06-07T22:14:59.999Z,10,1.014363,7.3192,0.3888,101.4363,15.4199,LATE,-1
scalp_fade_3m,BTCUSDT,3m,-1,STOP,2026-06-08T02:51:00.000Z,2026-06-08T03:11:59.999Z,6,-1.116576,0.3832,1.1156,-111.6576,19.1782,ASIA,-1
scalp_fade_3m,BTCUSDT,3m,-1,STOP,2026-06-08T07:18:00.000Z,2026-06-08T07:50:59.999Z,10,-1.122008,0.1203,0.8265,-112.2008,19.9953,LONDON,-1
scalp_fade_3m,BTCUSDT,3m,-1,TIME,2026-06-08T08:03:00.000Z,2026-06-08T09:05:59.999Z,20,-0.793254,0.5665,0.5383,-79.3254,21.4652,LONDON,-1
scalp_fade_3m,BTCUSDT,3m,-1,STOP,2026-06-08T11:12:00.000Z,2026-06-08T11:20:59.999Z,2,-1.123512,0.0000,0.8240,-112.3512,20.4114,LONDON,-1
scalp_fade_3m,BTCUSDT,3m,-1,STOP,2026-06-08T14:18:00.000Z,2026-06-08T14:59:59.999Z,13,-1.088588,0.0122,0.9978,-108.8588,14.4377,NY,1
scalp_fade_3m,BTCUSDT,3m,-1,STOP,2026-06-08T15:18:00.000Z,2026-06-08T15:20:59.999Z,0,-1.105610,0.0000,0.8499,-110.5610,17.4699,NY,1
scalp_fade_3m,BTCUSDT,3m,-1,TIME,2026-06-08T15:21:00.000Z,2026-06-08T16:23:59.999Z,20,0.028902,0.9739,0.2189,2.8902,15.9816,NY,1
scalp_fade_3m,BTCUSDT,3m,-1,TIME,2026-06-08T18:33:00.000Z,2026-06-08T19:35:59.999Z,20,-0.321084,0.7972,0.2297,-32.1084,23.6367,NY,-1
scalp_fade_3m,BTCUSDT,3m,-1,TARGET,2026-06-08T19:51:00.000Z,2026-06-08T20:14:59.999Z,7,0.884423,1.2575,0.1936,88.4423,19.5274,NY,1
scalp_fade_3m,BTCUSDT,3m,1,STOP,2026-06-08T23:18:00.000Z,2026-06-08T23:23:59.999Z,1,-1.119192,0.0000,0.8057,-111.9192,19.9344,LATE,-1
scalp_fade_3m,BTCUSDT,3m,-1,TIME,2026-06-09T06:09:00.000Z,2026-06-09T07:11:59.999Z,20,-0.659601,0.5084,0.6333,-65.9601,25.4342,ASIA,-1
scalp_fade_3m,BTCUSDT,3m,1,STOP,2026-06-09T09:18:00.000Z,2026-06-09T09:32:59.999Z,4,-1.160016,0.1149,0.8208,-116.0016,26.6335,LONDON,1
scalp_fade_3m,BTCUSDT,3m,1,TIME,2026-06-09T10:09:00.000Z,2026-06-09T11:11:59.999Z,20,-0.790239,0.6728,0.5759,-79.0239,27.7376,LONDON,-1
scalp_fade_3m,BTCUSDT,3m,1,STOP,2026-06-09T13:45:00.000Z,2026-06-09T14:05:59.999Z,6,-1.106347,0.1969,1.0112,-110.6347,17.7082,NY,-1
scalp_fade_3m,BTCUSDT,3m,1,TARGET,2026-06-09T16:39:00.000Z,2026-06-09T17:02:59.999Z,7,1.202949,1.3522,0.3549,120.2949,9.4479,NY,-1
scalp_fade_3m,BTCUSDT,3m,1,TARGET,2026-06-09T18:45:00.000Z,2026-06-09T19:32:59.999Z,15,1.047150,1.3780,0.1228,104.7150,14.3600,NY,1
scalp_fade_3m,BTCUSDT,3m,1,TARGET,2026-06-09T19:42:00.000Z,2026-06-09T20:14:59.999Z,10,1.018865,1.2696,0.3390,101.8865,15.2772,NY,1
scalp_fade_3m,BTCUSDT,3m,1,TIME,2026-06-09T23:12:00.000Z,2026-06-10T00:14:59.999Z,20,0.078588,0.7040,0.6452,7.8588,24.1401,LATE,-1
scalp_fade_3m,BTCUSDT,3m,1,TARGET,2026-06-10T06:33:00.000Z,2026-06-10T06:47:59.999Z,4,0.959779,1.1699,0.3488,95.9779,17.1799,ASIA,1
scalp_fade_3m,BTCUSDT,3m,1,STOP,2026-06-10T08:33:00.000Z,2026-06-10T08:41:59.999Z,2,-1.139311,0.0000,0.8563,-113.9311,23.2527,LONDON,-1
scalp_fade_3m,BTCUSDT,3m,1,STOP,2026-06-10T11:06:00.000Z,2026-06-10T11:08:59.999Z,0,-1.106590,0.0000,0.8276,-110.6590,17.8594,LONDON,1
scalp_fade_3m,BTCUSDT,3m,-1,STOP,2026-06-10T13:33:00.000Z,2026-06-10T13:38:59.999Z,1,-1.113252,0.0678,1.6226,-111.3252,18.7242,NY,-1
scalp_fade_3m,BTCUSDT,3m,-1,STOP,2026-06-10T15:00:00.000Z,2026-06-10T15:47:59.999Z,15,-1.086407,0.7203,1.0058,-108.6407,14.0502,NY,-1
scalp_fade_3m,BTCUSDT,3m,-1,STOP,2026-06-10T15:51:00.000Z,2026-06-10T15:53:59.999Z,0,-1.085736,0.0000,0.9845,-108.5736,14.1573,NY,1
scalp_fade_3m,BTCUSDT,3m,-1,TIME,2026-06-10T19:09:00.000Z,2026-06-10T20:11:59.999Z,20,-0.039038,0.6766,0.5473,-3.9038,19.0819,NY,-1
scalp_fade_3m,BTCUSDT,3m,-1,TIME,2026-06-10T20:24:00.000Z,2026-06-10T21:26:59.999Z,20,0.460080,1.0453,0.3723,46.0080,19.5134,NY,-1
scalp_fade_3m,BTCUSDT,3m,1,STOP,2026-06-10T21:51:00.000Z,2026-06-10T22:17:59.999Z,8,-1.115936,0.0000,0.9003,-111.5936,19.2532,LATE,1
scalp_fade_3m,BTCUSDT,3m,-1,STOP,2026-06-11T02:57:00.000Z,2026-06-11T03:35:59.999Z,12,-1.158925,0.6224,1.7907,-115.8925,26.0317,ASIA,-1
scalp_fade_3m,BTCUSDT,3m,-1,STOP,2026-06-11T06:09:00.000Z,2026-06-11T06:14:59.999Z,1,-1.187497,0.0000,1.0242,-118.7497,31.0867,ASIA,-1
scalp_fade_3m,BTCUSDT,3m,-1,STOP,2026-06-11T08:03:00.000Z,2026-06-11T08:14:59.999Z,3,-1.225296,0.0000,0.9279,-122.5296,37.3030,LONDON,1
scalp_fade_3m,BTCUSDT,3m,-1,STOP,2026-06-11T08:45:00.000Z,2026-06-11T08:47:59.999Z,0,-1.231059,0.0000,0.7925,-123.1059,38.3801,LONDON,1
scalp_fade_3m,BTCUSDT,3m,-1,TARGET,2026-06-11T12:12:00.000Z,2026-06-11T12:23:59.999Z,3,0.938561,1.8456,0.2711,93.8561,17.8285,LONDON,-1
scalp_fade_3m,BTCUSDT,3m,-1,STOP,2026-06-11T19:15:00.000Z,2026-06-11T19:32:59.999Z,5,-1.139191,0.0000,1.5121,-113.9191,22.9480,NY,-1
scalp_fade_3m,BTCUSDT,3m,-1,STOP,2026-06-11T22:00:00.000Z,2026-06-11T22:05:59.999Z,1,-1.211157,0.0000,0.8915,-121.1157,35.0262,LATE,1
scalp_fade_3m,BTCUSDT,3m,-1,STOP,2026-06-11T23:33:00.000Z,2026-06-11T23:41:59.999Z,2,-1.206686,0.0000,1.6131,-120.6686,34.2462,LATE,-1
scalp_fade_3m,BTCUSDT,3m,-1,TIME,2026-06-12T02:30:00.000Z,2026-06-12T03:32:59.999Z,20,-0.224360,0.8166,0.5933,-22.4360,29.3085,ASIA,1
scalp_fade_3m,BTCUSDT,3m,-1,STOP,2026-06-12T04:12:00.000Z,2026-06-12T04:17:59.999Z,1,-1.219798,0.1687,1.3974,-121.9798,36.4651,ASIA,-1
scalp_fade_3m,BTCUSDT,3m,-1,STOP,2026-06-12T04:18:00.000Z,2026-06-12T04:26:59.999Z,2,-1.168732,0.0000,0.7402,-116.8732,27.9330,ASIA,-1
scalp_fade_3m,BTCUSDT,3m,1,STOP,2026-06-12T07:03:00.000Z,2026-06-12T07:17:59.999Z,4,-1.172291,0.0385,0.7647,-117.2291,28.6665,LONDON,-1
scalp_fade_3m,BTCUSDT,3m,-1,STOP,2026-06-12T11:42:00.000Z,2026-06-12T11:47:59.999Z,1,-1.188363,0.0000,0.7061,-118.8363,31.2308,LONDON,-1
scalp_fade_3m,BTCUSDT,3m,-1,TARGET,2026-06-12T15:36:00.000Z,2026-06-12T16:02:59.999Z,8,1.139882,1.2635,0.1126,113.9882,11.4120,NY,1
scalp_fade_3m,BTCUSDT,3m,-1,TIME,2026-06-12T16:15:00.000Z,2026-06-12T17:17:59.999Z,20,-0.434006,0.1588,0.7482,-43.4006,16.2424,NY,-1
scalp_fade_3m,BTCUSDT,3m,-1,TIME,2026-06-12T18:12:00.000Z,2026-06-12T19:14:59.999Z,20,0.274899,0.8517,0.2139,27.4899,25.1089,NY,-1
scalp_fade_3m,BTCUSDT,3m,-1,TIME,2026-06-12T19:39:00.000Z,2026-06-12T20:41:59.999Z,20,0.261009,0.9102,0.2209,26.1009,28.1980,NY,-1
scalp_fade_3m,BTCUSDT,3m,1,TIME,2026-06-12T22:00:00.000Z,2026-06-12T23:02:59.999Z,20,-0.954763,0.8124,0.3841,-95.4763,35.4826,LATE,-1
scalp_fade_3m,BTCUSDT,3m,-1,TARGET,2026-06-13T02:24:00.000Z,2026-06-13T02:50:59.999Z,8,0.591652,1.1244,0.2473,59.1652,28.8162,ASIA,1
scalp_fade_3m,BTCUSDT,3m,-1,STOP,2026-06-13T08:12:00.000Z,2026-06-13T08:35:59.999Z,7,-1.222979,0.0843,0.8761,-122.2979,36.7655,LONDON,1
scalp_fade_3m,BTCUSDT,3m,-1,STOP,2026-06-13T12:24:00.000Z,2026-06-13T12:32:59.999Z,2,-1.319674,0.0000,0.6342,-131.9674,53.0401,LONDON,-1
scalp_fade_3m,BTCUSDT,3m,-1,STOP,2026-06-13T15:03:00.000Z,2026-06-13T15:05:59.999Z,0,-1.291510,0.0000,0.8705,-129.1510,48.4560,NY,1
scalp_fade_3m,BTCUSDT,3m,-1,STOP,2026-06-13T15:06:00.000Z,2026-06-13T15:23:59.999Z,5,-1.262470,0.2799,0.7855,-126.2470,43.3898,NY,1
scalp_fade_3m,BTCUSDT,3m,-1,STOP,2026-06-13T18:21:00.000Z,2026-06-13T18:23:59.999Z,0,-1.258981,0.0000,0.7144,-125.8981,43.0340,NY,-1
scalp_fade_3m,BTCUSDT,3m,-1,STOP,2026-06-13T19:36:00.000Z,2026-06-13T19:41:59.999Z,1,-1.238551,0.0640,0.7921,-123.8551,39.5876,NY,1
scalp_fade_3m,BTCUSDT,3m,-1,TIME,2026-06-13T19:42:00.000Z,2026-06-13T20:44:59.999Z,20,-0.683853,0.0003,0.5684,-68.3853,35.3236,NY,1
scalp_fade_3m,BTCUSDT,3m,-1,STOP,2026-06-13T21:09:00.000Z,2026-06-13T21:38:59.999Z,9,-1.327500,0.2329,0.5915,-132.7500,53.9496,LATE,1
scalp_fade_3m,BTCUSDT,3m,-1,STOP,2026-06-13T23:18:00.000Z,2026-06-13T23:20:59.999Z,0,-1.265159,0.0000,0.8162,-126.5159,44.0639,LATE,-1
scalp_fade_3m,BTCUSDT,3m,-1,STOP,2026-06-14T00:24:00.000Z,2026-06-14T00:32:59.999Z,2,-1.244564,0.0000,0.6588,-124.4564,40.5467,ASIA,-1
scalp_fade_3m,BTCUSDT,3m,-1,TIME,2026-06-14T01:42:00.000Z,2026-06-14T02:44:59.999Z,20,-0.369295,0.3064,0.5250,-36.9295,39.3260,ASIA,1
scalp_fade_3m,BTCUSDT,3m,-1,STOP,2026-06-14T03:51:00.000Z,2026-06-14T03:56:59.999Z,1,-1.306917,0.0000,0.5745,-130.6917,50.9712,ASIA,-1
scalp_fade_3m,BTCUSDT,3m,-1,STOP,2026-06-14T03:57:00.000Z,2026-06-14T04:02:59.999Z,1,-1.313671,0.0000,0.5055,-131.3671,52.0958,ASIA,-1
scalp_fade_3m,BTCUSDT,3m,-1,STOP,2026-06-14T09:36:00.000Z,2026-06-14T09:41:59.999Z,1,-1.248252,0.0000,1.1382,-124.8252,41.2029,LONDON,-1
scalp_fade_3m,BTCUSDT,3m,-1,STOP,2026-06-14T10:15:00.000Z,2026-06-14T10:23:59.999Z,2,-1.258995,0.0000,0.8393,-125.8995,42.9470,LONDON,-1
scalp_fade_3m,BTCUSDT,3m,1,STOP,2026-06-14T14:24:00.000Z,2026-06-14T14:29:59.999Z,1,-1.216711,0.0000,0.8997,-121.6711,36.1354,NY,-1
scalp_fade_3m,BTCUSDT,3m,1,STOP,2026-06-14T16:48:00.000Z,2026-06-14T16:50:59.999Z,0,-1.245471,0.0000,1.0856,-124.5471,40.9560,NY,1
scalp_fade_3m,BTCUSDT,3m,1,TIME,2026-06-14T17:39:00.000Z,2026-06-14T18:41:59.999Z,20,-0.641840,0.3823,0.6471,-64.1840,31.6240,NY,-1
scalp_fade_3m,BTCUSDT,3m,-1,STOP,2026-06-15T01:39:00.000Z,2026-06-15T01:41:59.999Z,0,-1.163410,0.0000,0.7398,-116.3410,27.1041,ASIA,-1
scalp_fade_3m,BTCUSDT,3m,-1,STOP,2026-06-15T03:06:00.000Z,2026-06-15T03:14:59.999Z,2,-1.202612,0.0000,1.0064,-120.2612,33.5685,ASIA,1
scalp_fade_3m,BTCUSDT,3m,-1,STOP,2026-06-15T10:06:00.000Z,2026-06-15T10:47:59.999Z,13,-1.229658,0.0000,0.6989,-122.9658,37.6373,LONDON,-1
scalp_fade_3m,BTCUSDT,3m,-1,STOP,2026-06-15T12:33:00.000Z,2026-06-15T12:41:59.999Z,2,-1.162908,0.0000,0.9104,-116.2908,26.9644,LONDON,1
scalp_fade_3m,BTCUSDT,3m,-1,STOP,2026-06-15T15:33:00.000Z,2026-06-15T15:38:59.999Z,1,-1.185533,0.0000,1.1552,-118.5533,30.7596,NY,1
scalp_fade_3m,BTCUSDT,3m,1,STOP,2026-06-15T22:15:00.000Z,2026-06-15T22:23:59.999Z,2,-1.218956,0.0930,0.8302,-121.8956,36.4706,LATE,-1
scalp_fade_3m,BTCUSDT,3m,1,TIME,2026-06-15T22:48:00.000Z,2026-06-15T23:50:59.999Z,20,-0.157838,0.2746,0.5796,-15.7838,25.0621,LATE,-1
scalp_fade_3m,BTCUSDT,3m,1,TIME,2026-06-16T00:24:00.000Z,2026-06-16T01:26:59.999Z,20,-0.540826,0.7357,0.6029,-54.0826,38.6302,ASIA,1
scalp_fade_3m,BTCUSDT,3m,1,STOP,2026-06-16T02:12:00.000Z,2026-06-16T02:14:59.999Z,0,-1.189634,0.0000,0.7533,-118.9634,31.6700,ASIA,-1
scalp_fade_3m,BTCUSDT,3m,1,STOP,2026-06-16T04:30:00.000Z,2026-06-16T04:32:59.999Z,0,-1.199508,0.0000,1.0857,-119.9508,33.3121,ASIA,1
scalp_fade_3m,BTCUSDT,3m,1,TIME,2026-06-16T05:09:00.000Z,2026-06-16T06:11:59.999Z,20,0.400382,0.9604,0.1873,40.0382,31.2646,ASIA,-1
scalp_fade_3m,BTCUSDT,3m,-1,STOP,2026-06-16T08:24:00.000Z,2026-06-16T08:29:59.999Z,1,-1.177211,0.0000,0.7408,-117.7211,29.3739,LONDON,1
scalp_fade_3m,BTCUSDT,3m,-1,TARGET,2026-06-16T10:21:00.000Z,2026-06-16T11:08:59.999Z,15,0.841259,1.0663,0.4317,84.1259,20.8507,LONDON,-1
scalp_fade_3m,BTCUSDT,3m,-1,STOP,2026-06-16T12:00:00.000Z,2026-06-16T12:17:59.999Z,5,-1.204990,0.2349,1.1841,-120.4990,33.8587,LONDON,-1
scalp_fade_3m,BTCUSDT,3m,1,STOP,2026-06-16T14:09:00.000Z,2026-06-16T14:17:59.999Z,2,-1.119653,0.0584,0.8621,-111.9653,19.9902,NY,1
scalp_fade_3m,BTCUSDT,3m,1,TIME,2026-06-16T15:24:00.000Z,2026-06-16T16:26:59.999Z,20,-0.570111,0.6264,0.4354,-57.0111,22.2310,NY,-1
scalp_fade_3m,BTCUSDT,3m,1,TARGET,2026-06-16T17:00:00.000Z,2026-06-16T17:53:59.999Z,17,0.793526,1.0750,0.4528,79.3526,22.3783,NY,-1
scalp_fade_3m,BTCUSDT,3m,1,STOP,2026-06-16T18:24:00.000Z,2026-06-16T19:02:59.999Z,12,-1.148145,0.0058,1.0809,-114.8145,24.4644,NY,1
scalp_fade_3m,BTCUSDT,3m,1,STOP,2026-06-16T19:33:00.000Z,2026-06-16T19:41:59.999Z,2,-1.177453,0.0000,0.7154,-117.7453,29.5826,NY,-1
scalp_fade_3m,BTCUSDT,3m,1,TIME,2026-06-16T20:00:00.000Z,2026-06-16T21:02:59.999Z,20,0.041897,0.7276,0.6159,4.1897,30.8357,NY,-1
scalp_fade_3m,BTCUSDT,3m,1,STOP,2026-06-16T21:18:00.000Z,2026-06-16T21:38:59.999Z,6,-1.212508,0.0000,0.7183,-121.2508,35.2539,LATE,1
scalp_fade_3m,BTCUSDT,3m,1,TIME,2026-06-16T23:21:00.000Z,2026-06-17T00:23:59.999Z,20,-0.344028,0.6949,0.4452,-34.4028,37.6387,LATE,-1
scalp_fade_3m,BTCUSDT,3m,1,STOP,2026-06-17T00:54:00.000Z,2026-06-17T01:20:59.999Z,8,-1.222120,0.4015,1.1868,-122.2120,36.7666,ASIA,1
scalp_fade_3m,BTCUSDT,3m,-1,TARGET,2026-06-17T06:06:00.000Z,2026-06-17T06:29:59.999Z,7,0.631030,0.9954,0.5614,63.1030,27.5740,ASIA,-1
scalp_fade_3m,BTCUSDT,3m,1,STOP,2026-06-17T07:21:00.000Z,2026-06-17T07:53:59.999Z,10,-1.179272,0.2312,1.3485,-117.9272,29.6383,LONDON,-1
scalp_fade_3m,BTCUSDT,3m,1,STOP,2026-06-17T08:00:00.000Z,2026-06-17T08:14:59.999Z,4,-1.132367,0.0222,0.8170,-113.2367,22.0544,LONDON,-1
scalp_fade_3m,BTCUSDT,3m,1,TARGET,2026-06-17T13:24:00.000Z,2026-06-17T13:38:59.999Z,4,0.872646,1.2681,0.5661,87.2646,19.9476,NY,1
scalp_fade_3m,BTCUSDT,3m,1,TARGET,2026-06-17T14:48:00.000Z,2026-06-17T15:23:59.999Z,11,1.121245,1.2732,0.1028,112.1245,12.0273,NY,1
scalp_fade_3m,BTCUSDT,3m,-1,TARGET,2026-06-17T17:54:00.000Z,2026-06-17T18:02:59.999Z,2,0.995957,2.5486,0.3705,99.5957,16.0083,NY,-1
scalp_fade_3m,BTCUSDT,3m,1,STOP,2026-06-18T03:03:00.000Z,2026-06-18T03:23:59.999Z,6,-1.208766,0.2864,0.9215,-120.8766,34.6355,ASIA,1
scalp_fade_3m,BTCUSDT,3m,1,TIME,2026-06-18T06:09:00.000Z,2026-06-18T07:11:59.999Z,20,0.036935,0.8189,0.4443,3.6935,28.2050,ASIA,1
scalp_fade_3m,BTCUSDT,3m,1,STOP,2026-06-18T09:27:00.000Z,2026-06-18T09:56:59.999Z,9,-1.194176,0.0000,0.7206,-119.4176,32.1244,LONDON,-1
scalp_fade_3m,BTCUSDT,3m,1,STOP,2026-06-18T13:33:00.000Z,2026-06-18T13:35:59.999Z,0,-1.164395,0.0000,0.8649,-116.4395,27.4726,NY,1
scalp_fade_3m,BTCUSDT,3m,1,STOP,2026-06-18T15:00:00.000Z,2026-06-18T15:17:59.999Z,5,-1.098476,0.0000,1.4769,-109.8476,16.4244,NY,1
scalp_fade_3m,BTCUSDT,3m,1,TIME,2026-06-18T17:30:00.000Z,2026-06-18T18:32:59.999Z,20,0.182611,0.9165,0.2807,18.2611,16.7931,NY,-1
scalp_fade_3m,BTCUSDT,3m,1,TIME,2026-06-18T18:42:00.000Z,2026-06-18T19:44:59.999Z,20,0.573953,1.1076,0.3735,57.3953,24.2855,NY,1
scalp_fade_3m,BTCUSDT,3m,1,STOP,2026-06-18T22:03:00.000Z,2026-06-18T22:17:59.999Z,4,-1.204083,0.0000,0.9042,-120.4083,33.9317,LATE,-1
scalp_fade_3m,BTCUSDT,3m,1,TIME,2026-06-18T23:09:00.000Z,2026-06-19T00:11:59.999Z,20,-0.328023,0.7356,0.5741,-32.8023,33.8729,LATE,-1
scalp_fade_3m,BTCUSDT,3m,1,TIME,2026-06-19T01:12:00.000Z,2026-06-19T02:14:59.999Z,20,-0.099109,0.9437,0.5240,-9.9109,33.7485,ASIA,1
scalp_fade_3m,BTCUSDT,3m,1,STOP,2026-06-19T02:39:00.000Z,2026-06-19T03:14:59.999Z,11,-1.205806,0.3429,1.4026,-120.5806,33.9707,ASIA,-1
scalp_fade_3m,BTCUSDT,3m,1,STOP,2026-06-19T07:30:00.000Z,2026-06-19T07:35:59.999Z,1,-1.200241,0.2786,0.7740,-120.0241,33.3993,LONDON,-1
scalp_fade_3m,BTCUSDT,3m,1,TIME,2026-06-19T07:54:00.000Z,2026-06-19T08:56:59.999Z,20,-0.802626,0.7169,0.4653,-80.2626,29.1831,LONDON,-1
scalp_fade_3m,BTCUSDT,3m,1,STOP,2026-06-19T09:06:00.000Z,2026-06-19T09:11:59.999Z,1,-1.186144,0.0000,1.0628,-118.6144,31.0573,LONDON,-1
scalp_fade_3m,BTCUSDT,3m,1,STOP,2026-06-19T09:42:00.000Z,2026-06-19T09:50:59.999Z,2,-1.181179,0.0000,0.7204,-118.1179,30.2011,LONDON,-1
scalp_fade_3m,BTCUSDT,3m,1,TIME,2026-06-19T11:18:00.000Z,2026-06-19T12:20:59.999Z,20,-0.462591,0.9720,0.1914,-46.2591,31.9150,LONDON,1
scalp_fade_3m,BTCUSDT,3m,1,STOP,2026-06-19T12:42:00.000Z,2026-06-19T12:47:59.999Z,1,-1.185065,0.0000,1.1804,-118.5065,30.8780,LONDON,-1
scalp_fade_3m,BTCUSDT,3m,-1,TIME,2026-06-19T14:27:00.000Z,2026-06-19T15:29:59.999Z,20,0.194172,0.6749,0.6788,19.4172,21.0354,NY,1
scalp_fade_3m,BTCUSDT,3m,-1,STOP,2026-06-19T15:42:00.000Z,2026-06-19T16:14:59.999Z,10,-1.164064,0.4264,0.8850,-116.4064,26.9330,NY,-1
scalp_fade_3m,BTCUSDT,3m,-1,TARGET,2026-06-19T16:15:00.000Z,2026-06-19T16:56:59.999Z,13,0.958664,1.6406,0.1766,95.8664,17.1406,NY,-1
scalp_fade_3m,BTCUSDT,3m,-1,STOP,2026-06-19T19:51:00.000Z,2026-06-19T20:47:59.999Z,18,-1.217040,0.7327,0.7614,-121.7040,35.3806,NY,-1
scalp_fade_3m,BTCUSDT,3m,-1,STOP,2026-06-19T23:51:00.000Z,2026-06-19T23:53:59.999Z,0,-1.305018,0.0000,0.6704,-130.5018,50.7076,LATE,-1
scalp_fade_3m,BTCUSDT,3m,-1,STOP,2026-06-19T23:54:00.000Z,2026-06-19T23:56:59.999Z,0,-1.292453,0.0000,2.8765,-129.2453,48.6133,LATE,-1
scalp_fade_3m,BTCUSDT,3m,-1,STOP,2026-06-19T23:57:00.000Z,2026-06-20T00:35:59.999Z,12,-1.177726,0.6716,0.8022,-117.7726,29.1268,LATE,-1
scalp_fade_3m,BTCUSDT,3m,-1,TARGET,2026-06-20T02:03:00.000Z,2026-06-20T02:38:59.999Z,11,0.582361,0.9548,0.2771,58.2361,29.0864,ASIA,1
scalp_fade_3m,BTCUSDT,3m,-1,STOP,2026-06-20T06:24:00.000Z,2026-06-20T07:26:59.999Z,20,-1.234505,0.5790,0.6474,-123.4505,38.1602,ASIA,1
scalp_fade_3m,BTCUSDT,3m,-1,TARGET,2026-06-20T07:48:00.000Z,2026-06-20T08:02:59.999Z,4,0.540684,1.5569,0.4325,54.0684,30.4688,LONDON,1
scalp_fade_3m,BTCUSDT,3m,-1,STOP,2026-06-20T11:24:00.000Z,2026-06-20T11:53:59.999Z,9,-1.236607,0.0427,0.6955,-123.6607,38.9400,LONDON,1
scalp_fade_3m,BTCUSDT,3m,-1,STOP,2026-06-20T11:57:00.000Z,2026-06-20T12:08:59.999Z,3,-1.261027,0.0284,0.7589,-126.1027,43.2402,LONDON,1
scalp_fade_3m,BTCUSDT,3m,-1,TARGET,2026-06-20T12:27:00.000Z,2026-06-20T12:53:59.999Z,8,0.624299,1.1398,0.2715,62.4299,27.7798,LONDON,1
scalp_fade_3m,BTCUSDT,3m,-1,TIME,2026-06-20T16:24:00.000Z,2026-06-20T17:26:59.999Z,20,-0.007036,0.6706,0.3959,-0.7036,31.7169,NY,-1
scalp_fade_3m,BTCUSDT,3m,-1,TARGET,2026-06-20T17:33:00.000Z,2026-06-20T17:35:59.999Z,0,0.768352,1.4336,0.3958,76.8352,23.2594,NY,-1
scalp_fade_3m,BTCUSDT,3m,-1,STOP,2026-06-20T19:12:00.000Z,2026-06-20T19:44:59.999Z,10,-1.251881,0.0881,0.7690,-125.1881,41.4196,NY,-1
scalp_fade_3m,BTCUSDT,3m,-1,STOP,2026-06-20T21:36:00.000Z,2026-06-20T21:41:59.999Z,1,-1.291581,0.0000,0.5700,-129.1581,48.4176,LATE,-1
scalp_fade_3m,BTCUSDT,3m,-1,TIME,2026-06-21T00:51:00.000Z,2026-06-21T01:53:59.999Z,20,-0.825407,0.3128,0.4080,-82.5407,47.2660,ASIA,1
scalp_fade_3m,BTCUSDT,3m,-1,STOP_GAP,2026-06-21T03:12:00.000Z,2026-06-21T03:14:59.999Z,0,-1.381077,0.0000,0.6618,-138.1077,62.7584,ASIA,1
scalp_fade_3m,BTCUSDT,3m,-1,STOP,2026-06-21T03:39:00.000Z,2026-06-21T04:29:59.999Z,16,-1.196089,0.0862,0.9773,-119.6089,32.0181,ASIA,1
scalp_fade_3m,BTCUSDT,3m,-1,STOP,2026-06-21T06:24:00.000Z,2026-06-21T06:26:59.999Z,0,-1.348725,0.0000,0.5122,-134.8725,57.9928,ASIA,-1
scalp_fade_3m,BTCUSDT,3m,-1,STOP,2026-06-21T11:00:00.000Z,2026-06-21T11:02:59.999Z,0,-1.232327,0.0000,0.8969,-123.2327,38.5914,LONDON,1
scalp_fade_3m,BTCUSDT,3m,1,STOP,2026-06-21T13:33:00.000Z,2026-06-21T13:35:59.999Z,0,-1.236772,0.0000,0.6716,-123.6772,39.5093,NY,1
scalp_fade_3m,BTCUSDT,3m,1,STOP,2026-06-21T14:09:00.000Z,2026-06-21T14:17:59.999Z,2,-1.252187,0.0000,0.7332,-125.2187,41.9856,NY,-1
scalp_fade_3m,BTCUSDT,3m,1,STOP,2026-06-21T18:03:00.000Z,2026-06-21T18:05:59.999Z,0,-1.241217,0.0000,0.6689,-124.1217,40.2485,NY,-1
scalp_fade_3m,BTCUSDT,3m,-1,TARGET,2026-06-21T20:06:00.000Z,2026-06-21T20:20:59.999Z,4,0.475468,1.0912,0.4553,47.5468,32.5416,NY,1
scalp_fade_3m,BTCUSDT,3m,1,TIME,2026-06-21T22:18:00.000Z,2026-06-21T23:20:59.999Z,20,-0.392550,0.3338,0.7249,-39.2550,23.4591,LATE,-1
scalp_fade_3m,BTCUSDT,3m,1,STOP,2026-06-21T23:30:00.000Z,2026-06-21T23:32:59.999Z,0,-1.169495,0.0000,1.1689,-116.9495,28.3208,LATE,1
scalp_fade_3m,BTCUSDT,3m,-1,STOP,2026-06-22T05:51:00.000Z,2026-06-22T06:11:59.999Z,6,-1.198768,0.1093,0.8405,-119.8768,32.7929,ASIA,1
scalp_fade_3m,BTCUSDT,3m,-1,STOP,2026-06-22T07:06:00.000Z,2026-06-22T07:11:59.999Z,1,-1.198477,0.0608,0.6793,-119.8477,32.9149,LONDON,1
scalp_fade_3m,BTCUSDT,3m,-1,STOP,2026-06-22T10:00:00.000Z,2026-06-22T10:02:59.999Z,0,-1.260829,0.0000,0.6269,-126.0829,43.3421,LONDON,-1
scalp_fade_3m,BTCUSDT,3m,-1,STOP,2026-06-22T10:03:00.000Z,2026-06-22T10:08:59.999Z,1,-1.247345,0.0000,0.8129,-124.7345,41.0518,LONDON,-1
scalp_fade_3m,BTCUSDT,3m,-1,STOP,2026-06-22T11:06:00.000Z,2026-06-22T11:08:59.999Z,0,-1.209216,0.0000,0.7408,-120.9216,34.7391,LONDON,1
scalp_fade_3m,BTCUSDT,3m,-1,STOP,2026-06-22T13:33:00.000Z,2026-06-22T13:38:59.999Z,1,-1.133358,0.2471,1.0023,-113.3358,22.0721,NY,-1
scalp_fade_3m,BTCUSDT,3m,1,STOP,2026-06-23T00:03:00.000Z,2026-06-23T00:11:59.999Z,2,-1.226214,0.0597,0.6293,-122.6214,37.6751,ASIA,-1
scalp_fade_3m,BTCUSDT,3m,1,STOP,2026-06-23T01:36:00.000Z,2026-06-23T01:47:59.999Z,3,-1.174979,0.0190,0.7308,-117.4979,29.1418,ASIA,1
scalp_fade_3m,BTCUSDT,3m,1,STOP,2026-06-23T03:03:00.000Z,2026-06-23T03:08:59.999Z,1,-1.201654,0.0000,0.7279,-120.1654,33.6340,ASIA,1
scalp_fade_3m,BTCUSDT,3m,1,STOP,2026-06-23T08:00:00.000Z,2026-06-23T08:14:59.999Z,4,-1.162400,0.1270,1.2093,-116.2400,27.0282,LONDON,-1
scalp_fade_3m,BTCUSDT,3m,1,STOP,2026-06-23T09:42:00.000Z,2026-06-23T10:35:59.999Z,17,-1.207831,0.8812,0.8261,-120.7831,34.0930,LONDON,1
scalp_fade_3m,BTCUSDT,3m,1,STOP,2026-06-23T15:00:00.000Z,2026-06-23T15:20:59.999Z,6,-1.106414,0.0000,0.8243,-110.6414,17.7193,NY,1
scalp_fade_3m,BTCUSDT,3m,1,STOP,2026-06-23T17:33:00.000Z,2026-06-23T17:56:59.999Z,7,-1.158450,0.5200,1.0254,-115.8450,26.2923,NY,-1
scalp_fade_3m,BTCUSDT,3m,1,TIME,2026-06-23T19:51:00.000Z,2026-06-23T20:53:59.999Z,20,-0.362535,0.8718,0.2455,-36.2535,30.8062,NY,1
scalp_fade_3m,BTCUSDT,3m,-1,STOP,2026-06-23T23:48:00.000Z,2026-06-24T00:08:59.999Z,6,-1.195525,0.0000,0.7881,-119.5525,32.2557,LATE,1
scalp_fade_3m,BTCUSDT,3m,-1,STOP,2026-06-24T01:12:00.000Z,2026-06-24T01:32:59.999Z,6,-1.154839,0.6691,0.7640,-115.4839,25.5163,ASIA,1
scalp_fade_3m,BTCUSDT,3m,-1,STOP,2026-06-24T04:33:00.000Z,2026-06-24T05:11:59.999Z,12,-1.198761,0.2585,0.7521,-119.8761,32.5896,ASIA,-1
scalp_fade_3m,BTCUSDT,3m,-1,TIME,2026-06-24T07:15:00.000Z,2026-06-24T08:17:59.999Z,20,-0.066571,0.9359,0.2174,-6.6571,32.5716,LONDON,-1
scalp_fade_3m,BTCUSDT,3m,-1,TIME,2026-06-24T09:15:00.000Z,2026-06-24T10:17:59.999Z,20,0.139166,0.9909,0.2445,13.9166,33.7932,LONDON,1
scalp_fade_3m,BTCUSDT,3m,1,STOP,2026-06-24T10:45:00.000Z,2026-06-24T10:50:59.999Z,1,-1.213796,0.0000,0.7762,-121.3796,35.6511,LONDON,-1
scalp_fade_3m,BTCUSDT,3m,1,STOP,2026-06-24T15:24:00.000Z,2026-06-24T15:32:59.999Z,2,-1.107758,0.0000,0.9417,-110.7758,18.0161,NY,-1
scalp_fade_3m,BTCUSDT,3m,-1,STOP,2026-06-24T23:24:00.000Z,2026-06-24T23:59:59.999Z,11,-1.181484,0.2113,0.7230,-118.1484,29.7760,LATE,1
scalp_fade_3m,BTCUSDT,3m,-1,TARGET,2026-06-25T00:24:00.000Z,2026-06-25T00:59:59.999Z,11,0.930493,1.2902,0.2265,93.0493,18.0439,ASIA,1
scalp_fade_3m,BTCUSDT,3m,-1,TIME,2026-06-25T02:21:00.000Z,2026-06-25T03:23:59.999Z,20,-0.290694,0.8276,0.4132,-29.0694,27.9248,ASIA,-1
scalp_fade_3m,BTCUSDT,3m,-1,STOP,2026-06-25T07:06:00.000Z,2026-06-25T07:17:59.999Z,3,-1.174942,0.1035,0.9921,-117.4942,28.9361,LONDON,1
scalp_fade_3m,BTCUSDT,3m,1,STOP,2026-06-25T12:57:00.000Z,2026-06-25T13:32:59.999Z,11,-1.114284,0.5679,0.9663,-111.4284,18.9221,LONDON,1
scalp_fade_3m,BTCUSDT,3m,1,STOP,2026-06-25T13:33:00.000Z,2026-06-25T13:41:59.999Z,2,-1.101346,0.3873,1.7907,-110.1346,16.9520,NY,-1
scalp_fade_3m,BTCUSDT,3m,1,STOP,2026-06-25T16:33:00.000Z,2026-06-25T16:47:59.999Z,4,-1.086760,0.0000,0.9834,-108.6760,14.5011,NY,1
scalp_fade_3m,BTCUSDT,3m,1,TIME,2026-06-25T17:12:00.000Z,2026-06-25T18:14:59.999Z,20,-0.166267,1.2038,0.1523,-16.6267,16.4093,NY,-1
scalp_fade_3m,BTCUSDT,3m,1,TIME,2026-06-25T18:15:00.000Z,2026-06-25T19:17:59.999Z,20,-0.815518,0.8747,0.5823,-81.5518,16.3623,NY,1
scalp_fade_3m,BTCUSDT,3m,1,TARGET,2026-06-25T19:57:00.000Z,2026-06-25T20:02:59.999Z,1,0.999988,1.2010,0.3676,99.9988,15.9163,NY,-1
scalp_fade_3m,BTCUSDT,3m,1,STOP,2026-06-26T01:03:00.000Z,2026-06-26T01:05:59.999Z,0,-1.150224,0.0000,1.2277,-115.0224,25.1159,ASIA,-1
scalp_fade_3m,BTCUSDT,3m,-1,STOP,2026-06-26T05:27:00.000Z,2026-06-26T06:26:59.999Z,19,-1.127016,0.5367,0.8655,-112.7016,20.6305,ASIA,1
scalp_fade_3m,BTCUSDT,3m,1,STOP,2026-06-26T11:06:00.000Z,2026-06-26T11:53:59.999Z,15,-1.106550,0.0000,0.8677,-110.6550,17.5779,LONDON,-1
scalp_fade_3m,BTCUSDT,3m,1,STOP,2026-06-26T12:39:00.000Z,2026-06-26T12:41:59.999Z,0,-1.090502,0.0000,0.9445,-109.0502,15.1839,LONDON,1
scalp_fade_3m,BTCUSDT,3m,1,STOP,2026-06-26T12:48:00.000Z,2026-06-26T13:20:59.999Z,10,-1.064637,0.0135,1.8115,-106.4637,10.7700,LONDON,1
scalp_fade_3m,BTCUSDT,3m,1,TARGET,2026-06-26T13:33:00.000Z,2026-06-26T13:56:59.999Z,7,1.253270,1.6166,0.5742,125.3270,7.8509,NY,-1
scalp_fade_3m,BTCUSDT,3m,1,TARGET,2026-06-26T14:39:00.000Z,2026-06-26T15:26:59.999Z,15,1.212673,1.4442,0.7129,121.2673,9.1187,NY,1
scalp_fade_3m,BTCUSDT,3m,-1,TIME,2026-06-26T16:36:00.000Z,2026-06-26T17:38:59.999Z,20,0.570919,0.8994,0.0973,57.0919,16.1753,NY,-1
scalp_fade_3m,BTCUSDT,3m,1,TARGET,2026-06-26T22:06:00.000Z,2026-06-26T23:05:59.999Z,19,0.903289,1.1490,0.2509,90.3289,18.8940,LATE,1
scalp_fade_3m,BTCUSDT,3m,-1,STOP,2026-06-26T23:21:00.000Z,2026-06-26T23:59:59.999Z,12,-1.210290,0.5365,0.7031,-121.0290,34.4876,LATE,1
scalp_fade_3m,BTCUSDT,3m,-1,STOP,2026-06-27T02:06:00.000Z,2026-06-27T02:11:59.999Z,1,-1.268495,0.0000,0.6575,-126.8495,44.5736,ASIA,-1
scalp_fade_3m,BTCUSDT,3m,-1,TIME,2026-06-27T03:03:00.000Z,2026-06-27T04:05:59.999Z,20,-0.843990,0.7660,0.6855,-84.3990,28.3987,ASIA,1
scalp_fade_3m,BTCUSDT,3m,-1,STOP,2026-06-27T06:33:00.000Z,2026-06-27T06:41:59.999Z,2,-1.212510,0.1862,0.8548,-121.2510,35.2150,ASIA,-1
scalp_fade_3m,BTCUSDT,3m,-1,STOP,2026-06-27T07:09:00.000Z,2026-06-27T07:23:59.999Z,4,-1.218718,0.0000,0.9178,-121.8718,36.1724,LONDON,1
scalp_fade_3m,BTCUSDT,3m,-1,TIME,2026-06-27T11:48:00.000Z,2026-06-27T12:50:59.999Z,20,-0.722733,0.3463,0.4060,-72.2733,33.0529,LONDON,-1
scalp_fade_3m,BTCUSDT,3m,-1,STOP,2026-06-27T14:39:00.000Z,2026-06-27T14:44:59.999Z,1,-1.215617,0.0000,0.7387,-121.5617,35.7688,NY,1
scalp_fade_3m,BTCUSDT,3m,-1,STOP,2026-06-27T15:09:00.000Z,2026-06-27T15:11:59.999Z,0,-1.230143,0.0000,1.8268,-123.0143,38.2273,NY,1
scalp_fade_3m,BTCUSDT,3m,1,TIME,2026-06-27T23:15:00.000Z,2026-06-28T00:17:59.999Z,20,-0.078852,0.3698,0.6073,-7.8852,27.8029,LATE,1
scalp_fade_3m,BTCUSDT,3m,1,TARGET,2026-06-28T01:06:00.000Z,2026-06-28T01:26:59.999Z,6,0.700537,1.0062,0.4977,70.0537,25.4000,ASIA,-1
scalp_fade_3m,BTCUSDT,3m,1,STOP,2026-06-28T02:21:00.000Z,2026-06-28T02:23:59.999Z,0,-1.229113,0.0000,1.1336,-122.9113,38.2356,ASIA,1
scalp_fade_3m,BTCUSDT,3m,1,STOP,2026-06-28T04:00:00.000Z,2026-06-28T04:02:59.999Z,0,-1.288306,0.0000,0.7985,-128.8306,48.0796,ASIA,1
scalp_fade_3m,BTCUSDT,3m,1,STOP,2026-06-28T04:03:00.000Z,2026-06-28T04:35:59.999Z,10,-1.262727,0.4297,0.6198,-126.2727,43.3745,ASIA,1
scalp_fade_3m,BTCUSDT,3m,1,TARGET,2026-06-28T06:21:00.000Z,2026-06-28T07:02:59.999Z,13,0.822095,1.0924,0.4307,82.2095,21.4985,ASIA,1
scalp_fade_3m,BTCUSDT,3m,-1,STOP,2026-06-28T09:06:00.000Z,2026-06-28T09:11:59.999Z,1,-1.215082,0.0000,0.8878,-121.5082,35.6798,LONDON,1
scalp_fade_3m,BTCUSDT,3m,-1,STOP,2026-06-28T11:03:00.000Z,2026-06-28T11:23:59.999Z,6,-1.245972,0.7498,0.8245,-124.5972,40.6122,LONDON,-1
scalp_fade_3m,BTCUSDT,3m,-1,TARGET,2026-06-28T12:57:00.000Z,2026-06-28T13:02:59.999Z,1,0.706251,1.1078,0.2171,70.6251,25.2282,LONDON,1
scalp_fade_3m,BTCUSDT,3m,1,STOP,2026-06-28T14:18:00.000Z,2026-06-28T14:56:59.999Z,12,-1.206946,0.6004,0.7947,-120.6946,34.1230,NY,1
scalp_fade_3m,BTCUSDT,3m,1,STOP,2026-06-28T15:09:00.000Z,2026-06-28T15:53:59.999Z,14,-1.186723,0.6793,0.9704,-118.6723,30.7380,NY,-1
scalp_fade_3m,BTCUSDT,3m,1,STOP,2026-06-28T15:54:00.000Z,2026-06-28T16:26:59.999Z,10,-1.161744,0.4244,0.7883,-116.1744,26.7532,NY,-1
scalp_fade_3m,BTCUSDT,3m,1,STOP,2026-06-28T19:36:00.000Z,2026-06-28T19:47:59.999Z,3,-1.164206,0.0000,1.3635,-116.4206,27.3558,NY,-1
scalp_fade_3m,BTCUSDT,3m,1,TARGET,2026-06-28T19:57:00.000Z,2026-06-28T20:17:59.999Z,6,0.946000,1.2038,0.2018,94.6000,17.6076,NY,-1
scalp_fade_3m,BTCUSDT,3m,1,STOP,2026-06-28T21:45:00.000Z,2026-06-28T21:47:59.999Z,0,-1.230157,0.0000,1.4570,-123.0157,38.4092,LATE,-1
scalp_fade_3m,BTCUSDT,3m,1,STOP,2026-06-28T21:48:00.000Z,2026-06-28T21:50:59.999Z,0,-1.177795,0.0000,0.7947,-117.7795,29.7011,LATE,-1
scalp_fade_3m,BTCUSDT,3m,1,STOP,2026-06-28T22:21:00.000Z,2026-06-28T22:53:59.999Z,10,-1.090255,0.6715,0.8817,-109.0255,14.9866,LATE,-1
scalp_fade_3m,BTCUSDT,3m,1,TARGET,2026-06-28T23:03:00.000Z,2026-06-28T23:38:59.999Z,11,1.175861,1.4354,0.2180,117.5861,10.2960,LATE,-1
scalp_fade_3m,BTCUSDT,3m,1,STOP,2026-06-29T00:03:00.000Z,2026-06-29T00:23:59.999Z,6,-1.119559,0.8060,0.8982,-111.9559,19.8919,ASIA,1
scalp_fade_3m,BTCUSDT,3m,1,TARGET,2026-06-29T02:24:00.000Z,2026-06-29T02:44:59.999Z,6,1.145878,1.3144,0.1512,114.5878,11.2623,ASIA,-1
scalp_fade_3m,BTCUSDT,3m,-1,STOP,2026-06-29T05:45:00.000Z,2026-06-29T05:59:59.999Z,4,-1.132858,0.0000,0.8601,-113.2858,21.9205,ASIA,1
scalp_fade_3m,BTCUSDT,3m,-1,STOP,2026-06-29T09:30:00.000Z,2026-06-29T10:02:59.999Z,10,-1.136670,0.0518,1.1382,-113.6670,22.4140,LONDON,1
scalp_fade_3m,BTCUSDT,3m,-1,TARGET,2026-06-29T11:33:00.000Z,2026-06-29T12:02:59.999Z,9,0.920068,1.9424,0.5607,92.0068,18.3850,LONDON,-1
scalp_fade_3m,BTCUSDT,3m,-1,STOP,2026-06-29T12:03:00.000Z,2026-06-29T12:05:59.999Z,0,-1.100867,0.1704,1.2011,-110.0867,16.6794,LONDON,-1
scalp_fade_3m,BTCUSDT,3m,-1,TIME,2026-06-29T19:45:00.000Z,2026-06-29T20:47:59.999Z,20,-0.099999,0.3640,0.5684,-9.9999,25.7558,NY,1
scalp_fade_3m,BTCUSDT,3m,-1,TIME,2026-06-29T22:15:00.000Z,2026-06-29T23:17:59.999Z,20,-0.089833,0.4714,0.5434,-8.9833,31.7106,LATE,1
scalp_fade_3m,BTCUSDT,3m,1,TIME,2026-06-30T01:39:00.000Z,2026-06-30T02:41:59.999Z,20,0.256900,0.6935,0.4951,25.6900,25.0067,ASIA,1
scalp_fade_3m,BTCUSDT,3m,1,STOP,2026-06-30T03:00:00.000Z,2026-06-30T03:08:59.999Z,2,-1.239255,0.0223,0.8265,-123.9255,39.8393,ASIA,-1
scalp_fade_3m,BTCUSDT,3m,1,STOP,2026-06-30T03:09:00.000Z,2026-06-30T03:35:59.999Z,8,-1.216169,0.7892,0.9149,-121.6169,35.7850,ASIA,1
scalp_fade_3m,BTCUSDT,3m,1,STOP,2026-06-30T07:30:00.000Z,2026-06-30T08:17:59.999Z,15,-1.192096,0.3218,0.6852,-119.2096,31.5862,LONDON,-1
scalp_fade_3m,BTCUSDT,3m,1,TIME,2026-06-30T08:57:00.000Z,2026-06-30T09:59:59.999Z,20,-0.177071,0.5075,0.3103,-17.7071,28.1957,LONDON,-1
scalp_fade_3m,BTCUSDT,3m,1,STOP,2026-06-30T11:00:00.000Z,2026-06-30T11:23:59.999Z,7,-1.224216,0.3762,0.6398,-122.4216,37.1505,LONDON,-1
scalp_fade_3m,BTCUSDT,3m,1,TARGET,2026-06-30T13:33:00.000Z,2026-06-30T14:02:59.999Z,9,1.156812,2.2288,0.6029,115.6812,10.9060,NY,-1
scalp_fade_3m,BTCUSDT,3m,1,STOP,2026-06-30T14:39:00.000Z,2026-06-30T15:05:59.999Z,8,-1.079554,0.6886,0.8978,-107.9554,13.2526,NY,1
scalp_fade_3m,BTCUSDT,3m,1,STOP,2026-06-30T21:06:00.000Z,2026-06-30T21:11:59.999Z,1,-1.189222,0.0000,1.1695,-118.9222,31.5686,LATE,1
scalp_fade_3m,BTCUSDT,3m,1,TIME,2026-06-30T21:12:00.000Z,2026-06-30T22:14:59.999Z,20,0.192817,0.7162,0.4626,19.2817,28.0673,LATE,1
scalp_fade_3m,BTCUSDT,3m,1,STOP,2026-07-01T00:33:00.000Z,2026-07-01T01:05:59.999Z,10,-1.134857,0.4328,0.8836,-113.4857,22.3278,ASIA,1
scalp_fade_3m,BTCUSDT,3m,1,TARGET,2026-07-01T01:24:00.000Z,2026-07-01T01:41:59.999Z,5,1.193265,1.6248,0.3336,119.3265,9.7608,ASIA,1
scalp_fade_3m,BTCUSDT,3m,-1,STOP,2026-07-01T03:39:00.000Z,2026-07-01T03:53:59.999Z,4,-1.143434,0.1736,0.9805,-114.3434,23.6760,ASIA,-1
scalp_fade_3m,BTCUSDT,3m,1,STOP,2026-07-01T08:03:00.000Z,2026-07-01T08:23:59.999Z,6,-1.187916,0.3526,0.7686,-118.7916,31.1895,LONDON,1
scalp_fade_3m,BTCUSDT,3m,1,STOP,2026-07-01T11:12:00.000Z,2026-07-01T11:53:59.999Z,13,-1.191026,0.0853,0.8455,-119.1026,31.4755,LONDON,-1
scalp_fade_3m,BTCUSDT,3m,1,STOP,2026-07-01T12:03:00.000Z,2026-07-01T12:11:59.999Z,2,-1.180811,0.1355,0.7877,-118.0811,30.1400,LONDON,1
scalp_fade_3m,BTCUSDT,3m,1,TARGET,2026-07-01T12:12:00.000Z,2026-07-01T13:02:59.999Z,16,0.913102,1.3243,0.6954,91.3102,18.5993,LONDON,-1
scalp_fade_3m,BTCUSDT,3m,-1,TIME,2026-07-01T16:30:00.000Z,2026-07-01T17:32:59.999Z,20,-0.391517,1.0983,0.3740,-39.1517,20.8953,NY,-1
scalp_fade_3m,BTCUSDT,3m,-1,TIME,2026-07-01T18:51:00.000Z,2026-07-01T19:53:59.999Z,20,0.029114,0.8225,0.5079,2.9114,28.3161,NY,1
scalp_fade_3m,BTCUSDT,3m,-1,TARGET,2026-07-02T05:12:00.000Z,2026-07-02T05:50:59.999Z,12,0.902914,1.3430,0.4509,90.2914,18.9133,ASIA,-1
scalp_fade_3m,BTCUSDT,3m,-1,TARGET,2026-07-02T06:42:00.000Z,2026-07-02T06:50:59.999Z,2,0.811599,1.2390,0.1883,81.1599,21.8709,ASIA,-1
scalp_fade_3m,BTCUSDT,3m,-1,STOP,2026-07-02T09:09:00.000Z,2026-07-02T09:23:59.999Z,4,-1.191134,0.0489,1.0826,-119.1134,31.5937,LONDON,1
scalp_fade_3m,BTCUSDT,3m,-1,STOP,2026-07-02T11:57:00.000Z,2026-07-02T11:59:59.999Z,0,-1.184319,0.0836,0.7502,-118.4319,30.5893,LONDON,1
scalp_fade_3m,BTCUSDT,3m,-1,STOP,2026-07-02T12:00:00.000Z,2026-07-02T12:32:59.999Z,10,-1.165116,0.8053,1.1599,-116.5116,27.1065,LONDON,1
scalp_fade_3m,BTCUSDT,3m,-1,STOP,2026-07-02T12:33:00.000Z,2026-07-02T13:05:59.999Z,10,-1.119401,0.5844,0.8080,-111.9401,19.5653,LONDON,1
scalp_fade_3m,BTCUSDT,3m,-1,STOP,2026-07-02T13:33:00.000Z,2026-07-02T13:38:59.999Z,1,-1.090771,0.0000,0.9608,-109.0771,14.9810,NY,1
scalp_fade_3m,BTCUSDT,3m,-1,TARGET,2026-07-02T19:51:00.000Z,2026-07-02T20:02:59.999Z,3,0.839948,1.0713,0.3669,83.9948,20.9635,NY,-1
scalp_fade_3m,BTCUSDT,3m,-1,TIME,2026-07-02T21:00:00.000Z,2026-07-02T22:02:59.999Z,20,-0.592084,0.0887,0.5598,-59.2084,29.7208,LATE,-1
scalp_fade_3m,BTCUSDT,3m,-1,TARGET,2026-07-02T22:03:00.000Z,2026-07-02T22:53:59.999Z,16,0.482350,0.8742,0.3056,48.2350,32.2131,LATE,-1
scalp_fade_3m,BTCUSDT,3m,-1,TARGET,2026-07-03T02:09:00.000Z,2026-07-03T02:32:59.999Z,7,0.784935,1.3915,0.5906,78.4935,22.6866,ASIA,1
scalp_fade_3m,BTCUSDT,3m,1,STOP,2026-07-03T04:00:00.000Z,2026-07-03T04:11:59.999Z,3,-1.225239,0.0199,0.8789,-122.5239,37.4743,ASIA,1
scalp_fade_3m,BTCUSDT,3m,1,TARGET,2026-07-03T04:48:00.000Z,2026-07-03T05:20:59.999Z,10,0.727818,1.0290,0.5428,72.7818,24.5062,ASIA,-1
scalp_fade_3m,BTCUSDT,3m,-1,STOP,2026-07-03T08:03:00.000Z,2026-07-03T08:44:59.999Z,13,-1.221153,0.2891,0.7384,-122.1153,36.2386,LONDON,1
scalp_fade_3m,BTCUSDT,3m,-1,TARGET,2026-07-03T08:45:00.000Z,2026-07-03T08:53:59.999Z,2,0.744784,1.3300,0.2282,74.4784,23.9957,LONDON,-1
scalp_fade_3m,BTCUSDT,3m,-1,STOP,2026-07-03T09:48:00.000Z,2026-07-03T10:38:59.999Z,16,-1.195509,0.2824,0.7546,-119.5509,31.9231,LONDON,-1
scalp_fade_3m,BTCUSDT,3m,-1,STOP,2026-07-03T11:03:00.000Z,2026-07-03T11:11:59.999Z,2,-1.176248,0.0000,0.8819,-117.6248,29.1833,LONDON,-1
scalp_fade_3m,BTCUSDT,3m,-1,STOP,2026-07-03T13:42:00.000Z,2026-07-03T13:53:59.999Z,3,-1.191149,0.2835,0.9726,-119.1149,31.6289,NY,1
scalp_fade_3m,BTCUSDT,3m,-1,STOP,2026-07-03T14:42:00.000Z,2026-07-03T14:56:59.999Z,4,-1.134319,0.0420,0.9369,-113.4319,22.1631,NY,-1
scalp_fade_3m,BTCUSDT,3m,-1,STOP,2026-07-03T16:54:00.000Z,2026-07-03T17:02:59.999Z,2,-1.211717,0.0000,0.7160,-121.1717,35.0830,NY,1
scalp_fade_3m,BTCUSDT,3m,-1,STOP,2026-07-03T19:00:00.000Z,2026-07-03T19:05:59.999Z,1,-1.274717,0.0535,0.6505,-127.4717,45.6095,NY,1
scalp_fade_3m,BTCUSDT,3m,-1,STOP,2026-07-03T19:18:00.000Z,2026-07-03T20:08:59.999Z,16,-1.221259,0.4339,1.5789,-122.1259,36.1448,NY,1
scalp_fade_3m,BTCUSDT,3m,-1,STOP,2026-07-03T20:09:00.000Z,2026-07-03T20:20:59.999Z,3,-1.168962,0.0481,1.4496,-116.8962,27.9424,NY,-1
scalp_fade_3m,BTCUSDT,3m,-1,STOP,2026-07-03T23:18:00.000Z,2026-07-03T23:20:59.999Z,0,-1.255092,0.0632,0.6725,-125.5092,42.3859,LATE,-1
scalp_fade_3m,BTCUSDT,3m,-1,STOP,2026-07-03T23:21:00.000Z,2026-07-04T00:08:59.999Z,15,-1.231667,0.5302,1.5825,-123.1667,37.8899,LATE,-1
scalp_fade_3m,BTCUSDT,3m,-1,TARGET,2026-07-04T00:09:00.000Z,2026-07-04T01:02:59.999Z,17,0.864861,1.4918,0.5499,86.4861,20.0916,ASIA,1
scalp_fade_3m,BTCUSDT,3m,-1,STOP,2026-07-04T03:33:00.000Z,2026-07-04T03:35:59.999Z,0,-1.268026,0.0000,1.4870,-126.8026,44.5417,ASIA,1
scalp_fade_3m,BTCUSDT,3m,-1,TARGET,2026-07-04T05:00:00.000Z,2026-07-04T05:20:59.999Z,6,0.604939,0.9053,0.2438,60.4939,28.4105,ASIA,1
scalp_fade_3m,BTCUSDT,3m,-1,STOP,2026-07-04T07:15:00.000Z,2026-07-04T07:23:59.999Z,2,-1.250785,0.0000,0.6111,-125.0785,41.5814,LONDON,-1
scalp_fade_3m,BTCUSDT,3m,-1,STOP,2026-07-04T08:42:00.000Z,2026-07-04T08:50:59.999Z,2,-1.241077,0.0000,0.6400,-124.1077,39.9666,LONDON,1
scalp_fade_3m,BTCUSDT,3m,1,STOP,2026-07-04T10:33:00.000Z,2026-07-04T10:38:59.999Z,1,-1.313871,0.0000,0.4970,-131.3871,52.2769,LONDON,1
scalp_fade_3m,BTCUSDT,3m,1,STOP,2026-07-04T10:51:00.000Z,2026-07-04T10:53:59.999Z,0,-1.343165,0.0000,0.4321,-134.3165,57.2029,LONDON,1
scalp_fade_3m,BTCUSDT,3m,1,STOP,2026-07-04T11:03:00.000Z,2026-07-04T11:29:59.999Z,8,-1.312544,0.2468,0.5559,-131.2544,51.6806,LONDON,1
scalp_fade_3m,BTCUSDT,3m,1,TARGET,2026-07-04T11:48:00.000Z,2026-07-04T12:35:59.999Z,15,0.445203,0.9692,0.2877,44.5203,33.4206,LONDON,1
scalp_fade_3m,BTCUSDT,3m,-1,STOP,2026-07-04T14:57:00.000Z,2026-07-04T15:02:59.999Z,1,-1.269305,0.0000,0.6799,-126.9305,44.7084,NY,-1
scalp_fade_3m,BTCUSDT,3m,-1,STOP,2026-07-04T19:03:00.000Z,2026-07-04T19:23:59.999Z,6,-1.219128,0.4436,0.7567,-121.9128,36.1655,NY,-1
scalp_fade_3m,BTCUSDT,3m,-1,STOP,2026-07-04T21:12:00.000Z,2026-07-04T21:14:59.999Z,0,-1.254092,0.0000,0.9793,-125.4092,42.2191,LATE,1
scalp_fade_3m,BTCUSDT,3m,-1,STOP,2026-07-04T21:15:00.000Z,2026-07-04T21:20:59.999Z,1,-1.228111,0.0000,0.6780,-122.8111,37.8493,LATE,1
scalp_fade_3m,BTCUSDT,3m,-1,TARGET,2026-07-04T23:45:00.000Z,2026-07-05T00:23:59.999Z,12,0.682721,1.1462,0.3970,68.2721,25.8957,LATE,-1
scalp_fade_3m,BTCUSDT,3m,-1,TARGET,2026-07-05T00:42:00.000Z,2026-07-05T00:56:59.999Z,4,0.646868,1.3238,0.3081,64.6868,27.0941,ASIA,1
scalp_fade_3m,BTCUSDT,3m,1,STOP,2026-07-05T03:21:00.000Z,2026-07-05T03:29:59.999Z,2,-1.245171,0.0000,0.6450,-124.5171,40.8211,ASIA,-1
scalp_fade_3m,BTCUSDT,3m,1,TARGET,2026-07-05T04:03:00.000Z,2026-07-05T04:32:59.999Z,9,0.602482,1.2961,0.2439,60.2482,28.4886,ASIA,1
scalp_fade_3m,BTCUSDT,3m,1,STOP,2026-07-05T06:00:00.000Z,2026-07-05T06:05:59.999Z,1,-1.254330,0.0000,0.7182,-125.4330,42.3853,ASIA,-1
scalp_fade_3m,BTCUSDT,3m,1,STOP,2026-07-05T07:12:00.000Z,2026-07-05T07:17:59.999Z,1,-1.316548,0.0000,0.6256,-131.6548,52.7216,LONDON,1
scalp_fade_3m,BTCUSDT,3m,1,TARGET,2026-07-05T07:21:00.000Z,2026-07-05T07:35:59.999Z,4,0.446855,0.9752,0.2866,44.6855,33.4723,LONDON,1
scalp_fade_3m,BTCUSDT,3m,1,TARGET,2026-07-05T12:18:00.000Z,2026-07-05T13:08:59.999Z,16,0.450889,0.8749,0.3936,45.0889,33.2311,LONDON,-1
scalp_fade_3m,BTCUSDT,3m,1,TIME,2026-07-05T13:30:00.000Z,2026-07-05T14:32:59.999Z,20,-1.075454,0.6322,0.4489,-107.5454,41.6033,NY,1
scalp_fade_3m,BTCUSDT,3m,1,STOP,2026-07-05T15:42:00.000Z,2026-07-05T16:29:59.999Z,15,-1.201885,0.0000,0.9005,-120.1885,33.1893,NY,1
scalp_fade_3m,BTCUSDT,3m,1,TARGET,2026-07-05T18:09:00.000Z,2026-07-05T18:53:59.999Z,14,0.595825,1.4372,0.2454,59.5825,28.6592,NY,1
scalp_fade_3m,BTCUSDT,3m,-1,TIME,2026-07-05T23:27:00.000Z,2026-07-06T00:29:59.999Z,20,0.578535,0.9321,0.2678,57.8535,20.8190,LATE,1
scalp_fade_3m,BTCUSDT,3m,1,STOP,2026-07-06T06:39:00.000Z,2026-07-06T07:02:59.999Z,7,-1.202611,0.1462,0.8088,-120.2611,33.5835,ASIA,-1
scalp_fade_3m,BTCUSDT,3m,1,TARGET,2026-07-06T10:03:00.000Z,2026-07-06T10:35:59.999Z,10,0.705949,1.2317,0.2157,70.5949,25.1997,LONDON,-1
scalp_fade_3m,BTCUSDT,3m,1,STOP,2026-07-06T12:00:00.000Z,2026-07-06T12:02:59.999Z,0,-1.142750,0.0000,1.8510,-114.2750,23.8730,LONDON,1
scalp_fade_3m,BTCUSDT,3m,-1,STOP,2026-07-06T18:06:00.000Z,2026-07-06T18:26:59.999Z,6,-1.146715,0.2505,0.8134,-114.6715,24.1706,NY,-1
scalp_fade_3m,BTCUSDT,3m,-1,STOP,2026-07-06T19:15:00.000Z,2026-07-06T19:20:59.999Z,1,-1.188750,0.0000,0.8756,-118.8750,31.2953,NY,-1
scalp_fade_3m,BTCUSDT,3m,-1,TIME,2026-07-06T19:51:00.000Z,2026-07-06T20:53:59.999Z,20,-1.039390,0.9907,0.5950,-103.9390,33.0280,NY,1
scalp_fade_3m,BTCUSDT,3m,-1,TARGET,2026-07-06T23:03:00.000Z,2026-07-06T23:47:59.999Z,14,0.814878,1.0649,0.4363,81.4878,21.6927,LATE,-1
scalp_fade_3m,BTCUSDT,3m,-1,STOP,2026-07-07T00:21:00.000Z,2026-07-07T00:26:59.999Z,1,-1.195051,0.0000,1.0810,-119.5051,32.3444,ASIA,-1
scalp_fade_3m,BTCUSDT,3m,-1,TARGET,2026-07-07T01:48:00.000Z,2026-07-07T02:26:59.999Z,12,0.962631,1.4897,0.1934,96.2631,17.0197,ASIA,-1
scalp_fade_3m,BTCUSDT,3m,1,STOP,2026-07-07T04:15:00.000Z,2026-07-07T04:50:59.999Z,11,-1.218682,0.3647,0.9484,-121.8682,36.0877,ASIA,-1
scalp_fade_3m,BTCUSDT,3m,1,STOP,2026-07-07T07:27:00.000Z,2026-07-07T07:35:59.999Z,2,-1.194627,0.0938,0.8781,-119.4627,32.4329,LONDON,1
scalp_fade_3m,BTCUSDT,3m,1,STOP,2026-07-07T08:15:00.000Z,2026-07-07T08:32:59.999Z,5,-1.197634,0.0684,0.9167,-119.7634,32.8296,LONDON,-1
scalp_fade_3m,BTCUSDT,3m,1,TARGET,2026-07-07T11:03:00.000Z,2026-07-07T11:47:59.999Z,14,0.726977,1.2559,0.5160,72.6977,24.5051,LONDON,-1
scalp_fade_3m,BTCUSDT,3m,1,TARGET,2026-07-07T14:36:00.000Z,2026-07-07T14:53:59.999Z,5,1.205431,1.3302,0.4757,120.5431,9.3744,NY,-1
scalp_fade_3m,BTCUSDT,3m,-1,TARGET,2026-07-07T18:21:00.000Z,2026-07-07T18:50:59.999Z,9,0.828741,1.3140,0.3476,82.8741,21.2835,NY,-1
scalp_fade_3m,BTCUSDT,3m,-1,STOP,2026-07-07T21:03:00.000Z,2026-07-07T21:05:59.999Z,0,-1.212619,0.0000,0.7791,-121.2619,35.3064,LATE,-1
scalp_fade_3m,BTCUSDT,3m,1,STOP,2026-07-08T03:39:00.000Z,2026-07-08T03:47:59.999Z,2,-1.190828,0.0000,0.6949,-119.0828,31.8023,ASIA,1
scalp_fade_3m,BTCUSDT,3m,1,STOP,2026-07-08T04:36:00.000Z,2026-07-08T04:38:59.999Z,0,-1.204507,0.0000,0.8893,-120.4507,34.1435,ASIA,-1
scalp_fade_3m,BTCUSDT,3m,1,STOP,2026-07-08T06:27:00.000Z,2026-07-08T06:35:59.999Z,2,-1.177504,0.1724,0.7189,-117.7504,29.5912,ASIA,-1
scalp_fade_3m,BTCUSDT,3m,1,STOP,2026-07-08T08:18:00.000Z,2026-07-08T08:26:59.999Z,2,-1.121131,0.2540,0.8993,-112.1131,20.2354,LONDON,1
scalp_fade_3m,BTCUSDT,3m,1,TIME,2026-07-08T10:03:00.000Z,2026-07-08T11:05:59.999Z,20,0.124420,0.6581,0.5779,12.4420,26.5689,LONDON,1
scalp_fade_3m,BTCUSDT,3m,1,STOP,2026-07-08T13:36:00.000Z,2026-07-08T13:47:59.999Z,3,-1.138595,0.3094,0.8325,-113.8595,23.1097,NY,-1
scalp_fade_3m,BTCUSDT,3m,1,STOP,2026-07-08T14:54:00.000Z,2026-07-08T15:14:59.999Z,6,-1.102741,0.2867,0.9855,-110.2741,17.1122,NY,1
scalp_fade_3m,BTCUSDT,3m,1,TIME,2026-07-08T15:39:00.000Z,2026-07-08T16:41:59.999Z,20,0.584585,1.0237,0.5958,58.4585,21.5102,NY,-1
scalp_fade_3m,BTCUSDT,3m,1,TARGET,2026-07-08T21:36:00.000Z,2026-07-08T22:02:59.999Z,8,0.741434,1.0073,0.2344,74.1434,24.0881,LATE,-1
scalp_fade_3m,BTCUSDT,3m,-1,STOP,2026-07-09T00:33:00.000Z,2026-07-09T01:11:59.999Z,12,-1.199469,0.7905,2.3342,-119.9469,32.7062,ASIA,-1
scalp_fade_3m,BTCUSDT,3m,-1,TARGET,2026-07-09T01:33:00.000Z,2026-07-09T01:50:59.999Z,5,1.032492,1.6735,0.1499,103.2492,14.8338,ASIA,-1
scalp_fade_3m,BTCUSDT,3m,1,TARGET,2026-07-09T03:21:00.000Z,2026-07-09T04:17:59.999Z,18,0.907773,1.1321,0.2427,90.7773,18.7574,ASIA,1
scalp_fade_3m,BTCUSDT,3m,-1,STOP,2026-07-09T11:54:00.000Z,2026-07-09T12:08:59.999Z,4,-1.209897,0.3222,0.9608,-120.9897,34.7082,LONDON,-1
scalp_fade_3m,BTCUSDT,3m,-1,TARGET,2026-07-09T12:09:00.000Z,2026-07-09T12:47:59.999Z,12,0.903841,1.5614,0.6142,90.3841,18.8840,LONDON,1
scalp_fade_3m,BTCUSDT,3m,-1,STOP,2026-07-09T13:39:00.000Z,2026-07-09T13:44:59.999Z,1,-1.116200,0.1134,0.8382,-111.6200,19.2151,NY,1
scalp_fade_3m,BTCUSDT,3m,-1,STOP,2026-07-09T13:45:00.000Z,2026-07-09T13:53:59.999Z,2,-1.109030,0.3483,0.8836,-110.9030,18.0025,NY,1
scalp_fade_3m,BTCUSDT,3m,-1,TIME,2026-07-09T21:15:00.000Z,2026-07-09T22:17:59.999Z,20,-0.695969,0.5616,0.4226,-69.5969,39.3416,LATE,1
scalp_fade_3m,BTCUSDT,3m,-1,STOP,2026-07-09T22:21:00.000Z,2026-07-09T22:44:59.999Z,7,-1.226792,0.1902,0.7734,-122.6792,37.3963,LATE,1
scalp_fade_3m,BTCUSDT,3m,-1,TARGET,2026-07-09T22:45:00.000Z,2026-07-09T23:17:59.999Z,10,0.672835,1.2853,0.4424,67.2835,26.2241,LATE,1
scalp_fade_3m,BTCUSDT,3m,-1,TIME,2026-07-09T23:27:00.000Z,2026-07-10T00:29:59.999Z,20,0.149933,0.7837,0.4237,14.9933,29.9543,LATE,1
scalp_fade_3m,BTCUSDT,3m,-1,TIME,2026-07-10T04:36:00.000Z,2026-07-10T05:38:59.999Z,20,-0.746994,0.4327,0.6951,-74.6994,28.5566,ASIA,1
scalp_fade_3m,BTCUSDT,3m,-1,STOP,2026-07-10T07:18:00.000Z,2026-07-10T07:23:59.999Z,1,-1.242159,0.0000,0.6579,-124.2159,40.1884,LONDON,-1
scalp_fade_3m,BTCUSDT,3m,-1,STOP,2026-07-10T11:48:00.000Z,2026-07-10T12:14:59.999Z,8,-1.217539,0.5226,1.0890,-121.7539,35.8283,LONDON,-1
scalp_fade_3m,BTCUSDT,3m,-1,TIME,2026-07-10T12:21:00.000Z,2026-07-10T13:23:59.999Z,20,0.121473,0.8132,0.5338,12.1473,26.9817,LONDON,-1
scalp_fade_3m,BTCUSDT,3m,-1,STOP,2026-07-10T13:39:00.000Z,2026-07-10T13:44:59.999Z,1,-1.172598,0.1700,0.8522,-117.2598,28.6058,NY,-1
scalp_fade_3m,BTCUSDT,3m,1,STOP,2026-07-10T16:03:00.000Z,2026-07-10T16:38:59.999Z,11,-1.175976,0.7851,0.7870,-117.5976,29.0658,NY,1
scalp_fade_3m,BTCUSDT,3m,1,TARGET,2026-07-10T16:39:00.000Z,2026-07-10T16:53:59.999Z,4,0.854500,1.2500,0.1756,85.4500,20.5240,NY,1
scalp_fade_3m,BTCUSDT,3m,1,STOP,2026-07-10T17:12:00.000Z,2026-07-10T17:44:59.999Z,10,-1.165469,0.0000,0.7485,-116.5469,27.3663,NY,1
scalp_fade_3m,BTCUSDT,3m,1,STOP,2026-07-10T20:00:00.000Z,2026-07-10T20:05:59.999Z,1,-1.229564,0.0000,0.6833,-122.9564,38.2707,NY,1
scalp_fade_3m,BTCUSDT,3m,1,STOP,2026-07-10T20:18:00.000Z,2026-07-10T20:20:59.999Z,0,-1.256151,0.0000,1.3120,-125.6151,42.7321,NY,1
scalp_fade_3m,BTCUSDT,3m,1,STOP,2026-07-10T20:24:00.000Z,2026-07-10T20:26:59.999Z,0,-1.175984,0.0000,0.9553,-117.5984,29.4000,NY,1
scalp_fade_3m,BTCUSDT,3m,-1,STOP,2026-07-10T22:54:00.000Z,2026-07-10T22:56:59.999Z,0,-1.308253,0.0000,0.9577,-130.8253,51.2469,LATE,1
scalp_fade_3m,BTCUSDT,3m,-1,STOP,2026-07-11T01:06:00.000Z,2026-07-11T01:20:59.999Z,4,-1.284284,0.0955,0.5662,-128.4284,47.0558,ASIA,-1
scalp_fade_3m,BTCUSDT,3m,-1,TARGET,2026-07-11T01:36:00.000Z,2026-07-11T01:41:59.999Z,1,0.655466,0.9610,0.2687,65.5466,26.8437,ASIA,1
scalp_fade_3m,BTCUSDT,3m,-1,TIME,2026-07-11T03:21:00.000Z,2026-07-11T04:23:59.999Z,20,-0.876820,0.3495,0.4309,-87.6820,44.3713,ASIA,1
scalp_fade_3m,BTCUSDT,3m,-1,STOP,2026-07-11T04:33:00.000Z,2026-07-11T04:38:59.999Z,1,-1.320337,0.0000,0.6675,-132.0337,53.2056,ASIA,-1
scalp_fade_3m,BTCUSDT,3m,-1,STOP,2026-07-11T05:45:00.000Z,2026-07-11T06:11:59.999Z,8,-1.312781,0.1793,0.5304,-131.2781,51.5721,ASIA,1
scalp_fade_3m,BTCUSDT,3m,-1,STOP,2026-07-11T07:12:00.000Z,2026-07-11T07:20:59.999Z,2,-1.329544,0.0000,0.4567,-132.9544,54.6818,LONDON,-1
scalp_fade_3m,BTCUSDT,3m,-1,STOP,2026-07-11T07:30:00.000Z,2026-07-11T07:44:59.999Z,4,-1.324298,0.0250,0.4945,-132.4298,53.6977,LONDON,-1
scalp_fade_3m,BTCUSDT,3m,-1,STOP,2026-07-11T08:12:00.000Z,2026-07-11T08:20:59.999Z,2,-1.326736,0.0000,0.5422,-132.6736,54.2148,LONDON,-1
scalp_fade_3m,BTCUSDT,3m,-1,STOP_GAP,2026-07-11T12:00:00.000Z,2026-07-11T12:02:59.999Z,0,-1.481621,0.0000,0.4040,-148.1621,67.3273,LONDON,1
scalp_fade_3m,BTCUSDT,3m,-1,STOP,2026-07-11T12:12:00.000Z,2026-07-11T12:17:59.999Z,1,-1.350403,0.0000,0.4572,-135.0403,58.2119,LONDON,1
scalp_fade_3m,BTCUSDT,3m,-1,TARGET,2026-07-11T15:12:00.000Z,2026-07-11T15:38:59.999Z,8,0.641269,4.3733,0.3783,64.1269,27.2411,NY,1
scalp_fade_3m,BTCUSDT,3m,-1,STOP,2026-07-11T19:24:00.000Z,2026-07-11T20:14:59.999Z,16,-1.365513,0.5980,0.5224,-136.5513,59.7949,NY,-1
scalp_fade_3m,BTCUSDT,3m,-1,TARGET,2026-07-11T22:12:00.000Z,2026-07-11T22:23:59.999Z,3,0.360220,1.3312,0.3775,36.0220,36.2147,LATE,-1
scalp_fade_3m,BTCUSDT,3m,1,STOP,2026-07-12T03:00:00.000Z,2026-07-12T03:11:59.999Z,3,-1.293354,0.0066,0.6453,-129.3354,48.7670,ASIA,-1
scalp_fade_3m,BTCUSDT,3m,1,STOP,2026-07-12T04:21:00.000Z,2026-07-12T04:32:59.999Z,3,-1.244100,0.0000,0.8350,-124.4100,40.6012,ASIA,1
scalp_fade_3m,BTCUSDT,3m,1,STOP,2026-07-12T06:00:00.000Z,2026-07-12T06:02:59.999Z,0,-1.324199,0.0000,1.0007,-132.4199,54.0488,ASIA,-1
scalp_fade_3m,BTCUSDT,3m,1,STOP,2026-07-12T08:48:00.000Z,2026-07-12T09:11:59.999Z,7,-1.281204,0.0856,0.5913,-128.1204,46.5595,LONDON,1
scalp_fade_3m,BTCUSDT,3m,1,STOP,2026-07-12T09:12:00.000Z,2026-07-12T09:14:59.999Z,0,-1.287124,0.0000,0.6344,-128.7124,47.8831,LONDON,-1
scalp_fade_3m,BTCUSDT,3m,1,STOP,2026-07-12T11:00:00.000Z,2026-07-12T11:11:59.999Z,3,-1.308990,0.1215,0.6510,-130.8990,51.3592,LONDON,-1
scalp_fade_3m,BTCUSDT,3m,1,TARGET,2026-07-12T11:12:00.000Z,2026-07-12T11:35:59.999Z,7,0.477339,1.1944,0.2781,47.7339,32.4764,LONDON,-1
scalp_fade_3m,BTCUSDT,3m,-1,STOP,2026-07-12T13:21:00.000Z,2026-07-12T13:38:59.999Z,5,-1.283855,0.0000,0.5879,-128.3855,46.9359,NY,-1
scalp_fade_3m,BTCUSDT,3m,-1,STOP,2026-07-12T13:42:00.000Z,2026-07-12T14:44:59.999Z,20,-1.296849,0.3691,0.6252,-129.6849,48.3397,NY,1
scalp_fade_3m,BTCUSDT,3m,-1,STOP,2026-07-12T19:51:00.000Z,2026-07-12T19:53:59.999Z,0,-1.353241,0.0000,0.8338,-135.3241,58.7455,NY,-1
scalp_fade_3m,BTCUSDT,3m,-1,STOP,2026-07-12T20:12:00.000Z,2026-07-12T20:23:59.999Z,3,-1.330262,0.0000,0.4598,-133.0262,54.7443,NY,-1
scalp_fade_3m,BTCUSDT,3m,-1,TARGET,2026-07-12T21:12:00.000Z,2026-07-12T21:23:59.999Z,3,0.220694,0.8174,0.4121,22.0694,40.6504,LATE,1
scalp_fade_3m,BTCUSDT,3m,1,TARGET,2026-07-12T23:48:00.000Z,2026-07-13T00:05:59.999Z,5,0.715275,1.4578,0.3598,71.5275,24.9392,LATE,-1
scalp_fade_3m,BTCUSDT,3m,1,STOP,2026-07-13T00:39:00.000Z,2026-07-13T00:41:59.999Z,0,-1.117118,0.0000,1.2014,-111.7118,19.6103,ASIA,1
scalp_fade_3m,BTCUSDT,3m,1,STOP,2026-07-13T00:48:00.000Z,2026-07-13T01:32:59.999Z,14,-1.091653,0.2937,0.9346,-109.1653,15.1541,ASIA,1
scalp_fade_3m,BTCUSDT,3m,1,STOP,2026-07-13T02:18:00.000Z,2026-07-13T03:05:59.999Z,15,-1.119207,0.0125,0.8935,-111.9207,19.6506,ASIA,-1
scalp_fade_3m,BTCUSDT,3m,1,TARGET,2026-07-13T07:03:00.000Z,2026-07-13T07:26:59.999Z,7,0.613404,1.1558,0.3077,61.3404,28.1581,LONDON,1
scalp_fade_3m,BTCUSDT,3m,1,STOP,2026-07-13T09:51:00.000Z,2026-07-13T10:41:59.999Z,16,-1.345792,0.1686,1.7030,-134.5792,56.6963,LONDON,1
scalp_fade_3m,BTCUSDT,3m,1,STOP,2026-07-13T10:42:00.000Z,2026-07-13T10:44:59.999Z,0,-1.267013,0.0000,0.6171,-126.7013,44.5386,LONDON,1
scalp_fade_3m,BTCUSDT,3m,1,STOP,2026-07-13T12:03:00.000Z,2026-07-13T12:05:59.999Z,0,-1.241261,0.0000,0.6046,-124.1261,40.2559,LONDON,-1
scalp_fade_3m,BTCUSDT,3m,1,STOP,2026-07-13T13:42:00.000Z,2026-07-13T14:17:59.999Z,11,-1.117865,0.2215,0.8808,-111.7865,19.5108,NY,-1
scalp_fade_3m,BTCUSDT,3m,1,TARGET,2026-07-13T14:18:00.000Z,2026-07-13T15:02:59.999Z,14,1.104572,1.2848,0.3160,110.4572,12.5452,NY,-1
scalp_fade_3m,BTCUSDT,3m,1,TARGET,2026-07-13T19:24:00.000Z,2026-07-13T19:53:59.999Z,9,0.734036,1.0523,0.3508,73.4036,24.3159,NY,1
scalp_fade_3m,BTCUSDT,3m,1,STOP,2026-07-13T20:18:00.000Z,2026-07-13T20:53:59.999Z,11,-1.224308,0.5332,0.7868,-122.4308,37.0128,NY,1
scalp_fade_3m,BTCUSDT,3m,1,STOP,2026-07-13T22:00:00.000Z,2026-07-13T22:56:59.999Z,18,-1.196135,0.6627,0.7781,-119.6135,32.1489,LATE,-1
scalp_fade_3m,BTCUSDT,3m,-1,STOP,2026-07-14T03:30:00.000Z,2026-07-14T03:53:59.999Z,7,-1.205203,0.0164,0.7365,-120.5203,33.8239,ASIA,-1
scalp_fade_3m,BTCUSDT,3m,-1,STOP,2026-07-14T08:27:00.000Z,2026-07-14T08:38:59.999Z,3,-1.238933,0.0000,0.9763,-123.8933,39.5689,LONDON,-1
scalp_fade_3m,BTCUSDT,3m,-1,STOP,2026-07-14T19:21:00.000Z,2026-07-14T19:23:59.999Z,0,-1.213220,0.0000,0.7069,-121.3220,35.4065,NY,-1
scalp_fade_3m,BTCUSDT,3m,-1,TIME,2026-07-14T22:21:00.000Z,2026-07-14T23:23:59.999Z,20,-0.088748,0.6965,0.5753,-8.8748,21.7337,LATE,1
scalp_fade_3m,BTCUSDT,3m,-1,TARGET,2026-07-15T00:06:00.000Z,2026-07-15T00:44:59.999Z,12,0.678101,0.9603,0.5103,67.8101,26.0422,ASIA,1
scalp_fade_3m,BTCUSDT,3m,-1,TARGET,2026-07-15T01:24:00.000Z,2026-07-15T02:23:59.999Z,19,0.709887,1.1000,0.5395,70.9887,24.9847,ASIA,-1
scalp_fade_3m,BTCUSDT,3m,-1,STOP,2026-07-15T03:09:00.000Z,2026-07-15T03:14:59.999Z,1,-1.273793,0.0000,0.5801,-127.3793,45.4557,ASIA,-1
scalp_fade_3m,BTCUSDT,3m,-1,STOP,2026-07-15T03:42:00.000Z,2026-07-15T03:53:59.999Z,3,-1.220257,0.0000,0.9883,-122.0257,36.4657,ASIA,1
scalp_fade_3m,BTCUSDT,3m,-1,STOP,2026-07-15T05:33:00.000Z,2026-07-15T05:50:59.999Z,5,-1.234706,0.0000,0.6323,-123.4706,38.7861,ASIA,1
scalp_fade_3m,BTCUSDT,3m,-1,TARGET,2026-07-15T10:06:00.000Z,2026-07-15T10:32:59.999Z,8,0.691767,0.9765,0.4017,69.1767,25.6379,LONDON,1
scalp_fade_3m,BTCUSDT,3m,1,STOP,2026-07-15T12:06:00.000Z,2026-07-15T12:08:59.999Z,0,-1.276530,0.0000,0.6394,-127.6530,46.1212,LONDON,-1
scalp_fade_3m,BTCUSDT,3m,1,STOP,2026-07-15T12:09:00.000Z,2026-07-15T12:23:59.999Z,4,-1.258211,0.3459,0.5860,-125.8211,42.8961,LONDON,-1
scalp_fade_3m,BTCUSDT,3m,-1,STOP,2026-07-15T12:39:00.000Z,2026-07-15T12:50:59.999Z,3,-1.141889,0.0496,0.8983,-114.1889,23.4439,LONDON,1
scalp_fade_3m,BTCUSDT,3m,-1,TIME,2026-07-15T15:09:00.000Z,2026-07-15T16:11:59.999Z,20,0.493419,0.9022,0.6136,49.3419,20.9448,NY,-1
scalp_fade_3m,BTCUSDT,3m,-1,TIME,2026-07-15T17:48:00.000Z,2026-07-15T18:50:59.999Z,20,0.052268,0.7655,0.1589,5.2268,26.3802,NY,-1
scalp_fade_3m,BTCUSDT,3m,1,TIME,2026-07-15T19:33:00.000Z,2026-07-15T20:35:59.999Z,20,-0.024407,0.8561,0.3148,-2.4407,34.9230,NY,-1
scalp_fade_3m,BTCUSDT,3m,1,STOP,2026-07-15T21:06:00.000Z,2026-07-15T21:11:59.999Z,1,-1.266746,0.0000,1.0531,-126.6746,44.4478,LATE,-1
scalp_fade_3m,BTCUSDT,3m,1,STOP,2026-07-15T22:57:00.000Z,2026-07-15T23:41:59.999Z,14,-1.235628,0.1979,0.9371,-123.5628,38.7545,LATE,1
scalp_fade_3m,BTCUSDT,3m,1,STOP,2026-07-16T03:21:00.000Z,2026-07-16T03:50:59.999Z,9,-1.240760,0.4995,0.7474,-124.0760,39.7998,ASIA,1
scalp_fade_3m,BTCUSDT,3m,1,TARGET,2026-07-16T04:51:00.000Z,2026-07-16T05:14:59.999Z,7,0.509646,0.8961,0.3923,50.9646,31.4511,ASIA,-1
scalp_fade_3m,BTCUSDT,3m,1,TIME,2026-07-16T08:45:00.000Z,2026-07-16T09:47:59.999Z,20,-0.644622,0.1622,0.6026,-64.4622,23.6568,LONDON,-1
scalp_fade_3m,BTCUSDT,3m,1,TARGET,2026-07-16T09:54:00.000Z,2026-07-16T10:32:59.999Z,12,0.702040,1.1413,0.2166,70.2040,25.3093,LONDON,1
scalp_fade_3m,BTCUSDT,3m,1,TIME,2026-07-16T11:18:00.000Z,2026-07-16T12:20:59.999Z,20,-0.653562,0.6837,0.4883,-65.3562,40.8423,LONDON,-1
scalp_fade_3m,BTCUSDT,3m,1,TARGET,2026-07-16T13:06:00.000Z,2026-07-16T13:32:59.999Z,8,0.815018,1.5384,0.2570,81.5018,21.7534,NY,-1
scalp_fade_3m,BTCUSDT,3m,1,TARGET,2026-07-16T13:45:00.000Z,2026-07-16T14:02:59.999Z,5,0.934323,1.2161,0.3310,93.4323,17.9834,NY,1
scalp_fade_3m,BTCUSDT,3m,-1,TARGET,2026-07-16T16:33:00.000Z,2026-07-16T17:08:59.999Z,11,0.952119,1.2921,0.1491,95.2119,17.3579,NY,1
scalp_fade_3m,BTCUSDT,3m,1,STOP,2026-07-16T19:51:00.000Z,2026-07-16T20:53:59.999Z,20,-1.210690,0.2165,0.7645,-121.0690,34.4546,NY,-1
scalp_fade_3m,BTCUSDT,3m,1,STOP,2026-07-16T21:09:00.000Z,2026-07-16T21:59:59.999Z,16,-1.291646,0.3120,0.5281,-129.1646,47.8389,LATE,-1
scalp_fade_3m,BTCUSDT,3m,1,STOP,2026-07-16T22:18:00.000Z,2026-07-16T22:23:59.999Z,1,-1.248806,0.0000,0.8821,-124.8806,41.4675,LATE,1
scalp_fade_3m,BTCUSDT,3m,1,STOP,2026-07-16T22:36:00.000Z,2026-07-16T22:41:59.999Z,1,-1.200746,0.0000,0.6721,-120.0746,33.4832,LATE,1
scalp_fade_3m,BTCUSDT,3m,1,STOP,2026-07-16T22:42:00.000Z,2026-07-16T22:56:59.999Z,4,-1.192838,0.1112,0.7114,-119.2838,32.0693,LATE,-1
scalp_fade_3m,BTCUSDT,3m,1,STOP,2026-07-17T01:21:00.000Z,2026-07-17T01:47:59.999Z,8,-1.161318,0.3867,1.3201,-116.1318,26.7383,ASIA,-1
scalp_fade_3m,BTCUSDT,3m,1,STOP,2026-07-17T03:48:00.000Z,2026-07-17T04:05:59.999Z,5,-1.213735,0.0000,0.7295,-121.3735,35.4935,ASIA,-1
scalp_fade_3m,BTCUSDT,3m,1,STOP,2026-07-17T07:36:00.000Z,2026-07-17T08:02:59.999Z,8,-1.201572,0.2465,0.9347,-120.1572,33.3775,LONDON,-1
scalp_fade_3m,BTCUSDT,3m,1,TARGET,2026-07-17T11:21:00.000Z,2026-07-17T11:38:59.999Z,5,0.443477,1.2971,0.3657,44.3477,33.5701,LONDON,1
scalp_fade_3m,BTCUSDT,3m,1,STOP,2026-07-17T12:21:00.000Z,2026-07-17T12:38:59.999Z,5,-1.226444,0.0356,0.6686,-122.6444,37.5960,LONDON,1
scalp_fade_3m,BTCUSDT,3m,1,STOP,2026-07-17T15:06:00.000Z,2026-07-17T15:14:59.999Z,2,-1.131865,0.0000,0.9649,-113.1865,22.0169,NY,1
scalp_fade_3m,BTCUSDT,3m,-1,STOP,2026-07-17T16:24:00.000Z,2026-07-17T16:44:59.999Z,6,-1.140165,0.0000,0.8542,-114.0165,23.0856,NY,1
scalp_fade_3m,BTCUSDT,3m,-1,STOP,2026-07-18T00:15:00.000Z,2026-07-18T00:17:59.999Z,0,-1.296801,0.0000,0.5174,-129.6801,49.3380,ASIA,1
scalp_fade_3m,BTCUSDT,3m,-1,STOP,2026-07-18T01:24:00.000Z,2026-07-18T01:26:59.999Z,0,-1.334007,0.0000,0.4452,-133.4007,55.5396,ASIA,-1
scalp_fade_3m,BTCUSDT,3m,-1,STOP,2026-07-18T02:12:00.000Z,2026-07-18T02:17:59.999Z,1,-1.326479,0.0000,0.4898,-132.6479,54.2284,ASIA,-1
scalp_fade_3m,BTCUSDT,3m,-1,STOP,2026-07-18T02:39:00.000Z,2026-07-18T02:41:59.999Z,0,-1.331255,0.0000,0.4932,-133.1255,55.0809,ASIA,1
scalp_fade_3m,BTCUSDT,3m,-1,STOP,2026-07-18T03:57:00.000Z,2026-07-18T03:59:59.999Z,0,-1.361192,0.0000,0.6393,-136.1192,60.0708,ASIA,-1
scalp_fade_3m,BTCUSDT,3m,-1,STOP,2026-07-18T05:27:00.000Z,2026-07-18T05:32:59.999Z,1,-1.370565,0.0000,0.4724,-137.0565,61.5691,ASIA,1
scalp_fade_3m,BTCUSDT,3m,-1,STOP,2026-07-18T05:48:00.000Z,2026-07-18T05:50:59.999Z,0,-1.373375,0.0000,0.4386,-137.3375,62.1014,ASIA,1
scalp_fade_3m,BTCUSDT,3m,-1,STOP_GAP,2026-07-18T06:21:00.000Z,2026-07-18T06:23:59.999Z,0,-1.444063,0.0000,0.4594,-144.4063,65.6206,ASIA,1
scalp_fade_3m,BTCUSDT,3m,-1,STOP_GAP,2026-07-18T08:30:00.000Z,2026-07-18T08:32:59.999Z,0,-1.446452,0.0000,0.4766,-144.6452,65.7292,LONDON,-1
scalp_fade_3m,BTCUSDT,3m,-1,STOP,2026-07-18T15:48:00.000Z,2026-07-18T15:50:59.999Z,0,-1.296437,0.0000,0.6892,-129.6437,49.2773,NY,-1
scalp_fade_3m,BTCUSDT,3m,-1,STOP,2026-07-18T16:54:00.000Z,2026-07-18T17:17:59.999Z,7,-1.250539,0.0000,0.7648,-125.0539,41.3259,NY,1
scalp_fade_3m,BTCUSDT,3m,-1,STOP,2026-07-18T20:09:00.000Z,2026-07-18T20:11:59.999Z,0,-1.296246,0.0000,0.7570,-129.6246,49.2454,NY,1
scalp_fade_3m,BTCUSDT,3m,-1,TIME,2026-07-18T21:54:00.000Z,2026-07-18T22:56:59.999Z,20,-0.866582,0.3040,0.5303,-86.6582,34.4688,LATE,1
scalp_fade_3m,BTCUSDT,3m,-1,TIME,2026-07-18T22:57:00.000Z,2026-07-18T23:59:59.999Z,20,-1.015575,0.5244,0.4014,-101.5575,42.7306,LATE,-1
scalp_fade_3m,BTCUSDT,3m,-1,TIME,2026-07-19T00:27:00.000Z,2026-07-19T01:29:59.999Z,20,-0.341608,0.4683,0.2940,-34.1608,48.9594,ASIA,1
scalp_fade_3m,BTCUSDT,3m,-1,STOP_GAP,2026-07-19T02:03:00.000Z,2026-07-19T02:05:59.999Z,0,-1.488539,0.0000,1.1172,-148.8539,67.6416,ASIA,1
scalp_fade_3m,BTCUSDT,3m,-1,STOP,2026-07-19T02:06:00.000Z,2026-07-19T02:08:59.999Z,0,-1.354897,0.0000,1.6245,-135.4897,59.0216,ASIA,-1
scalp_fade_3m,BTCUSDT,3m,-1,STOP,2026-07-19T05:03:00.000Z,2026-07-19T05:05:59.999Z,0,-1.331032,0.0000,0.5139,-133.1032,55.0436,ASIA,-1
scalp_fade_3m,BTCUSDT,3m,-1,TIME,2026-07-19T06:36:00.000Z,2026-07-19T07:38:59.999Z,20,-1.257301,0.1264,0.3471,-125.7301,57.6976,ASIA,1
scalp_fade_3m,BTCUSDT,3m,-1,STOP,2026-07-19T07:51:00.000Z,2026-07-19T07:53:59.999Z,0,-1.359968,0.0000,0.4193,-135.9968,59.8667,LONDON,-1
scalp_fade_3m,BTCUSDT,3m,-1,STOP,2026-07-19T07:54:00.000Z,2026-07-19T08:50:59.999Z,18,-1.363490,0.5977,0.5349,-136.3490,59.3418,LONDON,-1
scalp_fade_3m,BTCUSDT,3m,-1,TARGET,2026-07-19T08:51:00.000Z,2026-07-19T09:20:59.999Z,9,0.377381,1.1378,0.3055,37.7381,35.6084,LONDON,-1
scalp_fade_3m,BTCUSDT,3m,1,TARGET,2026-07-19T10:06:00.000Z,2026-07-19T10:47:59.999Z,13,0.392764,0.8903,0.3960,39.2764,35.1009,LONDON,-1
scalp_fade_3m,BTCUSDT,3m,1,STOP,2026-07-19T10:57:00.000Z,2026-07-19T11:02:59.999Z,1,-1.296942,0.0000,1.0172,-129.6942,49.4645,LONDON,1
scalp_fade_3m,BTCUSDT,3m,1,TIME,2026-07-19T12:27:00.000Z,2026-07-19T13:29:59.999Z,20,-0.429491,0.4990,0.5520,-42.9491,38.8649,LONDON,-1
scalp_fade_3m,BTCUSDT,3m,1,TIME,2026-07-19T15:24:00.000Z,2026-07-19T16:26:59.999Z,20,-0.532144,0.5842,0.4880,-53.2144,43.7359,NY,-1
scalp_fade_3m,BTCUSDT,3m,1,STOP,2026-07-19T21:12:00.000Z,2026-07-19T21:20:59.999Z,2,-1.327485,0.2622,0.4579,-132.7485,54.4820,LATE,-1
scalp_fade_3m,BTCUSDT,3m,1,TARGET,2026-07-19T22:06:00.000Z,2026-07-19T22:17:59.999Z,3,0.932487,1.6110,0.4335,93.2487,18.0519,LATE,-1
scalp_fade_3m,BTCUSDT,3m,-1,STOP,2026-07-20T00:06:00.000Z,2026-07-20T00:08:59.999Z,0,-1.170954,0.0000,0.8673,-117.0954,28.3616,ASIA,-1
scalp_fade_3m,BTCUSDT,3m,-1,TARGET,2026-07-20T00:24:00.000Z,2026-07-20T00:53:59.999Z,9,1.012753,1.4697,0.3433,101.2753,15.4434,ASIA,-1
scalp_fade_3m,BTCUSDT,3m,-1,TIME,2026-07-20T02:03:00.000Z,2026-07-20T03:05:59.999Z,20,-0.230761,0.8929,0.3436,-23.0761,20.6397,ASIA,-1
scalp_fade_3m,BTCUSDT,3m,-1,TARGET,2026-07-20T04:00:00.000Z,2026-07-20T04:50:59.999Z,16,0.831380,1.0804,0.2008,83.1380,21.1577,ASIA,1
scalp_fade_3m,BTCUSDT,3m,1,STOP,2026-07-20T08:36:00.000Z,2026-07-20T08:38:59.999Z,0,-1.217479,0.0000,2.0143,-121.7479,36.3008,LONDON,1
scalp_fade_3m,BTCUSDT,3m,1,TIME,2026-07-20T08:39:00.000Z,2026-07-20T09:41:59.999Z,20,0.562734,1.0298,0.3434,56.2734,25.9263,LONDON,1
scalp_fade_3m,BTCUSDT,3m,-1,TIME,2026-07-20T12:06:00.000Z,2026-07-20T13:08:59.999Z,20,-0.013682,0.6766,0.1925,-1.3682,20.5671,LONDON,1
scalp_fade_3m,BTCUSDT,3m,-1,TARGET,2026-07-20T13:36:00.000Z,2026-07-20T13:47:59.999Z,3,0.910716,1.1033,0.5501,91.0716,18.7137,NY,1
scalp_fade_3m,BTCUSDT,3m,-1,TARGET,2026-07-20T21:33:00.000Z,2026-07-20T22:02:59.999Z,9,0.581107,1.2393,0.5019,58.1107,29.1427,LATE,1
scalp_fade_3m,BTCUSDT,3m,-1,STOP,2026-07-20T23:06:00.000Z,2026-07-20T23:08:59.999Z,0,-1.288343,0.0000,0.6052,-128.8343,47.9283,LATE,-1
scalp_fade_3m,BTCUSDT,3m,-1,STOP,2026-07-20T23:18:00.000Z,2026-07-21T00:20:59.999Z,20,-1.258438,0.3893,0.9758,-125.8438,42.0680,LATE,1
scalp_fade_3m,BTCUSDT,3m,-1,STOP,2026-07-21T00:21:00.000Z,2026-07-21T00:32:59.999Z,3,-1.184950,0.0000,0.7687,-118.4950,30.5989,ASIA,1
scalp_fade_3m,BTCUSDT,3m,-1,STOP,2026-07-21T03:54:00.000Z,2026-07-21T04:02:59.999Z,2,-1.223056,0.0000,0.7147,-122.3056,36.9690,ASIA,1
scalp_fade_3m,BTCUSDT,3m,-1,TARGET,2026-07-21T10:12:00.000Z,2026-07-21T11:11:59.999Z,19,0.694369,0.9571,0.5423,69.4369,25.4759,LONDON,1
scalp_fade_3m,BTCUSDT,3m,-1,STOP,2026-07-21T12:09:00.000Z,2026-07-21T12:14:59.999Z,1,-1.245985,0.0000,0.8188,-124.5985,40.8254,LONDON,1
scalp_fade_3m,BTCUSDT,3m,-1,STOP,2026-07-21T13:36:00.000Z,2026-07-21T13:50:59.999Z,4,-1.184866,0.6847,0.9018,-118.4866,30.5533,NY,1
scalp_fade_3m,BTCUSDT,3m,-1,STOP,2026-07-21T13:51:00.000Z,2026-07-21T14:02:59.999Z,3,-1.140384,0.0338,0.8762,-114.0384,23.1938,NY,-1
scalp_fade_3m,BTCUSDT,3m,-1,TIME,2026-07-21T14:24:00.000Z,2026-07-21T15:26:59.999Z,20,-0.240932,0.1280,0.7486,-24.0932,20.7711,NY,-1
scalp_fade_3m,BTCUSDT,3m,1,TIME,2026-07-21T19:15:00.000Z,2026-07-21T20:17:59.999Z,20,-0.254157,0.8563,0.2951,-25.4157,35.2860,NY,1
scalp_fade_3m,BTCUSDT,3m,-1,TARGET,2026-07-21T21:51:00.000Z,2026-07-21T22:20:59.999Z,9,0.420032,1.0004,0.4541,42.0032,34.2548,LATE,-1
scalp_fade_3m,BTCUSDT,3m,1,STOP,2026-07-21T22:36:00.000Z,2026-07-21T22:47:59.999Z,3,-1.266918,0.0000,0.7634,-126.6918,44.3842,LATE,-1
scalp_fade_3m,BTCUSDT,3m,1,TARGET,2026-07-21T23:03:00.000Z,2026-07-21T23:29:59.999Z,8,0.507394,0.8712,0.3540,50.7394,31.5136,LATE,-1
scalp_fade_3m,BTCUSDT,3m,1,TARGET,2026-07-22T03:57:00.000Z,2026-07-22T04:41:59.999Z,14,0.642614,0.9577,0.4957,64.2614,27.1772,ASIA,1
scalp_fade_3m,BTCUSDT,3m,1,STOP,2026-07-22T05:06:00.000Z,2026-07-22T05:17:59.999Z,3,-1.259355,0.0000,0.8841,-125.9355,43.1303,ASIA,1
scalp_fade_3m,BTCUSDT,3m,1,TARGET,2026-07-22T13:33:00.000Z,2026-07-22T13:44:59.999Z,3,0.752938,1.1096,0.2539,75.2938,23.7567,NY,-1
scalp_fade_3m,BTCUSDT,3m,1,TIME,2026-07-22T14:18:00.000Z,2026-07-22T15:20:59.999Z,20,0.348653,0.7038,0.6478,34.8653,19.1996,NY,1
scalp_fade_3m,BTCUSDT,3m,1,STOP,2026-07-22T19:48:00.000Z,2026-07-22T20:08:59.999Z,6,-1.242913,0.3397,0.7131,-124.2913,40.2792,NY,-1
scalp_fade_3m,BTCUSDT,3m,1,TARGET,2026-07-22T21:03:00.000Z,2026-07-22T21:38:59.999Z,11,0.388171,0.9655,0.4830,38.8171,35.2663,LATE,1
scalp_fade_3m,BTCUSDT,3m,1,STOP,2026-07-23T02:33:00.000Z,2026-07-23T03:11:59.999Z,12,-1.192573,0.0471,0.8655,-119.2573,31.7621,ASIA,-1
scalp_fade_3m,BTCUSDT,3m,1,STOP,2026-07-23T04:18:00.000Z,2026-07-23T05:02:59.999Z,14,-1.248296,0.3139,0.7250,-124.8296,40.8311,ASIA,1
scalp_fade_3m,BTCUSDT,3m,1,TARGET,2026-07-23T05:24:00.000Z,2026-07-23T05:32:59.999Z,2,0.537105,0.8883,0.3088,53.7105,30.6230,ASIA,-1
scalp_fade_3m,BTCUSDT,3m,1,TIME,2026-07-23T05:51:00.000Z,2026-07-23T06:53:59.999Z,20,0.121186,0.8351,0.4070,12.1186,40.8467,ASIA,1
scalp_fade_3m,BTCUSDT,3m,1,STOP,2026-07-23T07:03:00.000Z,2026-07-23T07:08:59.999Z,1,-1.260410,0.0000,0.5730,-126.0410,43.3953,LONDON,-1
scalp_fade_3m,BTCUSDT,3m,1,STOP,2026-07-23T11:54:00.000Z,2026-07-23T12:02:59.999Z,2,-1.275062,0.0000,0.7701,-127.5062,45.7819,LONDON,-1
scalp_fade_3m,BTCUSDT,3m,1,TIME,2026-07-23T13:57:00.000Z,2026-07-23T14:59:59.999Z,20,-0.749781,0.4824,0.6874,-74.9781,19.1830,NY,-1
scalp_fade_3m,BTCUSDT,3m,1,TIME,2026-07-23T15:24:00.000Z,2026-07-23T16:26:59.999Z,20,-0.935808,0.4707,0.7096,-93.5808,27.5396,NY,-1
scalp_fade_3m,BTCUSDT,3m,1,STOP,2026-07-23T19:15:00.000Z,2026-07-23T19:41:59.999Z,8,-1.222765,0.4580,0.6336,-122.2765,36.8729,NY,1
scalp_fade_3m,BTCUSDT,3m,-1,STOP,2026-07-23T23:12:00.000Z,2026-07-23T23:23:59.999Z,3,-1.282505,0.0000,0.6112,-128.2505,46.8090,LATE,1
scalp_fade_3m,BTCUSDT,3m,-1,TARGET,2026-07-23T23:42:00.000Z,2026-07-24T00:05:59.999Z,7,0.475446,1.3319,0.3397,47.5446,32.5146,LATE,1
scalp_fade_3m,BTCUSDT,3m,1,TARGET,2026-07-24T02:57:00.000Z,2026-07-24T03:08:59.999Z,3,0.749684,1.2187,0.2341,74.9684,23.8601,ASIA,-1
scalp_fade_3m,BTCUSDT,3m,-1,TIME,2026-07-24T05:09:00.000Z,2026-07-24T06:11:59.999Z,20,-0.569488,0.5240,0.2484,-56.9488,39.0867,ASIA,-1
scalp_fade_3m,BTCUSDT,3m,1,STOP,2026-07-24T11:36:00.000Z,2026-07-24T11:47:59.999Z,3,-1.241348,0.0000,0.9497,-124.1348,40.1450,LONDON,1
scalp_fade_3m,BTCUSDT,3m,1,STOP,2026-07-24T12:30:00.000Z,2026-07-24T12:47:59.999Z,5,-1.190207,0.0000,0.9625,-119.0207,31.6009,LONDON,1
scalp_fade_3m,BTCUSDT,3m,1,STOP,2026-07-24T19:57:00.000Z,2026-07-24T20:38:59.999Z,13,-1.269336,0.3939,0.5812,-126.9336,44.3254,NY,1
scalp_fade_3m,BTCUSDT,3m,1,TIME,2026-07-24T20:39:00.000Z,2026-07-24T21:41:59.999Z,20,-1.054462,0.2982,0.3989,-105.4462,48.7449,NY,1
scalp_fade_3m,BTCUSDT,3m,1,TIME,2026-07-24T22:09:00.000Z,2026-07-24T23:11:59.999Z,20,-1.175459,0.2836,0.3882,-117.5459,58.6052,LATE,-1
scalp_fade_3m,BTCUSDT,3m,1,STOP,2026-07-24T23:42:00.000Z,2026-07-24T23:56:59.999Z,4,-1.365307,0.0000,0.5917,-136.5307,60.6331,LATE,-1
scalp_fade_3m,BTCUSDT,3m,1,STOP_GAP,2026-07-25T00:03:00.000Z,2026-07-25T00:05:59.999Z,0,-1.425601,0.0539,0.3887,-142.5601,64.7816,ASIA,-1
scalp_fade_3m,BTCUSDT,3m,1,STOP_GAP,2026-07-25T02:48:00.000Z,2026-07-25T02:50:59.999Z,0,-1.406448,0.0000,0.5462,-140.6448,63.9113,ASIA,-1
scalp_fade_3m,BTCUSDT,3m,1,TIME,2026-07-25T03:06:00.000Z,2026-07-25T04:08:59.999Z,20,-0.492160,0.4515,0.3512,-49.2160,58.4272,ASIA,-1
scalp_fade_3m,BTCUSDT,3m,1,STOP,2026-07-25T06:18:00.000Z,2026-07-25T06:20:59.999Z,0,-1.366140,0.0000,0.4262,-136.6140,61.0239,ASIA,-1
scalp_fade_3m,BTCUSDT,3m,1,STOP_GAP,2026-07-25T10:36:00.000Z,2026-07-25T10:38:59.999Z,0,-1.455381,0.0000,0.3978,-145.5381,66.1349,LONDON,1
scalp_fade_3m,BTCUSDT,3m,-1,TIME,2026-07-25T18:03:00.000Z,2026-07-25T19:05:59.999Z,20,-1.059236,0.2678,0.4632,-105.9236,40.7919,NY,1
scalp_fade_3m,BTCUSDT,3m,-1,STOP,2026-07-25T19:18:00.000Z,2026-07-25T19:23:59.999Z,1,-1.332914,0.0000,0.5130,-133.2914,55.2998,NY,1
scalp_fade_3m,BTCUSDT,3m,-1,STOP,2026-07-25T19:24:00.000Z,2026-07-25T19:56:59.999Z,10,-1.347221,0.0000,0.4760,-134.7221,57.1472,NY,-1
scalp_fade_3m,BTCUSDT,3m,-1,STOP,2026-07-25T21:36:00.000Z,2026-07-25T21:47:59.999Z,3,-1.353636,0.0264,0.9495,-135.3636,58.6283,LATE,-1
scalp_fade_3m,BTCUSDT,3m,-1,TIME,2026-07-25T21:48:00.000Z,2026-07-25T22:50:59.999Z,20,-1.091180,0.2960,0.3240,-109.1180,47.9262,LATE,1
scalp_fade_3m,BTCUSDT,3m,-1,STOP,2026-07-26T00:09:00.000Z,2026-07-26T00:14:59.999Z,1,-1.373971,0.0000,0.4539,-137.3971,62.1361,ASIA,-1
scalp_fade_3m,BTCUSDT,3m,-1,STOP,2026-07-26T02:30:00.000Z,2026-07-26T02:32:59.999Z,0,-1.355616,0.0000,0.4200,-135.5616,59.1414,ASIA,-1
scalp_fade_3m,BTCUSDT,3m,-1,STOP,2026-07-26T02:51:00.000Z,2026-07-26T02:53:59.999Z,0,-1.357233,0.0000,0.5242,-135.7233,59.4109,ASIA,1
scalp_fade_3m,BTCUSDT,3m,1,STOP_GAP,2026-07-26T08:03:00.000Z,2026-07-26T08:05:59.999Z,0,-1.418775,0.0000,0.4349,-141.8775,64.4714,LONDON,-1
scalp_fade_3m,BTCUSDT,3m,-1,STOP,2026-07-26T15:18:00.000Z,2026-07-26T15:38:59.999Z,6,-1.237958,0.0000,0.8077,-123.7958,39.2847,NY,1
scalp_fade_3m,BTCUSDT,3m,-1,STOP,2026-07-26T18:39:00.000Z,2026-07-26T18:41:59.999Z,0,-1.371330,0.0000,0.5424,-137.1330,61.7606,NY,-1
scalp_fade_3m,BTCUSDT,3m,-1,STOP,2026-07-26T19:24:00.000Z,2026-07-26T19:32:59.999Z,2,-1.360560,0.0000,0.5135,-136.0560,59.8408,NY,1
scalp_fade_3m,BTCUSDT,3m,-1,STOP_GAP,2026-07-26T21:15:00.000Z,2026-07-26T21:17:59.999Z,0,-1.390784,0.0000,0.4896,-139.0784,63.1995,LATE,1
scalp_fade_3m,BTCUSDT,3m,-1,STOP,2026-07-27T03:03:00.000Z,2026-07-27T03:23:59.999Z,6,-1.214541,0.2206,0.7125,-121.4541,35.4058,ASIA,1
scalp_fade_3m,BTCUSDT,3m,-1,STOP,2026-07-27T04:06:00.000Z,2026-07-27T04:08:59.999Z,0,-1.271883,0.0000,0.6093,-127.1883,45.1846,ASIA,1
scalp_fade_3m,BTCUSDT,3m,-1,STOP,2026-07-27T05:42:00.000Z,2026-07-27T05:59:59.999Z,5,-1.266783,0.0000,1.0546,-126.6783,44.1051,ASIA,1
scalp_fade_3m,BTCUSDT,3m,1,STOP,2026-07-27T12:06:00.000Z,2026-07-27T12:14:59.999Z,2,-1.251109,0.3281,0.9449,-125.1109,41.8067,LONDON,-1
scalp_fade_3m,BTCUSDT,3m,1,STOP,2026-07-27T12:15:00.000Z,2026-07-27T12:23:59.999Z,2,-1.208985,0.1139,0.6636,-120.8985,34.8157,LONDON,1
scalp_fade_3m,BTCUSDT,3m,1,TARGET,2026-07-27T13:33:00.000Z,2026-07-27T13:38:59.999Z,1,0.779563,1.7952,0.1962,77.9563,22.9238,NY,-1
scalp_fade_3m,BTCUSDT,3m,1,STOP,2026-07-27T18:33:00.000Z,2026-07-27T18:35:59.999Z,0,-1.235398,0.0000,0.6872,-123.5398,39.2808,NY,-1
scalp_fade_3m,BTCUSDT,3m,1,STOP,2026-07-27T21:03:00.000Z,2026-07-27T21:05:59.999Z,0,-1.292559,0.0000,0.6182,-129.2559,48.7870,LATE,-1
scalp_fade_3m,BTCUSDT,3m,1,STOP,2026-07-27T21:57:00.000Z,2026-07-27T21:59:59.999Z,0,-1.284927,0.0000,0.5792,-128.4927,47.5177,LATE,-1
scalp_fade_3m,BTCUSDT,3m,1,STOP,2026-07-28T02:24:00.000Z,2026-07-28T02:41:59.999Z,5,-1.201759,0.0000,0.8307,-120.1759,33.5120,ASIA,-1
scalp_fade_3m,BTCUSDT,3m,1,TARGET,2026-07-28T08:54:00.000Z,2026-07-28T09:41:59.999Z,15,0.546809,0.9000,0.4360,54.6809,30.2032,LONDON,-1
scalp_fade_3m,BTCUSDT,3m,1,TIME,2026-07-28T11:42:00.000Z,2026-07-28T12:44:59.999Z,20,-0.364142,0.4289,0.4176,-36.4142,30.8520,LONDON,1
scalp_fade_3m,BTCUSDT,3m,1,STOP,2026-07-28T13:12:00.000Z,2026-07-28T13:23:59.999Z,3,-1.213138,0.0000,0.8034,-121.3138,35.4682,NY,-1
scalp_fade_3m,BTCUSDT,3m,1,TARGET,2026-07-28T15:06:00.000Z,2026-07-28T15:23:59.999Z,5,1.000456,1.6823,0.1666,100.0456,15.8834,NY,1
scalp_fade_3m,BTCUSDT,3m,-1,TIME,2026-07-28T18:03:00.000Z,2026-07-28T19:05:59.999Z,20,-0.989287,0.3341,0.5185,-98.9287,29.1799,NY,-1
scalp_fade_3m,BTCUSDT,3m,-1,STOP,2026-07-28T19:24:00.000Z,2026-07-28T19:32:59.999Z,2,-1.235966,0.0000,0.9621,-123.5966,39.1166,NY,1
scalp_fade_3m,BTCUSDT,3m,-1,STOP,2026-07-28T19:33:00.000Z,2026-07-28T19:59:59.999Z,8,-1.218669,0.5515,0.7594,-121.8669,36.0150,NY,1
scalp_fade_3m,BTCUSDT,3m,-1,STOP,2026-07-28T21:36:00.000Z,2026-07-28T21:38:59.999Z,0,-1.267438,0.0000,0.5998,-126.7438,44.4437,LATE,-1
scalp_fade_3m,BTCUSDT,3m,-1,TARGET,2026-07-28T22:00:00.000Z,2026-07-28T22:50:59.999Z,16,0.578518,0.8874,0.5758,57.8518,29.1670,LATE,1
scalp_fade_3m,BTCUSDT,3m,-1,STOP,2026-07-29T02:15:00.000Z,2026-07-29T02:29:59.999Z,4,-1.183828,0.5290,1.0850,-118.3828,30.3810,ASIA,-1
scalp_fade_3m,BTCUSDT,3m,-1,STOP,2026-07-29T08:45:00.000Z,2026-07-29T08:47:59.999Z,0,-1.245973,0.0000,0.8445,-124.5973,40.8659,LONDON,-1
scalp_fade_3m,BTCUSDT,3m,-1,TARGET,2026-07-29T11:21:00.000Z,2026-07-29T12:17:59.999Z,18,0.638485,1.2289,0.5366,63.8485,27.2522,LONDON,-1
scalp_fade_3m,BTCUSDT,3m,-1,STOP,2026-07-29T13:33:00.000Z,2026-07-29T13:44:59.999Z,3,-1.170943,0.8187,0.7314,-117.0943,28.2715,NY,-1
scalp_fade_3m,BTCUSDT,3m,-1,TARGET,2026-07-29T14:00:00.000Z,2026-07-29T14:26:59.999Z,8,1.140870,1.2729,0.2325,114.0870,11.3806,NY,1
scalp_fade_3m,BTCUSDT,3m,1,TARGET,2026-07-29T18:33:00.000Z,2026-07-29T18:47:59.999Z,4,1.163159,1.3335,0.1676,116.3159,10.7198,NY,1
scalp_fade_3m,BTCUSDT,3m,1,STOP,2026-07-30T00:33:00.000Z,2026-07-30T00:44:59.999Z,3,-1.186791,0.0000,1.0360,-118.6791,31.1001,ASIA,1
scalp_fade_3m,BTCUSDT,3m,1,TARGET,2026-07-30T01:06:00.000Z,2026-07-30T01:35:59.999Z,9,0.889208,1.1081,0.4862,88.9208,19.3941,ASIA,1
scalp_fade_3m,BTCUSDT,3m,-1,TIME,2026-07-30T03:18:00.000Z,2026-07-30T04:20:59.999Z,20,0.112550,0.7030,0.2530,11.2550,31.5582,ASIA,-1
scalp_fade_3m,BTCUSDT,3m,-1,TIME,2026-07-30T05:33:00.000Z,2026-07-30T06:35:59.999Z,20,-0.103353,0.4684,0.4433,-10.3353,30.2412,ASIA,-1
scalp_fade_3m,BTCUSDT,3m,-1,STOP,2026-07-30T11:39:00.000Z,2026-07-30T11:50:59.999Z,3,-1.249838,0.1068,1.3411,-124.9838,41.3809,LONDON,1
scalp_fade_3m,BTCUSDT,3m,-1,STOP,2026-07-30T12:42:00.000Z,2026-07-30T13:44:59.999Z,20,-1.202694,0.8328,0.8629,-120.2694,32.9661,LONDON,-1
scalp_fade_3m,BTCUSDT,3m,-1,STOP,2026-07-30T13:45:00.000Z,2026-07-30T13:50:59.999Z,1,-1.166462,0.0000,0.8683,-116.6462,27.5841,NY,-1
scalp_fade_3m,BTCUSDT,3m,-1,TIME,2026-07-30T17:21:00.000Z,2026-07-30T18:23:59.999Z,20,0.045042,0.8422,0.5153,4.5042,36.8547,NY,-1
scalp_fade_3m,BTCUSDT,3m,-1,TIME,2026-07-30T20:03:00.000Z,2026-07-30T21:05:59.999Z,20,-0.048423,0.6755,0.2450,-4.8423,34.6510,NY,-1
scalp_fade_3m,BTCUSDT,3m,-1,STOP_GAP,2026-07-30T21:42:00.000Z,2026-07-30T21:44:59.999Z,0,-1.377294,0.0738,0.3755,-137.7294,62.5865,LATE,-1
scalp_fade_3m,BTCUSDT,3m,-1,STOP,2026-07-30T22:03:00.000Z,2026-07-30T22:05:59.999Z,0,-1.271520,0.0000,0.7688,-127.1520,45.1242,LATE,-1
scalp_fade_3m,BTCUSDT,3m,-1,STOP,2026-07-31T01:03:00.000Z,2026-07-31T01:08:59.999Z,1,-1.184380,0.0000,1.0678,-118.4380,30.5676,ASIA,-1
scalp_fade_3m,BTCUSDT,3m,1,TIME,2026-07-31T03:39:00.000Z,2026-07-31T04:41:59.999Z,20,-0.727385,0.6134,0.4658,-72.7385,32.1657,ASIA,-1
scalp_fade_3m,BTCUSDT,3m,1,STOP,2026-07-31T06:42:00.000Z,2026-07-31T06:44:59.999Z,0,-1.248389,0.0000,0.6401,-124.8389,41.4412,ASIA,-1
scalp_fade_3m,BTCUSDT,3m,1,STOP,2026-07-31T13:33:00.000Z,2026-07-31T13:41:59.999Z,2,-1.179850,0.4402,0.9974,-117.9850,29.9804,NY,1
scalp_fade_3m,BTCUSDT,3m,1,STOP,2026-07-31T19:06:00.000Z,2026-07-31T19:38:59.999Z,10,-1.199424,0.0000,0.7290,-119.9424,32.9551,NY,-1
scalp_fade_3m,BTCUSDT,3m,1,STOP,2026-07-31T20:42:00.000Z,2026-07-31T20:53:59.999Z,3,-1.278311,0.0000,0.6158,-127.8311,46.2731,NY,-1
scalp_fade_3m,BTCUSDT,3m,1,STOP,2026-07-31T20:54:00.000Z,2026-07-31T20:56:59.999Z,0,-1.284958,0.0000,0.6748,-128.4958,47.5229,NY,-1
scalp_fade_3m,BTCUSDT,3m,1,TIME,2026-07-31T22:36:00.000Z,2026-07-31T23:38:59.999Z,20,-0.610692,0.4095,0.3500,-61.0692,46.0432,LATE,-1
scalp_fade_3m,BTCUSDT,3m,1,TARGET,2026-08-01T01:27:00.000Z,2026-08-01T02:20:59.999Z,17,0.345245,0.8691,0.4351,34.5245,36.5651,ASIA,1
scalp_fade_3m,BTCUSDT,3m,1,STOP,2026-08-01T03:12:00.000Z,2026-08-01T03:14:59.999Z,0,-1.350265,0.0000,0.5978,-135.0265,58.3837,ASIA,1
scalp_fade_3m,BTCUSDT,3m,-1,STOP,2026-08-01T05:27:00.000Z,2026-08-01T05:32:59.999Z,1,-1.356769,0.0000,0.4223,-135.6769,59.2720,ASIA,1
scalp_fade_3m,BTCUSDT,3m,-1,STOP_GAP,2026-08-01T14:45:00.000Z,2026-08-01T14:47:59.999Z,0,-1.501254,0.0000,0.4093,-150.1254,68.2195,NY,-1
scalp_fade_3m,BTCUSDT,3m,-1,STOP_GAP,2026-08-01T15:00:00.000Z,2026-08-01T15:02:59.999Z,0,-1.478498,0.0000,0.4031,-147.8498,67.1854,NY,-1
scalp_fade_3m,BTCUSDT,3m,1,STOP,2026-08-01T17:12:00.000Z,2026-08-01T17:14:59.999Z,0,-1.298726,0.0000,0.8257,-129.8726,49.8126,NY,-1
scalp_fade_3m,BTCUSDT,3m,-1,STOP,2026-08-02T02:09:00.000Z,2026-08-02T02:20:59.999Z,3,-1.149638,0.0034,0.7953,-114.9638,24.7315,ASIA,-1
scalp_fade_3m,BTCUSDT,3m,-1,STOP,2026-08-02T03:21:00.000Z,2026-08-02T03:23:59.999Z,0,-1.228604,0.0000,0.9093,-122.8604,37.9708,ASIA,-1
scalp_fade_3m,BTCUSDT,3m,-1,STOP_GAP,2026-08-02T07:48:00.000Z,2026-08-02T07:50:59.999Z,0,-1.440337,0.0000,0.4917,-144.0337,65.4513,LONDON,1
scalp_fade_3m,BTCUSDT,3m,-1,STOP_GAP,2026-08-02T07:51:00.000Z,2026-08-02T07:53:59.999Z,0,-1.464832,0.0000,0.3994,-146.4832,66.5644,LONDON,1
scalp_fade_3m,BTCUSDT,3m,1,STOP,2026-08-02T11:21:00.000Z,2026-08-02T11:23:59.999Z,0,-1.315883,0.0000,0.8590,-131.5883,52.6659,LONDON,-1
scalp_fade_3m,BTCUSDT,3m,1,STOP,2026-08-02T11:42:00.000Z,2026-08-02T11:44:59.999Z,0,-1.267954,0.0000,0.6776,-126.7954,44.6950,LONDON,-1
scalp_fade_3m,BTCUSDT,3m,1,STOP,2026-08-02T11:51:00.000Z,2026-08-02T11:53:59.999Z,0,-1.242110,0.0000,1.1369,-124.2110,40.3971,LONDON,-1
scalp_fade_3m,BTCUSDT,3m,1,STOP,2026-08-02T11:54:00.000Z,2026-08-02T11:59:59.999Z,1,-1.203273,0.0000,0.6701,-120.3273,33.9029,LONDON,-1
scalp_fade_3m,BTCUSDT,3m,1,STOP,2026-08-02T12:39:00.000Z,2026-08-02T13:20:59.999Z,13,-1.231673,0.0105,0.6699,-123.1673,38.1454,LONDON,-1
scalp_fade_3m,BTCUSDT,3m,1,STOP,2026-08-02T13:30:00.000Z,2026-08-02T13:38:59.999Z,2,-1.324291,0.0000,0.8355,-132.4291,53.9520,NY,-1
scalp_fade_3m,BTCUSDT,3m,1,STOP,2026-08-02T14:03:00.000Z,2026-08-02T15:05:59.999Z,20,-1.315650,0.6524,0.4942,-131.5650,51.5546,NY,1
scalp_fade_3m,BTCUSDT,3m,1,STOP,2026-08-02T15:51:00.000Z,2026-08-02T15:56:59.999Z,1,-1.365234,0.0000,0.5075,-136.5234,60.8100,NY,-1
scalp_fade_3m,BTCUSDT,3m,1,TARGET,2026-08-02T16:03:00.000Z,2026-08-02T16:35:59.999Z,10,0.215992,0.7476,0.4162,21.5992,40.7361,NY,-1
scalp_fade_3m,BTCUSDT,3m,-1,STOP,2026-08-02T18:36:00.000Z,2026-08-02T18:38:59.999Z,0,-1.330633,0.0000,0.9981,-133.0633,54.9772,NY,1
scalp_fade_3m,BTCUSDT,3m,-1,STOP,2026-08-02T20:48:00.000Z,2026-08-02T21:02:59.999Z,4,-1.310081,0.0000,0.6032,-131.0081,51.3377,NY,-1
scalp_fade_3m,BTCUSDT,3m,-1,STOP,2026-08-02T21:42:00.000Z,2026-08-02T21:44:59.999Z,0,-1.267603,0.0000,1.8080,-126.7603,44.4712,LATE,1
scalp_fade_3m,BTCUSDT,3m,-1,TARGET,2026-08-02T22:03:00.000Z,2026-08-02T22:35:59.999Z,10,0.852947,1.2237,0.4838,85.2947,20.5094,LATE,1
scalp_fade_3m,BTCUSDT,3m,-1,STOP,2026-08-02T23:21:00.000Z,2026-08-02T23:35:59.999Z,4,-1.199598,0.0000,0.8574,-119.9598,32.9988,LATE,-1
scalp_fade_3m,BTCUSDT,3m,1,STOP,2026-08-03T05:51:00.000Z,2026-08-03T06:23:59.999Z,10,-1.245560,0.0518,0.6329,-124.5560,40.5489,ASIA,-1
scalp_fade_3m,BTCUSDT,3m,1,STOP,2026-08-03T06:33:00.000Z,2026-08-03T06:35:59.999Z,0,-1.262656,0.0000,0.7090,-126.2656,43.8140,ASIA,1
scalp_fade_3m,BTCUSDT,3m,1,STOP,2026-08-03T07:36:00.000Z,2026-08-03T07:38:59.999Z,0,-1.249096,0.0000,0.7393,-124.9096,41.5588,LONDON,-1
scalp_fade_3m,BTCUSDT,3m,1,STOP,2026-08-03T08:09:00.000Z,2026-08-03T08:20:59.999Z,3,-1.231497,0.0000,0.6454,-123.1497,38.5117,LONDON,-1
scalp_fade_3m,BTCUSDT,3m,1,STOP,2026-08-03T10:33:00.000Z,2026-08-03T10:50:59.999Z,5,-1.249537,0.0000,0.9116,-124.9537,41.4167,LONDON,-1
scalp_fade_3m,BTCUSDT,3m,1,STOP,2026-08-03T11:42:00.000Z,2026-08-03T11:56:59.999Z,4,-1.239895,0.0000,1.1534,-123.9895,39.8627,LONDON,1
scalp_fade_3m,BTCUSDT,3m,1,TARGET,2026-08-03T13:33:00.000Z,2026-08-03T13:38:59.999Z,1,0.948408,1.2508,0.1754,94.8408,17.5560,NY,1
scalp_fade_3m,BTCUSDT,3m,-1,TIME,2026-08-03T15:45:00.000Z,2026-08-03T16:47:59.999Z,20,-0.681303,0.3513,0.6747,-68.1303,22.0181,NY,1
scalp_fade_3m,BTCUSDT,3m,-1,STOP,2026-08-03T17:24:00.000Z,2026-08-03T17:26:59.999Z,0,-1.198711,0.2897,0.9323,-119.8711,32.9881,NY,1
scalp_fade_3m,BTCUSDT,3m,-1,TIME,2026-08-03T18:15:00.000Z,2026-08-03T19:17:59.999Z,20,-0.713949,0.8587,0.3100,-71.3949,33.9642,NY,1
scalp_fade_3m,BTCUSDT,3m,-1,TIME,2026-08-03T19:45:00.000Z,2026-08-03T20:47:59.999Z,20,-0.438793,0.5370,0.6015,-43.8793,34.3577,NY,1
scalp_fade_3m,BTCUSDT,3m,1,STOP,2026-08-04T00:12:00.000Z,2026-08-04T00:14:59.999Z,0,-1.281263,0.0000,0.6643,-128.1263,46.9083,ASIA,-1
scalp_fade_3m,BTCUSDT,3m,-1,STOP,2026-08-04T04:12:00.000Z,2026-08-04T04:20:59.999Z,2,-1.296210,0.0000,0.7854,-129.6210,49.1373,ASIA,-1
scalp_fade_3m,BTCUSDT,3m,-1,TARGET,2026-08-04T06:21:00.000Z,2026-08-04T06:41:59.999Z,6,0.480088,0.9344,0.2778,48.0088,32.3763,ASIA,-1
scalp_fade_3m,BTCUSDT,3m,-1,TARGET,2026-08-04T07:33:00.000Z,2026-08-04T08:35:59.999Z,20,0.638960,0.9729,0.2361,63.8960,27.2217,LONDON,-1
scalp_fade_3m,BTCUSDT,3m,1,STOP,2026-08-04T09:33:00.000Z,2026-08-04T10:14:59.999Z,13,-1.291118,0.2383,0.5914,-129.1118,47.8996,LONDON,-1
scalp_fade_3m,BTCUSDT,3m,1,TARGET,2026-08-04T10:24:00.000Z,2026-08-04T10:44:59.999Z,6,0.502648,1.0272,0.5184,50.2648,31.6822,LONDON,1
scalp_fade_3m,BTCUSDT,3m,-1,STOP,2026-08-04T11:45:00.000Z,2026-08-04T12:38:59.999Z,17,-1.208749,0.2617,1.1840,-120.8749,34.0589,LONDON,1
scalp_fade_3m,BTCUSDT,3m,-1,STOP,2026-08-04T13:06:00.000Z,2026-08-04T13:32:59.999Z,8,-1.218363,0.5209,0.7189,-121.8363,35.9644,NY,-1
scalp_fade_3m,BTCUSDT,3m,-1,TARGET,2026-08-04T13:33:00.000Z,2026-08-04T13:56:59.999Z,7,0.916895,1.2018,0.6198,91.6895,18.4962,NY,1
scalp_fade_3m,BTCUSDT,3m,-1,STOP,2026-08-04T14:06:00.000Z,2026-08-04T14:41:59.999Z,11,-1.113931,0.6769,1.0086,-111.3931,18.6437,NY,1
scalp_fade_3m,BTCUSDT,3m,-1,TIME,2026-08-04T15:45:00.000Z,2026-08-04T16:47:59.999Z,20,0.121446,0.7700,0.5480,12.1446,25.2990,NY,1
scalp_fade_3m,BTCUSDT,3m,-1,STOP,2026-08-04T17:03:00.000Z,2026-08-04T17:08:59.999Z,1,-1.198682,0.0000,0.8903,-119.8682,32.9490,NY,-1
scalp_fade_3m,BTCUSDT,3m,-1,TARGET,2026-08-04T19:39:00.000Z,2026-08-04T20:02:59.999Z,7,0.701378,1.2457,0.4941,70.1378,25.3400,NY,1
scalp_fade_3m,BTCUSDT,3m,-1,STOP,2026-08-04T22:21:00.000Z,2026-08-04T22:32:59.999Z,3,-1.272065,0.1297,0.7399,-127.2065,45.0742,LATE,-1
scalp_fade_3m,BTCUSDT,3m,-1,STOP,2026-08-04T22:57:00.000Z,2026-08-04T23:08:59.999Z,3,-1.305064,0.1067,2.0038,-130.5064,50.5573,LATE,1
scalp_fade_3m,BTCUSDT,3m,-1,TARGET,2026-08-05T00:33:00.000Z,2026-08-05T01:02:59.999Z,9,0.619256,0.9630,0.5744,61.9256,27.9320,ASIA,-1
scalp_fade_3m,BTCUSDT,3m,-1,STOP,2026-08-05T04:21:00.000Z,2026-08-05T05:02:59.999Z,13,-1.261592,0.3427,0.7096,-126.1592,42.8890,ASIA,1
scalp_fade_3m,BTCUSDT,3m,-1,STOP,2026-08-05T05:03:00.000Z,2026-08-05T05:05:59.999Z,0,-1.272931,0.0000,0.6265,-127.2931,45.3593,ASIA,-1
scalp_fade_3m,BTCUSDT,3m,1,STOP,2026-08-05T08:42:00.000Z,2026-08-05T08:47:59.999Z,1,-1.234443,0.0000,0.6845,-123.4443,39.0812,LONDON,1
scalp_fade_3m,BTCUSDT,3m,1,STOP,2026-08-05T10:12:00.000Z,2026-08-05T10:17:59.999Z,1,-1.298075,0.1692,0.7458,-129.8075,49.6527,LONDON,-1
scalp_fade_3m,BTCUSDT,3m,1,TIME,2026-08-05T10:48:00.000Z,2026-08-05T11:50:59.999Z,20,-0.791774,0.2141,0.6049,-79.1774,39.2058,LONDON,-1
scalp_fade_3m,BTCUSDT,3m,-1,STOP,2026-08-05T13:42:00.000Z,2026-08-05T13:53:59.999Z,3,-1.133980,0.5063,0.7994,-113.3980,22.1297,NY,-1
scalp_fade_3m,BTCUSDT,3m,-1,STOP,2026-08-05T15:18:00.000Z,2026-08-05T15:41:59.999Z,7,-1.131210,0.1129,0.8185,-113.1210,21.5799,NY,1
scalp_fade_3m,BTCUSDT,3m,-1,STOP,2026-08-05T17:39:00.000Z,2026-08-05T17:59:59.999Z,6,-1.222339,0.1642,0.6367,-122.2339,36.6974,NY,-1
scalp_fade_3m,BTCUSDT,3m,-1,STOP,2026-08-05T18:21:00.000Z,2026-08-05T19:05:59.999Z,14,-1.213899,0.4244,0.9096,-121.3899,35.0098,NY,1
scalp_fade_3m,BTCUSDT,3m,-1,TARGET,2026-08-05T20:21:00.000Z,2026-08-05T21:02:59.999Z,13,0.738181,1.3760,0.4249,73.8181,24.1302,NY,1
scalp_fade_3m,BTCUSDT,3m,-1,TARGET,2026-08-05T23:24:00.000Z,2026-08-05T23:47:59.999Z,7,0.505896,0.8702,0.4241,50.5896,31.5476,LATE,-1
scalp_fade_3m,BTCUSDT,3m,-1,TARGET,2026-08-06T00:24:00.000Z,2026-08-06T01:26:59.999Z,20,0.621749,0.9069,0.3488,62.1749,27.7663,ASIA,-1
scalp_fade_3m,BTCUSDT,3m,1,STOP,2026-08-06T03:33:00.000Z,2026-08-06T03:35:59.999Z,0,-1.314896,0.0000,0.4754,-131.4896,52.5018,ASIA,-1
scalp_fade_3m,BTCUSDT,3m,1,STOP,2026-08-06T04:00:00.000Z,2026-08-06T04:02:59.999Z,0,-1.343393,0.0000,0.6053,-134.3393,57.2409,ASIA,-1
scalp_fade_3m,BTCUSDT,3m,1,TARGET,2026-08-06T04:06:00.000Z,2026-08-06T04:23:59.999Z,5,0.368777,1.0155,0.3451,36.8777,35.9422,ASIA,-1
scalp_fade_3m,BTCUSDT,3m,-1,STOP,2026-08-06T07:06:00.000Z,2026-08-06T07:11:59.999Z,1,-1.310107,0.0000,0.5560,-131.0107,51.5022,LONDON,-1
scalp_fade_3m,BTCUSDT,3m,1,STOP,2026-08-06T12:03:00.000Z,2026-08-06T12:05:59.999Z,0,-1.288485,0.0000,0.5729,-128.8485,48.1094,LONDON,1
scalp_fade_3m,BTCUSDT,3m,1,TARGET,2026-08-06T13:39:00.000Z,2026-08-06T14:35:59.999Z,18,0.856348,1.1402,0.2423,85.6348,20.3844,NY,-1
scalp_fade_3m,BTCUSDT,3m,1,STOP,2026-08-06T19:27:00.000Z,2026-08-06T19:35:59.999Z,2,-1.297394,0.0000,0.6061,-129.7394,49.4881,NY,1
scalp_fade_3m,BTCUSDT,3m,1,STOP,2026-08-06T21:18:00.000Z,2026-08-06T21:38:59.999Z,6,-1.298347,0.0000,0.7879,-129.8347,49.4410,LATE,-1
scalp_fade_3m,BTCUSDT,3m,1,STOP,2026-08-06T21:45:00.000Z,2026-08-06T22:02:59.999Z,5,-1.293062,0.0000,0.8081,-129.3062,48.6177,LATE,-1
scalp_fade_3m,BTCUSDT,3m,1,STOP,2026-08-07T00:15:00.000Z,2026-08-07T00:17:59.999Z,0,-1.259097,0.0000,0.6826,-125.9097,43.2221,ASIA,-1
scalp_fade_3m,BTCUSDT,3m,1,STOP,2026-08-07T01:42:00.000Z,2026-08-07T02:11:59.999Z,9,-1.216459,0.3564,0.7668,-121.6459,35.7959,ASIA,1