strategy,symbol,timeframe,dir,reason,entryTime,exitTime,holdBars,rMultiple,mfeR,maeR,pnl,fees,session,regime
scalp_fade_3m_lim,ETHUSDT,3m,-1,STOP,2025-08-07T18:54:00.000Z,2025-08-07T19:17:59.999Z,7,-1.078363,0.0126,0.9168,-107.8363,17.8239,NY,-1
scalp_fade_3m_lim,ETHUSDT,3m,-1,STOP,2025-08-07T21:48:00.000Z,2025-08-07T22:23:59.999Z,11,-1.069812,0.6589,0.8683,-106.9812,15.7281,LATE,1
scalp_fade_3m_lim,ETHUSDT,3m,-1,TIME,2025-08-07T23:09:00.000Z,2025-08-08T00:11:59.999Z,20,-0.571745,0.3274,0.8234,-57.1745,10.1071,LATE,-1
scalp_fade_3m_lim,ETHUSDT,3m,-1,TARGET,2025-08-08T00:39:00.000Z,2025-08-08T01:35:59.999Z,18,1.289714,1.3513,0.1190,128.9714,4.3785,ASIA,-1
scalp_fade_3m_lim,ETHUSDT,3m,-1,STOP,2025-08-08T02:45:00.000Z,2025-08-08T02:50:59.999Z,1,-1.077760,0.0007,0.8781,-107.7760,17.9054,ASIA,1
scalp_fade_3m_lim,ETHUSDT,3m,-1,TIME,2025-08-08T06:15:00.000Z,2025-08-08T07:17:59.999Z,20,-0.388076,1.0022,0.2369,-38.8076,16.8298,ASIA,1
scalp_fade_3m_lim,ETHUSDT,3m,-1,TIME,2025-08-08T07:18:00.000Z,2025-08-08T08:20:59.999Z,20,-0.157709,0.2466,0.6619,-15.7709,16.8164,LONDON,-1
scalp_fade_3m_lim,ETHUSDT,3m,-1,STOP,2025-08-08T13:36:00.000Z,2025-08-08T13:41:59.999Z,1,-1.061802,0.2983,0.8382,-106.1802,14.1885,NY,1
scalp_fade_3m_lim,ETHUSDT,3m,-1,TIME,2025-08-08T14:15:00.000Z,2025-08-08T15:17:59.999Z,20,0.244124,0.5663,0.5346,24.4124,6.6032,NY,1
scalp_fade_3m_lim,ETHUSDT,3m,-1,STOP,2025-08-08T16:06:00.000Z,2025-08-08T17:05:59.999Z,19,-1.048888,0.3691,1.0092,-104.8888,10.7789,NY,1
scalp_fade_3m_lim,ETHUSDT,3m,-1,STOP,2025-08-08T18:48:00.000Z,2025-08-08T19:02:59.999Z,4,-1.053133,0.1090,0.9543,-105.3133,12.0942,NY,1
scalp_fade_3m_lim,ETHUSDT,3m,-1,STOP,2025-08-09T03:12:00.000Z,2025-08-09T03:44:59.999Z,10,-1.084281,0.4499,0.9462,-108.4281,19.0683,ASIA,-1
scalp_fade_3m_lim,ETHUSDT,3m,-1,STOP,2025-08-09T08:54:00.000Z,2025-08-09T09:47:59.999Z,17,-1.048926,0.4264,2.3956,-104.8926,10.8306,LONDON,1
scalp_fade_3m_lim,ETHUSDT,3m,-1,STOP,2025-08-09T19:39:00.000Z,2025-08-09T19:44:59.999Z,1,-1.071597,0.1149,0.9460,-107.1597,16.4698,NY,1
scalp_fade_3m_lim,ETHUSDT,3m,-1,STOP,2025-08-09T21:21:00.000Z,2025-08-09T22:23:59.999Z,20,-1.044040,0.6277,1.3824,-104.4040,9.6713,LATE,1
scalp_fade_3m_lim,ETHUSDT,3m,-1,TARGET,2025-08-09T22:33:00.000Z,2025-08-09T22:47:59.999Z,4,1.254471,1.3418,0.0171,125.4471,5.1399,LATE,1
scalp_fade_3m_lim,ETHUSDT,3m,-1,STOP,2025-08-10T00:36:00.000Z,2025-08-10T00:47:59.999Z,3,-1.069272,0.0021,0.9464,-106.9272,15.8625,ASIA,-1
scalp_fade_3m_lim,ETHUSDT,3m,1,STOP,2025-08-10T11:51:00.000Z,2025-08-10T11:59:59.999Z,2,-1.051615,0.0220,1.0932,-105.1615,12.1448,LONDON,1
scalp_fade_3m_lim,ETHUSDT,3m,1,STOP,2025-08-10T13:18:00.000Z,2025-08-10T13:35:59.999Z,5,-1.076124,0.3310,0.8848,-107.6124,17.7048,NY,1
scalp_fade_3m_lim,ETHUSDT,3m,1,STOP,2025-08-10T13:57:00.000Z,2025-08-10T14:02:59.999Z,1,-1.067846,0.1399,0.8942,-106.7846,15.9327,NY,1
scalp_fade_3m_lim,ETHUSDT,3m,-1,STOP,2025-08-11T00:03:00.000Z,2025-08-11T00:17:59.999Z,4,-1.082677,0.7381,0.8867,-108.2677,18.9328,ASIA,1
scalp_fade_3m_lim,ETHUSDT,3m,-1,STOP,2025-08-11T00:39:00.000Z,2025-08-11T01:26:59.999Z,15,-1.047724,0.1334,1.4738,-104.7724,10.6022,ASIA,1
scalp_fade_3m_lim,ETHUSDT,3m,-1,TIME,2025-08-11T02:18:00.000Z,2025-08-11T03:20:59.999Z,20,0.412371,0.7944,0.0881,41.2371,8.0194,ASIA,1
scalp_fade_3m_lim,ETHUSDT,3m,-1,TARGET,2025-08-11T04:54:00.000Z,2025-08-11T05:35:59.999Z,13,1.091781,1.2514,0.0930,109.1781,8.5360,ASIA,1
scalp_fade_3m_lim,ETHUSDT,3m,1,STOP,2025-08-11T09:33:00.000Z,2025-08-11T09:50:59.999Z,5,-1.078917,0.0111,0.7861,-107.8917,18.3470,LONDON,1
scalp_fade_3m_lim,ETHUSDT,3m,1,STOP,2025-08-11T10:33:00.000Z,2025-08-11T10:56:59.999Z,7,-1.047401,0.0279,0.8551,-104.7401,11.0555,LONDON,-1
scalp_fade_3m_lim,ETHUSDT,3m,1,TIME,2025-08-11T22:03:00.000Z,2025-08-11T23:05:59.999Z,20,0.292314,0.7277,0.6504,29.2314,8.8480,LATE,-1
scalp_fade_3m_lim,ETHUSDT,3m,-1,TIME,2025-08-12T06:42:00.000Z,2025-08-12T07:44:59.999Z,20,-0.730434,0.7297,0.5853,-73.0434,13.3001,ASIA,1
scalp_fade_3m_lim,ETHUSDT,3m,-1,TARGET,2025-08-12T08:42:00.000Z,2025-08-12T09:11:59.999Z,9,1.123379,1.2231,0.5527,112.3379,7.8839,LONDON,-1
scalp_fade_3m_lim,ETHUSDT,3m,1,TARGET,2025-08-12T11:42:00.000Z,2025-08-12T11:59:59.999Z,5,1.051947,1.2090,0.3038,105.1947,9.4322,LONDON,-1
scalp_fade_3m_lim,ETHUSDT,3m,-1,STOP,2025-08-12T17:30:00.000Z,2025-08-12T17:59:59.999Z,9,-1.046764,0.2746,0.9202,-104.6764,10.5117,NY,-1
scalp_fade_3m_lim,ETHUSDT,3m,-1,STOP,2025-08-12T19:18:00.000Z,2025-08-12T19:59:59.999Z,13,-1.062230,0.3672,0.8530,-106.2230,13.9415,NY,1
scalp_fade_3m_lim,ETHUSDT,3m,-1,STOP,2025-08-12T23:03:00.000Z,2025-08-12T23:38:59.999Z,11,-1.057244,0.1222,0.8971,-105.7244,12.8604,LATE,-1
scalp_fade_3m_lim,ETHUSDT,3m,-1,STOP,2025-08-13T00:03:00.000Z,2025-08-13T00:32:59.999Z,9,-1.054293,0.0477,0.9261,-105.4293,12.2367,ASIA,1
scalp_fade_3m_lim,ETHUSDT,3m,-1,TIME,2025-08-13T08:03:00.000Z,2025-08-13T09:05:59.999Z,20,-0.132453,0.9534,0.6434,-13.2453,16.6763,LONDON,1
scalp_fade_3m_lim,ETHUSDT,3m,-1,STOP,2025-08-13T09:18:00.000Z,2025-08-13T09:23:59.999Z,1,-1.081096,0.0000,0.9007,-108.1096,18.6825,LONDON,1
scalp_fade_3m_lim,ETHUSDT,3m,-1,TARGET,2025-08-13T11:15:00.000Z,2025-08-13T11:38:59.999Z,7,1.088135,1.1758,0.0470,108.8135,8.6295,LONDON,1
scalp_fade_3m_lim,ETHUSDT,3m,-1,STOP,2025-08-13T11:48:00.000Z,2025-08-13T12:29:59.999Z,13,-1.069495,0.6226,1.0832,-106.9495,15.5923,LONDON,-1
scalp_fade_3m_lim,ETHUSDT,3m,-1,TARGET,2025-08-13T14:45:00.000Z,2025-08-13T15:08:59.999Z,7,1.311687,1.4264,0.0171,131.1687,3.9327,NY,-1
scalp_fade_3m_lim,ETHUSDT,3m,-1,STOP,2025-08-14T02:27:00.000Z,2025-08-14T02:35:59.999Z,2,-1.064128,0.0977,1.0907,-106.4128,14.6998,ASIA,-1
scalp_fade_3m_lim,ETHUSDT,3m,-1,TIME,2025-08-14T03:42:00.000Z,2025-08-14T04:44:59.999Z,20,0.234418,0.6054,0.7286,23.4418,13.6517,ASIA,1
scalp_fade_3m_lim,ETHUSDT,3m,1,STOP,2025-08-14T12:18:00.000Z,2025-08-14T12:32:59.999Z,4,-1.052724,0.6379,3.0795,-105.2724,12.3504,LONDON,-1
scalp_fade_3m_lim,ETHUSDT,3m,1,STOP,2025-08-14T12:33:00.000Z,2025-08-14T12:35:59.999Z,0,-1.027977,0.2697,2.8333,-102.7977,6.7045,LONDON,1
scalp_fade_3m_lim,ETHUSDT,3m,1,TIME,2025-08-14T21:51:00.000Z,2025-08-14T22:53:59.999Z,20,0.705341,0.9798,0.7271,70.5341,7.2108,LATE,1
scalp_fade_3m_lim,ETHUSDT,3m,1,TARGET,2025-08-14T23:57:00.000Z,2025-08-15T00:44:59.999Z,15,1.154103,1.2922,0.0929,115.4103,7.2633,LATE,1
scalp_fade_3m_lim,ETHUSDT,3m,-1,STOP,2025-08-15T03:03:00.000Z,2025-08-15T03:32:59.999Z,9,-1.060264,0.2786,0.8948,-106.0264,13.6047,ASIA,1
scalp_fade_3m_lim,ETHUSDT,3m,-1,TIME,2025-08-15T03:42:00.000Z,2025-08-15T04:44:59.999Z,20,0.376623,0.7158,0.3858,37.6623,13.9023,ASIA,-1
scalp_fade_3m_lim,ETHUSDT,3m,-1,TIME,2025-08-15T07:06:00.000Z,2025-08-15T08:08:59.999Z,20,0.096248,0.9694,0.4062,9.6248,16.2901,LONDON,1
scalp_fade_3m_lim,ETHUSDT,3m,-1,TARGET,2025-08-15T12:33:00.000Z,2025-08-15T13:35:59.999Z,20,1.299532,1.4484,0.1292,129.9532,4.1702,LONDON,-1
scalp_fade_3m_lim,ETHUSDT,3m,1,STOP,2025-08-15T13:36:00.000Z,2025-08-15T13:44:59.999Z,2,-1.037233,0.1679,0.9379,-103.7233,8.8178,NY,-1
scalp_fade_3m_lim,ETHUSDT,3m,1,TIME,2025-08-15T20:45:00.000Z,2025-08-15T21:47:59.999Z,20,0.175946,0.9887,0.4399,17.5946,11.3112,NY,-1
scalp_fade_3m_lim,ETHUSDT,3m,1,STOP,2025-08-16T09:00:00.000Z,2025-08-16T09:53:59.999Z,17,-1.083668,0.9910,0.9720,-108.3668,18.9708,LONDON,1
scalp_fade_3m_lim,ETHUSDT,3m,1,STOP,2025-08-16T11:27:00.000Z,2025-08-16T11:53:59.999Z,8,-1.070607,0.3980,1.0914,-107.0607,16.3356,LONDON,-1
scalp_fade_3m_lim,ETHUSDT,3m,1,TIME,2025-08-16T13:42:00.000Z,2025-08-16T14:44:59.999Z,20,-0.108767,0.5994,0.6605,-10.8767,12.5543,NY,1
scalp_fade_3m_lim,ETHUSDT,3m,-1,TARGET,2025-08-17T00:36:00.000Z,2025-08-17T01:05:59.999Z,9,0.976497,1.2497,0.1435,97.6497,10.9678,ASIA,1
scalp_fade_3m_lim,ETHUSDT,3m,1,TIME,2025-08-17T01:45:00.000Z,2025-08-17T02:47:59.999Z,20,0.483377,0.8011,0.2747,48.3377,14.1042,ASIA,1
scalp_fade_3m_lim,ETHUSDT,3m,1,STOP,2025-08-17T23:45:00.000Z,2025-08-17T23:53:59.999Z,2,-1.061225,0.0862,1.2934,-106.1225,14.3680,LATE,1
scalp_fade_3m_lim,ETHUSDT,3m,1,TIME,2025-08-18T10:54:00.000Z,2025-08-18T11:56:59.999Z,20,-0.080170,0.2234,0.7086,-8.0170,11.1494,LONDON,-1
scalp_fade_3m_lim,ETHUSDT,3m,-1,TIME,2025-08-18T14:27:00.000Z,2025-08-18T15:29:59.999Z,20,-0.061527,0.9081,0.5439,-6.1527,7.5734,NY,-1
scalp_fade_3m_lim,ETHUSDT,3m,-1,TIME,2025-08-18T17:51:00.000Z,2025-08-18T18:53:59.999Z,20,-0.776012,0.8264,0.6195,-77.6012,10.2127,NY,1
scalp_fade_3m_lim,ETHUSDT,3m,-1,TIME,2025-08-18T19:21:00.000Z,2025-08-18T20:23:59.999Z,20,0.484612,0.9053,0.1021,48.4612,10.3819,NY,1
scalp_fade_3m_lim,ETHUSDT,3m,-1,STOP,2025-08-18T21:15:00.000Z,2025-08-18T22:02:59.999Z,15,-1.057472,0.9731,1.0884,-105.7472,12.8084,LATE,1
scalp_fade_3m_lim,ETHUSDT,3m,1,STOP,2025-08-19T00:24:00.000Z,2025-08-19T00:32:59.999Z,2,-1.048754,0.0923,1.3942,-104.8754,11.4830,ASIA,1
scalp_fade_3m_lim,ETHUSDT,3m,1,STOP,2025-08-19T02:18:00.000Z,2025-08-19T03:05:59.999Z,15,-1.055045,0.4799,0.8797,-105.5045,12.5990,ASIA,-1
scalp_fade_3m_lim,ETHUSDT,3m,1,STOP,2025-08-19T07:03:00.000Z,2025-08-19T07:23:59.999Z,6,-1.065318,0.5267,1.4814,-106.5318,15.1891,LONDON,1
scalp_fade_3m_lim,ETHUSDT,3m,1,TARGET,2025-08-19T08:09:00.000Z,2025-08-19T08:50:59.999Z,13,1.120441,1.3996,0.1714,112.0441,7.9731,LONDON,1
scalp_fade_3m_lim,ETHUSDT,3m,-1,STOP,2025-08-19T13:24:00.000Z,2025-08-19T13:32:59.999Z,2,-1.071917,0.1005,1.8501,-107.1917,16.5103,NY,-1
scalp_fade_3m_lim,ETHUSDT,3m,-1,TARGET,2025-08-19T13:39:00.000Z,2025-08-19T14:17:59.999Z,12,1.248291,1.5329,0.2252,124.8291,5.2560,NY,1
scalp_fade_3m_lim,ETHUSDT,3m,1,STOP,2025-08-19T18:39:00.000Z,2025-08-19T18:50:59.999Z,3,-1.049857,0.2168,0.9221,-104.9857,11.7140,NY,1
scalp_fade_3m_lim,ETHUSDT,3m,1,STOP,2025-08-19T21:21:00.000Z,2025-08-19T22:08:59.999Z,15,-1.051383,0.4137,0.8396,-105.1383,11.7739,LATE,1
scalp_fade_3m_lim,ETHUSDT,3m,1,STOP,2025-08-19T22:24:00.000Z,2025-08-19T23:17:59.999Z,17,-1.041755,0.3069,0.9356,-104.1755,9.5660,LATE,-1
scalp_fade_3m_lim,ETHUSDT,3m,1,STOP,2025-08-19T23:24:00.000Z,2025-08-19T23:32:59.999Z,2,-1.047649,0.0621,1.0176,-104.7649,11.2275,LATE,-1
scalp_fade_3m_lim,ETHUSDT,3m,1,STOP,2025-08-20T01:12:00.000Z,2025-08-20T01:32:59.999Z,6,-1.045923,0.5755,0.9859,-104.5923,10.7390,ASIA,1
scalp_fade_3m_lim,ETHUSDT,3m,-1,STOP,2025-08-20T06:21:00.000Z,2025-08-20T07:02:59.999Z,13,-1.072720,0.7165,0.9840,-107.2720,16.3253,ASIA,1
scalp_fade_3m_lim,ETHUSDT,3m,-1,TARGET,2025-08-20T13:39:00.000Z,2025-08-20T13:47:59.999Z,2,1.287325,1.4306,0.0293,128.7325,4.4519,NY,-1
scalp_fade_3m_lim,ETHUSDT,3m,-1,TIME,2025-08-20T21:42:00.000Z,2025-08-20T22:44:59.999Z,20,-0.445650,0.4562,0.5606,-44.5650,10.3331,LATE,-1
scalp_fade_3m_lim,ETHUSDT,3m,-1,TARGET,2025-08-21T00:39:00.000Z,2025-08-21T01:17:59.999Z,12,1.121819,1.4721,0.1228,112.1819,7.9088,ASIA,-1
scalp_fade_3m_lim,ETHUSDT,3m,1,TIME,2025-08-21T06:06:00.000Z,2025-08-21T07:08:59.999Z,20,0.474302,0.9098,0.5364,47.4302,15.0672,ASIA,1
scalp_fade_3m_lim,ETHUSDT,3m,1,STOP,2025-08-21T08:21:00.000Z,2025-08-21T09:02:59.999Z,13,-1.060612,0.5198,1.0633,-106.0612,13.9092,LONDON,1
scalp_fade_3m_lim,ETHUSDT,3m,1,TIME,2025-08-21T21:03:00.000Z,2025-08-21T22:05:59.999Z,20,0.393367,1.1693,0.4549,39.3367,10.4640,LATE,1
scalp_fade_3m_lim,ETHUSDT,3m,1,STOP,2025-08-21T22:42:00.000Z,2025-08-21T23:20:59.999Z,12,-1.076023,0.6478,0.8737,-107.6023,17.4304,LATE,1
scalp_fade_3m_lim,ETHUSDT,3m,-1,STOP,2025-08-22T16:03:00.000Z,2025-08-22T16:08:59.999Z,1,-1.032829,0.1660,2.1392,-103.2829,7.4403,NY,1
scalp_fade_3m_lim,ETHUSDT,3m,-1,TIME,2025-08-22T17:45:00.000Z,2025-08-22T18:47:59.999Z,20,0.172144,1.1990,0.0592,17.2144,6.6402,NY,1
scalp_fade_3m_lim,ETHUSDT,3m,-1,STOP,2025-08-22T20:03:00.000Z,2025-08-22T20:47:59.999Z,14,-1.042331,0.5547,1.0030,-104.2331,9.4004,NY,1
scalp_fade_3m_lim,ETHUSDT,3m,-1,TIME,2025-08-22T21:15:00.000Z,2025-08-22T22:17:59.999Z,20,0.493260,1.0062,0.6806,49.3260,7.4404,LATE,1
scalp_fade_3m_lim,ETHUSDT,3m,1,TIME,2025-08-23T06:12:00.000Z,2025-08-23T07:14:59.999Z,20,-0.043436,0.7224,0.2544,-4.3436,14.6074,ASIA,1
scalp_fade_3m_lim,ETHUSDT,3m,1,STOP,2025-08-23T11:24:00.000Z,2025-08-23T11:56:59.999Z,10,-1.079564,0.0267,0.9823,-107.9564,18.3073,LONDON,1
scalp_fade_3m_lim,ETHUSDT,3m,1,TARGET,2025-08-23T13:36:00.000Z,2025-08-23T14:17:59.999Z,13,1.095301,1.4117,0.1938,109.5301,8.4996,NY,-1
scalp_fade_3m_lim,ETHUSDT,3m,1,TIME,2025-08-23T14:39:00.000Z,2025-08-23T15:41:59.999Z,20,0.656424,0.9021,0.3508,65.6424,11.2606,NY,1
scalp_fade_3m_lim,ETHUSDT,3m,-1,TARGET,2025-08-23T20:33:00.000Z,2025-08-23T20:38:59.999Z,1,0.723798,1.1569,0.1546,72.3798,16.3163,NY,1
scalp_fade_3m_lim,ETHUSDT,3m,-1,TARGET,2025-08-23T20:57:00.000Z,2025-08-23T21:29:59.999Z,10,0.808499,1.2013,0.0916,80.8499,14.4903,NY,-1
scalp_fade_3m_lim,ETHUSDT,3m,-1,TIME,2025-08-24T04:12:00.000Z,2025-08-24T05:14:59.999Z,20,-0.505386,0.3059,0.5113,-50.5386,15.9692,ASIA,-1
scalp_fade_3m_lim,ETHUSDT,3m,1,STOP,2025-08-24T09:18:00.000Z,2025-08-24T10:17:59.999Z,19,-1.092299,0.9618,0.8537,-109.2299,20.8238,LONDON,1
scalp_fade_3m_lim,ETHUSDT,3m,-1,STOP,2025-08-24T16:03:00.000Z,2025-08-24T16:41:59.999Z,12,-1.058383,0.4719,0.8629,-105.8383,13.0937,NY,-1
scalp_fade_3m_lim,ETHUSDT,3m,1,STOP,2025-08-25T00:18:00.000Z,2025-08-25T00:32:59.999Z,4,-1.053138,0.2652,1.7521,-105.3138,12.4456,ASIA,-1
scalp_fade_3m_lim,ETHUSDT,3m,1,STOP,2025-08-25T03:21:00.000Z,2025-08-25T03:59:59.999Z,12,-1.055743,0.3046,1.1297,-105.5743,12.8337,ASIA,1
scalp_fade_3m_lim,ETHUSDT,3m,1,STOP,2025-08-25T05:51:00.000Z,2025-08-25T06:05:59.999Z,4,-1.055486,0.1130,0.9283,-105.5486,12.9865,ASIA,1
scalp_fade_3m_lim,ETHUSDT,3m,1,TARGET,2025-08-25T13:33:00.000Z,2025-08-25T14:11:59.999Z,12,1.254573,1.5327,0.7895,125.4573,5.1655,NY,-1
scalp_fade_3m_lim,ETHUSDT,3m,1,STOP,2025-08-25T15:27:00.000Z,2025-08-25T15:47:59.999Z,6,-1.041545,0.0000,1.0316,-104.1545,9.7344,NY,-1
scalp_fade_3m_lim,ETHUSDT,3m,1,STOP,2025-08-25T16:09:00.000Z,2025-08-25T16:59:59.999Z,16,-1.044098,0.7185,0.8877,-104.4098,10.1122,NY,-1
scalp_fade_3m_lim,ETHUSDT,3m,1,STOP,2025-08-25T23:03:00.000Z,2025-08-25T23:23:59.999Z,6,-1.046340,0.0578,1.0490,-104.6340,10.8348,LATE,1
scalp_fade_3m_lim,ETHUSDT,3m,1,STOP,2025-08-26T00:06:00.000Z,2025-08-26T00:47:59.999Z,13,-1.044140,0.8792,1.5030,-104.4140,10.1833,ASIA,1
scalp_fade_3m_lim,ETHUSDT,3m,1,STOP,2025-08-26T00:51:00.000Z,2025-08-26T00:53:59.999Z,0,-1.027795,0.0558,0.9728,-102.7795,6.6621,ASIA,1
scalp_fade_3m_lim,ETHUSDT,3m,1,STOP,2025-08-26T06:03:00.000Z,2025-08-26T06:23:59.999Z,6,-1.069726,0.6500,1.2355,-106.9726,16.2005,ASIA,-1
scalp_fade_3m_lim,ETHUSDT,3m,1,STOP,2025-08-26T06:33:00.000Z,2025-08-26T06:53:59.999Z,6,-1.053544,0.2261,0.8766,-105.3544,12.4875,ASIA,-1
scalp_fade_3m_lim,ETHUSDT,3m,1,TARGET,2025-08-26T09:42:00.000Z,2025-08-26T10:44:59.999Z,20,1.102230,1.3499,0.4137,110.2230,8.3355,LONDON,1
scalp_fade_3m_lim,ETHUSDT,3m,-1,TIME,2025-08-26T12:57:00.000Z,2025-08-26T13:59:59.999Z,20,-0.005319,0.9101,0.6165,-0.5319,5.6904,LONDON,-1
scalp_fade_3m_lim,ETHUSDT,3m,-1,STOP,2025-08-26T18:03:00.000Z,2025-08-26T18:38:59.999Z,11,-1.049927,0.1951,0.8413,-104.9927,11.1908,NY,1
scalp_fade_3m_lim,ETHUSDT,3m,-1,STOP,2025-08-26T19:18:00.000Z,2025-08-26T19:23:59.999Z,1,-1.055899,0.1066,0.8575,-105.5899,12.8136,NY,1
scalp_fade_3m_lim,ETHUSDT,3m,-1,STOP,2025-08-26T19:48:00.000Z,2025-08-26T19:59:59.999Z,3,-1.050728,0.0173,0.8404,-105.0728,11.5613,NY,1
scalp_fade_3m_lim,ETHUSDT,3m,-1,STOP,2025-08-26T22:57:00.000Z,2025-08-26T23:08:59.999Z,3,-1.067711,0.0212,1.8324,-106.7711,15.5006,LATE,-1
scalp_fade_3m_lim,ETHUSDT,3m,-1,TIME,2025-08-27T02:21:00.000Z,2025-08-27T03:23:59.999Z,20,0.703782,1.0222,0.7475,70.3782,13.3319,ASIA,1
scalp_fade_3m_lim,ETHUSDT,3m,-1,STOP,2025-08-27T03:33:00.000Z,2025-08-27T03:47:59.999Z,4,-1.062841,0.2513,0.8122,-106.2841,14.3413,ASIA,-1
scalp_fade_3m_lim,ETHUSDT,3m,-1,STOP,2025-08-27T10:03:00.000Z,2025-08-27T10:20:59.999Z,5,-1.066200,0.0005,0.7857,-106.6200,15.0879,LONDON,1
scalp_fade_3m_lim,ETHUSDT,3m,-1,STOP,2025-08-27T13:42:00.000Z,2025-08-27T13:44:59.999Z,0,-1.041400,0.0187,1.4603,-104.1400,9.4562,NY,-1
scalp_fade_3m_lim,ETHUSDT,3m,-1,STOP,2025-08-27T13:54:00.000Z,2025-08-27T14:32:59.999Z,12,-1.032481,0.6452,1.1599,-103.2481,7.1957,NY,-1
scalp_fade_3m_lim,ETHUSDT,3m,-1,TIME,2025-08-27T15:42:00.000Z,2025-08-27T16:44:59.999Z,20,0.483143,1.1522,0.5261,48.3143,9.9306,NY,-1
scalp_fade_3m_lim,ETHUSDT,3m,1,TIME,2025-08-27T20:24:00.000Z,2025-08-27T21:26:59.999Z,20,0.042005,0.8495,0.1621,4.2005,5.1990,NY,-1
scalp_fade_3m_lim,ETHUSDT,3m,1,STOP,2025-08-27T23:18:00.000Z,2025-08-27T23:23:59.999Z,1,-1.057144,0.1786,0.9561,-105.7144,13.4518,LATE,1
scalp_fade_3m_lim,ETHUSDT,3m,1,STOP,2025-08-28T00:21:00.000Z,2025-08-28T00:35:59.999Z,4,-1.052364,0.0787,1.1814,-105.2364,12.2673,ASIA,-1
scalp_fade_3m_lim,ETHUSDT,3m,-1,STOP,2025-08-28T06:00:00.000Z,2025-08-28T06:56:59.999Z,18,-1.070050,0.7496,0.8098,-107.0050,15.5610,ASIA,-1
scalp_fade_3m_lim,ETHUSDT,3m,-1,TIME,2025-08-28T10:30:00.000Z,2025-08-28T11:32:59.999Z,20,0.067376,0.8723,0.4761,6.7376,17.0290,LONDON,1
scalp_fade_3m_lim,ETHUSDT,3m,-1,STOP,2025-08-28T12:33:00.000Z,2025-08-28T13:23:59.999Z,16,-1.065751,0.3301,0.8015,-106.5751,14.6525,LONDON,-1
scalp_fade_3m_lim,ETHUSDT,3m,-1,TARGET,2025-08-28T14:06:00.000Z,2025-08-28T14:32:59.999Z,8,1.231985,1.3233,0.1809,123.1985,5.6054,NY,-1
scalp_fade_3m_lim,ETHUSDT,3m,1,STOP,2025-08-28T18:48:00.000Z,2025-08-28T19:17:59.999Z,9,-1.060323,0.5019,0.8209,-106.0323,13.9569,NY,1
scalp_fade_3m_lim,ETHUSDT,3m,1,STOP,2025-08-28T19:33:00.000Z,2025-08-28T19:44:59.999Z,3,-1.052646,0.0563,0.8528,-105.2646,12.3577,NY,-1
scalp_fade_3m_lim,ETHUSDT,3m,1,STOP,2025-08-29T00:15:00.000Z,2025-08-29T00:47:59.999Z,10,-1.061741,0.7871,0.9516,-106.1741,14.2513,ASIA,1
scalp_fade_3m_lim,ETHUSDT,3m,1,STOP,2025-08-29T06:39:00.000Z,2025-08-29T06:41:59.999Z,0,-1.075696,0.7272,1.2121,-107.5696,17.7894,ASIA,1
scalp_fade_3m_lim,ETHUSDT,3m,1,STOP,2025-08-29T06:51:00.000Z,2025-08-29T07:02:59.999Z,3,-1.050668,0.1678,2.1125,-105.0668,11.9012,ASIA,-1
scalp_fade_3m_lim,ETHUSDT,3m,1,TIME,2025-08-29T10:51:00.000Z,2025-08-29T11:53:59.999Z,20,-0.216739,0.9685,0.4164,-21.6739,16.4214,LONDON,1
scalp_fade_3m_lim,ETHUSDT,3m,1,STOP,2025-08-29T13:33:00.000Z,2025-08-29T13:41:59.999Z,2,-1.038799,0.0527,1.2363,-103.8799,9.1801,NY,-1
scalp_fade_3m_lim,ETHUSDT,3m,1,TIME,2025-08-29T16:00:00.000Z,2025-08-29T17:02:59.999Z,20,0.435396,1.1096,0.5733,43.5396,8.5672,NY,1
scalp_fade_3m_lim,ETHUSDT,3m,1,TARGET,2025-08-29T19:06:00.000Z,2025-08-29T19:17:59.999Z,3,1.173163,1.4769,0.0262,117.3163,6.8914,NY,-1
scalp_fade_3m_lim,ETHUSDT,3m,1,STOP,2025-08-29T20:00:00.000Z,2025-08-29T20:53:59.999Z,17,-1.047533,0.2755,1.0076,-104.7533,10.8626,NY,1
scalp_fade_3m_lim,ETHUSDT,3m,-1,TIME,2025-08-29T23:00:00.000Z,2025-08-30T00:02:59.999Z,20,0.483543,1.0423,0.4909,48.3543,17.6085,LATE,1
scalp_fade_3m_lim,ETHUSDT,3m,-1,STOP,2025-08-30T04:42:00.000Z,2025-08-30T05:14:59.999Z,10,-1.082942,0.6127,0.9879,-108.2942,18.7620,ASIA,1
scalp_fade_3m_lim,ETHUSDT,3m,-1,STOP,2025-08-30T09:51:00.000Z,2025-08-30T10:17:59.999Z,8,-1.086210,0.5109,0.7886,-108.6210,19.5891,LONDON,-1
scalp_fade_3m_lim,ETHUSDT,3m,1,STOP,2025-08-30T17:36:00.000Z,2025-08-30T17:47:59.999Z,3,-1.088316,0.0487,0.9469,-108.8316,20.5926,NY,1
scalp_fade_3m_lim,ETHUSDT,3m,1,STOP,2025-08-30T17:54:00.000Z,2025-08-30T18:35:59.999Z,13,-1.086316,0.5516,0.8226,-108.6316,19.7233,NY,1
scalp_fade_3m_lim,ETHUSDT,3m,1,STOP,2025-08-30T20:24:00.000Z,2025-08-30T20:35:59.999Z,3,-1.080656,0.1743,0.8182,-108.0656,18.8242,NY,-1
scalp_fade_3m_lim,ETHUSDT,3m,1,TIME,2025-08-30T21:21:00.000Z,2025-08-30T22:23:59.999Z,20,-0.173963,0.4922,0.3031,-17.3963,19.5584,LATE,1
scalp_fade_3m_lim,ETHUSDT,3m,-1,STOP,2025-08-31T03:03:00.000Z,2025-08-31T03:14:59.999Z,3,-1.102558,0.0899,0.8494,-110.2558,23.5835,ASIA,1
scalp_fade_3m_lim,ETHUSDT,3m,-1,STOP,2025-08-31T03:36:00.000Z,2025-08-31T03:38:59.999Z,0,-1.090477,0.0576,0.8127,-109.0477,20.9109,ASIA,1
scalp_fade_3m_lim,ETHUSDT,3m,-1,STOP,2025-08-31T03:39:00.000Z,2025-08-31T03:56:59.999Z,5,-1.080583,0.4019,1.3744,-108.0583,18.4101,ASIA,1
scalp_fade_3m_lim,ETHUSDT,3m,-1,TARGET,2025-08-31T05:57:00.000Z,2025-08-31T06:20:59.999Z,7,0.894224,1.0385,0.2063,89.4224,12.7035,ASIA,1
scalp_fade_3m_lim,ETHUSDT,3m,-1,STOP,2025-08-31T11:21:00.000Z,2025-08-31T11:29:59.999Z,2,-1.078733,0.0544,1.2185,-107.8733,18.0944,LONDON,-1
scalp_fade_3m_lim,ETHUSDT,3m,-1,TARGET,2025-08-31T13:18:00.000Z,2025-08-31T14:05:59.999Z,15,1.140055,1.5145,0.1659,114.0055,7.5189,NY,1
scalp_fade_3m_lim,ETHUSDT,3m,-1,STOP,2025-08-31T15:03:00.000Z,2025-08-31T15:08:59.999Z,1,-1.081390,0.0664,0.8051,-108.1390,18.7509,NY,1
scalp_fade_3m_lim,ETHUSDT,3m,-1,TIME,2025-08-31T16:09:00.000Z,2025-08-31T17:11:59.999Z,20,-0.158136,1.1275,0.1950,-15.8136,16.7522,NY,1
scalp_fade_3m_lim,ETHUSDT,3m,1,STOP,2025-08-31T22:03:00.000Z,2025-08-31T22:44:59.999Z,13,-1.079080,0.8280,1.1552,-107.9080,18.0865,LATE,1
scalp_fade_3m_lim,ETHUSDT,3m,1,STOP,2025-09-01T04:21:00.000Z,2025-09-01T05:11:59.999Z,16,-1.059780,0.2032,1.1460,-105.9780,13.6380,ASIA,1
scalp_fade_3m_lim,ETHUSDT,3m,1,TARGET,2025-09-01T07:09:00.000Z,2025-09-01T07:29:59.999Z,6,1.048219,2.0213,0.4934,104.8219,9.5074,LONDON,1
scalp_fade_3m_lim,ETHUSDT,3m,1,STOP,2025-09-01T13:33:00.000Z,2025-09-01T13:47:59.999Z,4,-1.053676,0.2193,1.1258,-105.3676,12.5695,NY,1
scalp_fade_3m_lim,ETHUSDT,3m,1,STOP,2025-09-01T15:09:00.000Z,2025-09-01T15:26:59.999Z,5,-1.056304,0.0262,1.0313,-105.6304,13.1479,NY,-1
scalp_fade_3m_lim,ETHUSDT,3m,1,STOP,2025-09-01T17:12:00.000Z,2025-09-01T17:29:59.999Z,5,-1.053172,0.0963,1.0226,-105.3172,12.4278,NY,-1
scalp_fade_3m_lim,ETHUSDT,3m,1,STOP,2025-09-01T20:18:00.000Z,2025-09-01T20:35:59.999Z,5,-1.072078,0.0878,0.9691,-107.2078,16.7747,NY,-1
scalp_fade_3m_lim,ETHUSDT,3m,1,TARGET,2025-09-02T01:12:00.000Z,2025-09-02T01:44:59.999Z,10,1.129307,1.6080,0.4913,112.9307,7.7950,ASIA,1
scalp_fade_3m_lim,ETHUSDT,3m,-1,STOP,2025-09-02T06:03:00.000Z,2025-09-02T06:08:59.999Z,1,-1.093659,0.1033,1.1342,-109.3659,21.6085,ASIA,1
scalp_fade_3m_lim,ETHUSDT,3m,-1,TIME,2025-09-02T09:03:00.000Z,2025-09-02T10:05:59.999Z,20,-0.225337,0.4278,0.5974,-22.5337,16.3116,LONDON,1
scalp_fade_3m_lim,ETHUSDT,3m,1,TARGET,2025-09-02T13:33:00.000Z,2025-09-02T13:38:59.999Z,1,1.260205,1.5638,0.1068,126.0205,5.0657,NY,1
scalp_fade_3m_lim,ETHUSDT,3m,1,STOP,2025-09-02T15:18:00.000Z,2025-09-02T15:35:59.999Z,5,-1.038712,0.0190,0.8962,-103.8712,9.1034,NY,-1
scalp_fade_3m_lim,ETHUSDT,3m,1,TARGET,2025-09-02T17:39:00.000Z,2025-09-02T17:53:59.999Z,4,1.150746,1.2786,0.0260,115.0746,7.3600,NY,1
scalp_fade_3m_lim,ETHUSDT,3m,1,STOP,2025-09-02T18:06:00.000Z,2025-09-02T18:47:59.999Z,13,-1.048312,0.3654,0.9493,-104.8312,11.1269,NY,1
scalp_fade_3m_lim,ETHUSDT,3m,1,TIME,2025-09-02T19:15:00.000Z,2025-09-02T20:17:59.999Z,20,0.518029,0.8478,0.4710,51.8029,8.4173,NY,1
scalp_fade_3m_lim,ETHUSDT,3m,1,TIME,2025-09-02T22:03:00.000Z,2025-09-02T23:05:59.999Z,20,0.137824,0.8840,0.1602,13.7824,13.0065,LATE,1
scalp_fade_3m_lim,ETHUSDT,3m,-1,TARGET,2025-09-03T00:27:00.000Z,2025-09-03T00:53:59.999Z,8,1.065749,1.2466,0.1939,106.5749,9.0968,ASIA,-1
scalp_fade_3m_lim,ETHUSDT,3m,1,TARGET,2025-09-03T07:09:00.000Z,2025-09-03T08:11:59.999Z,20,1.064527,1.1771,0.6100,106.4527,9.1233,LONDON,-1
scalp_fade_3m_lim,ETHUSDT,3m,-1,TARGET,2025-09-03T12:03:00.000Z,2025-09-03T12:44:59.999Z,13,1.020480,1.3334,0.1764,102.0480,10.0311,LONDON,1
scalp_fade_3m_lim,ETHUSDT,3m,-1,STOP,2025-09-03T13:06:00.000Z,2025-09-03T13:17:59.999Z,3,-1.063416,0.3122,1.1928,-106.3416,14.5044,NY,-1
scalp_fade_3m_lim,ETHUSDT,3m,-1,STOP,2025-09-03T13:39:00.000Z,2025-09-03T13:44:59.999Z,1,-1.051328,0.0916,1.6220,-105.1328,11.7490,NY,-1
scalp_fade_3m_lim,ETHUSDT,3m,-1,TIME,2025-09-03T17:48:00.000Z,2025-09-03T18:50:59.999Z,20,0.726182,1.0716,0.2830,72.6182,14.1330,NY,1
scalp_fade_3m_lim,ETHUSDT,3m,-1,STOP,2025-09-03T19:51:00.000Z,2025-09-03T19:56:59.999Z,1,-1.092358,0.0007,0.7250,-109.2358,21.3055,NY,1
scalp_fade_3m_lim,ETHUSDT,3m,-1,STOP,2025-09-03T21:57:00.000Z,2025-09-03T22:08:59.999Z,3,-1.083800,0.1444,1.2385,-108.3800,19.2325,LATE,-1
scalp_fade_3m_lim,ETHUSDT,3m,1,STOP,2025-09-04T05:00:00.000Z,2025-09-04T05:02:59.999Z,0,-1.074468,0.0000,0.9212,-107.4468,17.5042,ASIA,1
scalp_fade_3m_lim,ETHUSDT,3m,1,TIME,2025-09-04T06:57:00.000Z,2025-09-04T07:59:59.999Z,20,-0.021976,1.0567,0.1785,-2.1976,17.9394,ASIA,1
scalp_fade_3m_lim,ETHUSDT,3m,-1,TARGET,2025-09-04T12:15:00.000Z,2025-09-04T12:35:59.999Z,6,1.072347,1.2194,0.6056,107.2347,8.9642,LONDON,-1
scalp_fade_3m_lim,ETHUSDT,3m,1,STOP,2025-09-04T18:21:00.000Z,2025-09-04T18:26:59.999Z,1,-1.059772,0.0009,0.8173,-105.9772,14.0610,NY,1
scalp_fade_3m_lim,ETHUSDT,3m,1,TARGET,2025-09-04T19:57:00.000Z,2025-09-04T20:17:59.999Z,6,1.104899,1.3558,0.1979,110.4899,8.3176,NY,-1
scalp_fade_3m_lim,ETHUSDT,3m,1,TARGET,2025-09-04T22:42:00.000Z,2025-09-04T22:56:59.999Z,4,0.919905,1.1839,0.0671,91.9905,12.2090,LATE,1
scalp_fade_3m_lim,ETHUSDT,3m,1,STOP,2025-09-05T02:18:00.000Z,2025-09-05T02:20:59.999Z,0,-1.063986,0.0075,0.8821,-106.3986,15.0693,ASIA,1
scalp_fade_3m_lim,ETHUSDT,3m,1,STOP,2025-09-05T02:39:00.000Z,2025-09-05T03:23:59.999Z,14,-1.058836,0.4559,0.8562,-105.8836,13.4802,ASIA,1
scalp_fade_3m_lim,ETHUSDT,3m,-1,STOP,2025-09-05T06:12:00.000Z,2025-09-05T07:05:59.999Z,17,-1.095499,1.0256,1.3040,-109.5499,21.3289,ASIA,1
scalp_fade_3m_lim,ETHUSDT,3m,-1,STOP,2025-09-05T09:42:00.000Z,2025-09-05T10:08:59.999Z,8,-1.070789,0.1686,1.1096,-107.0789,16.0488,LONDON,-1
scalp_fade_3m_lim,ETHUSDT,3m,-1,STOP,2025-09-05T11:06:00.000Z,2025-09-05T11:23:59.999Z,5,-1.080635,0.2560,0.9533,-108.0635,18.4222,LONDON,1
scalp_fade_3m_lim,ETHUSDT,3m,-1,TIME,2025-09-05T12:33:00.000Z,2025-09-05T13:35:59.999Z,20,-0.298587,0.9171,0.4307,-29.8587,6.8414,LONDON,-1
scalp_fade_3m_lim,ETHUSDT,3m,1,TIME,2025-09-05T17:06:00.000Z,2025-09-05T18:08:59.999Z,20,0.233400,0.7904,0.6912,23.3400,15.3492,NY,1
scalp_fade_3m_lim,ETHUSDT,3m,1,TARGET,2025-09-05T18:15:00.000Z,2025-09-05T18:47:59.999Z,10,1.081974,1.2576,0.0245,108.1974,8.7873,NY,1
scalp_fade_3m_lim,ETHUSDT,3m,1,STOP,2025-09-05T21:06:00.000Z,2025-09-05T21:17:59.999Z,3,-1.081885,0.3700,2.5624,-108.1885,19.1079,LATE,1
scalp_fade_3m_lim,ETHUSDT,3m,1,TIME,2025-09-05T21:18:00.000Z,2025-09-05T22:20:59.999Z,20,-0.458405,0.8657,0.7487,-45.8405,11.4356,LATE,1
scalp_fade_3m_lim,ETHUSDT,3m,1,TARGET,2025-09-06T00:03:00.000Z,2025-09-06T00:26:59.999Z,7,0.805145,0.9555,0.3431,80.5145,14.6052,ASIA,1
scalp_fade_3m_lim,ETHUSDT,3m,1,STOP,2025-09-06T01:54:00.000Z,2025-09-06T02:11:59.999Z,5,-1.104671,0.2960,0.8920,-110.4671,24.2680,ASIA,-1
scalp_fade_3m_lim,ETHUSDT,3m,1,STOP,2025-09-06T03:33:00.000Z,2025-09-06T04:17:59.999Z,14,-1.109539,0.2884,0.7595,-110.9539,24.9261,ASIA,1
scalp_fade_3m_lim,ETHUSDT,3m,1,STOP,2025-09-06T08:12:00.000Z,2025-09-06T09:11:59.999Z,19,-1.128118,0.6832,0.7780,-112.8118,28.8292,LONDON,1
scalp_fade_3m_lim,ETHUSDT,3m,1,STOP,2025-09-06T16:09:00.000Z,2025-09-06T16:23:59.999Z,4,-1.059850,0.1859,2.3965,-105.9850,13.9920,NY,-1
scalp_fade_3m_lim,ETHUSDT,3m,1,TIME,2025-09-06T22:48:00.000Z,2025-09-06T23:50:59.999Z,20,-0.642005,0.7907,0.5714,-64.2005,25.7993,LATE,-1
scalp_fade_3m_lim,ETHUSDT,3m,-1,TARGET,2025-09-07T04:51:00.000Z,2025-09-07T05:47:59.999Z,18,0.658418,1.0116,0.2068,65.8418,17.5942,ASIA,-1
scalp_fade_3m_lim,ETHUSDT,3m,-1,TARGET,2025-09-07T12:39:00.000Z,2025-09-07T13:17:59.999Z,12,0.731521,0.9479,0.0618,73.1521,16.0955,LONDON,-1
scalp_fade_3m_lim,ETHUSDT,3m,-1,STOP,2025-09-07T13:30:00.000Z,2025-09-07T13:35:59.999Z,1,-1.113297,0.0539,0.8822,-111.3297,26.1825,NY,-1
scalp_fade_3m_lim,ETHUSDT,3m,-1,STOP,2025-09-07T14:12:00.000Z,2025-09-07T14:44:59.999Z,10,-1.101572,0.4419,0.7099,-110.1572,23.0215,NY,1
scalp_fade_3m_lim,ETHUSDT,3m,-1,TIME,2025-09-07T14:48:00.000Z,2025-09-07T15:50:59.999Z,20,-0.175802,0.4872,0.0733,-17.5802,18.8582,NY,1
scalp_fade_3m_lim,ETHUSDT,3m,-1,TARGET,2025-09-07T16:03:00.000Z,2025-09-07T16:17:59.999Z,4,0.712611,1.2014,0.0818,71.2611,16.5355,NY,1
scalp_fade_3m_lim,ETHUSDT,3m,1,TARGET,2025-09-07T18:33:00.000Z,2025-09-07T19:02:59.999Z,9,0.756352,0.9719,0.5831,75.6352,15.6189,NY,1
scalp_fade_3m_lim,ETHUSDT,3m,-1,TARGET,2025-09-08T00:30:00.000Z,2025-09-08T01:17:59.999Z,15,1.147246,1.4906,0.0938,114.7246,7.3682,ASIA,-1
scalp_fade_3m_lim,ETHUSDT,3m,1,TARGET,2025-09-08T02:21:00.000Z,2025-09-08T02:38:59.999Z,5,1.027847,1.6243,0.1332,102.7847,9.9383,ASIA,-1
scalp_fade_3m_lim,ETHUSDT,3m,-1,TIME,2025-09-08T03:48:00.000Z,2025-09-08T04:50:59.999Z,20,0.533749,0.8834,0.3521,53.3749,16.3122,ASIA,1
scalp_fade_3m_lim,ETHUSDT,3m,1,TIME,2025-09-08T06:03:00.000Z,2025-09-08T07:05:59.999Z,20,-0.270003,0.7356,0.4164,-27.0003,23.7371,ASIA,-1
scalp_fade_3m_lim,ETHUSDT,3m,-1,TARGET,2025-09-08T10:42:00.000Z,2025-09-08T11:26:59.999Z,14,0.985270,1.1911,0.4678,98.5270,10.7659,LONDON,1
scalp_fade_3m_lim,ETHUSDT,3m,-1,TIME,2025-09-08T13:33:00.000Z,2025-09-08T14:35:59.999Z,20,-0.764760,0.9619,0.5676,-76.4760,12.3202,NY,1
scalp_fade_3m_lim,ETHUSDT,3m,-1,TIME,2025-09-08T15:39:00.000Z,2025-09-08T16:41:59.999Z,20,0.923117,1.1644,0.3562,92.3117,12.8524,NY,1
scalp_fade_3m_lim,ETHUSDT,3m,1,STOP,2025-09-09T00:21:00.000Z,2025-09-09T00:32:59.999Z,3,-1.071934,0.2005,0.7643,-107.1934,16.8107,ASIA,-1
scalp_fade_3m_lim,ETHUSDT,3m,1,TARGET,2025-09-09T02:21:00.000Z,2025-09-09T03:17:59.999Z,18,0.931911,1.1035,0.5202,93.1911,11.9022,ASIA,-1
scalp_fade_3m_lim,ETHUSDT,3m,-1,TARGET,2025-09-09T10:18:00.000Z,2025-09-09T10:29:59.999Z,3,0.805911,1.2583,0.0620,80.5911,14.5782,LONDON,-1
scalp_fade_3m_lim,ETHUSDT,3m,-1,TIME,2025-09-09T10:42:00.000Z,2025-09-09T11:44:59.999Z,20,0.016838,1.0141,0.1167,1.6838,20.2178,LONDON,-1
scalp_fade_3m_lim,ETHUSDT,3m,-1,STOP,2025-09-09T12:09:00.000Z,2025-09-09T12:41:59.999Z,10,-1.075921,0.2224,0.7632,-107.5921,17.1568,LONDON,1
scalp_fade_3m_lim,ETHUSDT,3m,-1,TARGET,2025-09-09T13:33:00.000Z,2025-09-09T14:02:59.999Z,9,1.151087,1.3745,0.6276,115.1087,7.3021,NY,-1
scalp_fade_3m_lim,ETHUSDT,3m,1,TIME,2025-09-09T17:21:00.000Z,2025-09-09T18:23:59.999Z,20,-0.031353,0.3781,0.3339,-3.1353,20.0730,NY,-1
scalp_fade_3m_lim,ETHUSDT,3m,1,STOP,2025-09-09T20:03:00.000Z,2025-09-09T20:26:59.999Z,7,-1.105361,0.1876,0.6942,-110.5361,24.3267,NY,1
scalp_fade_3m_lim,ETHUSDT,3m,1,TIME,2025-09-09T21:30:00.000Z,2025-09-09T22:32:59.999Z,20,0.460561,0.9181,0.1621,46.0561,16.5600,LATE,1
scalp_fade_3m_lim,ETHUSDT,3m,-1,TARGET,2025-09-09T23:09:00.000Z,2025-09-09T23:23:59.999Z,4,0.857573,1.0015,0.0548,85.7573,13.4869,LATE,1
scalp_fade_3m_lim,ETHUSDT,3m,-1,TARGET,2025-09-09T23:51:00.000Z,2025-09-10T00:26:59.999Z,11,0.920025,1.2029,0.1623,92.0025,12.1455,LATE,-1
scalp_fade_3m_lim,ETHUSDT,3m,-1,TIME,2025-09-10T03:48:00.000Z,2025-09-10T04:50:59.999Z,20,0.152861,0.6472,0.2047,15.2861,20.0574,ASIA,-1
scalp_fade_3m_lim,ETHUSDT,3m,-1,STOP,2025-09-10T10:27:00.000Z,2025-09-10T10:44:59.999Z,5,-1.100189,0.2043,0.6811,-110.0189,22.9391,LONDON,1
scalp_fade_3m_lim,ETHUSDT,3m,-1,STOP,2025-09-10T12:15:00.000Z,2025-09-10T12:23:59.999Z,2,-1.112489,0.1717,1.4904,-111.2489,25.9405,LONDON,-1
scalp_fade_3m_lim,ETHUSDT,3m,1,TARGET,2025-09-10T22:33:00.000Z,2025-09-10T23:11:59.999Z,12,0.950436,1.0859,0.1527,95.0436,11.5374,LATE,1
scalp_fade_3m_lim,ETHUSDT,3m,1,TARGET,2025-09-11T00:06:00.000Z,2025-09-11T00:56:59.999Z,16,0.915413,1.0647,0.4809,91.5413,12.2551,ASIA,1
scalp_fade_3m_lim,ETHUSDT,3m,-1,STOP,2025-09-11T02:30:00.000Z,2025-09-11T02:47:59.999Z,5,-1.086818,0.2448,0.9202,-108.6818,19.8505,ASIA,1
scalp_fade_3m_lim,ETHUSDT,3m,-1,STOP,2025-09-11T05:18:00.000Z,2025-09-11T05:41:59.999Z,7,-1.087043,0.7505,1.0619,-108.7043,19.8208,ASIA,-1
scalp_fade_3m_lim,ETHUSDT,3m,-1,STOP,2025-09-11T06:12:00.000Z,2025-09-11T06:23:59.999Z,3,-1.086908,0.0006,0.9863,-108.6908,19.9534,ASIA,-1
scalp_fade_3m_lim,ETHUSDT,3m,-1,STOP,2025-09-11T07:06:00.000Z,2025-09-11T07:08:59.999Z,0,-1.076240,0.0000,1.0615,-107.6240,17.5879,LONDON,1
scalp_fade_3m_lim,ETHUSDT,3m,-1,TIME,2025-09-11T07:09:00.000Z,2025-09-11T08:11:59.999Z,20,0.450538,0.7884,0.2638,45.0538,14.8366,LONDON,1
scalp_fade_3m_lim,ETHUSDT,3m,-1,STOP,2025-09-11T11:36:00.000Z,2025-09-11T12:14:59.999Z,12,-1.083307,0.8701,1.7010,-108.3307,18.7691,LONDON,1
scalp_fade_3m_lim,ETHUSDT,3m,-1,TIME,2025-09-11T12:51:00.000Z,2025-09-11T13:53:59.999Z,20,0.422763,1.2103,0.0184,42.2763,6.0588,LONDON,1
scalp_fade_3m_lim,ETHUSDT,3m,-1,TIME,2025-09-11T14:00:00.000Z,2025-09-11T15:02:59.999Z,20,0.043154,1.2163,0.0352,4.3154,9.0349,NY,1
scalp_fade_3m_lim,ETHUSDT,3m,-1,STOP,2025-09-11T21:51:00.000Z,2025-09-11T22:02:59.999Z,3,-1.134618,0.1080,0.6581,-113.4618,31.0199,LATE,1
scalp_fade_3m_lim,ETHUSDT,3m,-1,STOP,2025-09-12T00:03:00.000Z,2025-09-12T00:23:59.999Z,6,-1.094021,0.5605,0.8881,-109.4021,21.4700,ASIA,-1
scalp_fade_3m_lim,ETHUSDT,3m,-1,STOP,2025-09-12T00:24:00.000Z,2025-09-12T00:44:59.999Z,6,-1.075533,0.3300,2.8295,-107.5533,17.2083,ASIA,-1
scalp_fade_3m_lim,ETHUSDT,3m,-1,TARGET,2025-09-12T07:06:00.000Z,2025-09-12T07:35:59.999Z,9,1.006430,1.1153,0.2519,100.6430,10.3393,LONDON,-1
scalp_fade_3m_lim,ETHUSDT,3m,-1,TARGET,2025-09-12T09:33:00.000Z,2025-09-12T09:50:59.999Z,5,0.818344,1.1736,0.3342,81.8344,14.3072,LONDON,1
scalp_fade_3m_lim,ETHUSDT,3m,-1,STOP,2025-09-12T11:09:00.000Z,2025-09-12T11:23:59.999Z,4,-1.108230,0.0000,0.8793,-110.8230,24.8477,LONDON,1
scalp_fade_3m_lim,ETHUSDT,3m,-1,STOP,2025-09-12T12:30:00.000Z,2025-09-12T12:53:59.999Z,7,-1.086834,0.4723,0.7368,-108.6834,19.7727,LONDON,-1
scalp_fade_3m_lim,ETHUSDT,3m,-1,STOP,2025-09-12T13:57:00.000Z,2025-09-12T14:08:59.999Z,3,-1.060777,0.2307,0.8481,-106.0777,13.8923,NY,-1
scalp_fade_3m_lim,ETHUSDT,3m,-1,STOP,2025-09-12T19:18:00.000Z,2025-09-12T19:32:59.999Z,4,-1.075634,0.0529,0.7892,-107.5634,17.3025,NY,1
scalp_fade_3m_lim,ETHUSDT,3m,-1,STOP,2025-09-12T19:36:00.000Z,2025-09-12T19:53:59.999Z,5,-1.070869,0.0283,0.9659,-107.0869,16.1664,NY,-1
scalp_fade_3m_lim,ETHUSDT,3m,-1,TIME,2025-09-12T21:03:00.000Z,2025-09-12T22:05:59.999Z,20,-0.228909,0.7022,0.3642,-22.8909,12.7249,LATE,-1
scalp_fade_3m_lim,ETHUSDT,3m,-1,TIME,2025-09-13T01:30:00.000Z,2025-09-13T02:32:59.999Z,20,0.147322,0.9935,0.5191,14.7322,15.6461,ASIA,1
scalp_fade_3m_lim,ETHUSDT,3m,-1,TARGET,2025-09-13T06:12:00.000Z,2025-09-13T06:26:59.999Z,4,0.867388,1.0316,0.0556,86.7388,13.2805,ASIA,-1
scalp_fade_3m_lim,ETHUSDT,3m,-1,TARGET,2025-09-13T10:09:00.000Z,2025-09-13T10:29:59.999Z,6,0.886140,1.1346,0.2499,88.6140,12.8776,LONDON,1
scalp_fade_3m_lim,ETHUSDT,3m,1,STOP,2025-09-13T15:24:00.000Z,2025-09-13T15:29:59.999Z,1,-1.071066,0.0938,0.8391,-107.1066,16.6792,NY,-1
scalp_fade_3m_lim,ETHUSDT,3m,1,TARGET,2025-09-13T19:12:00.000Z,2025-09-13T20:05:59.999Z,17,0.901290,1.4419,0.1493,90.1290,12.5465,NY,1
scalp_fade_3m_lim,ETHUSDT,3m,1,TARGET,2025-09-13T23:30:00.000Z,2025-09-14T00:08:59.999Z,12,0.805363,1.2440,0.3047,80.5363,14.5767,LATE,-1
scalp_fade_3m_lim,ETHUSDT,3m,-1,TARGET,2025-09-14T00:24:00.000Z,2025-09-14T00:53:59.999Z,9,0.821745,1.1130,0.5317,82.1745,14.2170,ASIA,1
scalp_fade_3m_lim,ETHUSDT,3m,-1,TARGET,2025-09-14T06:06:00.000Z,2025-09-14T06:35:59.999Z,9,0.779469,0.9783,0.1133,77.9469,15.1046,ASIA,1
scalp_fade_3m_lim,ETHUSDT,3m,1,TARGET,2025-09-14T09:06:00.000Z,2025-09-14T09:23:59.999Z,5,0.739866,1.3687,0.0523,73.9866,15.9855,LONDON,1
scalp_fade_3m_lim,ETHUSDT,3m,1,STOP,2025-09-14T11:18:00.000Z,2025-09-14T11:20:59.999Z,0,-1.114389,0.0008,1.2838,-111.4389,26.7776,LONDON,1
scalp_fade_3m_lim,ETHUSDT,3m,1,TARGET,2025-09-14T13:54:00.000Z,2025-09-14T14:14:59.999Z,6,1.077676,1.2168,0.6523,107.7676,8.8891,NY,1
scalp_fade_3m_lim,ETHUSDT,3m,1,STOP,2025-09-14T14:21:00.000Z,2025-09-14T14:38:59.999Z,5,-1.055902,0.1180,1.5032,-105.5902,13.0556,NY,-1
scalp_fade_3m_lim,ETHUSDT,3m,1,TARGET,2025-09-14T22:06:00.000Z,2025-09-14T22:50:59.999Z,14,0.981046,1.1443,0.3897,98.1046,10.8890,LATE,-1
scalp_fade_3m_lim,ETHUSDT,3m,-1,STOP,2025-09-15T06:03:00.000Z,2025-09-15T06:11:59.999Z,2,-1.105660,0.0179,0.7867,-110.5660,24.3533,ASIA,-1
scalp_fade_3m_lim,ETHUSDT,3m,1,TIME,2025-09-15T11:09:00.000Z,2025-09-15T12:11:59.999Z,20,-0.472619,0.8328,0.4247,-47.2619,18.7955,LONDON,-1
scalp_fade_3m_lim,ETHUSDT,3m,1,STOP,2025-09-15T13:39:00.000Z,2025-09-15T13:44:59.999Z,1,-1.057720,0.0897,1.2389,-105.7720,13.5853,NY,-1
scalp_fade_3m_lim,ETHUSDT,3m,-1,TARGET,2025-09-16T00:18:00.000Z,2025-09-16T00:26:59.999Z,2,0.740852,0.9841,0.1723,74.0852,15.9521,ASIA,-1
scalp_fade_3m_lim,ETHUSDT,3m,-1,STOP,2025-09-16T01:03:00.000Z,2025-09-16T01:20:59.999Z,5,-1.089027,0.0006,0.8479,-108.9027,20.3608,ASIA,-1
scalp_fade_3m_lim,ETHUSDT,3m,-1,TIME,2025-09-16T02:06:00.000Z,2025-09-16T03:08:59.999Z,20,0.372689,0.7539,0.2685,37.2689,16.9804,ASIA,-1
scalp_fade_3m_lim,ETHUSDT,3m,-1,TARGET,2025-09-16T03:33:00.000Z,2025-09-16T04:11:59.999Z,12,0.851635,1.2958,0.3884,85.1635,13.5760,ASIA,-1
scalp_fade_3m_lim,ETHUSDT,3m,1,STOP,2025-09-16T10:06:00.000Z,2025-09-16T10:47:59.999Z,13,-1.099064,0.2519,1.2431,-109.9064,22.6070,LONDON,1
scalp_fade_3m_lim,ETHUSDT,3m,1,TIME,2025-09-16T11:57:00.000Z,2025-09-16T12:59:59.999Z,20,-0.530593,0.3049,0.4553,-53.0593,20.8622,LONDON,-1
scalp_fade_3m_lim,ETHUSDT,3m,1,STOP,2025-09-16T13:12:00.000Z,2025-09-16T13:38:59.999Z,8,-1.083123,0.6909,1.3115,-108.3123,19.1954,NY,1
scalp_fade_3m_lim,ETHUSDT,3m,1,STOP,2025-09-16T13:39:00.000Z,2025-09-16T13:44:59.999Z,1,-1.059552,0.0900,1.5136,-105.9552,14.0101,NY,1
scalp_fade_3m_lim,ETHUSDT,3m,-1,TARGET,2025-09-16T22:39:00.000Z,2025-09-16T23:41:59.999Z,20,0.954019,1.1529,0.7074,95.4019,11.3985,LATE,-1
scalp_fade_3m_lim,ETHUSDT,3m,-1,TIME,2025-09-17T01:21:00.000Z,2025-09-17T02:23:59.999Z,20,0.175550,1.0403,0.0651,17.5550,19.4095,ASIA,-1
scalp_fade_3m_lim,ETHUSDT,3m,-1,TARGET,2025-09-17T07:30:00.000Z,2025-09-17T08:14:59.999Z,14,1.037060,1.3363,0.2308,103.7060,9.6803,LONDON,1
scalp_fade_3m_lim,ETHUSDT,3m,1,TIME,2025-09-17T12:42:00.000Z,2025-09-17T13:44:59.999Z,20,-0.568434,0.9627,0.6106,-56.8434,16.8082,LONDON,1
scalp_fade_3m_lim,ETHUSDT,3m,1,TIME,2025-09-17T16:33:00.000Z,2025-09-17T17:35:59.999Z,20,0.057570,0.8064,0.4662,5.7570,19.5808,NY,-1
scalp_fade_3m_lim,ETHUSDT,3m,1,TARGET,2025-09-17T18:00:00.000Z,2025-09-17T18:02:59.999Z,0,1.341074,1.7802,0.4134,134.1074,3.3664,NY,1
scalp_fade_3m_lim,ETHUSDT,3m,1,TIME,2025-09-17T18:03:00.000Z,2025-09-17T19:05:59.999Z,20,-0.096312,0.3198,0.7984,-9.6312,4.0416,NY,1
scalp_fade_3m_lim,ETHUSDT,3m,-1,STOP,2025-09-17T21:15:00.000Z,2025-09-17T21:53:59.999Z,12,-1.057796,0.1577,0.8948,-105.7796,12.9600,LATE,-1
scalp_fade_3m_lim,ETHUSDT,3m,-1,STOP,2025-09-18T01:06:00.000Z,2025-09-18T01:32:59.999Z,8,-1.064916,0.0911,1.1664,-106.4916,14.7004,ASIA,1
scalp_fade_3m_lim,ETHUSDT,3m,-1,STOP,2025-09-18T03:06:00.000Z,2025-09-18T03:11:59.999Z,1,-1.080675,0.0338,0.9849,-108.0675,18.5843,ASIA,1
scalp_fade_3m_lim,ETHUSDT,3m,1,STOP,2025-09-18T12:33:00.000Z,2025-09-18T13:05:59.999Z,10,-1.082630,0.3100,0.7996,-108.2630,19.0050,LONDON,1
scalp_fade_3m_lim,ETHUSDT,3m,1,TARGET,2025-09-18T13:45:00.000Z,2025-09-18T14:08:59.999Z,7,1.123313,1.2556,0.7253,112.3313,7.9285,NY,1
scalp_fade_3m_lim,ETHUSDT,3m,-1,STOP,2025-09-18T16:18:00.000Z,2025-09-18T16:29:59.999Z,3,-1.072774,0.0052,0.7780,-107.2774,16.6748,NY,-1
scalp_fade_3m_lim,ETHUSDT,3m,-1,TIME,2025-09-18T20:39:00.000Z,2025-09-18T21:41:59.999Z,20,0.100927,0.6678,0.2466,10.0927,19.8390,NY,1
scalp_fade_3m_lim,ETHUSDT,3m,1,STOP,2025-09-18T22:54:00.000Z,2025-09-18T23:05:59.999Z,3,-1.111105,0.1532,1.0908,-111.1105,25.8537,LATE,-1
scalp_fade_3m_lim,ETHUSDT,3m,1,STOP,2025-09-19T05:18:00.000Z,2025-09-19T05:29:59.999Z,3,-1.093880,0.2295,1.2550,-109.3880,21.8771,ASIA,1
scalp_fade_3m_lim,ETHUSDT,3m,1,STOP,2025-09-19T06:03:00.000Z,2025-09-19T06:50:59.999Z,15,-1.098008,0.6143,0.8775,-109.8008,22.2780,ASIA,-1
scalp_fade_3m_lim,ETHUSDT,3m,1,STOP,2025-09-19T09:27:00.000Z,2025-09-19T09:29:59.999Z,0,-1.115184,0.0757,0.7224,-111.5184,26.9624,LONDON,1
scalp_fade_3m_lim,ETHUSDT,3m,1,TARGET,2025-09-19T13:33:00.000Z,2025-09-19T13:53:59.999Z,6,0.963111,1.1744,0.5192,96.3111,11.2940,NY,1
scalp_fade_3m_lim,ETHUSDT,3m,1,STOP,2025-09-19T14:45:00.000Z,2025-09-19T14:47:59.999Z,0,-1.074500,0.1365,1.6231,-107.4500,17.5115,NY,1
scalp_fade_3m_lim,ETHUSDT,3m,1,STOP,2025-09-19T17:03:00.000Z,2025-09-19T17:11:59.999Z,2,-1.094094,0.0007,0.7871,-109.4094,21.9719,NY,1
scalp_fade_3m_lim,ETHUSDT,3m,1,STOP,2025-09-19T17:24:00.000Z,2025-09-19T17:41:59.999Z,5,-1.079796,0.1676,0.8552,-107.9796,18.5490,NY,1
scalp_fade_3m_lim,ETHUSDT,3m,1,TIME,2025-09-19T18:48:00.000Z,2025-09-19T19:50:59.999Z,20,-0.374744,0.9152,0.3174,-37.4744,16.8795,NY,-1
scalp_fade_3m_lim,ETHUSDT,3m,1,TARGET,2025-09-20T00:27:00.000Z,2025-09-20T00:53:59.999Z,8,0.820420,1.0400,0.0983,82.0420,14.2800,ASIA,1
scalp_fade_3m_lim,ETHUSDT,3m,1,STOP,2025-09-20T01:03:00.000Z,2025-09-20T01:35:59.999Z,10,-1.126407,0.3989,0.9156,-112.6407,28.9677,ASIA,1
scalp_fade_3m_lim,ETHUSDT,3m,1,TARGET,2025-09-20T03:54:00.000Z,2025-09-20T04:38:59.999Z,14,0.577141,0.8675,0.2296,57.7141,19.3455,ASIA,1
scalp_fade_3m_lim,ETHUSDT,3m,1,TIME,2025-09-20T11:21:00.000Z,2025-09-20T12:23:59.999Z,20,-0.471511,0.4444,0.3509,-47.1511,31.0637,LONDON,1
scalp_fade_3m_lim,ETHUSDT,3m,1,TARGET,2025-09-20T13:12:00.000Z,2025-09-20T13:50:59.999Z,12,0.484077,0.7478,0.2135,48.4077,21.3079,NY,-1
scalp_fade_3m_lim,ETHUSDT,3m,1,TARGET,2025-09-20T14:03:00.000Z,2025-09-20T14:41:59.999Z,12,0.527887,0.7483,0.3753,52.7887,20.3900,NY,1
scalp_fade_3m_lim,ETHUSDT,3m,-1,STOP,2025-09-20T16:33:00.000Z,2025-09-20T16:41:59.999Z,2,-1.104350,0.0259,0.7940,-110.4350,24.0488,NY,-1
scalp_fade_3m_lim,ETHUSDT,3m,-1,TARGET,2025-09-20T18:30:00.000Z,2025-09-20T18:38:59.999Z,2,0.771788,1.1036,0.0649,77.1788,15.3011,NY,1
scalp_fade_3m_lim,ETHUSDT,3m,-1,STOP,2025-09-20T21:00:00.000Z,2025-09-20T21:14:59.999Z,4,-1.145018,0.0011,0.8210,-114.5018,33.3631,LATE,1
scalp_fade_3m_lim,ETHUSDT,3m,1,STOP,2025-09-21T02:18:00.000Z,2025-09-21T02:20:59.999Z,0,-1.121572,0.0009,1.0049,-112.1572,28.4463,ASIA,-1
scalp_fade_3m_lim,ETHUSDT,3m,1,STOP,2025-09-21T09:15:00.000Z,2025-09-21T09:26:59.999Z,3,-1.120295,0.0009,1.0725,-112.0295,27.9754,LONDON,-1
scalp_fade_3m_lim,ETHUSDT,3m,1,TARGET,2025-09-21T12:42:00.000Z,2025-09-21T13:32:59.999Z,16,0.702682,1.4916,0.4309,70.2682,16.7061,LONDON,1
scalp_fade_3m_lim,ETHUSDT,3m,-1,TIME,2025-09-21T14:45:00.000Z,2025-09-21T15:47:59.999Z,20,-0.662827,0.6217,0.6125,-66.2827,26.1740,NY,1
scalp_fade_3m_lim,ETHUSDT,3m,-1,TARGET,2025-09-21T20:24:00.000Z,2025-09-21T20:47:59.999Z,7,0.699276,0.9708,0.2980,69.9276,16.7994,NY,1
scalp_fade_3m_lim,ETHUSDT,3m,1,STOP,2025-09-21T22:06:00.000Z,2025-09-21T22:08:59.999Z,0,-1.109360,0.0229,0.6581,-110.9360,25.6094,LATE,1
scalp_fade_3m_lim,ETHUSDT,3m,1,STOP,2025-09-21T22:09:00.000Z,2025-09-21T22:14:59.999Z,1,-1.099677,0.0007,0.6981,-109.9677,23.3116,LATE,1
scalp_fade_3m_lim,ETHUSDT,3m,1,STOP,2025-09-22T00:21:00.000Z,2025-09-22T00:29:59.999Z,2,-1.072429,0.0170,0.7840,-107.2429,16.9600,ASIA,-1
scalp_fade_3m_lim,ETHUSDT,3m,1,STOP,2025-09-22T05:33:00.000Z,2025-09-22T05:59:59.999Z,8,-1.078724,0.1679,4.4448,-107.8724,18.1902,ASIA,1
scalp_fade_3m_lim,ETHUSDT,3m,1,STOP,2025-09-22T06:00:00.000Z,2025-09-22T06:02:59.999Z,0,-1.039283,0.2220,6.8872,-103.9283,9.3308,ASIA,1
scalp_fade_3m_lim,ETHUSDT,3m,1,TIME,2025-09-22T11:18:00.000Z,2025-09-22T12:20:59.999Z,20,-0.021598,0.8151,0.3912,-2.1598,15.2044,LONDON,1
scalp_fade_3m_lim,ETHUSDT,3m,1,TIME,2025-09-22T13:33:00.000Z,2025-09-22T14:35:59.999Z,20,0.243193,1.0658,0.8236,24.3193,12.0825,NY,1
scalp_fade_3m_lim,ETHUSDT,3m,1,STOP,2025-09-22T19:27:00.000Z,2025-09-22T19:35:59.999Z,2,-1.059468,0.0116,0.8208,-105.9468,13.9616,NY,-1
scalp_fade_3m_lim,ETHUSDT,3m,-1,TARGET,2025-09-23T00:12:00.000Z,2025-09-23T01:11:59.999Z,19,1.011942,1.2447,0.6896,101.1942,10.1901,ASIA,-1
scalp_fade_3m_lim,ETHUSDT,3m,-1,STOP,2025-09-23T08:09:00.000Z,2025-09-23T09:11:59.999Z,20,-1.072455,0.2423,1.3637,-107.2455,16.0378,LONDON,1
scalp_fade_3m_lim,ETHUSDT,3m,-1,STOP,2025-09-23T12:15:00.000Z,2025-09-23T12:47:59.999Z,10,-1.097102,0.8721,0.7158,-109.7102,21.9996,LONDON,1
scalp_fade_3m_lim,ETHUSDT,3m,-1,STOP,2025-09-23T13:33:00.000Z,2025-09-23T13:35:59.999Z,0,-1.083729,0.1373,0.7809,-108.3729,19.3359,NY,-1
scalp_fade_3m_lim,ETHUSDT,3m,-1,TARGET,2025-09-23T13:39:00.000Z,2025-09-23T14:35:59.999Z,18,1.119584,1.5553,0.7534,111.9584,7.9400,NY,-1
scalp_fade_3m_lim,ETHUSDT,3m,1,TARGET,2025-09-23T14:36:00.000Z,2025-09-23T15:26:59.999Z,16,1.179250,1.3678,0.4133,117.9250,6.7348,NY,-1
scalp_fade_3m_lim,ETHUSDT,3m,1,TARGET,2025-09-23T16:36:00.000Z,2025-09-23T16:53:59.999Z,5,1.113964,1.7314,0.4184,111.3964,8.1299,NY,-1
scalp_fade_3m_lim,ETHUSDT,3m,-1,TARGET,2025-09-24T07:15:00.000Z,2025-09-24T07:29:59.999Z,4,0.842715,1.0894,0.4996,84.2715,13.7993,LONDON,-1
scalp_fade_3m_lim,ETHUSDT,3m,-1,STOP,2025-09-24T09:30:00.000Z,2025-09-24T09:41:59.999Z,3,-1.114379,0.0171,0.7834,-111.4379,26.3252,LONDON,-1
scalp_fade_3m_lim,ETHUSDT,3m,-1,STOP,2025-09-24T11:00:00.000Z,2025-09-24T11:11:59.999Z,3,-1.116336,0.2571,0.7382,-111.6336,26.7793,LONDON,-1
scalp_fade_3m_lim,ETHUSDT,3m,-1,TARGET,2025-09-24T13:36:00.000Z,2025-09-24T13:38:59.999Z,0,0.990832,1.3189,0.1533,99.0832,10.6985,NY,-1
scalp_fade_3m_lim,ETHUSDT,3m,-1,TARGET,2025-09-24T13:42:00.000Z,2025-09-24T13:59:59.999Z,5,1.144979,1.3951,0.1689,114.4979,7.4401,NY,-1
scalp_fade_3m_lim,ETHUSDT,3m,1,STOP,2025-09-25T00:21:00.000Z,2025-09-25T00:29:59.999Z,2,-1.082045,0.0292,0.7813,-108.2045,19.1846,ASIA,-1
scalp_fade_3m_lim,ETHUSDT,3m,1,STOP,2025-09-25T00:42:00.000Z,2025-09-25T00:47:59.999Z,1,-1.066956,0.1729,0.8796,-106.6956,15.7264,ASIA,-1
scalp_fade_3m_lim,ETHUSDT,3m,1,STOP,2025-09-25T01:15:00.000Z,2025-09-25T01:26:59.999Z,3,-1.053976,0.1387,1.2653,-105.3976,12.6648,ASIA,-1
scalp_fade_3m_lim,ETHUSDT,3m,1,TIME,2025-09-25T07:12:00.000Z,2025-09-25T08:14:59.999Z,20,0.806514,1.0064,0.2772,80.6514,9.9120,LONDON,-1
scalp_fade_3m_lim,ETHUSDT,3m,1,TARGET,2025-09-25T08:45:00.000Z,2025-09-25T09:14:59.999Z,9,1.065248,1.2266,0.5229,106.5248,9.1410,LONDON,1
scalp_fade_3m_lim,ETHUSDT,3m,1,TARGET,2025-09-25T12:30:00.000Z,2025-09-25T12:35:59.999Z,1,1.320948,1.4890,0.3695,132.0948,3.7885,LONDON,-1
scalp_fade_3m_lim,ETHUSDT,3m,1,TIME,2025-09-25T12:39:00.000Z,2025-09-25T13:41:59.999Z,20,-0.320166,0.5491,0.4046,-32.0166,5.0046,LONDON,-1
scalp_fade_3m_lim,ETHUSDT,3m,1,STOP,2025-09-25T23:27:00.000Z,2025-09-25T23:35:59.999Z,2,-1.052809,0.4439,1.0030,-105.2809,12.4210,LATE,-1
scalp_fade_3m_lim,ETHUSDT,3m,1,TARGET,2025-09-26T00:45:00.000Z,2025-09-26T00:53:59.999Z,2,1.206615,1.7232,0.2762,120.6615,6.1905,ASIA,1
scalp_fade_3m_lim,ETHUSDT,3m,-1,TARGET,2025-09-26T04:18:00.000Z,2025-09-26T04:38:59.999Z,6,1.085621,1.2894,0.6326,108.5621,8.6852,ASIA,1
scalp_fade_3m_lim,ETHUSDT,3m,1,TARGET,2025-09-26T07:09:00.000Z,2025-09-26T07:23:59.999Z,4,1.130729,1.2637,0.1227,113.0729,7.7805,LONDON,-1
scalp_fade_3m_lim,ETHUSDT,3m,1,TIME,2025-09-26T07:33:00.000Z,2025-09-26T08:35:59.999Z,20,0.710306,1.2143,0.3179,71.0306,11.4393,LONDON,-1
scalp_fade_3m_lim,ETHUSDT,3m,-1,TIME,2025-09-26T15:18:00.000Z,2025-09-26T16:20:59.999Z,20,-0.969583,0.4481,0.8351,-96.9583,8.9476,NY,1
scalp_fade_3m_lim,ETHUSDT,3m,-1,TARGET,2025-09-26T19:18:00.000Z,2025-09-26T19:32:59.999Z,4,1.111696,1.5044,0.1663,111.1696,8.1425,NY,-1
scalp_fade_3m_lim,ETHUSDT,3m,-1,STOP,2025-09-26T21:51:00.000Z,2025-09-26T22:14:59.999Z,7,-1.078665,0.4959,1.0001,-107.8665,17.8934,LATE,1
scalp_fade_3m_lim,ETHUSDT,3m,-1,TIME,2025-09-26T23:33:00.000Z,2025-09-27T00:35:59.999Z,20,0.037641,0.7055,0.5604,3.7641,20.9705,LATE,-1
scalp_fade_3m_lim,ETHUSDT,3m,-1,TIME,2025-09-27T03:51:00.000Z,2025-09-27T04:53:59.999Z,20,-0.478857,0.4774,0.5418,-47.8857,21.0962,ASIA,-1
scalp_fade_3m_lim,ETHUSDT,3m,1,TARGET,2025-09-27T09:33:00.000Z,2025-09-27T10:35:59.999Z,20,0.950750,1.6280,0.1600,95.0750,11.5007,LONDON,-1
scalp_fade_3m_lim,ETHUSDT,3m,-1,TARGET,2025-09-28T00:36:00.000Z,2025-09-28T01:38:59.999Z,20,1.015760,1.3883,0.5350,101.5760,10.1069,ASIA,1
scalp_fade_3m_lim,ETHUSDT,3m,1,TIME,2025-09-28T02:09:00.000Z,2025-09-28T03:11:59.999Z,20,-0.139423,0.6434,0.4518,-13.9423,20.1781,ASIA,-1
scalp_fade_3m_lim,ETHUSDT,3m,1,TIME,2025-09-28T03:33:00.000Z,2025-09-28T04:35:59.999Z,20,-0.292105,0.6096,0.2619,-29.2105,26.3636,ASIA,1
scalp_fade_3m_lim,ETHUSDT,3m,1,TIME,2025-09-28T06:42:00.000Z,2025-09-28T07:44:59.999Z,20,0.444713,0.8790,0.1536,44.4713,19.1395,ASIA,1
scalp_fade_3m_lim,ETHUSDT,3m,1,STOP,2025-09-28T11:21:00.000Z,2025-09-28T11:26:59.999Z,1,-1.126540,0.0710,0.5901,-112.6540,29.5389,LONDON,1
scalp_fade_3m_lim,ETHUSDT,3m,1,TIME,2025-09-28T11:36:00.000Z,2025-09-28T12:38:59.999Z,20,-0.961764,0.4327,0.5582,-96.1764,23.0119,LONDON,1
scalp_fade_3m_lim,ETHUSDT,3m,-1,STOP,2025-09-28T15:48:00.000Z,2025-09-28T16:02:59.999Z,4,-1.112113,0.2485,0.7145,-111.2113,25.7464,NY,-1
scalp_fade_3m_lim,ETHUSDT,3m,-1,STOP,2025-09-28T17:30:00.000Z,2025-09-28T17:47:59.999Z,5,-1.074331,0.3078,0.8349,-107.4331,16.9660,NY,1
scalp_fade_3m_lim,ETHUSDT,3m,-1,STOP,2025-09-28T20:21:00.000Z,2025-09-28T20:23:59.999Z,0,-1.122933,0.0010,0.7098,-112.2933,28.4861,NY,1
scalp_fade_3m_lim,ETHUSDT,3m,-1,TIME,2025-09-29T00:24:00.000Z,2025-09-29T01:26:59.999Z,20,0.382529,1.0051,0.4088,38.2529,14.9334,ASIA,1
scalp_fade_3m_lim,ETHUSDT,3m,-1,TARGET,2025-09-29T02:27:00.000Z,2025-09-29T02:44:59.999Z,5,0.997322,1.1933,0.1550,99.7322,10.5444,ASIA,-1
scalp_fade_3m_lim,ETHUSDT,3m,-1,TIME,2025-09-29T03:51:00.000Z,2025-09-29T04:53:59.999Z,20,-0.443091,0.3438,0.4823,-44.3091,22.4220,ASIA,1
scalp_fade_3m_lim,ETHUSDT,3m,-1,STOP,2025-09-29T09:03:00.000Z,2025-09-29T09:29:59.999Z,8,-1.080501,0.4674,0.7427,-108.0501,18.2784,LONDON,1
scalp_fade_3m_lim,ETHUSDT,3m,-1,STOP,2025-09-29T19:18:00.000Z,2025-09-29T19:41:59.999Z,7,-1.074812,0.1397,0.9261,-107.4812,17.0072,NY,1
scalp_fade_3m_lim,ETHUSDT,3m,-1,TIME,2025-09-29T22:33:00.000Z,2025-09-29T23:35:59.999Z,20,-0.098810,0.7195,0.5526,-9.8810,21.6233,LATE,1
scalp_fade_3m_lim,ETHUSDT,3m,-1,STOP,2025-09-30T00:36:00.000Z,2025-09-30T00:50:59.999Z,4,-1.067828,0.2948,1.6694,-106.7828,15.4957,ASIA,-1
scalp_fade_3m_lim,ETHUSDT,3m,-1,TIME,2025-09-30T03:03:00.000Z,2025-09-30T04:05:59.999Z,20,0.014263,0.8910,0.3154,1.4263,17.4895,ASIA,1
scalp_fade_3m_lim,ETHUSDT,3m,1,STOP,2025-09-30T07:33:00.000Z,2025-09-30T07:44:59.999Z,3,-1.087824,0.0007,0.8311,-108.7824,20.4789,LONDON,1
scalp_fade_3m_lim,ETHUSDT,3m,1,STOP,2025-09-30T08:39:00.000Z,2025-09-30T09:14:59.999Z,11,-1.075929,0.3753,0.8561,-107.5929,17.4445,LONDON,-1
scalp_fade_3m_lim,ETHUSDT,3m,1,STOP,2025-09-30T12:51:00.000Z,2025-09-30T12:59:59.999Z,2,-1.090489,0.1236,0.7190,-109.0489,21.1378,LONDON,1
scalp_fade_3m_lim,ETHUSDT,3m,1,STOP,2025-09-30T13:33:00.000Z,2025-09-30T13:56:59.999Z,7,-1.072200,1.0406,0.9673,-107.2200,16.7337,NY,1
scalp_fade_3m_lim,ETHUSDT,3m,1,STOP,2025-09-30T14:27:00.000Z,2025-09-30T15:26:59.999Z,19,-1.043741,0.8530,1.1362,-104.3741,9.9715,NY,-1
scalp_fade_3m_lim,ETHUSDT,3m,1,STOP,2025-10-01T00:24:00.000Z,2025-10-01T00:32:59.999Z,2,-1.087840,0.0447,0.7203,-108.7840,20.5252,ASIA,1
scalp_fade_3m_lim,ETHUSDT,3m,-1,STOP,2025-10-01T11:06:00.000Z,2025-10-01T11:23:59.999Z,5,-1.087044,0.1164,0.8158,-108.7044,19.9026,LONDON,-1
scalp_fade_3m_lim,ETHUSDT,3m,-1,STOP,2025-10-01T12:18:00.000Z,2025-10-01T12:23:59.999Z,1,-1.076870,0.1661,0.9822,-107.6870,17.6980,LONDON,1
scalp_fade_3m_lim,ETHUSDT,3m,-1,STOP,2025-10-01T13:33:00.000Z,2025-10-01T14:05:59.999Z,10,-1.074479,0.9173,1.4060,-107.4479,16.8271,NY,-1
scalp_fade_3m_lim,ETHUSDT,3m,-1,STOP,2025-10-01T14:09:00.000Z,2025-10-01T14:32:59.999Z,7,-1.044012,0.0003,0.9672,-104.4012,9.9216,NY,1
scalp_fade_3m_lim,ETHUSDT,3m,-1,TARGET,2025-10-01T16:30:00.000Z,2025-10-01T17:14:59.999Z,14,1.035560,1.1554,0.3237,103.5560,9.7117,NY,-1
scalp_fade_3m_lim,ETHUSDT,3m,-1,TIME,2025-10-01T20:12:00.000Z,2025-10-01T21:14:59.999Z,20,-0.015652,1.0142,0.2534,-1.5652,16.9433,NY,1
scalp_fade_3m_lim,ETHUSDT,3m,-1,TIME,2025-10-01T22:18:00.000Z,2025-10-01T23:20:59.999Z,20,-0.866883,0.5468,0.7928,-86.6883,14.4627,LATE,-1
scalp_fade_3m_lim,ETHUSDT,3m,-1,STOP,2025-10-02T01:24:00.000Z,2025-10-02T01:47:59.999Z,7,-1.067439,0.3712,1.2147,-106.7439,15.3109,ASIA,1
scalp_fade_3m_lim,ETHUSDT,3m,-1,STOP,2025-10-02T06:30:00.000Z,2025-10-02T06:32:59.999Z,0,-1.064164,0.0975,1.0120,-106.4164,14.7693,ASIA,-1
scalp_fade_3m_lim,ETHUSDT,3m,-1,TIME,2025-10-02T09:51:00.000Z,2025-10-02T10:53:59.999Z,20,-0.111059,0.9054,0.5287,-11.1059,20.8333,LONDON,1
scalp_fade_3m_lim,ETHUSDT,3m,-1,STOP,2025-10-02T12:39:00.000Z,2025-10-02T12:59:59.999Z,6,-1.084361,0.3508,0.7490,-108.4361,19.2432,LONDON,1
scalp_fade_3m_lim,ETHUSDT,3m,-1,STOP,2025-10-02T13:39:00.000Z,2025-10-02T13:47:59.999Z,2,-1.058566,0.4907,0.8850,-105.8566,13.4070,NY,1
scalp_fade_3m_lim,ETHUSDT,3m,-1,TARGET,2025-10-02T13:48:00.000Z,2025-10-02T14:50:59.999Z,20,1.192806,1.6393,0.3397,119.2806,6.4030,NY,-1
scalp_fade_3m_lim,ETHUSDT,3m,-1,TIME,2025-10-02T20:45:00.000Z,2025-10-02T21:47:59.999Z,20,0.075296,0.6645,0.4309,7.5296,15.7958,NY,1
scalp_fade_3m_lim,ETHUSDT,3m,-1,STOP,2025-10-02T23:06:00.000Z,2025-10-02T23:53:59.999Z,15,-1.083360,0.3882,0.7799,-108.3360,18.6677,LATE,-1
scalp_fade_3m_lim,ETHUSDT,3m,-1,TARGET,2025-10-03T01:03:00.000Z,2025-10-03T01:26:59.999Z,7,0.849489,1.0904,0.3520,84.9489,13.6434,ASIA,-1
scalp_fade_3m_lim,ETHUSDT,3m,-1,STOP,2025-10-03T02:36:00.000Z,2025-10-03T02:38:59.999Z,0,-1.071830,0.1770,1.1152,-107.1830,16.5586,ASIA,1
scalp_fade_3m_lim,ETHUSDT,3m,1,TARGET,2025-10-03T08:33:00.000Z,2025-10-03T09:08:59.999Z,11,1.043091,1.1697,0.0786,104.3091,9.5993,LONDON,-1
scalp_fade_3m_lim,ETHUSDT,3m,-1,TARGET,2025-10-03T12:33:00.000Z,2025-10-03T13:05:59.999Z,10,1.029874,2.1164,0.2140,102.9874,9.8438,LONDON,-1
scalp_fade_3m_lim,ETHUSDT,3m,-1,TARGET,2025-10-03T13:39:00.000Z,2025-10-03T14:02:59.999Z,7,1.154817,1.3479,0.2378,115.4817,7.2285,NY,-1
scalp_fade_3m_lim,ETHUSDT,3m,1,TARGET,2025-10-03T15:06:00.000Z,2025-10-03T15:35:59.999Z,9,1.164190,1.4371,0.5121,116.4190,7.0660,NY,1
scalp_fade_3m_lim,ETHUSDT,3m,-1,TARGET,2025-10-03T16:51:00.000Z,2025-10-03T17:02:59.999Z,3,1.270828,2.0655,0.1480,127.0828,4.7975,NY,1
scalp_fade_3m_lim,ETHUSDT,3m,-1,TIME,2025-10-03T22:03:00.000Z,2025-10-03T23:05:59.999Z,20,0.175139,0.5331,0.2220,17.5139,19.0579,LATE,-1
scalp_fade_3m_lim,ETHUSDT,3m,1,TARGET,2025-10-04T05:45:00.000Z,2025-10-04T06:05:59.999Z,6,0.875987,1.0334,0.1203,87.5987,13.1229,ASIA,1
scalp_fade_3m_lim,ETHUSDT,3m,-1,TIME,2025-10-04T06:45:00.000Z,2025-10-04T07:47:59.999Z,20,0.216186,0.7422,0.3440,21.6186,22.4973,ASIA,1
scalp_fade_3m_lim,ETHUSDT,3m,1,TARGET,2025-10-04T12:21:00.000Z,2025-10-04T13:05:59.999Z,14,0.906782,1.2804,0.3735,90.6782,12.4438,LONDON,-1
scalp_fade_3m_lim,ETHUSDT,3m,1,STOP,2025-10-04T17:36:00.000Z,2025-10-04T17:44:59.999Z,2,-1.085553,0.1501,0.7231,-108.5553,19.9959,NY,1
scalp_fade_3m_lim,ETHUSDT,3m,1,TIME,2025-10-04T18:21:00.000Z,2025-10-04T19:23:59.999Z,20,0.073496,0.5097,0.4833,7.3496,21.1837,NY,-1
scalp_fade_3m_lim,ETHUSDT,3m,-1,STOP,2025-10-04T21:39:00.000Z,2025-10-04T22:35:59.999Z,18,-1.116175,0.5708,0.6541,-111.6175,25.9374,LATE,-1
scalp_fade_3m_lim,ETHUSDT,3m,-1,STOP,2025-10-04T23:33:00.000Z,2025-10-05T00:23:59.999Z,16,-1.154877,0.4903,0.7205,-115.4877,34.7836,LATE,1
scalp_fade_3m_lim,ETHUSDT,3m,-1,STOP,2025-10-05T02:27:00.000Z,2025-10-05T02:29:59.999Z,0,-1.141359,0.1138,1.0231,-114.1359,32.7869,ASIA,-1
scalp_fade_3m_lim,ETHUSDT,3m,-1,STOP,2025-10-05T02:30:00.000Z,2025-10-05T02:32:59.999Z,0,-1.115081,0.0178,2.5642,-111.5081,26.6535,ASIA,-1
scalp_fade_3m_lim,ETHUSDT,3m,-1,STOP,2025-10-05T07:06:00.000Z,2025-10-05T07:11:59.999Z,1,-1.088135,0.1459,0.7967,-108.8135,20.3220,LONDON,1
scalp_fade_3m_lim,ETHUSDT,3m,1,TIME,2025-10-05T12:39:00.000Z,2025-10-05T13:41:59.999Z,20,-0.130197,0.4583,0.4007,-13.0197,19.0712,LONDON,-1
scalp_fade_3m_lim,ETHUSDT,3m,1,TIME,2025-10-05T14:36:00.000Z,2025-10-05T15:38:59.999Z,20,-0.910700,0.5242,0.5433,-91.0700,23.3073,NY,1
scalp_fade_3m_lim,ETHUSDT,3m,1,STOP,2025-10-05T16:21:00.000Z,2025-10-05T16:47:59.999Z,8,-1.106133,0.4379,2.0557,-110.6133,24.4533,NY,-1
scalp_fade_3m_lim,ETHUSDT,3m,1,STOP,2025-10-06T00:03:00.000Z,2025-10-06T00:11:59.999Z,2,-1.112229,0.0000,0.9945,-111.2229,26.1671,ASIA,-1
scalp_fade_3m_lim,ETHUSDT,3m,1,STOP,2025-10-06T00:27:00.000Z,2025-10-06T00:56:59.999Z,9,-1.045648,0.3007,0.8572,-104.5648,10.6103,ASIA,-1
scalp_fade_3m_lim,ETHUSDT,3m,-1,STOP,2025-10-06T02:48:00.000Z,2025-10-06T02:50:59.999Z,0,-1.064163,0.0005,0.9343,-106.4163,14.7691,ASIA,-1
scalp_fade_3m_lim,ETHUSDT,3m,-1,TARGET,2025-10-06T04:00:00.000Z,2025-10-06T05:02:59.999Z,20,0.943729,1.2360,0.3861,94.3729,11.6138,ASIA,-1
scalp_fade_3m_lim,ETHUSDT,3m,-1,STOP,2025-10-06T13:33:00.000Z,2025-10-06T13:38:59.999Z,1,-1.068480,0.4099,2.1991,-106.8480,15.7439,NY,1
scalp_fade_3m_lim,ETHUSDT,3m,-1,STOP,2025-10-06T13:39:00.000Z,2025-10-06T14:05:59.999Z,8,-1.044651,0.9038,0.8602,-104.4651,10.0481,NY,1
scalp_fade_3m_lim,ETHUSDT,3m,-1,TIME,2025-10-06T15:45:00.000Z,2025-10-06T16:47:59.999Z,20,-0.592678,0.4187,0.5812,-59.2678,12.4613,NY,1
scalp_fade_3m_lim,ETHUSDT,3m,-1,STOP,2025-10-06T18:51:00.000Z,2025-10-06T18:56:59.999Z,1,-1.075046,0.0005,0.9995,-107.5046,17.2734,NY,-1
scalp_fade_3m_lim,ETHUSDT,3m,-1,TIME,2025-10-06T20:15:00.000Z,2025-10-06T21:17:59.999Z,20,0.813258,1.2308,0.0320,81.3258,12.3776,NY,-1
scalp_fade_3m_lim,ETHUSDT,3m,-1,STOP,2025-10-06T22:00:00.000Z,2025-10-06T22:02:59.999Z,0,-1.074854,0.1316,0.7859,-107.4854,17.2644,LATE,1
scalp_fade_3m_lim,ETHUSDT,3m,-1,TARGET,2025-10-07T01:03:00.000Z,2025-10-07T01:23:59.999Z,6,0.970584,1.5378,0.7152,97.0584,11.1029,ASIA,-1
scalp_fade_3m_lim,ETHUSDT,3m,-1,STOP,2025-10-07T02:24:00.000Z,2025-10-07T03:11:59.999Z,15,-1.084890,0.3290,0.7652,-108.4890,19.0138,ASIA,1
scalp_fade_3m_lim,ETHUSDT,3m,-1,TIME,2025-10-07T03:12:00.000Z,2025-10-07T04:14:59.999Z,20,0.251036,0.7721,0.1724,25.1036,18.8447,ASIA,1
scalp_fade_3m_lim,ETHUSDT,3m,-1,STOP,2025-10-07T04:24:00.000Z,2025-10-07T04:32:59.999Z,2,-1.093866,0.0441,0.9509,-109.3866,21.6120,ASIA,-1
scalp_fade_3m_lim,ETHUSDT,3m,-1,STOP,2025-10-07T12:33:00.000Z,2025-10-07T12:50:59.999Z,5,-1.078302,0.1799,0.8582,-107.8302,17.8833,LONDON,1
scalp_fade_3m_lim,ETHUSDT,3m,1,TARGET,2025-10-07T19:45:00.000Z,2025-10-07T20:05:59.999Z,6,1.120480,1.2744,0.2367,112.0480,7.9905,NY,1
scalp_fade_3m_lim,ETHUSDT,3m,1,STOP,2025-10-07T21:39:00.000Z,2025-10-07T21:41:59.999Z,0,-1.087782,0.0308,0.7081,-108.7782,20.5969,LATE,1
scalp_fade_3m_lim,ETHUSDT,3m,1,STOP,2025-10-07T23:03:00.000Z,2025-10-07T23:23:59.999Z,6,-1.082300,0.4745,1.0964,-108.2300,19.0855,LATE,-1
scalp_fade_3m_lim,ETHUSDT,3m,-1,STOP,2025-10-08T10:12:00.000Z,2025-10-08T10:35:59.999Z,7,-1.075739,0.1150,0.8457,-107.5739,17.2205,LONDON,1
scalp_fade_3m_lim,ETHUSDT,3m,-1,TIME,2025-10-08T11:06:00.000Z,2025-10-08T12:08:59.999Z,20,0.476096,0.9956,0.5522,47.6096,17.3417,LONDON,1
scalp_fade_3m_lim,ETHUSDT,3m,-1,TARGET,2025-10-08T18:39:00.000Z,2025-10-08T19:08:59.999Z,9,1.161824,1.3386,0.2085,116.1824,7.0766,NY,-1
scalp_fade_3m_lim,ETHUSDT,3m,-1,TARGET,2025-10-08T20:18:00.000Z,2025-10-08T20:59:59.999Z,13,1.064127,1.2309,0.1182,106.4127,9.1159,NY,-1
scalp_fade_3m_lim,ETHUSDT,3m,-1,STOP,2025-10-08T22:00:00.000Z,2025-10-08T22:11:59.999Z,3,-1.097995,0.2329,0.9897,-109.7995,22.5249,LATE,1
scalp_fade_3m_lim,ETHUSDT,3m,-1,TARGET,2025-10-09T00:21:00.000Z,2025-10-09T00:35:59.999Z,4,0.930590,1.1251,0.2738,93.0590,11.9513,ASIA,1
scalp_fade_3m_lim,ETHUSDT,3m,1,STOP,2025-10-09T13:15:00.000Z,2025-10-09T13:35:59.999Z,6,-1.062066,0.5850,0.8350,-106.2066,14.4429,NY,1
scalp_fade_3m_lim,ETHUSDT,3m,1,STOP,2025-10-09T16:21:00.000Z,2025-10-09T16:59:59.999Z,12,-1.047338,0.4518,1.3703,-104.7338,10.9288,NY,1
scalp_fade_3m_lim,ETHUSDT,3m,1,STOP,2025-10-09T18:36:00.000Z,2025-10-09T18:56:59.999Z,6,-1.057905,0.0049,0.8398,-105.7905,13.4881,NY,1
scalp_fade_3m_lim,ETHUSDT,3m,-1,STOP,2025-10-10T00:18:00.000Z,2025-10-10T01:02:59.999Z,14,-1.094015,0.2451,0.7078,-109.4015,21.1216,ASIA,1
scalp_fade_3m_lim,ETHUSDT,3m,-1,STOP,2025-10-10T03:27:00.000Z,2025-10-10T03:32:59.999Z,1,-1.071576,0.0607,1.5034,-107.1576,16.4650,ASIA,-1
scalp_fade_3m_lim,ETHUSDT,3m,1,STOP,2025-10-10T06:21:00.000Z,2025-10-10T06:38:59.999Z,5,-1.071694,0.0625,1.1839,-107.1694,16.6863,ASIA,1
scalp_fade_3m_lim,ETHUSDT,3m,1,TIME,2025-10-10T07:48:00.000Z,2025-10-10T08:50:59.999Z,20,0.571071,0.8864,0.5169,57.1071,15.3660,LONDON,1
scalp_fade_3m_lim,ETHUSDT,3m,1,TIME,2025-10-10T09:51:00.000Z,2025-10-10T10:53:59.999Z,20,0.574558,1.0836,0.2405,57.4558,15.1301,LONDON,-1
scalp_fade_3m_lim,ETHUSDT,3m,1,TARGET,2025-10-10T12:12:00.000Z,2025-10-10T13:05:59.999Z,17,1.002685,1.3073,0.3154,100.2685,10.4257,LONDON,1
scalp_fade_3m_lim,ETHUSDT,3m,-1,TARGET,2025-10-10T14:03:00.000Z,2025-10-10T14:17:59.999Z,4,1.203950,1.2876,0.3926,120.3950,6.2024,NY,1
scalp_fade_3m_lim,ETHUSDT,3m,1,STOP,2025-10-10T20:51:00.000Z,2025-10-10T20:53:59.999Z,0,-1.031424,0.2657,2.7702,-103.1424,7.5051,NY,1
scalp_fade_3m_lim,ETHUSDT,3m,1,TIME,2025-10-10T23:51:00.000Z,2025-10-11T00:53:59.999Z,20,-0.061185,0.4881,0.7952,-6.1185,4.5615,LATE,-1
scalp_fade_3m_lim,ETHUSDT,3m,1,STOP,2025-10-11T03:09:00.000Z,2025-10-11T03:23:59.999Z,4,-1.029931,0.1133,0.9365,-102.9931,7.0992,ASIA,-1
scalp_fade_3m_lim,ETHUSDT,3m,1,STOP,2025-10-11T05:18:00.000Z,2025-10-11T05:29:59.999Z,3,-1.036460,0.1756,1.1026,-103.6460,8.6210,ASIA,1
scalp_fade_3m_lim,ETHUSDT,3m,1,STOP,2025-10-11T07:24:00.000Z,2025-10-11T07:38:59.999Z,4,-1.035031,0.3431,0.9134,-103.5031,8.2739,LONDON,-1
scalp_fade_3m_lim,ETHUSDT,3m,1,TARGET,2025-10-11T07:51:00.000Z,2025-10-11T08:17:59.999Z,8,1.297519,1.7231,0.1236,129.7519,4.2714,LONDON,-1
scalp_fade_3m_lim,ETHUSDT,3m,1,TIME,2025-10-11T12:09:00.000Z,2025-10-11T13:11:59.999Z,20,-0.557957,0.8168,0.7874,-55.7957,10.7526,LONDON,1
scalp_fade_3m_lim,ETHUSDT,3m,1,STOP,2025-10-11T13:30:00.000Z,2025-10-11T13:32:59.999Z,0,-1.048367,0.0503,1.5350,-104.8367,11.4410,NY,1
scalp_fade_3m_lim,ETHUSDT,3m,1,STOP,2025-10-12T00:03:00.000Z,2025-10-12T00:20:59.999Z,5,-1.057521,0.2400,1.1315,-105.7521,13.4277,ASIA,1
scalp_fade_3m_lim,ETHUSDT,3m,1,TIME,2025-10-12T01:06:00.000Z,2025-10-12T02:08:59.999Z,20,-0.195271,0.5576,0.3442,-19.5271,7.4806,ASIA,-1
scalp_fade_3m_lim,ETHUSDT,3m,-1,TARGET,2025-10-12T07:21:00.000Z,2025-10-12T07:32:59.999Z,3,1.076051,1.2135,0.0488,107.6051,8.8951,LONDON,1
scalp_fade_3m_lim,ETHUSDT,3m,-1,STOP,2025-10-12T08:12:00.000Z,2025-10-12T08:26:59.999Z,4,-1.072357,0.1206,0.7702,-107.2357,16.5441,LONDON,1
scalp_fade_3m_lim,ETHUSDT,3m,-1,STOP,2025-10-12T09:54:00.000Z,2025-10-12T10:02:59.999Z,2,-1.059945,0.0087,1.6071,-105.9945,13.7275,LONDON,-1
scalp_fade_3m_lim,ETHUSDT,3m,-1,TIME,2025-10-12T11:09:00.000Z,2025-10-12T12:11:59.999Z,20,-0.604237,0.8188,0.4400,-60.4237,14.9242,LONDON,1
scalp_fade_3m_lim,ETHUSDT,3m,-1,TARGET,2025-10-12T12:51:00.000Z,2025-10-12T13:23:59.999Z,10,1.126065,1.5635,0.1126,112.6065,7.8249,LONDON,-1
scalp_fade_3m_lim,ETHUSDT,3m,-1,STOP,2025-10-12T13:42:00.000Z,2025-10-12T14:38:59.999Z,18,-1.042107,0.6586,0.8952,-104.2107,9.2750,NY,-1
scalp_fade_3m_lim,ETHUSDT,3m,-1,STOP,2025-10-12T14:45:00.000Z,2025-10-12T14:47:59.999Z,0,-1.043528,0.0004,4.0053,-104.3528,9.9527,NY,1
scalp_fade_3m_lim,ETHUSDT,3m,-1,STOP,2025-10-12T16:45:00.000Z,2025-10-12T16:47:59.999Z,0,-1.024140,0.4008,1.0415,-102.4140,5.4275,NY,-1
scalp_fade_3m_lim,ETHUSDT,3m,-1,STOP,2025-10-12T20:30:00.000Z,2025-10-12T20:50:59.999Z,6,-1.054865,0.5125,1.8498,-105.4865,12.4438,NY,1
scalp_fade_3m_lim,ETHUSDT,3m,-1,TARGET,2025-10-12T21:15:00.000Z,2025-10-12T21:35:59.999Z,6,1.309423,1.7194,0.0725,130.9423,3.9816,LATE,-1
scalp_fade_3m_lim,ETHUSDT,3m,-1,TIME,2025-10-12T22:06:00.000Z,2025-10-12T23:08:59.999Z,20,-0.076324,0.5300,0.5572,-7.6324,7.7674,LATE,1
scalp_fade_3m_lim,ETHUSDT,3m,-1,STOP,2025-10-13T00:54:00.000Z,2025-10-13T01:35:59.999Z,13,-1.039876,0.5199,0.9833,-103.9876,8.8616,ASIA,-1
scalp_fade_3m_lim,ETHUSDT,3m,-1,STOP,2025-10-13T06:09:00.000Z,2025-10-13T06:29:59.999Z,6,-1.055284,0.2023,0.8651,-105.5284,12.5404,ASIA,1
scalp_fade_3m_lim,ETHUSDT,3m,-1,TARGET,2025-10-13T08:15:00.000Z,2025-10-13T09:14:59.999Z,19,1.180522,1.5862,0.3503,118.0522,6.6621,LONDON,-1
scalp_fade_3m_lim,ETHUSDT,3m,1,TIME,2025-10-13T14:36:00.000Z,2025-10-13T15:38:59.999Z,20,-0.081280,0.3647,0.8515,-8.1280,5.6872,NY,-1
scalp_fade_3m_lim,ETHUSDT,3m,-1,STOP,2025-10-13T19:57:00.000Z,2025-10-13T20:59:59.999Z,20,-1.045415,0.4152,1.2469,-104.5415,9.9791,NY,1
scalp_fade_3m_lim,ETHUSDT,3m,-1,TIME,2025-10-13T22:03:00.000Z,2025-10-13T23:05:59.999Z,20,0.026808,0.9058,0.4054,2.6808,15.3200,LATE,-1
scalp_fade_3m_lim,ETHUSDT,3m,-1,TARGET,2025-10-14T00:33:00.000Z,2025-10-14T00:47:59.999Z,4,1.117632,1.2106,0.1922,111.7632,8.0177,ASIA,1
scalp_fade_3m_lim,ETHUSDT,3m,1,STOP,2025-10-14T05:09:00.000Z,2025-10-14T05:35:59.999Z,8,-1.041185,0.2490,1.7238,-104.1185,9.6124,ASIA,-1
scalp_fade_3m_lim,ETHUSDT,3m,1,STOP,2025-10-14T06:06:00.000Z,2025-10-14T06:23:59.999Z,5,-1.036681,0.1490,1.0071,-103.6681,8.6363,ASIA,-1
scalp_fade_3m_lim,ETHUSDT,3m,1,TIME,2025-10-14T08:12:00.000Z,2025-10-14T09:14:59.999Z,20,0.041810,0.5254,0.5352,4.1810,6.3889,LONDON,-1
scalp_fade_3m_lim,ETHUSDT,3m,1,STOP,2025-10-14T09:48:00.000Z,2025-10-14T10:14:59.999Z,8,-1.048710,0.2778,1.1379,-104.8710,11.3319,LONDON,1
scalp_fade_3m_lim,ETHUSDT,3m,1,STOP,2025-10-14T12:06:00.000Z,2025-10-14T12:32:59.999Z,8,-1.049625,0.6749,1.0470,-104.9625,11.5410,LONDON,-1
scalp_fade_3m_lim,ETHUSDT,3m,1,STOP,2025-10-14T12:54:00.000Z,2025-10-14T13:38:59.999Z,14,-1.037151,0.5981,1.8221,-103.7151,8.5849,LONDON,-1
scalp_fade_3m_lim,ETHUSDT,3m,1,TARGET,2025-10-14T13:42:00.000Z,2025-10-14T14:17:59.999Z,11,1.343886,1.7846,0.3474,134.3886,3.2955,NY,1
scalp_fade_3m_lim,ETHUSDT,3m,-1,TIME,2025-10-14T17:06:00.000Z,2025-10-14T18:08:59.999Z,20,-0.170419,0.3027,0.4098,-17.0419,4.1179,NY,1
scalp_fade_3m_lim,ETHUSDT,3m,-1,TARGET,2025-10-14T19:33:00.000Z,2025-10-14T19:38:59.999Z,1,1.186231,2.9840,0.1628,118.6231,6.5815,NY,1
scalp_fade_3m_lim,ETHUSDT,3m,-1,STOP,2025-10-14T23:03:00.000Z,2025-10-14T23:11:59.999Z,2,-1.065776,0.0162,1.0253,-106.5776,15.0829,LATE,1
scalp_fade_3m_lim,ETHUSDT,3m,-1,STOP,2025-10-15T01:51:00.000Z,2025-10-15T02:20:59.999Z,9,-1.046553,0.3017,0.8863,-104.6553,10.4634,ASIA,-1
scalp_fade_3m_lim,ETHUSDT,3m,1,STOP,2025-10-15T12:21:00.000Z,2025-10-15T12:29:59.999Z,2,-1.057026,0.7122,1.1216,-105.7026,13.3966,LONDON,-1
scalp_fade_3m_lim,ETHUSDT,3m,1,STOP,2025-10-15T12:54:00.000Z,2025-10-15T13:08:59.999Z,4,-1.052711,0.2417,0.8341,-105.2711,12.3472,LONDON,-1
scalp_fade_3m_lim,ETHUSDT,3m,1,STOP,2025-10-15T13:39:00.000Z,2025-10-15T13:47:59.999Z,2,-1.038370,0.2875,1.3421,-103.8370,9.0809,NY,-1
scalp_fade_3m_lim,ETHUSDT,3m,1,STOP,2025-10-15T13:48:00.000Z,2025-10-15T13:50:59.999Z,0,-1.028083,0.0315,0.9411,-102.8083,6.7292,NY,-1
scalp_fade_3m_lim,ETHUSDT,3m,1,STOP,2025-10-15T15:30:00.000Z,2025-10-15T15:47:59.999Z,5,-1.029048,0.2524,1.0011,-102.9048,6.8814,NY,-1
scalp_fade_3m_lim,ETHUSDT,3m,1,TARGET,2025-10-15T22:51:00.000Z,2025-10-15T23:32:59.999Z,13,1.183719,1.2982,0.1746,118.3719,6.6478,LATE,1
scalp_fade_3m_lim,ETHUSDT,3m,1,TARGET,2025-10-16T00:09:00.000Z,2025-10-16T01:08:59.999Z,19,1.120147,1.2451,0.1841,112.0147,7.9637,ASIA,1
scalp_fade_3m_lim,ETHUSDT,3m,-1,TARGET,2025-10-16T04:12:00.000Z,2025-10-16T04:47:59.999Z,11,1.047345,1.8457,0.4084,104.7345,9.4740,ASIA,1
scalp_fade_3m_lim,ETHUSDT,3m,-1,TARGET,2025-10-16T05:36:00.000Z,2025-10-16T05:53:59.999Z,5,1.147639,1.8854,0.0452,114.7639,7.3842,ASIA,-1
scalp_fade_3m_lim,ETHUSDT,3m,-1,STOP,2025-10-16T13:33:00.000Z,2025-10-16T13:38:59.999Z,1,-1.053919,0.3049,0.8468,-105.3919,12.3523,NY,-1
scalp_fade_3m_lim,ETHUSDT,3m,-1,TARGET,2025-10-16T13:39:00.000Z,2025-10-16T13:50:59.999Z,3,1.214269,1.7362,0.1122,121.4269,5.9873,NY,-1
scalp_fade_3m_lim,ETHUSDT,3m,-1,TARGET,2025-10-16T14:42:00.000Z,2025-10-16T15:05:59.999Z,7,1.314542,1.4469,0.3762,131.4542,3.8727,NY,-1
scalp_fade_3m_lim,ETHUSDT,3m,-1,TARGET,2025-10-17T05:24:00.000Z,2025-10-17T05:44:59.999Z,6,1.059067,1.1867,0.3248,105.9067,9.2433,ASIA,-1
scalp_fade_3m_lim,ETHUSDT,3m,1,STOP,2025-10-17T12:54:00.000Z,2025-10-17T13:14:59.999Z,6,-1.047674,0.4063,0.8431,-104.7674,11.1408,LONDON,1
scalp_fade_3m_lim,ETHUSDT,3m,1,STOP,2025-10-17T13:42:00.000Z,2025-10-17T13:44:59.999Z,0,-1.028114,0.2208,0.9461,-102.8114,6.7362,NY,1
scalp_fade_3m_lim,ETHUSDT,3m,1,TIME,2025-10-17T13:45:00.000Z,2025-10-17T14:47:59.999Z,20,-0.019223,1.1916,0.8682,-1.9223,5.6685,NY,1
scalp_fade_3m_lim,ETHUSDT,3m,-1,STOP,2025-10-17T17:51:00.000Z,2025-10-17T18:35:59.999Z,14,-1.037864,0.2245,0.8925,-103.7864,8.3874,NY,1
scalp_fade_3m_lim,ETHUSDT,3m,-1,STOP,2025-10-18T00:27:00.000Z,2025-10-18T01:20:59.999Z,17,-1.068785,0.6234,0.9891,-106.8785,15.3073,ASIA,-1
scalp_fade_3m_lim,ETHUSDT,3m,-1,STOP,2025-10-18T03:18:00.000Z,2025-10-18T03:38:59.999Z,6,-1.078275,0.2013,0.8070,-107.8275,17.8403,ASIA,-1
scalp_fade_3m_lim,ETHUSDT,3m,-1,STOP,2025-10-18T05:09:00.000Z,2025-10-18T05:41:59.999Z,10,-1.085883,0.3001,0.8635,-108.5883,19.4345,ASIA,-1
scalp_fade_3m_lim,ETHUSDT,3m,-1,STOP,2025-10-18T05:42:00.000Z,2025-10-18T06:05:59.999Z,7,-1.082674,0.0827,0.8206,-108.2674,18.8158,ASIA,1
scalp_fade_3m_lim,ETHUSDT,3m,-1,STOP,2025-10-18T10:27:00.000Z,2025-10-18T10:32:59.999Z,1,-1.081933,0.1375,0.7807,-108.1933,18.8774,LONDON,-1
scalp_fade_3m_lim,ETHUSDT,3m,-1,STOP,2025-10-18T11:18:00.000Z,2025-10-18T12:14:59.999Z,18,-1.081272,0.5991,0.7873,-108.1272,18.0855,LONDON,1
scalp_fade_3m_lim,ETHUSDT,3m,-1,TARGET,2025-10-18T15:42:00.000Z,2025-10-18T16:32:59.999Z,16,0.971895,1.1364,0.6971,97.1895,11.0390,NY,1
scalp_fade_3m_lim,ETHUSDT,3m,-1,STOP,2025-10-18T19:24:00.000Z,2025-10-18T20:08:59.999Z,14,-1.096875,0.1685,0.7865,-109.6875,21.7703,NY,-1
scalp_fade_3m_lim,ETHUSDT,3m,-1,STOP,2025-10-18T20:18:00.000Z,2025-10-18T20:29:59.999Z,3,-1.089173,0.1396,0.8084,-108.9173,20.4788,NY,1
scalp_fade_3m_lim,ETHUSDT,3m,-1,TIME,2025-10-18T21:36:00.000Z,2025-10-18T22:38:59.999Z,20,-0.561676,0.2550,0.5305,-56.1676,16.0376,LATE,-1
scalp_fade_3m_lim,ETHUSDT,3m,1,TIME,2025-10-19T01:21:00.000Z,2025-10-19T02:23:59.999Z,20,-0.248754,0.6197,0.2852,-24.8754,19.3000,ASIA,-1
scalp_fade_3m_lim,ETHUSDT,3m,1,TARGET,2025-10-19T02:24:00.000Z,2025-10-19T03:20:59.999Z,18,0.859354,1.2132,0.3195,85.9354,13.4193,ASIA,1
scalp_fade_3m_lim,ETHUSDT,3m,-1,STOP,2025-10-19T05:18:00.000Z,2025-10-19T05:23:59.999Z,1,-1.087338,0.1733,0.7901,-108.7338,20.1363,ASIA,1
scalp_fade_3m_lim,ETHUSDT,3m,-1,STOP,2025-10-19T08:15:00.000Z,2025-10-19T08:20:59.999Z,1,-1.087144,0.3633,5.4295,-108.7144,20.0911,LONDON,-1
scalp_fade_3m_lim,ETHUSDT,3m,-1,TARGET,2025-10-19T08:21:00.000Z,2025-10-19T08:26:59.999Z,1,1.276158,2.8343,0.1153,127.6158,4.6885,LONDON,-1
scalp_fade_3m_lim,ETHUSDT,3m,-1,STOP,2025-10-19T13:27:00.000Z,2025-10-19T13:32:59.999Z,1,-1.085927,0.0014,1.2009,-108.5927,19.8075,NY,1
scalp_fade_3m_lim,ETHUSDT,3m,-1,TIME,2025-10-19T14:42:00.000Z,2025-10-19T15:44:59.999Z,20,-0.128652,0.1345,0.5778,-12.8652,10.2026,NY,1
scalp_fade_3m_lim,ETHUSDT,3m,-1,STOP,2025-10-19T16:45:00.000Z,2025-10-19T17:05:59.999Z,6,-1.066286,0.3951,1.9493,-106.6286,15.0767,NY,-1
scalp_fade_3m_lim,ETHUSDT,3m,-1,STOP,2025-10-19T20:48:00.000Z,2025-10-19T20:56:59.999Z,2,-1.085021,0.1369,0.8355,-108.5021,19.5560,NY,-1
scalp_fade_3m_lim,ETHUSDT,3m,-1,STOP,2025-10-19T22:06:00.000Z,2025-10-19T22:20:59.999Z,4,-1.068914,0.3697,1.1008,-106.8914,15.7470,LATE,1
scalp_fade_3m_lim,ETHUSDT,3m,-1,TIME,2025-10-20T08:33:00.000Z,2025-10-20T09:35:59.999Z,20,0.840163,1.1181,0.5875,84.0163,13.0783,LONDON,-1
scalp_fade_3m_lim,ETHUSDT,3m,-1,TARGET,2025-10-20T10:27:00.000Z,2025-10-20T10:47:59.999Z,6,1.013544,1.7638,0.2191,101.3544,10.2000,LONDON,1
scalp_fade_3m_lim,ETHUSDT,3m,-1,TIME,2025-10-20T11:27:00.000Z,2025-10-20T12:29:59.999Z,20,-0.520735,0.3646,0.5338,-52.0735,14.6080,LONDON,-1
scalp_fade_3m_lim,ETHUSDT,3m,-1,TIME,2025-10-20T13:06:00.000Z,2025-10-20T14:08:59.999Z,20,-0.298145,0.9274,0.7149,-29.8145,17.3377,NY,-1
scalp_fade_3m_lim,ETHUSDT,3m,-1,TIME,2025-10-20T14:30:00.000Z,2025-10-20T15:32:59.999Z,20,0.517755,1.0968,0.2641,51.7755,11.3073,NY,1
scalp_fade_3m_lim,ETHUSDT,3m,-1,TARGET,2025-10-20T15:54:00.000Z,2025-10-20T15:59:59.999Z,1,1.144683,1.4135,0.1981,114.4683,7.4562,NY,1
scalp_fade_3m_lim,ETHUSDT,3m,1,STOP,2025-10-20T17:03:00.000Z,2025-10-20T17:38:59.999Z,11,-1.039439,0.2626,1.1296,-103.9439,9.1570,NY,-1
scalp_fade_3m_lim,ETHUSDT,3m,1,STOP,2025-10-20T21:18:00.000Z,2025-10-20T21:41:59.999Z,7,-1.073814,0.0590,0.9495,-107.3814,17.1033,LATE,1
scalp_fade_3m_lim,ETHUSDT,3m,1,STOP,2025-10-20T23:09:00.000Z,2025-10-20T23:53:59.999Z,14,-1.097007,0.4098,0.6941,-109.7007,22.0971,LATE,1
scalp_fade_3m_lim,ETHUSDT,3m,1,STOP,2025-10-21T08:03:00.000Z,2025-10-21T08:14:59.999Z,3,-1.089174,0.2413,0.8512,-108.9174,20.7907,LONDON,1
scalp_fade_3m_lim,ETHUSDT,3m,1,STOP,2025-10-21T08:24:00.000Z,2025-10-21T08:38:59.999Z,4,-1.071735,0.2195,1.0928,-107.1735,16.7302,LONDON,1
scalp_fade_3m_lim,ETHUSDT,3m,1,TIME,2025-10-21T08:57:00.000Z,2025-10-21T09:59:59.999Z,20,-0.644554,0.1696,0.7852,-64.4554,14.1563,LONDON,-1
scalp_fade_3m_lim,ETHUSDT,3m,1,TARGET,2025-10-21T10:21:00.000Z,2025-10-21T10:50:59.999Z,9,1.018070,1.6573,0.3695,101.8070,10.1303,LONDON,-1
scalp_fade_3m_lim,ETHUSDT,3m,1,TIME,2025-10-22T00:36:00.000Z,2025-10-22T01:38:59.999Z,20,0.611278,0.9157,0.3374,61.1278,7.2138,ASIA,1
scalp_fade_3m_lim,ETHUSDT,3m,1,TARGET,2025-10-22T03:36:00.000Z,2025-10-22T04:08:59.999Z,10,1.071959,1.1869,0.1895,107.1959,8.9973,ASIA,-1
scalp_fade_3m_lim,ETHUSDT,3m,1,STOP,2025-10-22T05:09:00.000Z,2025-10-22T05:23:59.999Z,4,-1.083508,0.2124,0.9272,-108.3508,19.4424,ASIA,1
scalp_fade_3m_lim,ETHUSDT,3m,1,STOP,2025-10-22T06:54:00.000Z,2025-10-22T07:05:59.999Z,3,-1.076021,0.1549,0.8705,-107.6021,17.7542,ASIA,1
scalp_fade_3m_lim,ETHUSDT,3m,1,STOP,2025-10-22T08:15:00.000Z,2025-10-22T09:17:59.999Z,20,-1.076284,0.5162,0.7631,-107.6284,17.2103,LONDON,1
scalp_fade_3m_lim,ETHUSDT,3m,1,STOP,2025-10-22T10:54:00.000Z,2025-10-22T10:59:59.999Z,1,-1.057896,0.0005,0.9720,-105.7896,13.6262,LONDON,1
scalp_fade_3m_lim,ETHUSDT,3m,1,TARGET,2025-10-22T13:33:00.000Z,2025-10-22T13:59:59.999Z,8,1.146281,2.0014,0.5583,114.6281,7.4440,NY,-1
scalp_fade_3m_lim,ETHUSDT,3m,1,TIME,2025-10-22T15:18:00.000Z,2025-10-22T16:20:59.999Z,20,0.236711,1.0520,0.4341,23.6711,6.2882,NY,-1
scalp_fade_3m_lim,ETHUSDT,3m,1,TIME,2025-10-22T16:33:00.000Z,2025-10-22T17:35:59.999Z,20,0.499871,1.2463,0.0919,49.9871,7.0952,NY,1
scalp_fade_3m_lim,ETHUSDT,3m,1,TIME,2025-10-22T18:27:00.000Z,2025-10-22T19:29:59.999Z,20,0.131254,0.7683,0.4086,13.1254,8.7978,NY,-1
scalp_fade_3m_lim,ETHUSDT,3m,1,STOP,2025-10-22T19:45:00.000Z,2025-10-22T19:59:59.999Z,4,-1.048382,0.2007,1.0523,-104.8382,11.3499,NY,1
scalp_fade_3m_lim,ETHUSDT,3m,1,STOP,2025-10-22T20:03:00.000Z,2025-10-22T20:20:59.999Z,5,-1.041859,0.0778,0.9467,-104.1859,9.8268,NY,-1
scalp_fade_3m_lim,ETHUSDT,3m,-1,TIME,2025-10-23T01:24:00.000Z,2025-10-23T02:26:59.999Z,20,-0.717659,0.1815,0.6653,-71.7659,13.3434,ASIA,1
scalp_fade_3m_lim,ETHUSDT,3m,-1,STOP,2025-10-23T04:21:00.000Z,2025-10-23T04:41:59.999Z,6,-1.098272,0.4331,1.2056,-109.8272,22.4500,ASIA,1
scalp_fade_3m_lim,ETHUSDT,3m,1,TARGET,2025-10-23T13:30:00.000Z,2025-10-23T13:35:59.999Z,1,1.075540,1.2262,0.3975,107.5540,8.9485,NY,-1
scalp_fade_3m_lim,ETHUSDT,3m,1,STOP,2025-10-23T13:42:00.000Z,2025-10-23T14:08:59.999Z,8,-1.042994,0.4285,0.9134,-104.2994,10.0257,NY,1
scalp_fade_3m_lim,ETHUSDT,3m,-1,TIME,2025-10-23T17:36:00.000Z,2025-10-23T18:38:59.999Z,20,0.852838,1.2452,0.7401,85.2838,9.6012,NY,1
scalp_fade_3m_lim,ETHUSDT,3m,1,TIME,2025-10-23T21:00:00.000Z,2025-10-23T22:02:59.999Z,20,-0.101583,0.3849,0.3717,-10.1583,12.6718,LATE,-1
scalp_fade_3m_lim,ETHUSDT,3m,1,TARGET,2025-10-24T00:03:00.000Z,2025-10-24T00:50:59.999Z,15,0.988754,1.6428,0.5369,98.8754,10.7241,ASIA,1
scalp_fade_3m_lim,ETHUSDT,3m,-1,STOP,2025-10-24T02:33:00.000Z,2025-10-24T02:56:59.999Z,7,-1.081950,0.4122,0.9154,-108.1950,18.6492,ASIA,1
scalp_fade_3m_lim,ETHUSDT,3m,-1,STOP,2025-10-24T03:54:00.000Z,2025-10-24T04:11:59.999Z,5,-1.088553,0.1040,0.7637,-108.8553,20.2513,ASIA,-1
scalp_fade_3m_lim,ETHUSDT,3m,-1,STOP,2025-10-24T06:03:00.000Z,2025-10-24T06:29:59.999Z,8,-1.069287,0.4424,0.7794,-106.9287,15.7039,ASIA,1
scalp_fade_3m_lim,ETHUSDT,3m,-1,TIME,2025-10-24T08:45:00.000Z,2025-10-24T09:47:59.999Z,20,-0.765284,0.2718,0.7834,-76.5284,14.8367,LONDON,-1
scalp_fade_3m_lim,ETHUSDT,3m,-1,STOP,2025-10-24T12:03:00.000Z,2025-10-24T12:32:59.999Z,9,-1.071399,0.6537,4.4300,-107.1399,16.1558,LONDON,1
scalp_fade_3m_lim,ETHUSDT,3m,-1,TIME,2025-10-24T12:33:00.000Z,2025-10-24T13:35:59.999Z,20,0.774692,1.1679,0.0623,77.4692,7.0736,LONDON,1
scalp_fade_3m_lim,ETHUSDT,3m,1,TARGET,2025-10-24T17:12:00.000Z,2025-10-24T17:26:59.999Z,4,1.162968,1.2434,0.0918,116.2968,7.1033,NY,-1
scalp_fade_3m_lim,ETHUSDT,3m,1,TARGET,2025-10-24T17:51:00.000Z,2025-10-24T18:26:59.999Z,11,1.100815,1.3436,0.2572,110.0815,8.3896,NY,1
scalp_fade_3m_lim,ETHUSDT,3m,-1,STOP,2025-10-25T02:15:00.000Z,2025-10-25T02:53:59.999Z,12,-1.106778,0.2320,0.7933,-110.6778,24.1136,ASIA,1
scalp_fade_3m_lim,ETHUSDT,3m,-1,STOP,2025-10-25T06:48:00.000Z,2025-10-25T07:20:59.999Z,10,-1.117251,0.3573,0.7301,-111.7251,26.6064,ASIA,1
scalp_fade_3m_lim,ETHUSDT,3m,-1,TIME,2025-10-25T07:36:00.000Z,2025-10-25T08:38:59.999Z,20,-0.533353,0.5200,0.4967,-53.3353,14.6421,LONDON,1
scalp_fade_3m_lim,ETHUSDT,3m,-1,STOP,2025-10-25T12:06:00.000Z,2025-10-25T12:11:59.999Z,1,-1.134948,0.0690,1.3191,-113.4948,31.2254,LONDON,-1
scalp_fade_3m_lim,ETHUSDT,3m,-1,STOP,2025-10-25T12:57:00.000Z,2025-10-25T13:02:59.999Z,1,-1.113873,0.1940,0.6655,-111.3873,26.3168,LONDON,1
scalp_fade_3m_lim,ETHUSDT,3m,1,TIME,2025-10-25T16:09:00.000Z,2025-10-25T17:11:59.999Z,20,0.183016,0.7231,0.2908,18.3016,24.7938,NY,1
scalp_fade_3m_lim,ETHUSDT,3m,1,TARGET,2025-10-25T18:06:00.000Z,2025-10-25T18:14:59.999Z,2,0.468755,0.9173,0.3655,46.8755,21.6999,NY,-1
scalp_fade_3m_lim,ETHUSDT,3m,-1,STOP,2025-10-25T22:03:00.000Z,2025-10-25T22:41:59.999Z,12,-1.112521,0.2103,0.6944,-111.2521,25.4213,LATE,-1
scalp_fade_3m_lim,ETHUSDT,3m,-1,TIME,2025-10-26T00:30:00.000Z,2025-10-26T01:32:59.999Z,20,0.054304,0.6546,0.5821,5.4304,24.4659,ASIA,-1
scalp_fade_3m_lim,ETHUSDT,3m,-1,STOP,2025-10-26T07:36:00.000Z,2025-10-26T07:47:59.999Z,3,-1.130661,0.1741,0.7955,-113.0661,30.1020,LONDON,1
scalp_fade_3m_lim,ETHUSDT,3m,-1,STOP,2025-10-26T10:51:00.000Z,2025-10-26T11:20:59.999Z,9,-1.090752,0.7624,1.2876,-109.0752,20.5896,LONDON,-1
scalp_fade_3m_lim,ETHUSDT,3m,-1,STOP,2025-10-26T17:12:00.000Z,2025-10-26T18:05:59.999Z,17,-1.088675,0.2383,0.7927,-108.8675,19.7906,NY,1
scalp_fade_3m_lim,ETHUSDT,3m,-1,STOP,2025-10-26T18:06:00.000Z,2025-10-26T18:20:59.999Z,4,-1.094353,0.0561,0.8377,-109.4353,21.6356,NY,1
scalp_fade_3m_lim,ETHUSDT,3m,-1,TARGET,2025-10-26T20:36:00.000Z,2025-10-26T21:32:59.999Z,18,0.883511,1.0580,0.3847,88.3511,12.8820,NY,-1
scalp_fade_3m_lim,ETHUSDT,3m,-1,STOP,2025-10-26T21:36:00.000Z,2025-10-26T21:41:59.999Z,1,-1.077855,0.0947,1.4042,-107.7855,17.9275,LATE,-1
scalp_fade_3m_lim,ETHUSDT,3m,-1,STOP,2025-10-26T22:03:00.000Z,2025-10-26T22:05:59.999Z,0,-1.037434,0.1260,1.5681,-103.7434,8.5304,LATE,-1
scalp_fade_3m_lim,ETHUSDT,3m,-1,STOP,2025-10-27T06:51:00.000Z,2025-10-27T07:08:59.999Z,5,-1.070444,0.3835,0.7956,-107.0444,16.0682,ASIA,-1
scalp_fade_3m_lim,ETHUSDT,3m,1,TIME,2025-10-27T09:48:00.000Z,2025-10-27T10:50:59.999Z,20,-0.199428,0.5890,0.4359,-19.9428,14.5758,LONDON,1
scalp_fade_3m_lim,ETHUSDT,3m,1,TIME,2025-10-27T11:21:00.000Z,2025-10-27T12:23:59.999Z,20,0.298873,1.0290,0.5022,29.8873,12.5082,LONDON,1
scalp_fade_3m_lim,ETHUSDT,3m,1,STOP,2025-10-27T13:33:00.000Z,2025-10-27T13:38:59.999Z,1,-1.066881,0.4168,0.7865,-106.6881,15.7091,NY,1
scalp_fade_3m_lim,ETHUSDT,3m,1,STOP,2025-10-27T14:06:00.000Z,2025-10-27T14:20:59.999Z,4,-1.038110,0.0000,0.8867,-103.8110,8.9835,NY,-1
scalp_fade_3m_lim,ETHUSDT,3m,-1,TIME,2025-10-27T17:48:00.000Z,2025-10-27T18:50:59.999Z,20,-0.127248,0.8893,0.4572,-12.7248,14.8494,NY,1
scalp_fade_3m_lim,ETHUSDT,3m,1,STOP,2025-10-27T22:57:00.000Z,2025-10-27T23:17:59.999Z,6,-1.061570,0.1201,0.8794,-106.1570,14.3290,LATE,1
scalp_fade_3m_lim,ETHUSDT,3m,1,TARGET,2025-10-28T00:03:00.000Z,2025-10-28T00:23:59.999Z,6,1.006322,1.1241,0.5731,100.6322,10.3869,ASIA,1
scalp_fade_3m_lim,ETHUSDT,3m,1,TARGET,2025-10-28T00:45:00.000Z,2025-10-28T01:44:59.999Z,19,1.053571,1.1614,0.7149,105.3571,9.3553,ASIA,1
scalp_fade_3m_lim,ETHUSDT,3m,-1,TIME,2025-10-28T09:45:00.000Z,2025-10-28T10:47:59.999Z,20,0.138939,0.7809,0.3136,13.8939,18.2878,LONDON,-1
scalp_fade_3m_lim,ETHUSDT,3m,1,TIME,2025-10-28T23:06:00.000Z,2025-10-29T00:08:59.999Z,20,-0.649287,0.4557,0.6608,-64.9287,16.1775,LATE,1
scalp_fade_3m_lim,ETHUSDT,3m,1,TIME,2025-10-29T01:51:00.000Z,2025-10-29T02:53:59.999Z,20,0.791907,1.0330,0.3014,79.1907,12.3007,ASIA,1
scalp_fade_3m_lim,ETHUSDT,3m,-1,TARGET,2025-10-29T07:57:00.000Z,2025-10-29T08:38:59.999Z,13,0.964478,1.1328,0.2499,96.4478,11.2054,LONDON,1
scalp_fade_3m_lim,ETHUSDT,3m,1,TARGET,2025-10-29T12:24:00.000Z,2025-10-29T13:05:59.999Z,13,0.916776,1.1975,0.3743,91.6776,12.2386,LONDON,-1
scalp_fade_3m_lim,ETHUSDT,3m,1,STOP,2025-10-29T15:30:00.000Z,2025-10-29T15:35:59.999Z,1,-1.051833,0.3901,0.8791,-105.1833,12.2207,NY,-1
scalp_fade_3m_lim,ETHUSDT,3m,1,STOP,2025-10-29T18:36:00.000Z,2025-10-29T18:41:59.999Z,1,-1.019809,0.6071,1.0375,-101.9809,4.7970,NY,1
scalp_fade_3m_lim,ETHUSDT,3m,1,STOP,2025-10-29T22:42:00.000Z,2025-10-29T23:05:59.999Z,7,-1.073287,0.3932,0.9839,-107.3287,16.9827,LATE,-1
scalp_fade_3m_lim,ETHUSDT,3m,1,STOP,2025-10-30T03:06:00.000Z,2025-10-30T04:05:59.999Z,19,-1.086362,0.7908,1.0675,-108.6362,19.4969,ASIA,-1
scalp_fade_3m_lim,ETHUSDT,3m,1,TIME,2025-10-30T04:42:00.000Z,2025-10-30T05:44:59.999Z,20,0.324145,0.4822,0.8503,32.4145,5.9726,ASIA,-1
scalp_fade_3m_lim,ETHUSDT,3m,1,STOP,2025-10-30T09:33:00.000Z,2025-10-30T09:38:59.999Z,1,-1.063386,0.0005,0.8941,-106.3386,14.8989,LONDON,-1
scalp_fade_3m_lim,ETHUSDT,3m,1,STOP,2025-10-30T19:06:00.000Z,2025-10-30T19:41:59.999Z,11,-1.045242,0.5070,1.5170,-104.5242,10.4749,NY,-1
scalp_fade_3m_lim,ETHUSDT,3m,-1,TARGET,2025-10-31T10:36:00.000Z,2025-10-31T11:05:59.999Z,9,0.936958,1.1951,0.6502,93.6958,11.7979,LONDON,-1
scalp_fade_3m_lim,ETHUSDT,3m,-1,STOP,2025-10-31T13:48:00.000Z,2025-10-31T14:11:59.999Z,7,-1.046067,0.1852,0.9201,-104.6067,10.3945,NY,-1
scalp_fade_3m_lim,ETHUSDT,3m,-1,STOP,2025-10-31T14:12:00.000Z,2025-10-31T15:11:59.999Z,19,-1.044227,0.5812,1.0028,-104.4227,9.7325,NY,-1
scalp_fade_3m_lim,ETHUSDT,3m,-1,TIME,2025-11-01T04:12:00.000Z,2025-11-01T05:14:59.999Z,20,-0.462717,0.4131,0.6926,-46.2717,20.9861,ASIA,1
scalp_fade_3m_lim,ETHUSDT,3m,-1,STOP,2025-11-01T08:09:00.000Z,2025-11-01T08:29:59.999Z,6,-1.110086,0.1283,0.8471,-111.0086,25.1733,LONDON,1
scalp_fade_3m_lim,ETHUSDT,3m,-1,STOP,2025-11-01T08:30:00.000Z,2025-11-01T08:53:59.999Z,7,-1.097696,0.0419,0.9963,-109.7696,22.2715,LONDON,1
scalp_fade_3m_lim,ETHUSDT,3m,-1,TIME,2025-11-01T09:48:00.000Z,2025-11-01T10:50:59.999Z,20,-0.387892,0.4870,0.2238,-38.7892,23.1875,LONDON,-1
scalp_fade_3m_lim,ETHUSDT,3m,-1,TIME,2025-11-01T12:18:00.000Z,2025-11-01T13:20:59.999Z,20,-0.199221,0.4110,0.3464,-19.9221,29.7363,LONDON,1
scalp_fade_3m_lim,ETHUSDT,3m,-1,STOP,2025-11-01T14:45:00.000Z,2025-11-01T15:05:59.999Z,6,-1.091064,0.3483,1.5356,-109.1064,20.7884,NY,1
scalp_fade_3m_lim,ETHUSDT,3m,-1,TARGET,2025-11-01T20:48:00.000Z,2025-11-01T21:47:59.999Z,19,0.781697,1.1899,0.0667,78.1697,15.0085,NY,1
scalp_fade_3m_lim,ETHUSDT,3m,1,STOP,2025-11-02T00:03:00.000Z,2025-11-02T00:20:59.999Z,5,-1.137207,0.1397,0.5787,-113.7207,31.7486,ASIA,1
scalp_fade_3m_lim,ETHUSDT,3m,1,TARGET,2025-11-02T00:33:00.000Z,2025-11-02T01:35:59.999Z,20,0.775730,1.0380,0.4975,77.5730,15.1579,ASIA,-1
scalp_fade_3m_lim,ETHUSDT,3m,1,STOP,2025-11-02T19:06:00.000Z,2025-11-02T19:08:59.999Z,0,-1.115395,0.0000,0.6137,-111.5395,27.0114,NY,1
scalp_fade_3m_lim,ETHUSDT,3m,1,STOP,2025-11-02T19:09:00.000Z,2025-11-02T19:29:59.999Z,6,-1.107865,0.4619,0.8359,-110.7865,24.9510,NY,1
scalp_fade_3m_lim,ETHUSDT,3m,1,TARGET,2025-11-02T21:15:00.000Z,2025-11-02T21:47:59.999Z,10,0.796506,1.2426,0.1380,79.6506,14.7720,LATE,1
scalp_fade_3m_lim,ETHUSDT,3m,1,STOP,2025-11-02T22:33:00.000Z,2025-11-02T22:35:59.999Z,0,-1.104042,0.0000,0.7771,-110.4042,24.3741,LATE,-1
scalp_fade_3m_lim,ETHUSDT,3m,1,STOP,2025-11-03T05:39:00.000Z,2025-11-03T06:11:59.999Z,10,-1.060031,0.0563,1.3019,-106.0031,13.8621,ASIA,1
scalp_fade_3m_lim,ETHUSDT,3m,1,STOP,2025-11-03T06:12:00.000Z,2025-11-03T06:47:59.999Z,11,-1.053767,0.6556,1.2570,-105.3767,12.4111,ASIA,-1
scalp_fade_3m_lim,ETHUSDT,3m,1,TARGET,2025-11-03T08:51:00.000Z,2025-11-03T09:08:59.999Z,5,1.188580,1.5628,0.0331,118.8580,6.5631,LONDON,-1
scalp_fade_3m_lim,ETHUSDT,3m,1,TIME,2025-11-03T11:06:00.000Z,2025-11-03T12:08:59.999Z,20,0.468438,0.8995,0.0325,46.8438,8.0277,LONDON,-1
scalp_fade_3m_lim,ETHUSDT,3m,1,STOP,2025-11-03T14:33:00.000Z,2025-11-03T15:17:59.999Z,14,-1.057653,1.2046,0.9297,-105.7653,13.2131,NY,1
scalp_fade_3m_lim,ETHUSDT,3m,1,STOP,2025-11-03T19:18:00.000Z,2025-11-03T20:08:59.999Z,16,-1.047007,0.5990,0.9166,-104.7007,10.7663,NY,-1
scalp_fade_3m_lim,ETHUSDT,3m,1,TIME,2025-11-03T21:18:00.000Z,2025-11-03T22:20:59.999Z,20,0.906469,1.2113,0.0098,90.6469,6.6669,LATE,-1
scalp_fade_3m_lim,ETHUSDT,3m,1,TIME,2025-11-03T22:39:00.000Z,2025-11-03T23:41:59.999Z,20,0.256529,0.6200,0.7860,25.6529,8.6990,LATE,-1
scalp_fade_3m_lim,ETHUSDT,3m,1,STOP,2025-11-04T00:21:00.000Z,2025-11-04T00:23:59.999Z,0,-1.059774,0.0006,0.8346,-105.9774,14.0908,ASIA,1
scalp_fade_3m_lim,ETHUSDT,3m,1,TARGET,2025-11-04T00:24:00.000Z,2025-11-04T00:38:59.999Z,4,1.156584,2.3554,0.6585,115.6584,7.2374,ASIA,1
scalp_fade_3m_lim,ETHUSDT,3m,-1,TIME,2025-11-04T03:03:00.000Z,2025-11-04T04:05:59.999Z,20,-0.724251,0.6560,0.8197,-72.4251,12.0571,ASIA,-1
scalp_fade_3m_lim,ETHUSDT,3m,1,STOP,2025-11-04T07:18:00.000Z,2025-11-04T08:14:59.999Z,18,-1.026982,0.1526,0.9501,-102.6982,6.2385,LONDON,-1
scalp_fade_3m_lim,ETHUSDT,3m,1,TARGET,2025-11-04T10:30:00.000Z,2025-11-04T11:08:59.999Z,12,1.186417,1.2721,0.5887,118.6417,6.5935,LONDON,1
scalp_fade_3m_lim,ETHUSDT,3m,1,STOP,2025-11-04T12:18:00.000Z,2025-11-04T12:38:59.999Z,6,-1.051435,0.2535,0.8604,-105.1435,12.0036,LONDON,1
scalp_fade_3m_lim,ETHUSDT,3m,1,TIME,2025-11-04T13:27:00.000Z,2025-11-04T14:29:59.999Z,20,-0.297280,1.2078,0.3903,-29.7280,12.5836,NY,1
scalp_fade_3m_lim,ETHUSDT,3m,1,STOP,2025-11-04T14:33:00.000Z,2025-11-04T14:38:59.999Z,1,-1.044232,0.0137,1.2332,-104.4232,10.4586,NY,-1
scalp_fade_3m_lim,ETHUSDT,3m,1,TARGET,2025-11-04T21:48:00.000Z,2025-11-04T22:08:59.999Z,6,1.420984,1.5385,0.3174,142.0984,1.6824,LATE,-1
scalp_fade_3m_lim,ETHUSDT,3m,1,STOP,2025-11-05T10:03:00.000Z,2025-11-05T10:47:59.999Z,14,-1.049141,0.1861,0.8843,-104.9141,11.2916,LONDON,1
scalp_fade_3m_lim,ETHUSDT,3m,-1,STOP,2025-11-05T19:18:00.000Z,2025-11-05T20:14:59.999Z,18,-1.051355,0.5241,0.9703,-105.1355,11.3553,NY,1
scalp_fade_3m_lim,ETHUSDT,3m,-1,TARGET,2025-11-05T23:24:00.000Z,2025-11-06T00:02:59.999Z,12,1.063952,1.6919,0.4081,106.3952,9.1226,LATE,-1
scalp_fade_3m_lim,ETHUSDT,3m,1,TARGET,2025-11-06T02:12:00.000Z,2025-11-06T02:47:59.999Z,11,1.171391,1.5211,0.3941,117.1391,6.9105,ASIA,-1
scalp_fade_3m_lim,ETHUSDT,3m,-1,STOP,2025-11-06T03:57:00.000Z,2025-11-06T04:20:59.999Z,7,-1.070810,0.3012,0.8334,-107.0810,16.0865,ASIA,1
scalp_fade_3m_lim,ETHUSDT,3m,1,TIME,2025-11-06T07:27:00.000Z,2025-11-06T08:29:59.999Z,20,0.032713,0.4402,0.8293,3.2713,10.4436,LONDON,-1
scalp_fade_3m_lim,ETHUSDT,3m,1,TIME,2025-11-06T09:03:00.000Z,2025-11-06T10:05:59.999Z,20,-0.303683,0.9747,0.1130,-30.3683,13.0849,LONDON,1
scalp_fade_3m_lim,ETHUSDT,3m,1,TARGET,2025-11-06T10:15:00.000Z,2025-11-06T10:35:59.999Z,6,1.119407,2.2952,0.1740,111.9407,8.0130,LONDON,-1
scalp_fade_3m_lim,ETHUSDT,3m,1,STOP,2025-11-06T12:03:00.000Z,2025-11-06T12:23:59.999Z,6,-1.067650,0.7264,0.9681,-106.7650,15.7242,LONDON,1
scalp_fade_3m_lim,ETHUSDT,3m,1,STOP,2025-11-06T14:06:00.000Z,2025-11-06T14:08:59.999Z,0,-1.044497,0.0000,0.8499,-104.4497,10.5419,NY,-1
scalp_fade_3m_lim,ETHUSDT,3m,1,STOP,2025-11-06T19:42:00.000Z,2025-11-06T20:44:59.999Z,20,-1.042241,0.7834,1.1826,-104.2241,9.6171,NY,1
scalp_fade_3m_lim,ETHUSDT,3m,1,STOP,2025-11-06T23:03:00.000Z,2025-11-06T23:20:59.999Z,5,-1.053036,0.4196,1.0820,-105.3036,12.3965,LATE,-1
scalp_fade_3m_lim,ETHUSDT,3m,1,TIME,2025-11-06T23:27:00.000Z,2025-11-07T00:29:59.999Z,20,-0.383907,1.0585,0.6552,-38.3907,10.2124,LATE,-1
scalp_fade_3m_lim,ETHUSDT,3m,1,STOP,2025-11-07T01:09:00.000Z,2025-11-07T01:35:59.999Z,8,-1.038625,0.7040,1.4100,-103.8625,9.0273,ASIA,-1
scalp_fade_3m_lim,ETHUSDT,3m,-1,TARGET,2025-11-07T07:12:00.000Z,2025-11-07T07:26:59.999Z,4,1.042945,1.2011,0.5837,104.2945,9.5884,LONDON,1
scalp_fade_3m_lim,ETHUSDT,3m,1,STOP,2025-11-07T14:33:00.000Z,2025-11-07T14:38:59.999Z,1,-1.043392,0.0743,1.7741,-104.3392,10.2639,NY,-1
scalp_fade_3m_lim,ETHUSDT,3m,-1,STOP,2025-11-07T20:09:00.000Z,2025-11-07T20:41:59.999Z,10,-1.047434,0.5078,0.8784,-104.7434,10.6436,NY,1
scalp_fade_3m_lim,ETHUSDT,3m,-1,STOP,2025-11-08T03:45:00.000Z,2025-11-08T04:23:59.999Z,12,-1.055339,0.1134,0.8455,-105.5339,12.4006,ASIA,1
scalp_fade_3m_lim,ETHUSDT,3m,-1,TIME,2025-11-08T06:18:00.000Z,2025-11-08T07:20:59.999Z,20,-0.015176,0.2970,0.5348,-1.5176,9.4957,ASIA,-1
scalp_fade_3m_lim,ETHUSDT,3m,-1,TIME,2025-11-08T10:27:00.000Z,2025-11-08T11:29:59.999Z,20,-0.585645,0.2341,0.6404,-58.5645,16.1080,LONDON,-1
scalp_fade_3m_lim,ETHUSDT,3m,1,STOP,2025-11-08T19:21:00.000Z,2025-11-08T19:23:59.999Z,0,-1.076288,0.0045,1.4203,-107.6288,17.9268,NY,1
scalp_fade_3m_lim,ETHUSDT,3m,-1,STOP,2025-11-08T22:48:00.000Z,2025-11-08T23:32:59.999Z,14,-1.086522,0.0984,0.8336,-108.6522,19.4224,LATE,1
scalp_fade_3m_lim,ETHUSDT,3m,1,TARGET,2025-11-09T04:39:00.000Z,2025-11-09T05:17:59.999Z,12,1.016188,1.8111,0.6012,101.6188,10.1599,ASIA,1
scalp_fade_3m_lim,ETHUSDT,3m,-1,STOP,2025-11-09T14:03:00.000Z,2025-11-09T14:11:59.999Z,2,-1.065175,0.1354,1.1297,-106.5175,14.9431,NY,-1
scalp_fade_3m_lim,ETHUSDT,3m,-1,TIME,2025-11-09T20:12:00.000Z,2025-11-09T21:14:59.999Z,20,-0.378327,0.3188,0.7270,-37.8327,9.5862,NY,1
scalp_fade_3m_lim,ETHUSDT,3m,-1,TIME,2025-11-09T21:18:00.000Z,2025-11-09T22:20:59.999Z,20,0.230184,1.0188,0.5745,23.0184,13.7633,LATE,1
scalp_fade_3m_lim,ETHUSDT,3m,-1,TIME,2025-11-09T23:15:00.000Z,2025-11-10T00:17:59.999Z,20,0.135312,1.2116,0.2187,13.5312,7.9490,LATE,1
scalp_fade_3m_lim,ETHUSDT,3m,-1,TIME,2025-11-10T01:12:00.000Z,2025-11-10T02:14:59.999Z,20,0.226337,0.5984,0.4550,22.6337,7.4606,ASIA,1
scalp_fade_3m_lim,ETHUSDT,3m,-1,TARGET,2025-11-10T04:51:00.000Z,2025-11-10T05:35:59.999Z,14,1.106989,1.4274,0.5206,110.6989,8.2145,ASIA,-1
scalp_fade_3m_lim,ETHUSDT,3m,-1,STOP,2025-11-10T07:06:00.000Z,2025-11-10T07:11:59.999Z,1,-1.076170,0.0000,0.8091,-107.6170,17.5351,LONDON,1
scalp_fade_3m_lim,ETHUSDT,3m,-1,STOP,2025-11-10T09:27:00.000Z,2025-11-10T09:35:59.999Z,2,-1.068500,0.0621,0.8226,-106.8500,15.7159,LONDON,-1
scalp_fade_3m_lim,ETHUSDT,3m,1,TARGET,2025-11-10T13:24:00.000Z,2025-11-10T13:38:59.999Z,4,1.126015,1.3319,0.0956,112.6015,7.8795,NY,-1
scalp_fade_3m_lim,ETHUSDT,3m,1,TARGET,2025-11-10T18:57:00.000Z,2025-11-10T19:41:59.999Z,14,1.108329,1.8228,0.6466,110.8329,8.2241,NY,1
scalp_fade_3m_lim,ETHUSDT,3m,-1,TARGET,2025-11-11T00:09:00.000Z,2025-11-11T00:41:59.999Z,10,1.081747,1.1949,0.4886,108.1747,8.7551,ASIA,-1
scalp_fade_3m_lim,ETHUSDT,3m,1,STOP,2025-11-11T09:45:00.000Z,2025-11-11T09:53:59.999Z,2,-1.065442,0.1024,0.9190,-106.5442,15.3435,LONDON,1
scalp_fade_3m_lim,ETHUSDT,3m,1,STOP,2025-11-11T13:54:00.000Z,2025-11-11T14:32:59.999Z,12,-1.044071,0.2366,1.2608,-104.4071,10.1882,NY,1
scalp_fade_3m_lim,ETHUSDT,3m,1,STOP,2025-11-11T14:57:00.000Z,2025-11-11T15:32:59.999Z,11,-1.027737,0.4636,1.1927,-102.7737,6.4993,NY,-1
scalp_fade_3m_lim,ETHUSDT,3m,1,TIME,2025-11-11T18:09:00.000Z,2025-11-11T19:11:59.999Z,20,-0.367519,0.8053,0.5770,-36.7519,10.0299,NY,-1
scalp_fade_3m_lim,ETHUSDT,3m,1,STOP,2025-11-11T20:51:00.000Z,2025-11-11T21:38:59.999Z,15,-1.049236,0.3492,1.0942,-104.9236,11.2901,NY,-1
scalp_fade_3m_lim,ETHUSDT,3m,1,TIME,2025-11-11T23:51:00.000Z,2025-11-12T00:53:59.999Z,20,-0.040453,0.9401,0.3123,-4.0453,11.4315,LATE,-1
scalp_fade_3m_lim,ETHUSDT,3m,1,STOP,2025-11-12T02:21:00.000Z,2025-11-12T02:35:59.999Z,4,-1.055757,0.4008,1.0232,-105.5757,13.0490,ASIA,1
scalp_fade_3m_lim,ETHUSDT,3m,1,TARGET,2025-11-12T04:06:00.000Z,2025-11-12T05:02:59.999Z,18,1.002653,1.1731,0.2431,100.2653,10.4230,ASIA,1
scalp_fade_3m_lim,ETHUSDT,3m,1,STOP,2025-11-12T06:42:00.000Z,2025-11-12T06:59:59.999Z,5,-1.094800,0.1746,0.7158,-109.4800,21.9987,ASIA,1
scalp_fade_3m_lim,ETHUSDT,3m,-1,STOP,2025-11-12T09:39:00.000Z,2025-11-12T10:23:59.999Z,14,-1.055534,0.4100,1.2274,-105.5534,12.3947,LONDON,1
scalp_fade_3m_lim,ETHUSDT,3m,-1,TIME,2025-11-12T12:21:00.000Z,2025-11-12T13:23:59.999Z,20,0.151948,1.1172,0.0848,15.1948,12.2753,LONDON,1
scalp_fade_3m_lim,ETHUSDT,3m,1,TIME,2025-11-12T23:06:00.000Z,2025-11-13T00:08:59.999Z,20,0.263235,0.8543,0.3020,26.3235,14.1688,LATE,1
scalp_fade_3m_lim,ETHUSDT,3m,1,TARGET,2025-11-13T00:24:00.000Z,2025-11-13T00:38:59.999Z,4,1.104422,1.4271,0.3632,110.4422,8.3331,ASIA,1
scalp_fade_3m_lim,ETHUSDT,3m,1,TARGET,2025-11-13T00:48:00.000Z,2025-11-13T01:11:59.999Z,7,1.179397,1.2763,0.2714,117.9397,6.7515,ASIA,1
scalp_fade_3m_lim,ETHUSDT,3m,-1,TIME,2025-11-13T04:15:00.000Z,2025-11-13T05:17:59.999Z,20,-0.306844,0.5155,0.8275,-30.6844,7.7355,ASIA,1
scalp_fade_3m_lim,ETHUSDT,3m,-1,STOP,2025-11-13T07:09:00.000Z,2025-11-13T07:32:59.999Z,7,-1.049018,0.0988,1.2169,-104.9018,11.0734,LONDON,1
scalp_fade_3m_lim,ETHUSDT,3m,-1,TIME,2025-11-13T11:03:00.000Z,2025-11-13T12:05:59.999Z,20,0.657397,1.0758,0.4237,65.7397,15.2035,LONDON,-1
scalp_fade_3m_lim,ETHUSDT,3m,-1,TARGET,2025-11-13T12:39:00.000Z,2025-11-13T13:23:59.999Z,14,1.117413,1.6492,0.3439,111.7413,7.9959,LONDON,-1
scalp_fade_3m_lim,ETHUSDT,3m,1,TARGET,2025-11-13T14:42:00.000Z,2025-11-13T14:53:59.999Z,3,1.306413,1.7219,0.6548,130.6413,4.0914,NY,-1
scalp_fade_3m_lim,ETHUSDT,3m,1,STOP,2025-11-13T15:03:00.000Z,2025-11-13T15:38:59.999Z,11,-1.022355,0.4954,0.9298,-102.2355,5.2769,NY,1
scalp_fade_3m_lim,ETHUSDT,3m,1,STOP,2025-11-13T16:36:00.000Z,2025-11-13T16:41:59.999Z,1,-1.029125,0.0314,1.1062,-102.9125,6.9565,NY,-1
scalp_fade_3m_lim,ETHUSDT,3m,1,STOP,2025-11-13T19:06:00.000Z,2025-11-13T19:56:59.999Z,16,-1.024155,0.3979,1.2272,-102.4155,5.6283,NY,-1
scalp_fade_3m_lim,ETHUSDT,3m,1,STOP,2025-11-13T23:54:00.000Z,2025-11-14T00:08:59.999Z,4,-1.034112,0.0769,0.9312,-103.4112,8.0624,LATE,1
scalp_fade_3m_lim,ETHUSDT,3m,1,STOP,2025-11-14T03:18:00.000Z,2025-11-14T03:47:59.999Z,9,-1.044843,0.2578,0.9893,-104.4843,10.4268,ASIA,-1
scalp_fade_3m_lim,ETHUSDT,3m,1,TIME,2025-11-14T05:03:00.000Z,2025-11-14T06:05:59.999Z,20,0.009279,0.6206,0.4607,0.9279,4.7501,ASIA,-1
scalp_fade_3m_lim,ETHUSDT,3m,1,TIME,2025-11-14T08:27:00.000Z,2025-11-14T09:29:59.999Z,20,-0.140855,0.9621,0.3700,-14.0855,7.6535,LONDON,1
scalp_fade_3m_lim,ETHUSDT,3m,1,STOP,2025-11-14T10:57:00.000Z,2025-11-14T11:14:59.999Z,5,-1.049221,0.1820,1.1042,-104.9221,11.5194,LONDON,1
scalp_fade_3m_lim,ETHUSDT,3m,1,STOP,2025-11-14T11:27:00.000Z,2025-11-14T11:29:59.999Z,0,-1.044574,0.0120,0.9364,-104.4574,10.5600,LONDON,-1
scalp_fade_3m_lim,ETHUSDT,3m,1,TARGET,2025-11-14T14:33:00.000Z,2025-11-14T14:38:59.999Z,1,1.345708,1.8928,0.3832,134.5708,3.2679,NY,-1
scalp_fade_3m_lim,ETHUSDT,3m,-1,STOP,2025-11-14T15:57:00.000Z,2025-11-14T16:29:59.999Z,10,-1.024291,0.3381,1.2891,-102.4291,5.3522,NY,1
scalp_fade_3m_lim,ETHUSDT,3m,-1,TARGET,2025-11-14T18:15:00.000Z,2025-11-14T18:44:59.999Z,9,1.310221,1.3889,0.0361,131.0221,3.9609,NY,-1
scalp_fade_3m_lim,ETHUSDT,3m,1,TARGET,2025-11-14T22:15:00.000Z,2025-11-14T22:32:59.999Z,5,1.248399,1.6613,0.1725,124.8399,5.3070,LATE,1
scalp_fade_3m_lim,ETHUSDT,3m,-1,TIME,2025-11-15T06:54:00.000Z,2025-11-15T07:56:59.999Z,20,-0.196210,0.6697,0.5162,-19.6210,15.3066,ASIA,1
scalp_fade_3m_lim,ETHUSDT,3m,1,TARGET,2025-11-15T09:51:00.000Z,2025-11-15T10:44:59.999Z,17,1.121259,1.3595,0.1366,112.1259,7.9456,LONDON,-1
scalp_fade_3m_lim,ETHUSDT,3m,1,STOP,2025-11-15T11:18:00.000Z,2025-11-15T11:53:59.999Z,11,-1.068564,0.4986,0.8528,-106.8564,15.7718,LONDON,1
scalp_fade_3m_lim,ETHUSDT,3m,1,TARGET,2025-11-15T12:45:00.000Z,2025-11-15T13:17:59.999Z,10,1.044182,1.3385,0.2158,104.4182,9.5796,LONDON,1
scalp_fade_3m_lim,ETHUSDT,3m,-1,STOP,2025-11-15T13:48:00.000Z,2025-11-15T13:56:59.999Z,2,-1.074772,0.3868,0.7597,-107.4772,17.1739,NY,1
scalp_fade_3m_lim,ETHUSDT,3m,-1,TARGET,2025-11-15T15:48:00.000Z,2025-11-15T16:08:59.999Z,6,1.049224,1.7500,0.3786,104.9224,9.4501,NY,1
scalp_fade_3m_lim,ETHUSDT,3m,-1,STOP,2025-11-15T17:12:00.000Z,2025-11-15T17:23:59.999Z,3,-1.060690,0.2556,1.4643,-106.0690,13.8720,NY,1
scalp_fade_3m_lim,ETHUSDT,3m,1,STOP,2025-11-15T23:45:00.000Z,2025-11-16T00:08:59.999Z,7,-1.089227,0.3420,1.3223,-108.9227,20.6325,LATE,1
scalp_fade_3m_lim,ETHUSDT,3m,1,STOP,2025-11-16T01:00:00.000Z,2025-11-16T01:02:59.999Z,0,-1.066222,0.0007,1.2367,-106.6222,15.5886,ASIA,-1
scalp_fade_3m_lim,ETHUSDT,3m,-1,STOP,2025-11-16T05:03:00.000Z,2025-11-16T05:11:59.999Z,2,-1.081598,0.0008,0.9482,-108.1598,18.7605,ASIA,-1
scalp_fade_3m_lim,ETHUSDT,3m,-1,TIME,2025-11-16T06:24:00.000Z,2025-11-16T07:26:59.999Z,20,0.264994,0.9118,0.2478,26.4994,17.9883,ASIA,-1
scalp_fade_3m_lim,ETHUSDT,3m,-1,STOP,2025-11-16T07:33:00.000Z,2025-11-16T07:59:59.999Z,8,-1.079502,0.1227,0.9413,-107.9502,18.0491,LONDON,-1
scalp_fade_3m_lim,ETHUSDT,3m,1,STOP,2025-11-16T12:57:00.000Z,2025-11-16T13:38:59.999Z,13,-1.052514,0.3189,0.9057,-105.2514,12.0774,LONDON,-1
scalp_fade_3m_lim,ETHUSDT,3m,1,TARGET,2025-11-16T14:12:00.000Z,2025-11-16T14:41:59.999Z,9,1.164016,1.3267,0.2837,116.4016,7.0697,NY,-1
scalp_fade_3m_lim,ETHUSDT,3m,1,TARGET,2025-11-16T17:18:00.000Z,2025-11-16T17:59:59.999Z,13,1.300938,1.4369,0.7825,130.0938,4.1928,NY,-1
scalp_fade_3m_lim,ETHUSDT,3m,1,STOP,2025-11-16T21:48:00.000Z,2025-11-16T22:11:59.999Z,7,-1.038304,0.2927,1.0915,-103.8304,8.9725,LATE,-1
scalp_fade_3m_lim,ETHUSDT,3m,1,STOP,2025-11-16T22:18:00.000Z,2025-11-16T23:02:59.999Z,14,-1.032127,1.2409,2.0863,-103.2127,7.4506,LATE,-1
scalp_fade_3m_lim,ETHUSDT,3m,1,TARGET,2025-11-16T23:03:00.000Z,2025-11-16T23:26:59.999Z,7,1.376637,1.8444,0.3382,137.6637,2.6125,LATE,1
scalp_fade_3m_lim,ETHUSDT,3m,1,TARGET,2025-11-17T00:18:00.000Z,2025-11-17T00:29:59.999Z,3,1.278434,1.5288,0.5183,127.8434,4.6793,ASIA,-1
scalp_fade_3m_lim,ETHUSDT,3m,-1,STOP,2025-11-17T02:06:00.000Z,2025-11-17T02:11:59.999Z,1,-1.044351,0.2830,1.2928,-104.4351,10.1239,ASIA,-1
scalp_fade_3m_lim,ETHUSDT,3m,-1,TIME,2025-11-17T02:12:00.000Z,2025-11-17T03:14:59.999Z,20,-0.896251,0.2452,0.7801,-89.6251,7.8298,ASIA,-1
scalp_fade_3m_lim,ETHUSDT,3m,-1,TIME,2025-11-17T05:18:00.000Z,2025-11-17T06:20:59.999Z,20,-0.408287,0.8794,0.5708,-40.8287,14.4009,ASIA,1
scalp_fade_3m_lim,ETHUSDT,3m,-1,STOP,2025-11-17T09:12:00.000Z,2025-11-17T09:20:59.999Z,2,-1.058712,0.1066,1.1781,-105.8712,13.4409,LONDON,-1
scalp_fade_3m_lim,ETHUSDT,3m,-1,TIME,2025-11-17T10:12:00.000Z,2025-11-17T11:14:59.999Z,20,-0.123232,0.9541,0.3363,-12.3232,17.0139,LONDON,1
scalp_fade_3m_lim,ETHUSDT,3m,-1,TARGET,2025-11-17T11:54:00.000Z,2025-11-17T12:11:59.999Z,5,1.114974,1.2365,0.0638,111.4974,8.0709,LONDON,1
scalp_fade_3m_lim,ETHUSDT,3m,1,STOP,2025-11-17T14:57:00.000Z,2025-11-17T15:20:59.999Z,7,-1.018347,0.2823,0.9690,-101.8347,4.4029,NY,1
scalp_fade_3m_lim,ETHUSDT,3m,1,TARGET,2025-11-17T16:36:00.000Z,2025-11-17T16:53:59.999Z,5,1.327304,1.4282,0.1344,132.7304,3.6501,NY,-1
scalp_fade_3m_lim,ETHUSDT,3m,1,STOP,2025-11-17T19:36:00.000Z,2025-11-17T19:44:59.999Z,2,-1.022736,0.0802,1.2689,-102.2736,5.4641,NY,-1
scalp_fade_3m_lim,ETHUSDT,3m,1,TIME,2025-11-17T21:21:00.000Z,2025-11-17T22:23:59.999Z,20,1.050468,1.2227,0.0962,105.0468,6.3588,LATE,1
scalp_fade_3m_lim,ETHUSDT,3m,1,TARGET,2025-11-17T23:09:00.000Z,2025-11-18T00:11:59.999Z,20,1.149925,1.3102,0.7051,114.9925,7.3388,LATE,1
scalp_fade_3m_lim,ETHUSDT,3m,1,STOP,2025-11-18T00:21:00.000Z,2025-11-18T00:35:59.999Z,4,-1.051044,0.7049,1.0148,-105.1044,11.9633,ASIA,1
scalp_fade_3m_lim,ETHUSDT,3m,1,TIME,2025-11-18T00:48:00.000Z,2025-11-18T01:50:59.999Z,20,-0.016507,1.2612,0.0335,-1.6507,8.0471,ASIA,1
scalp_fade_3m_lim,ETHUSDT,3m,1,STOP,2025-11-18T02:21:00.000Z,2025-11-18T02:59:59.999Z,12,-1.025480,0.8755,1.0610,-102.5480,5.9745,ASIA,-1
scalp_fade_3m_lim,ETHUSDT,3m,1,TIME,2025-11-18T04:51:00.000Z,2025-11-18T05:53:59.999Z,20,0.705354,1.2897,0.3591,70.5354,6.1368,ASIA,-1
scalp_fade_3m_lim,ETHUSDT,3m,1,TARGET,2025-11-18T06:57:00.000Z,2025-11-18T07:35:59.999Z,12,1.259741,1.3639,0.6927,125.9741,5.0573,ASIA,-1
scalp_fade_3m_lim,ETHUSDT,3m,-1,TIME,2025-11-18T09:12:00.000Z,2025-11-18T10:14:59.999Z,20,-0.590898,1.0687,0.7914,-59.0898,10.1272,LONDON,1
scalp_fade_3m_lim,ETHUSDT,3m,-1,TARGET,2025-11-18T11:24:00.000Z,2025-11-18T12:05:59.999Z,13,1.178137,1.2804,0.2953,117.8137,6.7253,LONDON,1
scalp_fade_3m_lim,ETHUSDT,3m,-1,TIME,2025-11-18T12:21:00.000Z,2025-11-18T13:23:59.999Z,20,0.862739,1.1624,0.3358,86.2739,10.1616,LONDON,-1
scalp_fade_3m_lim,ETHUSDT,3m,-1,TARGET,2025-11-18T14:33:00.000Z,2025-11-18T15:05:59.999Z,10,1.318245,1.5538,0.2961,131.8245,3.7912,NY,1
scalp_fade_3m_lim,ETHUSDT,3m,-1,STOP,2025-11-18T15:09:00.000Z,2025-11-18T15:23:59.999Z,4,-1.023524,0.2574,0.9854,-102.3524,5.2406,NY,1
scalp_fade_3m_lim,ETHUSDT,3m,-1,STOP,2025-11-18T16:09:00.000Z,2025-11-18T16:20:59.999Z,3,-1.028561,0.2262,1.0477,-102.8561,6.4196,NY,1
scalp_fade_3m_lim,ETHUSDT,3m,-1,STOP,2025-11-18T18:06:00.000Z,2025-11-18T18:47:59.999Z,13,-1.047219,0.3490,0.9342,-104.7219,10.5303,NY,-1
scalp_fade_3m_lim,ETHUSDT,3m,-1,TARGET,2025-11-18T23:06:00.000Z,2025-11-18T23:14:59.999Z,2,1.021229,1.2193,0.0944,102.1229,10.0517,LATE,1
scalp_fade_3m_lim,ETHUSDT,3m,1,TARGET,2025-11-19T09:21:00.000Z,2025-11-19T10:05:59.999Z,14,1.204260,1.4930,0.6651,120.4260,6.2156,LONDON,1
scalp_fade_3m_lim,ETHUSDT,3m,-1,TARGET,2025-11-19T11:09:00.000Z,2025-11-19T11:56:59.999Z,15,1.091921,1.3111,0.4635,109.1921,8.5275,LONDON,1
scalp_fade_3m_lim,ETHUSDT,3m,-1,STOP,2025-11-19T12:09:00.000Z,2025-11-19T12:53:59.999Z,14,-1.061080,0.7160,0.9712,-106.1080,13.6525,LONDON,-1
scalp_fade_3m_lim,ETHUSDT,3m,1,TARGET,2025-11-19T14:36:00.000Z,2025-11-19T15:08:59.999Z,10,1.309789,1.6530,0.6803,130.9789,4.0114,NY,-1
scalp_fade_3m_lim,ETHUSDT,3m,1,STOP,2025-11-19T15:21:00.000Z,2025-11-19T15:32:59.999Z,3,-1.020756,0.1604,1.0191,-102.0756,4.9957,NY,1
scalp_fade_3m_lim,ETHUSDT,3m,1,STOP,2025-11-19T17:45:00.000Z,2025-11-19T18:20:59.999Z,11,-1.026834,0.0728,1.0713,-102.6834,6.2942,NY,-1
scalp_fade_3m_lim,ETHUSDT,3m,-1,TIME,2025-11-20T02:09:00.000Z,2025-11-20T03:11:59.999Z,20,-0.236739,0.5315,0.4356,-23.6739,10.2584,ASIA,1
scalp_fade_3m_lim,ETHUSDT,3m,-1,STOP,2025-11-20T04:48:00.000Z,2025-11-20T04:53:59.999Z,1,-1.061072,0.0165,0.8169,-106.1072,14.0184,ASIA,-1
scalp_fade_3m_lim,ETHUSDT,3m,-1,TIME,2025-11-20T08:18:00.000Z,2025-11-20T09:20:59.999Z,20,0.421518,0.7417,0.3674,42.1518,12.2198,LONDON,1
scalp_fade_3m_lim,ETHUSDT,3m,1,TARGET,2025-11-20T12:15:00.000Z,2025-11-20T12:53:59.999Z,12,1.127063,1.2253,0.1362,112.7063,7.8370,LONDON,1
scalp_fade_3m_lim,ETHUSDT,3m,-1,TARGET,2025-11-20T13:33:00.000Z,2025-11-20T14:02:59.999Z,9,1.280175,1.6118,0.0546,128.0175,4.5917,NY,1
scalp_fade_3m_lim,ETHUSDT,3m,1,TIME,2025-11-20T14:42:00.000Z,2025-11-20T15:44:59.999Z,20,0.099667,0.8330,0.5006,9.9667,5.5926,NY,-1
scalp_fade_3m_lim,ETHUSDT,3m,1,STOP,2025-11-20T22:36:00.000Z,2025-11-20T23:11:59.999Z,11,-1.038531,0.3773,1.0598,-103.8531,8.9508,LATE,1
scalp_fade_3m_lim,ETHUSDT,3m,1,TIME,2025-11-21T00:03:00.000Z,2025-11-21T01:05:59.999Z,20,0.395802,0.6201,0.6570,39.5802,6.9025,ASIA,-1
scalp_fade_3m_lim,ETHUSDT,3m,1,TARGET,2025-11-21T01:21:00.000Z,2025-11-21T01:26:59.999Z,1,1.232680,1.6444,0.0566,123.2680,5.6445,ASIA,1
scalp_fade_3m_lim,ETHUSDT,3m,1,STOP,2025-11-21T02:24:00.000Z,2025-11-21T02:41:59.999Z,5,-1.030658,0.0838,0.9853,-103.0658,7.2515,ASIA,-1
scalp_fade_3m_lim,ETHUSDT,3m,1,TARGET,2025-11-21T04:33:00.000Z,2025-11-21T04:56:59.999Z,7,1.284035,1.4806,0.1338,128.4035,4.5557,ASIA,1
scalp_fade_3m_lim,ETHUSDT,3m,1,STOP,2025-11-21T05:39:00.000Z,2025-11-21T06:08:59.999Z,9,-1.041642,0.3124,0.9813,-104.1642,9.6970,ASIA,1
scalp_fade_3m_lim,ETHUSDT,3m,1,STOP,2025-11-21T07:06:00.000Z,2025-11-21T07:14:59.999Z,2,-1.037087,0.0244,1.0255,-103.7087,8.7841,LONDON,-1
scalp_fade_3m_lim,ETHUSDT,3m,1,TARGET,2025-11-21T12:33:00.000Z,2025-11-21T12:41:59.999Z,2,1.377426,1.4680,0.1934,137.7426,2.6001,LONDON,-1
scalp_fade_3m_lim,ETHUSDT,3m,1,TARGET,2025-11-21T14:00:00.000Z,2025-11-21T14:56:59.999Z,18,1.309196,1.4208,0.8513,130.9196,4.0133,NY,1
scalp_fade_3m_lim,ETHUSDT,3m,-1,STOP,2025-11-21T18:33:00.000Z,2025-11-21T18:53:59.999Z,6,-1.026835,0.2120,0.9467,-102.6835,5.9823,NY,-1
scalp_fade_3m_lim,ETHUSDT,3m,1,STOP,2025-11-22T04:06:00.000Z,2025-11-22T04:14:59.999Z,2,-1.062593,0.0000,1.1539,-106.2593,14.6846,ASIA,1
scalp_fade_3m_lim,ETHUSDT,3m,1,TIME,2025-11-22T04:33:00.000Z,2025-11-22T05:35:59.999Z,20,-0.504498,0.6970,0.7824,-50.4498,11.9183,ASIA,-1
scalp_fade_3m_lim,ETHUSDT,3m,1,TARGET,2025-11-22T06:09:00.000Z,2025-11-22T06:32:59.999Z,7,1.159024,1.3714,0.2557,115.9024,7.1791,ASIA,-1
scalp_fade_3m_lim,ETHUSDT,3m,1,STOP,2025-11-22T12:06:00.000Z,2025-11-22T12:11:59.999Z,1,-1.071630,0.0865,1.3288,-107.1630,16.8098,LONDON,1
scalp_fade_3m_lim,ETHUSDT,3m,-1,STOP,2025-11-22T16:00:00.000Z,2025-11-22T16:20:59.999Z,6,-1.051425,0.2247,0.9065,-105.1425,11.6509,NY,1
scalp_fade_3m_lim,ETHUSDT,3m,-1,TIME,2025-11-22T18:12:00.000Z,2025-11-22T19:14:59.999Z,20,-0.213634,1.0476,0.2879,-21.3634,17.1239,NY,1
scalp_fade_3m_lim,ETHUSDT,3m,-1,TARGET,2025-11-22T20:09:00.000Z,2025-11-22T20:50:59.999Z,13,0.959576,1.6642,0.5376,95.9576,11.3082,NY,-1
scalp_fade_3m_lim,ETHUSDT,3m,-1,STOP,2025-11-23T00:06:00.000Z,2025-11-23T00:17:59.999Z,3,-1.066355,0.3118,0.8933,-106.6355,15.1859,ASIA,-1
scalp_fade_3m_lim,ETHUSDT,3m,-1,STOP,2025-11-23T09:18:00.000Z,2025-11-23T09:41:59.999Z,7,-1.072940,0.3775,0.7903,-107.2940,16.5765,LONDON,1
scalp_fade_3m_lim,ETHUSDT,3m,-1,STOP,2025-11-23T11:27:00.000Z,2025-11-23T12:14:59.999Z,15,-1.068258,0.2331,1.1021,-106.8258,15.2496,LONDON,-1
scalp_fade_3m_lim,ETHUSDT,3m,-1,STOP,2025-11-23T15:36:00.000Z,2025-11-23T15:59:59.999Z,7,-1.054041,0.0339,0.9065,-105.4041,12.2288,NY,1
scalp_fade_3m_lim,ETHUSDT,3m,-1,TARGET,2025-11-23T16:12:00.000Z,2025-11-23T16:59:59.999Z,15,1.173438,2.1708,0.0695,117.3438,6.8193,NY,1
scalp_fade_3m_lim,ETHUSDT,3m,-1,TIME,2025-11-23T20:06:00.000Z,2025-11-23T21:08:59.999Z,20,0.250027,0.6054,0.3808,25.0027,13.1427,NY,-1
scalp_fade_3m_lim,ETHUSDT,3m,-1,STOP,2025-11-23T21:24:00.000Z,2025-11-23T21:56:59.999Z,10,-1.060871,0.1132,0.9927,-106.0871,13.7158,LATE,-1
scalp_fade_3m_lim,ETHUSDT,3m,-1,TARGET,2025-11-23T22:57:00.000Z,2025-11-23T23:05:59.999Z,2,1.142312,1.3696,0.4160,114.2312,7.5036,LATE,1
scalp_fade_3m_lim,ETHUSDT,3m,-1,TIME,2025-11-24T05:09:00.000Z,2025-11-24T06:11:59.999Z,20,0.883568,1.2878,0.7667,88.3568,8.1379,ASIA,1
scalp_fade_3m_lim,ETHUSDT,3m,-1,TARGET,2025-11-24T07:45:00.000Z,2025-11-24T08:02:59.999Z,5,1.155899,1.3597,0.1171,115.5899,7.2105,LONDON,-1
scalp_fade_3m_lim,ETHUSDT,3m,-1,TARGET,2025-11-24T08:57:00.000Z,2025-11-24T09:11:59.999Z,4,1.090193,1.8796,0.5389,109.0193,8.5948,LONDON,-1
scalp_fade_3m_lim,ETHUSDT,3m,1,TIME,2025-11-24T09:39:00.000Z,2025-11-24T10:41:59.999Z,20,-0.518405,0.0252,0.8116,-51.8405,9.5228,LONDON,1
scalp_fade_3m_lim,ETHUSDT,3m,1,TIME,2025-11-24T12:03:00.000Z,2025-11-24T13:05:59.999Z,20,0.245038,1.0849,0.3580,24.5038,16.4036,LONDON,-1
scalp_fade_3m_lim,ETHUSDT,3m,1,STOP,2025-11-24T14:00:00.000Z,2025-11-24T14:02:59.999Z,0,-1.056081,0.0000,0.9876,-105.6081,13.2329,NY,1
scalp_fade_3m_lim,ETHUSDT,3m,1,TARGET,2025-11-24T14:45:00.000Z,2025-11-24T15:47:59.999Z,20,1.354610,1.4524,0.5451,135.4610,3.0618,NY,-1
scalp_fade_3m_lim,ETHUSDT,3m,-1,TIME,2025-11-24T20:12:00.000Z,2025-11-24T21:14:59.999Z,20,0.093517,0.4954,0.7115,9.3517,10.1652,NY,-1
scalp_fade_3m_lim,ETHUSDT,3m,1,STOP,2025-11-25T07:48:00.000Z,2025-11-25T07:50:59.999Z,0,-1.076270,0.0555,1.2148,-107.6270,17.9228,LONDON,-1
scalp_fade_3m_lim,ETHUSDT,3m,1,TIME,2025-11-25T15:12:00.000Z,2025-11-25T16:14:59.999Z,20,0.265711,1.0509,0.4688,26.5711,6.1124,NY,-1
scalp_fade_3m_lim,ETHUSDT,3m,-1,TARGET,2025-11-25T21:18:00.000Z,2025-11-25T22:02:59.999Z,14,1.135253,1.4109,0.3870,113.5253,7.6220,LATE,-1
scalp_fade_3m_lim,ETHUSDT,3m,-1,TARGET,2025-11-26T00:21:00.000Z,2025-11-26T01:05:59.999Z,14,1.135102,1.4264,0.3656,113.5102,7.6252,ASIA,-1
scalp_fade_3m_lim,ETHUSDT,3m,-1,TARGET,2025-11-26T03:24:00.000Z,2025-11-26T03:32:59.999Z,2,0.975025,1.2752,0.1688,97.5025,11.0241,ASIA,-1
scalp_fade_3m_lim,ETHUSDT,3m,1,TIME,2025-11-26T06:21:00.000Z,2025-11-26T07:23:59.999Z,20,0.306443,0.7839,0.3261,30.6443,13.2923,ASIA,1
scalp_fade_3m_lim,ETHUSDT,3m,1,STOP,2025-11-26T08:06:00.000Z,2025-11-26T08:26:59.999Z,6,-1.067349,0.1795,1.0023,-106.7349,15.6551,LONDON,1
scalp_fade_3m_lim,ETHUSDT,3m,1,STOP,2025-11-26T11:30:00.000Z,2025-11-26T12:05:59.999Z,11,-1.086899,0.7417,1.7130,-108.6899,19.9360,LONDON,1
scalp_fade_3m_lim,ETHUSDT,3m,1,TIME,2025-11-26T12:06:00.000Z,2025-11-26T13:08:59.999Z,20,0.039961,0.5411,0.7996,3.9961,13.9964,LONDON,1
scalp_fade_3m_lim,ETHUSDT,3m,-1,STOP,2025-11-26T15:15:00.000Z,2025-11-26T16:17:59.999Z,20,-1.036499,0.7011,1.1969,-103.6499,7.9816,NY,-1
scalp_fade_3m_lim,ETHUSDT,3m,-1,STOP,2025-11-26T17:27:00.000Z,2025-11-26T17:32:59.999Z,1,-1.045404,0.0697,0.8637,-104.5404,10.3692,NY,-1
scalp_fade_3m_lim,ETHUSDT,3m,-1,TIME,2025-11-26T20:54:00.000Z,2025-11-26T21:56:59.999Z,20,-0.247849,0.4891,0.7197,-24.7849,12.6113,NY,-1
scalp_fade_3m_lim,ETHUSDT,3m,-1,TIME,2025-11-26T22:36:00.000Z,2025-11-26T23:38:59.999Z,20,0.139695,0.6154,0.4482,13.9695,13.9843,LATE,-1
scalp_fade_3m_lim,ETHUSDT,3m,-1,TIME,2025-11-27T04:12:00.000Z,2025-11-27T05:14:59.999Z,20,0.446985,0.8982,0.4798,44.6985,15.1932,ASIA,-1
scalp_fade_3m_lim,ETHUSDT,3m,-1,TARGET,2025-11-27T05:24:00.000Z,2025-11-27T05:38:59.999Z,4,1.011240,1.7011,0.1868,101.1240,10.2552,ASIA,1
scalp_fade_3m_lim,ETHUSDT,3m,-1,TARGET,2025-11-27T07:51:00.000Z,2025-11-27T08:14:59.999Z,7,0.876349,1.3728,0.2506,87.6349,13.0791,LONDON,1
scalp_fade_3m_lim,ETHUSDT,3m,-1,STOP,2025-11-27T09:18:00.000Z,2025-11-27T09:20:59.999Z,0,-1.105240,0.0011,0.8986,-110.5240,24.3565,LONDON,1
scalp_fade_3m_lim,ETHUSDT,3m,-1,TARGET,2025-11-27T11:39:00.000Z,2025-11-27T12:17:59.999Z,12,0.854187,1.2706,0.1777,85.4187,13.5225,LONDON,-1
scalp_fade_3m_lim,ETHUSDT,3m,1,STOP,2025-11-27T13:30:00.000Z,2025-11-27T14:20:59.999Z,16,-1.055789,0.1188,0.8449,-105.5789,12.7408,NY,-1
scalp_fade_3m_lim,ETHUSDT,3m,1,TARGET,2025-11-27T14:45:00.000Z,2025-11-27T15:05:59.999Z,6,1.067967,1.3241,0.2153,106.7967,9.0929,NY,1
scalp_fade_3m_lim,ETHUSDT,3m,1,TARGET,2025-11-27T15:09:00.000Z,2025-11-27T15:50:59.999Z,13,1.157979,1.2972,0.1556,115.7979,7.1869,NY,1
scalp_fade_3m_lim,ETHUSDT,3m,-1,STOP,2025-11-27T18:09:00.000Z,2025-11-27T18:41:59.999Z,10,-1.087487,0.2868,1.2753,-108.7487,19.8013,NY,-1
scalp_fade_3m_lim,ETHUSDT,3m,-1,STOP,2025-11-27T19:42:00.000Z,2025-11-27T20:35:59.999Z,17,-1.086514,0.7825,0.8187,-108.6514,19.3036,NY,-1
scalp_fade_3m_lim,ETHUSDT,3m,1,TARGET,2025-11-28T00:18:00.000Z,2025-11-28T00:35:59.999Z,5,0.933506,1.3395,0.1206,93.3506,11.9194,ASIA,1
scalp_fade_3m_lim,ETHUSDT,3m,1,STOP,2025-11-28T00:42:00.000Z,2025-11-28T01:11:59.999Z,9,-1.073103,0.2527,1.3398,-107.3103,16.8714,ASIA,-1
scalp_fade_3m_lim,ETHUSDT,3m,1,TIME,2025-11-28T01:45:00.000Z,2025-11-28T02:47:59.999Z,20,-0.093837,0.3262,0.7416,-9.3837,15.0050,ASIA,-1
scalp_fade_3m_lim,ETHUSDT,3m,1,TIME,2025-11-28T03:15:00.000Z,2025-11-28T04:17:59.999Z,20,0.613096,1.0897,0.2396,61.3096,16.0822,ASIA,1
scalp_fade_3m_lim,ETHUSDT,3m,-1,TARGET,2025-11-28T10:54:00.000Z,2025-11-28T11:14:59.999Z,6,0.967028,2.2705,0.5065,96.7028,11.1776,LONDON,1
scalp_fade_3m_lim,ETHUSDT,3m,-1,STOP,2025-11-28T13:33:00.000Z,2025-11-28T13:38:59.999Z,1,-1.085977,0.1925,1.7265,-108.5977,19.8193,NY,-1
scalp_fade_3m_lim,ETHUSDT,3m,-1,TIME,2025-11-28T20:21:00.000Z,2025-11-28T21:23:59.999Z,20,0.176230,0.6285,0.5749,17.6230,15.6609,NY,-1
scalp_fade_3m_lim,ETHUSDT,3m,1,TIME,2025-11-28T23:09:00.000Z,2025-11-29T00:11:59.999Z,20,-0.801506,0.3882,0.6748,-80.1506,17.2304,LATE,1
scalp_fade_3m_lim,ETHUSDT,3m,1,STOP,2025-11-29T02:30:00.000Z,2025-11-29T02:35:59.999Z,1,-1.094228,0.2914,0.8473,-109.4228,22.0485,ASIA,1
scalp_fade_3m_lim,ETHUSDT,3m,1,STOP,2025-11-29T09:21:00.000Z,2025-11-29T10:20:59.999Z,19,-1.101279,0.2275,2.1412,-110.1279,22.8309,LONDON,-1
scalp_fade_3m_lim,ETHUSDT,3m,1,STOP,2025-11-29T12:12:00.000Z,2025-11-29T12:14:59.999Z,0,-1.133032,0.0668,0.5998,-113.3032,31.1084,LONDON,1
scalp_fade_3m_lim,ETHUSDT,3m,1,TIME,2025-11-29T12:15:00.000Z,2025-11-29T13:17:59.999Z,20,-0.566508,0.6971,0.3284,-56.6508,28.1853,LONDON,1
scalp_fade_3m_lim,ETHUSDT,3m,1,TIME,2025-11-29T13:24:00.000Z,2025-11-29T14:26:59.999Z,20,-0.542563,0.7105,0.3484,-54.2563,26.0660,NY,1
scalp_fade_3m_lim,ETHUSDT,3m,1,STOP,2025-11-29T14:36:00.000Z,2025-11-29T14:44:59.999Z,2,-1.124030,0.1851,0.7143,-112.4030,28.8971,NY,-1
scalp_fade_3m_lim,ETHUSDT,3m,1,TIME,2025-11-29T16:27:00.000Z,2025-11-29T17:29:59.999Z,20,-0.863350,0.3970,0.6796,-86.3350,17.2619,NY,1
scalp_fade_3m_lim,ETHUSDT,3m,1,TIME,2025-11-29T21:18:00.000Z,2025-11-29T22:20:59.999Z,20,-0.569727,0.9290,0.4329,-56.9727,20.5900,LATE,1
scalp_fade_3m_lim,ETHUSDT,3m,1,TIME,2025-11-29T23:06:00.000Z,2025-11-30T00:08:59.999Z,20,-0.048958,0.5739,0.3654,-4.8958,22.9594,LATE,-1
scalp_fade_3m_lim,ETHUSDT,3m,-1,TARGET,2025-11-30T04:51:00.000Z,2025-11-30T05:17:59.999Z,8,0.785232,1.6709,0.0713,78.5232,14.9885,ASIA,1
scalp_fade_3m_lim,ETHUSDT,3m,-1,TIME,2025-11-30T08:33:00.000Z,2025-11-30T09:35:59.999Z,20,-0.204465,0.3456,0.4554,-20.4465,15.7186,LONDON,-1
scalp_fade_3m_lim,ETHUSDT,3m,-1,TIME,2025-11-30T19:03:00.000Z,2025-11-30T20:05:59.999Z,20,-0.724436,0.8358,0.5292,-72.4436,25.1784,NY,-1
scalp_fade_3m_lim,ETHUSDT,3m,1,TARGET,2025-11-30T21:57:00.000Z,2025-11-30T22:17:59.999Z,6,0.944557,1.4381,0.1573,94.4557,11.6835,LATE,-1
scalp_fade_3m_lim,ETHUSDT,3m,1,STOP,2025-11-30T22:33:00.000Z,2025-11-30T23:08:59.999Z,11,-1.086018,0.9989,0.8363,-108.6018,19.7359,LATE,1
scalp_fade_3m_lim,ETHUSDT,3m,1,STOP,2025-12-01T02:39:00.000Z,2025-12-01T03:11:59.999Z,10,-1.040789,1.0028,1.1918,-104.0789,9.4830,ASIA,1
scalp_fade_3m_lim,ETHUSDT,3m,1,TARGET,2025-12-01T07:12:00.000Z,2025-12-01T07:38:59.999Z,8,1.038901,1.4387,0.0771,103.8901,9.6967,LONDON,-1
scalp_fade_3m_lim,ETHUSDT,3m,1,TIME,2025-12-01T14:06:00.000Z,2025-12-01T15:08:59.999Z,20,-0.235450,1.1097,0.4742,-23.5450,11.5769,NY,-1
scalp_fade_3m_lim,ETHUSDT,3m,1,STOP,2025-12-01T15:15:00.000Z,2025-12-01T15:17:59.999Z,0,-1.036822,0.2287,1.0313,-103.6822,8.7591,NY,-1
scalp_fade_3m_lim,ETHUSDT,3m,1,TARGET,2025-12-01T19:24:00.000Z,2025-12-01T20:11:59.999Z,15,1.232220,1.3594,0.6508,123.2220,5.6283,NY,-1
scalp_fade_3m_lim,ETHUSDT,3m,1,TARGET,2025-12-01T20:36:00.000Z,2025-12-01T21:08:59.999Z,10,1.205854,1.8771,0.1685,120.5854,6.1903,NY,1
scalp_fade_3m_lim,ETHUSDT,3m,-1,TIME,2025-12-01T23:03:00.000Z,2025-12-02T00:05:59.999Z,20,0.474641,0.9829,0.8061,47.4641,12.1073,LATE,1
scalp_fade_3m_lim,ETHUSDT,3m,-1,STOP,2025-12-02T01:06:00.000Z,2025-12-02T01:08:59.999Z,0,-1.058678,0.0918,1.5546,-105.8678,13.4887,ASIA,-1
scalp_fade_3m_lim,ETHUSDT,3m,-1,TIME,2025-12-02T01:18:00.000Z,2025-12-02T02:20:59.999Z,20,-0.276192,1.0086,0.1886,-27.6192,9.4787,ASIA,1
scalp_fade_3m_lim,ETHUSDT,3m,-1,TIME,2025-12-02T03:45:00.000Z,2025-12-02T04:47:59.999Z,20,-0.002411,0.4917,0.3034,-0.2411,13.4590,ASIA,-1
scalp_fade_3m_lim,ETHUSDT,3m,-1,STOP,2025-12-02T05:48:00.000Z,2025-12-02T06:35:59.999Z,15,-1.092614,0.5599,0.7184,-109.2614,20.7620,ASIA,1
scalp_fade_3m_lim,ETHUSDT,3m,-1,STOP,2025-12-02T13:12:00.000Z,2025-12-02T13:17:59.999Z,1,-1.070337,0.0391,1.3957,-107.0337,16.1764,NY,1
scalp_fade_3m_lim,ETHUSDT,3m,-1,STOP,2025-12-02T14:45:00.000Z,2025-12-02T15:05:59.999Z,6,-1.029758,0.1214,1.6273,-102.9758,6.6562,NY,1
scalp_fade_3m_lim,ETHUSDT,3m,-1,STOP,2025-12-02T17:03:00.000Z,2025-12-02T17:29:59.999Z,8,-1.038012,0.3546,1.3536,-103.8012,8.5240,NY,-1
scalp_fade_3m_lim,ETHUSDT,3m,-1,TIME,2025-12-02T18:33:00.000Z,2025-12-02T19:35:59.999Z,20,0.224799,1.1474,0.2185,22.4799,10.9589,NY,1
scalp_fade_3m_lim,ETHUSDT,3m,-1,STOP,2025-12-02T21:39:00.000Z,2025-12-02T22:02:59.999Z,7,-1.062051,0.4437,1.0207,-106.2051,14.0715,LATE,-1
scalp_fade_3m_lim,ETHUSDT,3m,-1,TARGET,2025-12-03T00:12:00.000Z,2025-12-03T00:35:59.999Z,7,1.097211,1.1894,0.2165,109.7211,8.4388,ASIA,-1
scalp_fade_3m_lim,ETHUSDT,3m,-1,STOP,2025-12-03T00:45:00.000Z,2025-12-03T01:35:59.999Z,16,-1.064225,0.2891,0.9434,-106.4225,14.3080,ASIA,1
scalp_fade_3m_lim,ETHUSDT,3m,-1,STOP,2025-12-03T05:18:00.000Z,2025-12-03T06:05:59.999Z,15,-1.056079,0.2697,1.4412,-105.6079,12.4932,ASIA,1
scalp_fade_3m_lim,ETHUSDT,3m,-1,TIME,2025-12-03T06:06:00.000Z,2025-12-03T07:08:59.999Z,20,0.460588,0.9250,0.7854,46.0588,12.0716,ASIA,1
scalp_fade_3m_lim,ETHUSDT,3m,-1,TIME,2025-12-03T08:48:00.000Z,2025-12-03T09:50:59.999Z,20,-0.371870,0.7957,0.1441,-37.1870,17.7083,LONDON,-1
scalp_fade_3m_lim,ETHUSDT,3m,-1,TIME,2025-12-03T10:33:00.000Z,2025-12-03T11:35:59.999Z,20,-0.584481,0.9789,0.6636,-58.4481,14.1380,LONDON,1
scalp_fade_3m_lim,ETHUSDT,3m,-1,STOP,2025-12-03T12:24:00.000Z,2025-12-03T13:05:59.999Z,13,-1.055962,0.4107,0.8335,-105.5962,12.5170,LONDON,1
scalp_fade_3m_lim,ETHUSDT,3m,-1,TARGET,2025-12-03T13:33:00.000Z,2025-12-03T14:02:59.999Z,9,1.151234,2.8301,0.1920,115.1234,7.2990,NY,1
scalp_fade_3m_lim,ETHUSDT,3m,-1,STOP,2025-12-03T14:39:00.000Z,2025-12-03T14:41:59.999Z,0,-1.026782,0.3998,1.1205,-102.6782,6.0441,NY,-1
scalp_fade_3m_lim,ETHUSDT,3m,-1,TIME,2025-12-03T14:42:00.000Z,2025-12-03T15:44:59.999Z,20,0.681451,1.3110,0.6362,68.1451,4.6747,NY,-1
scalp_fade_3m_lim,ETHUSDT,3m,-1,STOP,2025-12-03T17:21:00.000Z,2025-12-03T17:44:59.999Z,7,-1.047119,0.1694,1.0503,-104.7119,10.6365,NY,1
scalp_fade_3m_lim,ETHUSDT,3m,-1,STOP,2025-12-03T18:18:00.000Z,2025-12-03T18:44:59.999Z,8,-1.047279,0.2751,0.9170,-104.7279,10.6515,NY,1
scalp_fade_3m_lim,ETHUSDT,3m,-1,STOP,2025-12-03T20:09:00.000Z,2025-12-03T20:53:59.999Z,14,-1.048136,0.4131,1.7739,-104.8136,10.7170,NY,1
scalp_fade_3m_lim,ETHUSDT,3m,-1,STOP,2025-12-03T21:00:00.000Z,2025-12-03T21:56:59.999Z,18,-1.042260,0.4121,1.3566,-104.2260,9.3095,LATE,1
scalp_fade_3m_lim,ETHUSDT,3m,-1,STOP,2025-12-03T22:06:00.000Z,2025-12-03T22:47:59.999Z,13,-1.035979,0.1614,1.0791,-103.5979,7.9761,LATE,-1
scalp_fade_3m_lim,ETHUSDT,3m,-1,STOP,2025-12-04T00:03:00.000Z,2025-12-04T00:53:59.999Z,16,-1.054618,0.9610,0.8392,-105.4618,12.1381,ASIA,1
scalp_fade_3m_lim,ETHUSDT,3m,-1,TIME,2025-12-04T01:21:00.000Z,2025-12-04T02:23:59.999Z,20,-0.128859,0.3747,0.3597,-12.8859,7.1772,ASIA,1
scalp_fade_3m_lim,ETHUSDT,3m,-1,TIME,2025-12-04T07:21:00.000Z,2025-12-04T08:23:59.999Z,20,0.529935,1.1799,0.2076,52.9935,11.1382,LONDON,1
scalp_fade_3m_lim,ETHUSDT,3m,-1,TARGET,2025-12-04T11:15:00.000Z,2025-12-04T11:35:59.999Z,6,0.941377,1.1084,0.3100,94.1377,11.7167,LONDON,-1
scalp_fade_3m_lim,ETHUSDT,3m,1,STOP,2025-12-04T14:36:00.000Z,2025-12-04T14:53:59.999Z,5,-1.043278,0.3129,1.0588,-104.3278,10.1529,NY,1
scalp_fade_3m_lim,ETHUSDT,3m,1,TARGET,2025-12-04T15:27:00.000Z,2025-12-04T15:38:59.999Z,3,1.278740,1.3337,0.1818,127.8740,4.6729,NY,-1
scalp_fade_3m_lim,ETHUSDT,3m,1,STOP,2025-12-04T18:42:00.000Z,2025-12-04T19:05:59.999Z,7,-1.048172,0.1220,1.0716,-104.8172,11.2319,NY,1
scalp_fade_3m_lim,ETHUSDT,3m,1,TIME,2025-12-04T19:36:00.000Z,2025-12-04T20:38:59.999Z,20,0.279728,0.6302,0.1211,27.9728,6.8586,NY,-1
scalp_fade_3m_lim,ETHUSDT,3m,1,STOP,2025-12-04T21:24:00.000Z,2025-12-04T21:56:59.999Z,10,-1.054461,0.4450,0.8998,-105.4461,12.5945,LATE,1
scalp_fade_3m_lim,ETHUSDT,3m,1,STOP,2025-12-04T23:03:00.000Z,2025-12-04T23:41:59.999Z,12,-1.069464,0.3574,0.8240,-106.9464,15.9438,LATE,-1
scalp_fade_3m_lim,ETHUSDT,3m,-1,STOP,2025-12-05T02:06:00.000Z,2025-12-05T02:17:59.999Z,3,-1.075419,0.3657,1.4541,-107.5419,17.2884,ASIA,1
scalp_fade_3m_lim,ETHUSDT,3m,-1,TARGET,2025-12-05T04:03:00.000Z,2025-12-05T04:32:59.999Z,9,1.010648,1.2645,0.4927,101.0648,10.2508,ASIA,-1
scalp_fade_3m_lim,ETHUSDT,3m,-1,TIME,2025-12-05T04:54:00.000Z,2025-12-05T05:56:59.999Z,20,0.631691,0.9441,0.2875,63.1691,12.6882,ASIA,1
scalp_fade_3m_lim,ETHUSDT,3m,-1,STOP,2025-12-05T06:03:00.000Z,2025-12-05T06:11:59.999Z,2,-1.090835,0.0009,1.5565,-109.0835,20.9073,ASIA,1
scalp_fade_3m_lim,ETHUSDT,3m,1,STOP,2025-12-05T11:00:00.000Z,2025-12-05T11:26:59.999Z,8,-1.060342,0.5503,0.8025,-106.0342,13.9899,LONDON,1
scalp_fade_3m_lim,ETHUSDT,3m,1,TARGET,2025-12-05T13:06:00.000Z,2025-12-05T13:11:59.999Z,1,1.088202,1.2506,0.1416,108.8202,8.6823,NY,1
scalp_fade_3m_lim,ETHUSDT,3m,1,STOP,2025-12-05T13:27:00.000Z,2025-12-05T13:32:59.999Z,1,-1.053697,0.1045,0.9664,-105.3697,12.6528,NY,-1
scalp_fade_3m_lim,ETHUSDT,3m,1,TARGET,2025-12-05T14:48:00.000Z,2025-12-05T15:02:59.999Z,4,1.275901,1.5679,0.1967,127.5901,4.7310,NY,-1
scalp_fade_3m_lim,ETHUSDT,3m,1,STOP,2025-12-05T18:24:00.000Z,2025-12-05T18:41:59.999Z,5,-1.036669,0.1919,0.9540,-103.6669,8.6335,NY,-1
scalp_fade_3m_lim,ETHUSDT,3m,1,STOP,2025-12-05T23:03:00.000Z,2025-12-05T23:08:59.999Z,1,-1.068330,0.0008,1.0909,-106.8330,16.0451,LATE,1
scalp_fade_3m_lim,ETHUSDT,3m,1,TIME,2025-12-06T00:03:00.000Z,2025-12-06T01:05:59.999Z,20,0.045033,0.9403,0.5192,4.5033,18.5010,ASIA,1
scalp_fade_3m_lim,ETHUSDT,3m,1,TIME,2025-12-06T01:27:00.000Z,2025-12-06T02:29:59.999Z,20,-0.485324,0.4207,0.5069,-48.5324,18.0442,ASIA,-1
scalp_fade_3m_lim,ETHUSDT,3m,1,TIME,2025-12-06T05:18:00.000Z,2025-12-06T06:20:59.999Z,20,-0.243645,0.8145,0.2557,-24.3645,26.4787,ASIA,1
scalp_fade_3m_lim,ETHUSDT,3m,1,TIME,2025-12-06T06:21:00.000Z,2025-12-06T07:23:59.999Z,20,-0.018424,0.8251,0.0921,-1.8424,28.3718,ASIA,-1
scalp_fade_3m_lim,ETHUSDT,3m,1,TARGET,2025-12-06T08:54:00.000Z,2025-12-06T09:11:59.999Z,5,1.020823,1.1594,0.1811,102.0823,10.0858,LONDON,-1
scalp_fade_3m_lim,ETHUSDT,3m,-1,TARGET,2025-12-06T12:06:00.000Z,2025-12-06T12:53:59.999Z,15,0.821191,1.0743,0.1697,82.1191,14.2006,LONDON,1
scalp_fade_3m_lim,ETHUSDT,3m,-1,STOP,2025-12-06T13:36:00.000Z,2025-12-06T14:17:59.999Z,13,-1.107695,0.5231,2.5652,-110.7695,24.2730,NY,1
scalp_fade_3m_lim,ETHUSDT,3m,-1,STOP,2025-12-06T14:18:00.000Z,2025-12-06T14:20:59.999Z,0,-1.068193,0.6396,0.7779,-106.8193,15.7096,NY,1
scalp_fade_3m_lim,ETHUSDT,3m,-1,STOP,2025-12-06T14:27:00.000Z,2025-12-06T14:47:59.999Z,6,-1.050456,0.0043,0.9194,-105.0456,11.4275,NY,1
scalp_fade_3m_lim,ETHUSDT,3m,-1,TIME,2025-12-07T01:48:00.000Z,2025-12-07T02:50:59.999Z,20,-0.378497,0.6871,0.3099,-37.8497,20.8047,ASIA,1
scalp_fade_3m_lim,ETHUSDT,3m,-1,STOP,2025-12-07T03:24:00.000Z,2025-12-07T04:08:59.999Z,14,-1.108039,0.1830,0.8000,-110.8039,24.3022,ASIA,-1
scalp_fade_3m_lim,ETHUSDT,3m,-1,STOP,2025-12-07T06:09:00.000Z,2025-12-07T07:02:59.999Z,17,-1.145102,0.5163,0.6610,-114.5102,32.5102,ASIA,-1
scalp_fade_3m_lim,ETHUSDT,3m,1,STOP,2025-12-07T09:18:00.000Z,2025-12-07T09:23:59.999Z,1,-1.109151,0.0974,0.6891,-110.9151,25.5079,LONDON,1
scalp_fade_3m_lim,ETHUSDT,3m,-1,TARGET,2025-12-07T20:33:00.000Z,2025-12-07T21:23:59.999Z,16,0.998476,1.3865,0.4982,99.8476,10.4822,NY,-1
scalp_fade_3m_lim,ETHUSDT,3m,1,TARGET,2025-12-08T00:21:00.000Z,2025-12-08T00:35:59.999Z,4,1.174862,1.6899,0.1127,117.4862,6.8534,ASIA,1
scalp_fade_3m_lim,ETHUSDT,3m,-1,TIME,2025-12-08T02:00:00.000Z,2025-12-08T03:02:59.999Z,20,-0.476925,0.3050,0.7233,-47.6925,9.2545,ASIA,1
scalp_fade_3m_lim,ETHUSDT,3m,-1,STOP,2025-12-08T05:12:00.000Z,2025-12-08T05:20:59.999Z,2,-1.071311,0.1658,0.8057,-107.1311,16.3693,ASIA,-1
scalp_fade_3m_lim,ETHUSDT,3m,-1,STOP,2025-12-08T07:54:00.000Z,2025-12-08T08:56:59.999Z,20,-1.081652,0.5676,1.2711,-108.1652,18.0986,LONDON,1
scalp_fade_3m_lim,ETHUSDT,3m,-1,STOP,2025-12-08T13:06:00.000Z,2025-12-08T13:11:59.999Z,1,-1.068451,0.0293,1.7473,-106.8451,15.7372,NY,-1
scalp_fade_3m_lim,ETHUSDT,3m,-1,STOP,2025-12-08T14:30:00.000Z,2025-12-08T14:32:59.999Z,0,-1.049520,0.2711,1.2344,-104.9520,11.3513,NY,-1
scalp_fade_3m_lim,ETHUSDT,3m,-1,TARGET,2025-12-08T14:33:00.000Z,2025-12-08T14:38:59.999Z,1,1.260696,1.7698,0.4161,126.0696,5.0140,NY,-1
scalp_fade_3m_lim,ETHUSDT,3m,-1,TARGET,2025-12-08T14:45:00.000Z,2025-12-08T15:02:59.999Z,5,1.348356,1.3985,0.2391,134.8356,3.1644,NY,-1
scalp_fade_3m_lim,ETHUSDT,3m,1,TIME,2025-12-08T16:51:00.000Z,2025-12-08T17:53:59.999Z,20,-0.295832,0.4831,0.5665,-29.5832,8.8378,NY,1
scalp_fade_3m_lim,ETHUSDT,3m,-1,STOP,2025-12-08T21:30:00.000Z,2025-12-08T21:32:59.999Z,0,-1.058052,0.0000,0.9868,-105.8052,13.3426,LATE,-1
scalp_fade_3m_lim,ETHUSDT,3m,-1,STOP,2025-12-09T00:06:00.000Z,2025-12-09T00:20:59.999Z,4,-1.077900,0.2145,1.1926,-107.7900,17.8271,ASIA,-1
scalp_fade_3m_lim,ETHUSDT,3m,1,STOP,2025-12-09T01:03:00.000Z,2025-12-09T01:35:59.999Z,10,-1.058338,0.5210,0.9105,-105.8338,13.4767,ASIA,1
scalp_fade_3m_lim,ETHUSDT,3m,1,TARGET,2025-12-09T03:27:00.000Z,2025-12-09T03:38:59.999Z,3,1.098563,1.3571,0.4619,109.8563,8.4589,ASIA,-1
scalp_fade_3m_lim,ETHUSDT,3m,1,STOP,2025-12-09T04:33:00.000Z,2025-12-09T04:35:59.999Z,0,-1.071916,0.0008,0.8550,-107.1916,16.9113,ASIA,1
scalp_fade_3m_lim,ETHUSDT,3m,1,STOP,2025-12-09T05:33:00.000Z,2025-12-09T06:35:59.999Z,20,-1.070106,0.8435,0.7989,-107.0106,15.8323,ASIA,-1
scalp_fade_3m_lim,ETHUSDT,3m,1,STOP,2025-12-09T10:06:00.000Z,2025-12-09T10:41:59.999Z,11,-1.082405,0.6698,1.3579,-108.2405,18.9153,LONDON,-1
scalp_fade_3m_lim,ETHUSDT,3m,-1,STOP,2025-12-09T14:39:00.000Z,2025-12-09T15:02:59.999Z,7,-1.045672,0.6482,2.4103,-104.5672,10.3036,NY,-1
scalp_fade_3m_lim,ETHUSDT,3m,-1,STOP,2025-12-09T15:03:00.000Z,2025-12-09T15:44:59.999Z,13,-1.030852,1.3374,1.6846,-103.0852,6.8109,NY,1
scalp_fade_3m_lim,ETHUSDT,3m,-1,TARGET,2025-12-09T19:33:00.000Z,2025-12-09T19:44:59.999Z,3,1.110204,1.8327,0.0358,111.0204,8.1766,NY,1
scalp_fade_3m_lim,ETHUSDT,3m,-1,TIME,2025-12-09T22:12:00.000Z,2025-12-09T23:14:59.999Z,20,-0.009260,0.4467,0.6880,-0.9260,8.3000,LATE,-1
scalp_fade_3m_lim,ETHUSDT,3m,-1,TIME,2025-12-10T03:00:00.000Z,2025-12-10T04:02:59.999Z,20,-0.038839,0.4389,0.4136,-3.8839,17.1979,ASIA,1
scalp_fade_3m_lim,ETHUSDT,3m,-1,STOP,2025-12-10T04:06:00.000Z,2025-12-10T04:20:59.999Z,4,-1.095953,0.4397,0.8197,-109.5953,22.0058,ASIA,-1
scalp_fade_3m_lim,ETHUSDT,3m,-1,STOP,2025-12-10T04:24:00.000Z,2025-12-10T04:41:59.999Z,5,-1.078902,0.2002,1.1010,-107.8902,18.0220,ASIA,1
scalp_fade_3m_lim,ETHUSDT,3m,-1,STOP,2025-12-10T07:48:00.000Z,2025-12-10T08:02:59.999Z,4,-1.099134,0.1347,0.9275,-109.9134,22.7422,LONDON,1
scalp_fade_3m_lim,ETHUSDT,3m,-1,STOP,2025-12-10T09:48:00.000Z,2025-12-10T09:50:59.999Z,0,-1.095729,0.0000,1.3305,-109.5729,22.1366,LONDON,-1
scalp_fade_3m_lim,ETHUSDT,3m,-1,TARGET,2025-12-10T14:33:00.000Z,2025-12-10T14:53:59.999Z,6,1.176199,1.4229,0.0649,117.6199,6.7815,NY,-1
scalp_fade_3m_lim,ETHUSDT,3m,-1,TIME,2025-12-10T15:03:00.000Z,2025-12-10T16:05:59.999Z,20,-0.503911,0.7427,0.5841,-50.3911,9.6489,NY,-1
scalp_fade_3m_lim,ETHUSDT,3m,-1,STOP,2025-12-10T16:06:00.000Z,2025-12-10T16:26:59.999Z,6,-1.045705,0.0604,1.0310,-104.5705,10.3322,NY,-1
scalp_fade_3m_lim,ETHUSDT,3m,-1,STOP,2025-12-10T17:39:00.000Z,2025-12-10T18:32:59.999Z,17,-1.047930,0.2906,1.1823,-104.7930,10.6061,NY,1
scalp_fade_3m_lim,ETHUSDT,3m,-1,TIME,2025-12-10T19:09:00.000Z,2025-12-10T20:11:59.999Z,20,-0.540007,0.3758,0.5688,-54.0007,4.0775,NY,1
scalp_fade_3m_lim,ETHUSDT,3m,-1,TIME,2025-12-10T20:24:00.000Z,2025-12-10T21:26:59.999Z,20,0.547801,1.2734,0.2175,54.7801,4.3469,NY,1
scalp_fade_3m_lim,ETHUSDT,3m,1,STOP,2025-12-11T01:33:00.000Z,2025-12-11T02:05:59.999Z,10,-1.035515,0.0972,1.1662,-103.5515,8.2827,ASIA,-1
scalp_fade_3m_lim,ETHUSDT,3m,1,TARGET,2025-12-11T06:21:00.000Z,2025-12-11T06:38:59.999Z,5,0.970058,1.1995,0.5723,97.0058,11.1518,ASIA,1
scalp_fade_3m_lim,ETHUSDT,3m,1,TIME,2025-12-11T06:42:00.000Z,2025-12-11T07:44:59.999Z,20,-0.388446,0.2585,0.4517,-38.8446,14.6154,ASIA,-1
scalp_fade_3m_lim,ETHUSDT,3m,1,STOP,2025-12-11T08:03:00.000Z,2025-12-11T08:11:59.999Z,2,-1.092949,0.1953,1.5292,-109.2949,21.7069,LONDON,-1
scalp_fade_3m_lim,ETHUSDT,3m,1,TIME,2025-12-11T09:45:00.000Z,2025-12-11T10:47:59.999Z,20,-0.806065,0.4576,0.7570,-80.6065,15.4428,LONDON,1
scalp_fade_3m_lim,ETHUSDT,3m,1,TARGET,2025-12-11T12:09:00.000Z,2025-12-11T12:23:59.999Z,4,0.921962,1.1496,0.2076,92.1962,12.1657,LONDON,1
scalp_fade_3m_lim,ETHUSDT,3m,1,STOP,2025-12-11T13:18:00.000Z,2025-12-11T13:35:59.999Z,5,-1.088052,0.5395,0.8591,-108.8052,20.4471,NY,1
scalp_fade_3m_lim,ETHUSDT,3m,1,STOP,2025-12-11T14:45:00.000Z,2025-12-11T14:50:59.999Z,1,-1.036831,0.1269,1.1432,-103.6831,8.7430,NY,-1
scalp_fade_3m_lim,ETHUSDT,3m,1,TARGET,2025-12-11T17:51:00.000Z,2025-12-11T18:38:59.999Z,15,1.183804,1.3244,0.1976,118.3804,6.6417,NY,1
scalp_fade_3m_lim,ETHUSDT,3m,-1,STOP,2025-12-11T20:12:00.000Z,2025-12-11T21:08:59.999Z,18,-1.042596,0.7773,0.9296,-104.2596,9.3850,NY,-1
scalp_fade_3m_lim,ETHUSDT,3m,-1,TARGET,2025-12-12T00:03:00.000Z,2025-12-12T00:53:59.999Z,16,1.034662,1.7781,0.6594,103.4662,9.7242,ASIA,1
scalp_fade_3m_lim,ETHUSDT,3m,-1,STOP,2025-12-12T01:18:00.000Z,2025-12-12T01:35:59.999Z,5,-1.043010,0.0819,0.9036,-104.3010,9.7310,ASIA,-1
scalp_fade_3m_lim,ETHUSDT,3m,-1,TARGET,2025-12-12T06:36:00.000Z,2025-12-12T07:38:59.999Z,20,0.998787,1.1769,0.0781,99.8787,10.4619,ASIA,-1
scalp_fade_3m_lim,ETHUSDT,3m,-1,TIME,2025-12-12T09:51:00.000Z,2025-12-12T10:53:59.999Z,20,0.239891,0.9817,0.1890,23.9891,16.1508,LONDON,1
scalp_fade_3m_lim,ETHUSDT,3m,1,TARGET,2025-12-12T12:27:00.000Z,2025-12-12T12:56:59.999Z,9,0.886991,1.3148,0.3091,88.6991,12.8792,LONDON,-1
scalp_fade_3m_lim,ETHUSDT,3m,1,STOP,2025-12-12T14:36:00.000Z,2025-12-12T14:53:59.999Z,5,-1.051164,0.7436,0.8402,-105.1164,11.9661,NY,-1
scalp_fade_3m_lim,ETHUSDT,3m,1,STOP,2025-12-12T19:00:00.000Z,2025-12-12T19:47:59.999Z,15,-1.050281,0.1488,0.8647,-105.0281,11.5256,NY,1
scalp_fade_3m_lim,ETHUSDT,3m,1,STOP,2025-12-13T01:39:00.000Z,2025-12-13T01:47:59.999Z,2,-1.118960,0.0553,0.8452,-111.8960,27.7244,ASIA,1
scalp_fade_3m_lim,ETHUSDT,3m,1,TARGET,2025-12-13T03:00:00.000Z,2025-12-13T03:17:59.999Z,5,0.688201,1.0744,0.0539,68.8201,17.0704,ASIA,-1
scalp_fade_3m_lim,ETHUSDT,3m,1,TIME,2025-12-13T04:30:00.000Z,2025-12-13T05:32:59.999Z,20,-0.583420,0.6091,0.3559,-58.3420,31.2489,ASIA,-1
scalp_fade_3m_lim,ETHUSDT,3m,1,TARGET,2025-12-13T07:15:00.000Z,2025-12-13T07:20:59.999Z,1,0.530012,0.8191,0.1172,53.0012,20.4190,LONDON,-1
scalp_fade_3m_lim,ETHUSDT,3m,-1,STOP,2025-12-13T14:42:00.000Z,2025-12-13T15:08:59.999Z,8,-1.067457,0.1842,0.9754,-106.7457,15.2838,NY,1
scalp_fade_3m_lim,ETHUSDT,3m,1,STOP,2025-12-13T20:51:00.000Z,2025-12-13T20:59:59.999Z,2,-1.140003,0.0721,0.5406,-114.0003,32.5924,NY,-1
scalp_fade_3m_lim,ETHUSDT,3m,1,STOP,2025-12-13T21:33:00.000Z,2025-12-13T21:35:59.999Z,0,-1.084363,0.7156,1.4293,-108.4363,19.8027,LATE,-1
scalp_fade_3m_lim,ETHUSDT,3m,-1,TARGET,2025-12-13T23:21:00.000Z,2025-12-14T00:05:59.999Z,14,0.902482,1.0513,0.5010,90.2482,12.5013,LATE,1
scalp_fade_3m_lim,ETHUSDT,3m,-1,STOP,2025-12-14T00:42:00.000Z,2025-12-14T00:47:59.999Z,1,-1.087609,0.0000,0.8538,-108.7609,20.1994,ASIA,1
scalp_fade_3m_lim,ETHUSDT,3m,-1,TIME,2025-12-14T03:09:00.000Z,2025-12-14T04:11:59.999Z,20,-0.151841,0.9098,0.1558,-15.1841,27.2369,ASIA,-1
scalp_fade_3m_lim,ETHUSDT,3m,1,STOP,2025-12-14T09:36:00.000Z,2025-12-14T10:14:59.999Z,12,-1.121245,0.1248,2.3502,-112.1245,27.6803,LONDON,1
scalp_fade_3m_lim,ETHUSDT,3m,1,STOP,2025-12-14T11:06:00.000Z,2025-12-14T11:20:59.999Z,4,-1.082650,0.1697,0.8696,-108.2650,19.2448,LONDON,1
scalp_fade_3m_lim,ETHUSDT,3m,1,STOP,2025-12-14T13:03:00.000Z,2025-12-14T13:05:59.999Z,0,-1.061006,0.0007,0.8282,-106.1006,14.3771,NY,1
scalp_fade_3m_lim,ETHUSDT,3m,1,STOP,2025-12-14T14:27:00.000Z,2025-12-14T14:35:59.999Z,2,-1.080325,0.0078,1.7664,-108.0325,18.7865,NY,1
scalp_fade_3m_lim,ETHUSDT,3m,1,TIME,2025-12-14T16:45:00.000Z,2025-12-14T17:47:59.999Z,20,-0.628395,1.1021,0.7549,-62.8395,13.1975,NY,-1
scalp_fade_3m_lim,ETHUSDT,3m,1,TIME,2025-12-14T18:27:00.000Z,2025-12-14T19:29:59.999Z,20,0.481089,1.1850,0.1218,48.1089,13.3817,NY,1
scalp_fade_3m_lim,ETHUSDT,3m,1,TIME,2025-12-14T20:39:00.000Z,2025-12-14T21:41:59.999Z,20,-0.729051,0.2902,0.7737,-72.9051,12.5950,NY,1
scalp_fade_3m_lim,ETHUSDT,3m,1,STOP,2025-12-14T22:15:00.000Z,2025-12-14T22:32:59.999Z,5,-1.076257,0.5758,2.2364,-107.6257,17.7354,LATE,1
scalp_fade_3m_lim,ETHUSDT,3m,1,TARGET,2025-12-14T23:33:00.000Z,2025-12-15T00:02:59.999Z,9,1.291668,1.8406,0.0802,129.1668,4.3927,LATE,1
scalp_fade_3m_lim,ETHUSDT,3m,-1,TIME,2025-12-15T02:42:00.000Z,2025-12-15T03:44:59.999Z,20,0.100256,0.5884,0.2070,10.0256,10.5759,ASIA,1
scalp_fade_3m_lim,ETHUSDT,3m,-1,TARGET,2025-12-15T04:18:00.000Z,2025-12-15T04:29:59.999Z,3,0.984702,1.1637,0.0470,98.4702,10.8169,ASIA,-1
scalp_fade_3m_lim,ETHUSDT,3m,-1,TIME,2025-12-15T07:06:00.000Z,2025-12-15T08:08:59.999Z,20,-0.426218,0.6053,0.2584,-42.6218,15.7787,LONDON,1
scalp_fade_3m_lim,ETHUSDT,3m,-1,STOP,2025-12-15T08:12:00.000Z,2025-12-15T08:26:59.999Z,4,-1.083427,0.2812,0.8957,-108.3427,19.1064,LONDON,1
scalp_fade_3m_lim,ETHUSDT,3m,-1,STOP,2025-12-15T09:51:00.000Z,2025-12-15T09:53:59.999Z,0,-1.088841,0.0000,1.3715,-108.8841,20.5290,LONDON,1
scalp_fade_3m_lim,ETHUSDT,3m,-1,TARGET,2025-12-15T12:54:00.000Z,2025-12-15T13:05:59.999Z,3,0.939533,1.5480,0.3045,93.9533,11.7671,LONDON,1
scalp_fade_3m_lim,ETHUSDT,3m,1,TIME,2025-12-15T19:15:00.000Z,2025-12-15T20:17:59.999Z,20,-0.586608,0.8069,0.5123,-58.6608,6.9873,NY,1
scalp_fade_3m_lim,ETHUSDT,3m,1,TIME,2025-12-15T21:00:00.000Z,2025-12-15T22:02:59.999Z,20,0.433726,0.9614,0.4868,43.3726,10.4070,LATE,1
scalp_fade_3m_lim,ETHUSDT,3m,1,STOP,2025-12-16T02:51:00.000Z,2025-12-16T03:11:59.999Z,6,-1.057460,0.1620,1.0260,-105.7460,13.3862,ASIA,1
scalp_fade_3m_lim,ETHUSDT,3m,1,STOP,2025-12-16T07:15:00.000Z,2025-12-16T07:38:59.999Z,7,-1.073214,0.1631,0.8993,-107.3214,16.9658,LONDON,1
scalp_fade_3m_lim,ETHUSDT,3m,1,TARGET,2025-12-16T10:18:00.000Z,2025-12-16T10:41:59.999Z,7,0.964398,2.3547,0.1335,96.4398,11.2633,LONDON,-1
scalp_fade_3m_lim,ETHUSDT,3m,1,TARGET,2025-12-16T11:03:00.000Z,2025-12-16T11:32:59.999Z,9,1.173043,1.3122,0.0758,117.3043,6.8804,LONDON,1
scalp_fade_3m_lim,ETHUSDT,3m,-1,STOP,2025-12-16T12:48:00.000Z,2025-12-16T13:29:59.999Z,13,-1.073417,0.8070,1.7403,-107.3417,16.4836,LONDON,-1
scalp_fade_3m_lim,ETHUSDT,3m,-1,TARGET,2025-12-16T13:33:00.000Z,2025-12-16T13:35:59.999Z,0,1.284136,1.4338,0.0189,128.4136,4.5220,NY,1
scalp_fade_3m_lim,ETHUSDT,3m,-1,TARGET,2025-12-16T17:09:00.000Z,2025-12-16T17:59:59.999Z,16,1.242495,1.5011,0.2334,124.2495,5.3705,NY,-1
scalp_fade_3m_lim,ETHUSDT,3m,1,TARGET,2025-12-16T19:39:00.000Z,2025-12-16T19:53:59.999Z,4,1.185333,1.2755,0.1177,118.5333,6.6335,NY,-1
scalp_fade_3m_lim,ETHUSDT,3m,-1,TIME,2025-12-16T20:54:00.000Z,2025-12-16T21:56:59.999Z,20,-0.087463,0.9445,0.3024,-8.7463,12.5971,NY,1
scalp_fade_3m_lim,ETHUSDT,3m,-1,STOP,2025-12-16T23:21:00.000Z,2025-12-16T23:47:59.999Z,8,-1.087768,0.4390,0.9877,-108.7768,19.9468,LATE,-1
scalp_fade_3m_lim,ETHUSDT,3m,1,STOP,2025-12-17T05:12:00.000Z,2025-12-17T05:23:59.999Z,3,-1.058293,0.2731,1.0397,-105.8293,13.6615,ASIA,-1
scalp_fade_3m_lim,ETHUSDT,3m,1,TARGET,2025-12-17T12:45:00.000Z,2025-12-17T13:08:59.999Z,7,1.036483,1.2286,0.1324,103.6483,9.7506,LONDON,-1
scalp_fade_3m_lim,ETHUSDT,3m,1,TARGET,2025-12-17T13:09:00.000Z,2025-12-17T13:47:59.999Z,12,1.084216,1.4662,0.6751,108.4216,8.7346,NY,-1
scalp_fade_3m_lim,ETHUSDT,3m,-1,TARGET,2025-12-17T14:33:00.000Z,2025-12-17T14:38:59.999Z,1,1.150810,1.2381,0.1624,115.0810,7.3272,NY,-1
scalp_fade_3m_lim,ETHUSDT,3m,1,TARGET,2025-12-17T21:36:00.000Z,2025-12-17T22:29:59.999Z,17,1.113854,1.4135,0.4222,111.3854,8.1005,LATE,-1
scalp_fade_3m_lim,ETHUSDT,3m,1,TIME,2025-12-17T23:09:00.000Z,2025-12-18T00:11:59.999Z,20,0.295420,0.8943,0.4099,29.5420,14.5858,LATE,1
scalp_fade_3m_lim,ETHUSDT,3m,1,TARGET,2025-12-18T01:54:00.000Z,2025-12-18T02:17:59.999Z,7,1.049358,1.2605,0.3482,104.9358,9.4804,ASIA,1
scalp_fade_3m_lim,ETHUSDT,3m,1,TIME,2025-12-18T05:48:00.000Z,2025-12-18T06:50:59.999Z,20,-0.102052,0.6120,0.3200,-10.2052,17.8305,ASIA,1
scalp_fade_3m_lim,ETHUSDT,3m,-1,STOP,2025-12-18T10:03:00.000Z,2025-12-18T10:29:59.999Z,8,-1.091063,0.1108,0.8282,-109.1063,20.7031,LONDON,-1
scalp_fade_3m_lim,ETHUSDT,3m,-1,STOP,2025-12-18T12:18:00.000Z,2025-12-18T12:32:59.999Z,4,-1.100513,0.1025,1.5072,-110.0513,23.0614,LONDON,1
scalp_fade_3m_lim,ETHUSDT,3m,1,TIME,2025-12-18T20:03:00.000Z,2025-12-18T21:05:59.999Z,20,-0.274424,0.2789,0.8418,-27.4424,6.1782,NY,1
scalp_fade_3m_lim,ETHUSDT,3m,1,TARGET,2025-12-18T23:42:00.000Z,2025-12-19T00:02:59.999Z,6,1.018648,1.3665,0.2459,101.8648,10.1282,LATE,-1
scalp_fade_3m_lim,ETHUSDT,3m,1,STOP,2025-12-19T00:06:00.000Z,2025-12-19T00:41:59.999Z,11,-1.059722,0.4026,0.9197,-105.9722,13.7636,ASIA,-1
scalp_fade_3m_lim,ETHUSDT,3m,1,TARGET,2025-12-19T02:15:00.000Z,2025-12-19T02:35:59.999Z,6,1.125753,1.2218,0.1917,112.5753,7.8798,ASIA,-1
scalp_fade_3m_lim,ETHUSDT,3m,-1,TIME,2025-12-19T05:12:00.000Z,2025-12-19T06:14:59.999Z,20,-0.218190,0.5288,0.5570,-21.8190,13.1035,ASIA,-1
scalp_fade_3m_lim,ETHUSDT,3m,-1,TIME,2025-12-19T07:33:00.000Z,2025-12-19T08:35:59.999Z,20,-0.144171,0.4517,0.7094,-14.4171,8.6478,LONDON,1
scalp_fade_3m_lim,ETHUSDT,3m,-1,TIME,2025-12-19T09:33:00.000Z,2025-12-19T10:35:59.999Z,20,0.293620,0.8132,0.5454,29.3620,17.0322,LONDON,1
scalp_fade_3m_lim,ETHUSDT,3m,-1,STOP,2025-12-19T11:24:00.000Z,2025-12-19T11:32:59.999Z,2,-1.072202,0.0160,1.0391,-107.2202,16.5765,LONDON,1
scalp_fade_3m_lim,ETHUSDT,3m,-1,TARGET,2025-12-19T12:03:00.000Z,2025-12-19T12:08:59.999Z,1,1.013884,1.5649,0.2943,101.3884,10.2097,LONDON,1
scalp_fade_3m_lim,ETHUSDT,3m,-1,TIME,2025-12-19T12:12:00.000Z,2025-12-19T13:14:59.999Z,20,-0.060606,0.6725,0.1250,-6.0606,10.9387,LONDON,1
scalp_fade_3m_lim,ETHUSDT,3m,-1,STOP,2025-12-19T13:39:00.000Z,2025-12-19T14:14:59.999Z,11,-1.063544,0.5558,1.0174,-106.3544,14.2978,NY,1
scalp_fade_3m_lim,ETHUSDT,3m,-1,TIME,2025-12-19T14:45:00.000Z,2025-12-19T15:47:59.999Z,20,0.857125,1.1993,0.7427,85.7125,6.0264,NY,-1
scalp_fade_3m_lim,ETHUSDT,3m,-1,TARGET,2025-12-19T17:09:00.000Z,2025-12-19T17:35:59.999Z,8,1.260165,1.5140,0.2172,126.0165,5.0135,NY,1
scalp_fade_3m_lim,ETHUSDT,3m,-1,STOP,2025-12-20T02:18:00.000Z,2025-12-20T02:38:59.999Z,6,-1.130721,0.3483,0.6006,-113.0721,29.9302,ASIA,-1
scalp_fade_3m_lim,ETHUSDT,3m,-1,TIME,2025-12-20T05:42:00.000Z,2025-12-20T06:44:59.999Z,20,-0.081497,0.7873,0.2535,-8.1497,26.7371,ASIA,1
scalp_fade_3m_lim,ETHUSDT,3m,-1,STOP,2025-12-20T07:33:00.000Z,2025-12-20T08:05:59.999Z,10,-1.110479,0.2314,0.6498,-111.0479,25.0580,LONDON,-1
scalp_fade_3m_lim,ETHUSDT,3m,-1,STOP,2025-12-20T08:15:00.000Z,2025-12-20T08:23:59.999Z,2,-1.120583,0.0013,0.8582,-112.0583,27.8219,LONDON,1
scalp_fade_3m_lim,ETHUSDT,3m,-1,TARGET,2025-12-20T09:33:00.000Z,2025-12-20T10:20:59.999Z,15,0.569026,0.8560,0.2548,56.9026,19.4847,LONDON,1
scalp_fade_3m_lim,ETHUSDT,3m,1,TARGET,2025-12-20T11:03:00.000Z,2025-12-20T11:23:59.999Z,6,0.602057,1.4252,0.2850,60.2057,18.8732,LONDON,-1
scalp_fade_3m_lim,ETHUSDT,3m,-1,TARGET,2025-12-20T13:06:00.000Z,2025-12-20T13:08:59.999Z,0,0.576029,2.4424,0.1155,57.6029,19.4334,NY,-1
scalp_fade_3m_lim,ETHUSDT,3m,1,TIME,2025-12-20T15:21:00.000Z,2025-12-20T16:23:59.999Z,20,0.163934,0.7752,0.1994,16.3934,23.3195,NY,1
scalp_fade_3m_lim,ETHUSDT,3m,1,TARGET,2025-12-20T16:39:00.000Z,2025-12-20T17:08:59.999Z,9,0.556348,0.8537,0.2296,55.6348,19.8132,NY,1
scalp_fade_3m_lim,ETHUSDT,3m,1,TIME,2025-12-20T17:09:00.000Z,2025-12-20T18:11:59.999Z,20,-0.787526,0.6176,0.4865,-78.7526,32.8827,NY,-1
scalp_fade_3m_lim,ETHUSDT,3m,1,TIME,2025-12-20T19:03:00.000Z,2025-12-20T20:05:59.999Z,20,-0.334424,0.6220,0.0474,-33.4424,30.8463,NY,-1
scalp_fade_3m_lim,ETHUSDT,3m,1,TIME,2025-12-20T23:24:00.000Z,2025-12-21T00:26:59.999Z,20,0.182725,0.7259,0.4696,18.2725,28.8695,LATE,1
scalp_fade_3m_lim,ETHUSDT,3m,1,STOP,2025-12-21T00:36:00.000Z,2025-12-21T01:14:59.999Z,12,-1.150123,0.3667,0.5805,-115.0123,34.2258,ASIA,-1
scalp_fade_3m_lim,ETHUSDT,3m,-1,STOP,2025-12-21T07:39:00.000Z,2025-12-21T07:50:59.999Z,3,-1.185095,0.2377,1.0100,-118.5095,42.7280,LONDON,1
scalp_fade_3m_lim,ETHUSDT,3m,-1,STOP,2025-12-21T12:03:00.000Z,2025-12-21T12:11:59.999Z,2,-1.139474,0.2515,0.5598,-113.9474,32.2129,LONDON,1
scalp_fade_3m_lim,ETHUSDT,3m,1,TIME,2025-12-21T14:39:00.000Z,2025-12-21T15:41:59.999Z,20,0.103245,0.6806,0.0309,10.3245,11.6585,NY,1
scalp_fade_3m_lim,ETHUSDT,3m,-1,STOP,2025-12-21T22:15:00.000Z,2025-12-21T22:44:59.999Z,9,-1.096233,0.4509,0.7963,-109.6233,21.8454,LATE,-1
scalp_fade_3m_lim,ETHUSDT,3m,-1,STOP,2025-12-22T03:09:00.000Z,2025-12-22T03:26:59.999Z,5,-1.056717,0.2180,0.8305,-105.6717,12.8972,ASIA,1
scalp_fade_3m_lim,ETHUSDT,3m,-1,TIME,2025-12-22T05:12:00.000Z,2025-12-22T06:14:59.999Z,20,0.342322,0.8972,0.2148,34.2322,16.1511,ASIA,1
scalp_fade_3m_lim,ETHUSDT,3m,-1,STOP,2025-12-22T08:03:00.000Z,2025-12-22T08:20:59.999Z,5,-1.097321,0.4652,1.7852,-109.7321,22.2765,LONDON,-1
scalp_fade_3m_lim,ETHUSDT,3m,-1,TIME,2025-12-22T10:15:00.000Z,2025-12-22T11:17:59.999Z,20,-0.204563,0.2931,0.6214,-20.4563,18.2198,LONDON,-1
scalp_fade_3m_lim,ETHUSDT,3m,-1,STOP,2025-12-22T11:39:00.000Z,2025-12-22T11:50:59.999Z,3,-1.081067,0.0784,1.2133,-108.1067,18.5985,LONDON,1
scalp_fade_3m_lim,ETHUSDT,3m,-1,STOP,2025-12-22T13:21:00.000Z,2025-12-22T14:20:59.999Z,19,-1.068896,0.5888,0.8536,-106.8896,15.2709,NY,1
scalp_fade_3m_lim,ETHUSDT,3m,-1,TARGET,2025-12-22T14:48:00.000Z,2025-12-22T15:38:59.999Z,16,1.304810,1.4580,0.2981,130.4810,4.0651,NY,-1
scalp_fade_3m_lim,ETHUSDT,3m,-1,TIME,2025-12-22T15:57:00.000Z,2025-12-22T16:59:59.999Z,20,0.286143,0.6640,0.2212,28.6143,8.5919,NY,-1
scalp_fade_3m_lim,ETHUSDT,3m,1,STOP,2025-12-22T18:21:00.000Z,2025-12-22T18:59:59.999Z,12,-1.064767,0.5540,1.4688,-106.4767,14.8793,NY,1
scalp_fade_3m_lim,ETHUSDT,3m,1,TARGET,2025-12-22T22:06:00.000Z,2025-12-22T22:47:59.999Z,13,0.974758,1.2933,0.2830,97.4758,11.0242,LATE,-1
scalp_fade_3m_lim,ETHUSDT,3m,-1,TARGET,2025-12-23T02:09:00.000Z,2025-12-23T02:38:59.999Z,9,1.067903,1.4806,0.2936,106.7903,9.0486,ASIA,-1
scalp_fade_3m_lim,ETHUSDT,3m,1,STOP,2025-12-23T08:48:00.000Z,2025-12-23T09:17:59.999Z,9,-1.100155,0.2682,0.8324,-110.0155,23.0402,LONDON,1
scalp_fade_3m_lim,ETHUSDT,3m,1,TARGET,2025-12-23T10:57:00.000Z,2025-12-23T11:20:59.999Z,7,0.792901,1.1551,0.4080,79.2901,14.8621,LONDON,1
scalp_fade_3m_lim,ETHUSDT,3m,1,STOP,2025-12-23T12:03:00.000Z,2025-12-23T12:17:59.999Z,4,-1.105774,0.6327,1.4160,-110.5774,24.5721,LONDON,1
scalp_fade_3m_lim,ETHUSDT,3m,1,STOP,2025-12-23T13:33:00.000Z,2025-12-23T13:38:59.999Z,1,-1.079489,0.4557,2.5032,-107.9489,18.6319,NY,-1
scalp_fade_3m_lim,ETHUSDT,3m,1,STOP,2025-12-23T14:03:00.000Z,2025-12-23T14:17:59.999Z,4,-1.046978,0.1218,0.8463,-104.6978,11.0264,NY,1
scalp_fade_3m_lim,ETHUSDT,3m,1,STOP,2025-12-23T14:42:00.000Z,2025-12-23T14:53:59.999Z,3,-1.039118,0.1136,0.9344,-103.9118,9.2348,NY,-1
scalp_fade_3m_lim,ETHUSDT,3m,-1,STOP,2025-12-23T23:30:00.000Z,2025-12-23T23:44:59.999Z,4,-1.075377,0.1079,0.9678,-107.5377,17.2431,LATE,-1
scalp_fade_3m_lim,ETHUSDT,3m,1,STOP,2025-12-24T05:27:00.000Z,2025-12-24T05:35:59.999Z,2,-1.076031,0.0772,0.9248,-107.6031,17.7933,ASIA,-1
scalp_fade_3m_lim,ETHUSDT,3m,1,STOP,2025-12-24T07:57:00.000Z,2025-12-24T08:23:59.999Z,8,-1.098185,0.5024,0.6891,-109.8185,22.6372,LONDON,1
scalp_fade_3m_lim,ETHUSDT,3m,1,STOP,2025-12-24T08:30:00.000Z,2025-12-24T08:35:59.999Z,1,-1.067931,0.2213,0.9982,-106.7931,15.9525,LONDON,-1
scalp_fade_3m_lim,ETHUSDT,3m,1,TARGET,2025-12-24T11:57:00.000Z,2025-12-24T12:17:59.999Z,6,0.848868,1.1174,0.2957,84.8868,13.6922,LONDON,-1
scalp_fade_3m_lim,ETHUSDT,3m,1,STOP,2025-12-24T13:33:00.000Z,2025-12-24T14:32:59.999Z,19,-1.103465,0.9601,0.8096,-110.3465,23.3194,NY,1
scalp_fade_3m_lim,ETHUSDT,3m,1,STOP,2025-12-24T14:33:00.000Z,2025-12-24T14:35:59.999Z,0,-1.078910,0.0181,1.2968,-107.8910,18.5361,NY,1
scalp_fade_3m_lim,ETHUSDT,3m,1,TIME,2025-12-24T14:54:00.000Z,2025-12-24T15:56:59.999Z,20,0.275675,0.7373,0.3969,27.5675,8.0828,NY,-1
scalp_fade_3m_lim,ETHUSDT,3m,-1,STOP,2025-12-24T22:00:00.000Z,2025-12-24T22:11:59.999Z,3,-1.115600,0.1364,1.4436,-111.5600,26.6085,LATE,1
scalp_fade_3m_lim,ETHUSDT,3m,-1,TARGET,2025-12-25T00:18:00.000Z,2025-12-25T00:56:59.999Z,12,0.849219,1.0834,0.0463,84.9219,13.6267,ASIA,-1
scalp_fade_3m_lim,ETHUSDT,3m,-1,STOP,2025-12-25T01:21:00.000Z,2025-12-25T01:50:59.999Z,9,-1.116962,0.4432,0.7305,-111.6962,26.5946,ASIA,-1
scalp_fade_3m_lim,ETHUSDT,3m,1,TIME,2025-12-25T05:36:00.000Z,2025-12-25T06:38:59.999Z,20,-0.616352,0.5375,0.4262,-61.6352,30.1184,ASIA,-1
scalp_fade_3m_lim,ETHUSDT,3m,1,STOP,2025-12-25T08:15:00.000Z,2025-12-25T08:17:59.999Z,0,-1.122073,0.0278,2.2999,-112.2073,28.5628,LONDON,1
scalp_fade_3m_lim,ETHUSDT,3m,1,STOP,2025-12-25T10:06:00.000Z,2025-12-25T10:11:59.999Z,1,-1.139824,0.1978,0.8391,-113.9824,32.6184,LONDON,-1
scalp_fade_3m_lim,ETHUSDT,3m,1,STOP,2025-12-25T13:18:00.000Z,2025-12-25T13:20:59.999Z,0,-1.148635,0.0578,0.6646,-114.8635,34.7330,NY,1
scalp_fade_3m_lim,ETHUSDT,3m,1,TARGET,2025-12-25T14:27:00.000Z,2025-12-25T15:14:59.999Z,15,0.970254,1.1824,0.2560,97.0254,11.1113,NY,1
scalp_fade_3m_lim,ETHUSDT,3m,-1,STOP,2025-12-25T17:51:00.000Z,2025-12-25T18:02:59.999Z,3,-1.097422,0.1330,0.6888,-109.7422,22.3921,NY,-1
scalp_fade_3m_lim,ETHUSDT,3m,-1,TARGET,2025-12-25T18:42:00.000Z,2025-12-25T19:17:59.999Z,11,0.969543,1.1037,0.1315,96.9543,11.1065,NY,1
scalp_fade_3m_lim,ETHUSDT,3m,1,TARGET,2025-12-26T16:57:00.000Z,2025-12-26T17:29:59.999Z,10,1.114066,1.8223,0.1794,111.4066,8.1145,NY,-1
scalp_fade_3m_lim,ETHUSDT,3m,1,TARGET,2025-12-26T20:06:00.000Z,2025-12-26T20:41:59.999Z,11,0.822285,1.0344,0.0802,82.2285,14.2269,NY,1
scalp_fade_3m_lim,ETHUSDT,3m,1,TARGET,2025-12-26T22:24:00.000Z,2025-12-26T23:02:59.999Z,12,0.775600,1.0629,0.5373,77.5600,15.2003,LATE,-1
scalp_fade_3m_lim,ETHUSDT,3m,1,STOP,2025-12-26T23:24:00.000Z,2025-12-27T00:23:59.999Z,19,-1.113123,0.3113,0.7347,-111.3123,25.4778,LATE,1
scalp_fade_3m_lim,ETHUSDT,3m,1,TARGET,2025-12-27T03:06:00.000Z,2025-12-27T03:26:59.999Z,6,0.496073,0.8668,0.1694,49.6073,21.0979,ASIA,-1
scalp_fade_3m_lim,ETHUSDT,3m,1,STOP,2025-12-27T13:06:00.000Z,2025-12-27T13:35:59.999Z,9,-1.163792,0.2972,0.6017,-116.3792,37.5520,NY,1
scalp_fade_3m_lim,ETHUSDT,3m,1,TIME,2025-12-27T18:21:00.000Z,2025-12-27T19:23:59.999Z,20,-0.528820,0.3458,0.2790,-52.8820,40.2248,NY,1
scalp_fade_3m_lim,ETHUSDT,3m,-1,STOP,2025-12-27T21:06:00.000Z,2025-12-27T21:14:59.999Z,2,-1.186297,0.0756,0.3969,-118.6297,43.0959,LATE,-1
scalp_fade_3m_lim,ETHUSDT,3m,-1,STOP,2025-12-27T22:15:00.000Z,2025-12-27T22:17:59.999Z,0,-1.088763,0.1142,0.8201,-108.8763,20.5108,LATE,1
scalp_fade_3m_lim,ETHUSDT,3m,-1,STOP,2025-12-27T23:18:00.000Z,2025-12-27T23:47:59.999Z,9,-1.092566,0.0153,2.2414,-109.2566,21.0054,LATE,1
scalp_fade_3m_lim,ETHUSDT,3m,-1,TIME,2025-12-27T23:48:00.000Z,2025-12-28T00:50:59.999Z,20,0.119880,0.9713,0.0765,11.9880,17.0033,LATE,1
scalp_fade_3m_lim,ETHUSDT,3m,-1,STOP,2025-12-28T02:18:00.000Z,2025-12-28T02:32:59.999Z,4,-1.153148,0.0273,0.6491,-115.3148,35.2449,ASIA,-1
scalp_fade_3m_lim,ETHUSDT,3m,-1,TARGET,2025-12-28T03:03:00.000Z,2025-12-28T03:17:59.999Z,4,0.410508,0.7424,0.2604,41.0508,22.8889,ASIA,1
scalp_fade_3m_lim,ETHUSDT,3m,-1,STOP,2025-12-28T04:12:00.000Z,2025-12-28T04:14:59.999Z,0,-1.165583,0.0019,0.5666,-116.5583,38.4409,ASIA,-1
scalp_fade_3m_lim,ETHUSDT,3m,-1,TIME,2025-12-28T05:54:00.000Z,2025-12-28T06:56:59.999Z,20,-1.004561,0.8945,0.5096,-100.4561,28.2133,ASIA,-1
scalp_fade_3m_lim,ETHUSDT,3m,-1,TARGET,2025-12-28T12:00:00.000Z,2025-12-28T12:41:59.999Z,13,0.638061,1.0421,0.2026,63.8061,18.0499,LONDON,-1
scalp_fade_3m_lim,ETHUSDT,3m,-1,STOP,2025-12-28T14:03:00.000Z,2025-12-28T14:11:59.999Z,2,-1.160296,0.0018,0.6563,-116.0296,37.0525,NY,1
scalp_fade_3m_lim,ETHUSDT,3m,-1,TARGET,2025-12-28T17:12:00.000Z,2025-12-28T18:05:59.999Z,17,0.674075,1.1177,0.4885,67.4075,17.2721,NY,-1
scalp_fade_3m_lim,ETHUSDT,3m,1,STOP,2025-12-28T21:03:00.000Z,2025-12-28T21:05:59.999Z,0,-1.131859,0.0000,0.5914,-113.1859,30.8359,LATE,-1
scalp_fade_3m_lim,ETHUSDT,3m,-1,STOP,2025-12-28T23:09:00.000Z,2025-12-28T23:53:59.999Z,14,-1.077070,0.2911,0.8490,-107.7070,17.2788,LATE,1
scalp_fade_3m_lim,ETHUSDT,3m,-1,STOP,2025-12-29T00:24:00.000Z,2025-12-29T00:32:59.999Z,2,-1.088739,0.0128,2.0983,-108.8739,20.4204,ASIA,-1
scalp_fade_3m_lim,ETHUSDT,3m,-1,TIME,2025-12-29T05:39:00.000Z,2025-12-29T06:41:59.999Z,20,-0.104979,0.6302,0.4490,-10.4979,18.7949,ASIA,-1
scalp_fade_3m_lim,ETHUSDT,3m,-1,TIME,2025-12-29T08:12:00.000Z,2025-12-29T09:14:59.999Z,20,0.409171,0.9595,0.4781,40.9171,17.6041,LONDON,-1
scalp_fade_3m_lim,ETHUSDT,3m,1,STOP,2025-12-29T10:12:00.000Z,2025-12-29T10:59:59.999Z,15,-1.043737,0.0169,0.9411,-104.3737,10.0514,LONDON,-1
scalp_fade_3m_lim,ETHUSDT,3m,1,STOP,2025-12-29T11:45:00.000Z,2025-12-29T12:02:59.999Z,5,-1.088752,0.1334,1.2528,-108.8752,20.6081,LONDON,-1
scalp_fade_3m_lim,ETHUSDT,3m,1,TIME,2025-12-29T14:57:00.000Z,2025-12-29T15:59:59.999Z,20,-0.257449,0.5824,0.7887,-25.7449,8.9716,NY,1
scalp_fade_3m_lim,ETHUSDT,3m,1,TIME,2025-12-29T16:27:00.000Z,2025-12-29T17:29:59.999Z,20,0.109119,1.0261,0.0820,10.9119,12.8218,NY,-1
scalp_fade_3m_lim,ETHUSDT,3m,1,TIME,2025-12-29T20:57:00.000Z,2025-12-29T21:59:59.999Z,20,0.285564,0.8387,0.1568,28.5564,20.3753,NY,-1
scalp_fade_3m_lim,ETHUSDT,3m,1,TARGET,2025-12-29T22:12:00.000Z,2025-12-29T22:32:59.999Z,6,0.800284,0.9889,0.1604,80.0284,14.7120,LATE,1
scalp_fade_3m_lim,ETHUSDT,3m,1,TIME,2025-12-29T23:03:00.000Z,2025-12-30T00:05:59.999Z,20,-0.460564,0.7925,0.5493,-46.0564,22.6111,LATE,1
scalp_fade_3m_lim,ETHUSDT,3m,1,STOP,2025-12-30T00:33:00.000Z,2025-12-30T01:35:59.999Z,20,-1.099900,0.4233,0.8740,-109.9900,22.4776,ASIA,1
scalp_fade_3m_lim,ETHUSDT,3m,1,STOP,2025-12-30T02:03:00.000Z,2025-12-30T02:35:59.999Z,10,-1.096151,0.5387,1.2552,-109.6151,22.0821,ASIA,-1
scalp_fade_3m_lim,ETHUSDT,3m,-1,STOP,2025-12-30T08:03:00.000Z,2025-12-30T08:05:59.999Z,0,-1.080373,0.0018,1.0330,-108.0373,18.5526,LONDON,1
scalp_fade_3m_lim,ETHUSDT,3m,-1,STOP,2025-12-30T09:48:00.000Z,2025-12-30T09:50:59.999Z,0,-1.086047,0.0200,0.7532,-108.6047,19.8768,LONDON,-1
scalp_fade_3m_lim,ETHUSDT,3m,-1,STOP,2025-12-30T12:00:00.000Z,2025-12-30T12:23:59.999Z,7,-1.091069,0.0745,0.7101,-109.1069,20.7470,LONDON,1
scalp_fade_3m_lim,ETHUSDT,3m,-1,STOP,2025-12-30T13:06:00.000Z,2025-12-30T13:26:59.999Z,6,-1.101365,0.6670,0.6925,-110.1365,23.1630,NY,1
scalp_fade_3m_lim,ETHUSDT,3m,-1,STOP,2025-12-30T14:51:00.000Z,2025-12-30T14:53:59.999Z,0,-1.042437,0.0453,1.1813,-104.2437,9.6981,NY,-1
scalp_fade_3m_lim,ETHUSDT,3m,-1,TIME,2025-12-30T16:21:00.000Z,2025-12-30T17:23:59.999Z,20,0.304298,0.8780,0.2558,30.4298,12.2810,NY,1
scalp_fade_3m_lim,ETHUSDT,3m,1,STOP,2025-12-31T00:03:00.000Z,2025-12-31T00:20:59.999Z,5,-1.115948,0.0013,0.9800,-111.5948,26.8609,ASIA,1
scalp_fade_3m_lim,ETHUSDT,3m,-1,TARGET,2025-12-31T02:54:00.000Z,2025-12-31T03:38:59.999Z,14,0.899774,1.3727,0.4794,89.9774,12.5580,ASIA,1
scalp_fade_3m_lim,ETHUSDT,3m,-1,TIME,2025-12-31T07:27:00.000Z,2025-12-31T08:29:59.999Z,20,-0.661856,0.5124,0.5311,-66.1856,29.9928,LONDON,-1
scalp_fade_3m_lim,ETHUSDT,3m,-1,STOP,2025-12-31T10:24:00.000Z,2025-12-31T11:08:59.999Z,14,-1.124343,0.4011,0.7513,-112.4343,27.9995,LONDON,1
scalp_fade_3m_lim,ETHUSDT,3m,-1,TARGET,2025-12-31T14:33:00.000Z,2025-12-31T14:47:59.999Z,4,1.116386,1.5748,0.1140,111.6386,8.0439,NY,1
scalp_fade_3m_lim,ETHUSDT,3m,1,TIME,2025-12-31T18:48:00.000Z,2025-12-31T19:50:59.999Z,20,-0.480127,0.7901,0.2311,-48.0127,20.5372,NY,1
scalp_fade_3m_lim,ETHUSDT,3m,1,STOP,2025-12-31T20:30:00.000Z,2025-12-31T20:38:59.999Z,2,-1.093320,0.4557,0.8138,-109.3320,21.7928,NY,-1
scalp_fade_3m_lim,ETHUSDT,3m,1,TARGET,2026-01-01T04:45:00.000Z,2026-01-01T05:08:59.999Z,7,0.765892,0.9708,0.0402,76.5892,15.4289,ASIA,-1
scalp_fade_3m_lim,ETHUSDT,3m,-1,TIME,2026-01-01T11:36:00.000Z,2026-01-01T12:38:59.999Z,20,-0.251576,0.5993,0.5267,-25.1576,32.2761,LONDON,-1
scalp_fade_3m_lim,ETHUSDT,3m,-1,STOP,2026-01-01T12:54:00.000Z,2026-01-01T13:08:59.999Z,4,-1.162364,0.0679,0.6970,-116.2364,37.3781,LONDON,1
scalp_fade_3m_lim,ETHUSDT,3m,-1,TARGET,2026-01-01T13:18:00.000Z,2026-01-01T13:32:59.999Z,4,0.568714,0.9605,0.1869,56.8714,19.5617,NY,1
scalp_fade_3m_lim,ETHUSDT,3m,-1,STOP,2026-01-01T14:51:00.000Z,2026-01-01T15:41:59.999Z,16,-1.126641,0.6084,0.9139,-112.6641,28.4059,NY,-1
scalp_fade_3m_lim,ETHUSDT,3m,-1,STOP,2026-01-01T22:15:00.000Z,2026-01-01T22:53:59.999Z,12,-1.155553,0.7361,0.7059,-115.5553,35.2200,LATE,1
scalp_fade_3m_lim,ETHUSDT,3m,-1,STOP,2026-01-01T22:54:00.000Z,2026-01-01T22:59:59.999Z,1,-1.121712,0.0013,0.6610,-112.1712,28.1426,LATE,1
scalp_fade_3m_lim,ETHUSDT,3m,-1,STOP,2026-01-01T23:06:00.000Z,2026-01-01T23:20:59.999Z,4,-1.086074,0.0000,0.9203,-108.6074,19.7192,LATE,1
scalp_fade_3m_lim,ETHUSDT,3m,-1,STOP,2026-01-02T02:51:00.000Z,2026-01-02T03:08:59.999Z,5,-1.115939,0.3436,0.8678,-111.5939,26.5773,ASIA,-1
scalp_fade_3m_lim,ETHUSDT,3m,-1,STOP,2026-01-02T08:09:00.000Z,2026-01-02T08:53:59.999Z,14,-1.100353,0.2011,1.0236,-110.0353,22.5591,LONDON,-1
scalp_fade_3m_lim,ETHUSDT,3m,-1,STOP,2026-01-02T14:39:00.000Z,2026-01-02T14:50:59.999Z,3,-1.035811,0.2075,2.3817,-103.5811,8.1012,NY,-1
scalp_fade_3m_lim,ETHUSDT,3m,-1,STOP,2026-01-02T21:54:00.000Z,2026-01-02T22:05:59.999Z,3,-1.085445,0.2957,1.2863,-108.5445,19.6140,LATE,1
scalp_fade_3m_lim,ETHUSDT,3m,-1,STOP,2026-01-03T00:03:00.000Z,2026-01-03T00:53:59.999Z,16,-1.099398,0.6331,0.7112,-109.9398,22.2525,ASIA,-1
scalp_fade_3m_lim,ETHUSDT,3m,1,TIME,2026-01-03T07:42:00.000Z,2026-01-03T08:44:59.999Z,20,0.182460,0.7752,0.6312,18.2460,13.6265,LONDON,1
scalp_fade_3m_lim,ETHUSDT,3m,1,STOP,2026-01-03T10:57:00.000Z,2026-01-03T11:11:59.999Z,4,-1.114390,0.0405,0.7836,-111.4390,26.5573,LONDON,1
scalp_fade_3m_lim,ETHUSDT,3m,-1,STOP,2026-01-03T22:39:00.000Z,2026-01-03T23:20:59.999Z,13,-1.107564,0.3545,0.7223,-110.7564,24.2434,LATE,1
scalp_fade_3m_lim,ETHUSDT,3m,-1,STOP,2026-01-04T03:12:00.000Z,2026-01-04T03:56:59.999Z,14,-1.113657,0.4305,0.6625,-111.3657,25.5760,ASIA,-1
scalp_fade_3m_lim,ETHUSDT,3m,-1,STOP,2026-01-04T06:18:00.000Z,2026-01-04T06:23:59.999Z,1,-1.099951,0.0522,1.0430,-109.9951,23.0740,ASIA,1
scalp_fade_3m_lim,ETHUSDT,3m,-1,TIME,2026-01-04T09:33:00.000Z,2026-01-04T10:35:59.999Z,20,-0.616604,0.0320,0.7095,-61.6604,19.0342,LONDON,-1
scalp_fade_3m_lim,ETHUSDT,3m,1,STOP,2026-01-04T14:06:00.000Z,2026-01-04T14:26:59.999Z,6,-1.131097,0.7928,0.5759,-113.1097,30.2816,NY,1
scalp_fade_3m_lim,ETHUSDT,3m,1,TIME,2026-01-04T15:54:00.000Z,2026-01-04T16:56:59.999Z,20,0.072111,0.5387,0.2313,7.2111,17.9356,NY,-1
scalp_fade_3m_lim,ETHUSDT,3m,1,STOP,2026-01-04T17:15:00.000Z,2026-01-04T18:11:59.999Z,18,-1.114862,0.6600,0.6376,-111.4862,25.9183,NY,1
scalp_fade_3m_lim,ETHUSDT,3m,1,STOP,2026-01-04T19:03:00.000Z,2026-01-04T19:05:59.999Z,0,-1.099217,0.0765,1.1427,-109.9217,23.2533,NY,-1
scalp_fade_3m_lim,ETHUSDT,3m,1,TARGET,2026-01-04T19:06:00.000Z,2026-01-04T20:08:59.999Z,20,0.985735,1.2202,0.4698,98.5735,10.7697,NY,-1
scalp_fade_3m_lim,ETHUSDT,3m,-1,TARGET,2026-01-04T23:03:00.000Z,2026-01-04T23:14:59.999Z,3,0.977269,1.0887,0.2235,97.7269,10.9732,LATE,-1
scalp_fade_3m_lim,ETHUSDT,3m,-1,TARGET,2026-01-05T03:33:00.000Z,2026-01-05T04:14:59.999Z,13,0.991879,1.4319,0.3381,99.1879,10.6308,ASIA,-1
scalp_fade_3m_lim,ETHUSDT,3m,1,TARGET,2026-01-05T09:03:00.000Z,2026-01-05T09:41:59.999Z,12,0.926815,1.1377,0.4794,92.6815,12.0323,LONDON,1
scalp_fade_3m_lim,ETHUSDT,3m,1,STOP,2026-01-05T14:33:00.000Z,2026-01-05T14:35:59.999Z,0,-1.064896,0.4960,0.8646,-106.4896,15.2805,NY,-1
scalp_fade_3m_lim,ETHUSDT,3m,1,TARGET,2026-01-05T14:36:00.000Z,2026-01-05T14:44:59.999Z,2,1.169819,1.8452,0.2599,116.9819,6.9639,NY,-1
scalp_fade_3m_lim,ETHUSDT,3m,-1,STOP,2026-01-05T17:42:00.000Z,2026-01-05T17:53:59.999Z,3,-1.054587,0.1030,0.9650,-105.4587,12.4563,NY,-1
scalp_fade_3m_lim,ETHUSDT,3m,-1,STOP,2026-01-05T18:24:00.000Z,2026-01-05T18:53:59.999Z,9,-1.044309,0.2372,0.8589,-104.4309,9.9495,NY,-1
scalp_fade_3m_lim,ETHUSDT,3m,-1,STOP,2026-01-05T22:33:00.000Z,2026-01-05T22:41:59.999Z,2,-1.093171,0.0009,0.8401,-109.3171,21.4503,LATE,1
scalp_fade_3m_lim,ETHUSDT,3m,-1,STOP,2026-01-06T01:03:00.000Z,2026-01-06T01:23:59.999Z,6,-1.073440,0.3020,1.4604,-107.3440,16.7258,ASIA,-1
scalp_fade_3m_lim,ETHUSDT,3m,-1,STOP,2026-01-06T03:06:00.000Z,2026-01-06T03:32:59.999Z,8,-1.084374,0.4607,0.7814,-108.4374,19.1675,ASIA,-1
scalp_fade_3m_lim,ETHUSDT,3m,-1,TARGET,2026-01-06T05:18:00.000Z,2026-01-06T05:38:59.999Z,6,0.809802,1.0443,0.3372,80.9802,14.4820,ASIA,-1
scalp_fade_3m_lim,ETHUSDT,3m,-1,STOP,2026-01-06T10:03:00.000Z,2026-01-06T10:11:59.999Z,2,-1.113857,0.0012,0.7984,-111.3857,26.2584,LONDON,-1
scalp_fade_3m_lim,ETHUSDT,3m,-1,TARGET,2026-01-06T12:09:00.000Z,2026-01-06T13:08:59.999Z,19,0.915576,1.0814,0.2208,91.5576,12.2068,LONDON,-1
scalp_fade_3m_lim,ETHUSDT,3m,-1,TARGET,2026-01-06T17:39:00.000Z,2026-01-06T17:44:59.999Z,1,1.115248,1.1975,0.0286,111.5248,8.0758,NY,-1
scalp_fade_3m_lim,ETHUSDT,3m,-1,STOP,2026-01-06T22:51:00.000Z,2026-01-06T23:17:59.999Z,8,-1.069981,0.3144,0.9606,-106.9981,15.8633,LATE,-1
scalp_fade_3m_lim,ETHUSDT,3m,-1,TARGET,2026-01-07T04:06:00.000Z,2026-01-07T04:35:59.999Z,9,0.937121,1.1853,0.0903,93.7121,11.7945,ASIA,1
scalp_fade_3m_lim,ETHUSDT,3m,1,STOP,2026-01-07T08:24:00.000Z,2026-01-07T09:08:59.999Z,14,-1.093726,0.5553,1.9720,-109.3726,21.3563,LONDON,1
scalp_fade_3m_lim,ETHUSDT,3m,1,STOP,2026-01-07T11:51:00.000Z,2026-01-07T12:08:59.999Z,5,-1.095059,0.3119,0.9063,-109.5059,22.0582,LONDON,1
scalp_fade_3m_lim,ETHUSDT,3m,1,TARGET,2026-01-07T13:09:00.000Z,2026-01-07T13:26:59.999Z,5,0.971037,1.5142,0.6406,97.1037,11.1312,NY,-1
scalp_fade_3m_lim,ETHUSDT,3m,1,STOP,2026-01-07T14:39:00.000Z,2026-01-07T15:02:59.999Z,7,-1.032430,0.4551,1.1306,-103.2430,7.6275,NY,-1
scalp_fade_3m_lim,ETHUSDT,3m,1,TIME,2026-01-07T15:51:00.000Z,2026-01-07T16:53:59.999Z,20,-0.572041,0.4422,0.8143,-57.2041,9.2363,NY,1
scalp_fade_3m_lim,ETHUSDT,3m,1,STOP,2026-01-07T19:03:00.000Z,2026-01-07T19:17:59.999Z,4,-1.049598,0.2097,1.4639,-104.9598,11.6300,NY,1
scalp_fade_3m_lim,ETHUSDT,3m,1,STOP,2026-01-07T19:33:00.000Z,2026-01-07T20:23:59.999Z,16,-1.053263,0.4522,0.8716,-105.3263,12.1729,NY,-1
scalp_fade_3m_lim,ETHUSDT,3m,1,TARGET,2026-01-07T23:03:00.000Z,2026-01-07T23:17:59.999Z,4,1.038204,1.9395,0.4169,103.8204,9.7240,LATE,1
scalp_fade_3m_lim,ETHUSDT,3m,-1,TARGET,2026-01-08T01:48:00.000Z,2026-01-08T02:26:59.999Z,12,0.953209,1.4135,0.6923,95.3209,11.4455,ASIA,1
scalp_fade_3m_lim,ETHUSDT,3m,1,STOP,2026-01-08T08:33:00.000Z,2026-01-08T08:53:59.999Z,6,-1.075567,0.0426,1.2059,-107.5567,17.5406,LONDON,1
scalp_fade_3m_lim,ETHUSDT,3m,1,TARGET,2026-01-08T10:09:00.000Z,2026-01-08T10:56:59.999Z,15,1.132561,1.4163,0.1306,113.2561,7.7142,LONDON,-1
scalp_fade_3m_lim,ETHUSDT,3m,1,STOP,2026-01-08T11:21:00.000Z,2026-01-08T12:08:59.999Z,15,-1.072007,0.4445,0.9191,-107.2007,16.4203,LONDON,1
scalp_fade_3m_lim,ETHUSDT,3m,1,STOP,2026-01-08T12:09:00.000Z,2026-01-08T12:14:59.999Z,1,-1.062451,0.1626,0.8829,-106.2451,14.6821,LONDON,-1
scalp_fade_3m_lim,ETHUSDT,3m,1,STOP,2026-01-08T13:51:00.000Z,2026-01-08T14:05:59.999Z,4,-1.085239,0.3169,2.3027,-108.5239,19.8411,NY,-1
scalp_fade_3m_lim,ETHUSDT,3m,1,STOP,2026-01-09T01:24:00.000Z,2026-01-09T01:29:59.999Z,1,-1.098325,3.9499,0.9324,-109.8325,22.9982,ASIA,1
scalp_fade_3m_lim,ETHUSDT,3m,-1,TARGET,2026-01-09T01:30:00.000Z,2026-01-09T01:35:59.999Z,1,1.224248,1.9313,0.4538,122.4248,5.7812,ASIA,1
scalp_fade_3m_lim,ETHUSDT,3m,1,TARGET,2026-01-09T03:27:00.000Z,2026-01-09T03:47:59.999Z,6,1.033474,1.1366,0.2666,103.3474,9.8169,ASIA,-1
scalp_fade_3m_lim,ETHUSDT,3m,-1,TARGET,2026-01-09T06:54:00.000Z,2026-01-09T07:35:59.999Z,13,0.758685,1.1575,0.1543,75.8685,15.5206,ASIA,1
scalp_fade_3m_lim,ETHUSDT,3m,1,TIME,2026-01-09T09:03:00.000Z,2026-01-09T10:05:59.999Z,20,-0.172843,0.3924,0.2213,-17.2843,9.6895,LONDON,-1
scalp_fade_3m_lim,ETHUSDT,3m,1,TARGET,2026-01-09T10:30:00.000Z,2026-01-09T11:20:59.999Z,16,0.896607,1.0892,0.1041,89.6607,12.6486,LONDON,-1
scalp_fade_3m_lim,ETHUSDT,3m,1,STOP,2026-01-09T11:48:00.000Z,2026-01-09T12:17:59.999Z,9,-1.091513,0.3942,0.9426,-109.1513,21.0694,LONDON,1
scalp_fade_3m_lim,ETHUSDT,3m,1,STOP,2026-01-09T14:33:00.000Z,2026-01-09T14:50:59.999Z,5,-1.051000,0.8669,1.0181,-105.1000,11.9285,NY,-1
scalp_fade_3m_lim,ETHUSDT,3m,1,STOP,2026-01-09T15:03:00.000Z,2026-01-09T15:08:59.999Z,1,-1.037844,0.1454,0.8735,-103.7844,8.9778,NY,-1
scalp_fade_3m_lim,ETHUSDT,3m,1,TIME,2026-01-09T21:09:00.000Z,2026-01-09T22:11:59.999Z,20,0.251735,0.9985,0.1984,25.1735,14.3589,LATE,-1
scalp_fade_3m_lim,ETHUSDT,3m,1,TIME,2026-01-09T22:15:00.000Z,2026-01-09T23:17:59.999Z,20,0.402962,0.8423,0.2487,40.2962,17.7201,LATE,1
scalp_fade_3m_lim,ETHUSDT,3m,1,TIME,2026-01-10T00:15:00.000Z,2026-01-10T01:17:59.999Z,20,-0.037243,0.5740,0.4035,-3.7243,27.4870,ASIA,-1
scalp_fade_3m_lim,ETHUSDT,3m,1,STOP,2026-01-10T04:06:00.000Z,2026-01-10T04:59:59.999Z,17,-1.127674,0.3549,0.5879,-112.7674,28.8453,ASIA,1
scalp_fade_3m_lim,ETHUSDT,3m,1,STOP,2026-01-10T06:18:00.000Z,2026-01-10T06:23:59.999Z,1,-1.181027,0.0743,0.5609,-118.1027,42.1698,ASIA,1
scalp_fade_3m_lim,ETHUSDT,3m,-1,STOP,2026-01-10T09:06:00.000Z,2026-01-10T09:26:59.999Z,6,-1.194569,0.2847,0.5137,-119.4569,44.6483,LONDON,-1
scalp_fade_3m_lim,ETHUSDT,3m,-1,STOP,2026-01-10T12:03:00.000Z,2026-01-10T12:17:59.999Z,4,-1.168476,0.0018,1.0709,-116.8476,38.7929,LONDON,-1
scalp_fade_3m_lim,ETHUSDT,3m,-1,STOP,2026-01-10T15:36:00.000Z,2026-01-10T15:44:59.999Z,2,-1.177671,0.0645,0.4172,-117.7671,41.0910,NY,-1
scalp_fade_3m_lim,ETHUSDT,3m,1,STOP,2026-01-10T20:54:00.000Z,2026-01-10T21:05:59.999Z,3,-1.191317,0.0082,0.5833,-119.1317,44.3715,NY,-1
scalp_fade_3m_lim,ETHUSDT,3m,1,STOP,2026-01-10T21:06:00.000Z,2026-01-10T21:08:59.999Z,0,-1.174058,0.1902,0.6119,-117.4058,40.6387,LATE,-1
scalp_fade_3m_lim,ETHUSDT,3m,1,TARGET,2026-01-11T00:03:00.000Z,2026-01-11T00:17:59.999Z,4,0.556298,0.7698,0.2780,55.6298,19.8467,ASIA,1
scalp_fade_3m_lim,ETHUSDT,3m,-1,TIME,2026-01-11T02:12:00.000Z,2026-01-11T03:14:59.999Z,20,-0.280293,0.6625,0.3466,-28.0293,36.9801,ASIA,1
scalp_fade_3m_lim,ETHUSDT,3m,-1,STOP,2026-01-11T04:06:00.000Z,2026-01-11T04:08:59.999Z,0,-1.186683,0.0020,0.6081,-118.6683,43.3655,ASIA,-1
scalp_fade_3m_lim,ETHUSDT,3m,-1,TARGET,2026-01-11T06:09:00.000Z,2026-01-11T06:20:59.999Z,3,0.468704,1.4680,0.0980,46.8704,21.6721,ASIA,1
scalp_fade_3m_lim,ETHUSDT,3m,-1,STOP,2026-01-11T11:30:00.000Z,2026-01-11T12:08:59.999Z,12,-1.179029,0.4774,0.5781,-117.9029,40.5657,LONDON,-1
scalp_fade_3m_lim,ETHUSDT,3m,-1,STOP,2026-01-11T14:06:00.000Z,2026-01-11T14:32:59.999Z,8,-1.125630,0.1024,0.7285,-112.5630,28.6389,NY,-1
scalp_fade_3m_lim,ETHUSDT,3m,-1,STOP,2026-01-11T14:36:00.000Z,2026-01-11T14:56:59.999Z,6,-1.128881,0.2636,0.7246,-112.8881,29.5059,NY,1
scalp_fade_3m_lim,ETHUSDT,3m,1,TARGET,2026-01-11T21:39:00.000Z,2026-01-11T21:53:59.999Z,4,0.837787,1.5225,0.0615,83.7787,13.9339,LATE,1
scalp_fade_3m_lim,ETHUSDT,3m,1,STOP,2026-01-11T22:06:00.000Z,2026-01-11T23:05:59.999Z,19,-1.081462,0.6019,1.4997,-108.1462,18.4020,LATE,1
scalp_fade_3m_lim,ETHUSDT,3m,1,STOP,2026-01-12T00:06:00.000Z,2026-01-12T00:53:59.999Z,15,-1.060294,0.9637,1.0297,-106.0294,13.7814,ASIA,1
scalp_fade_3m_lim,ETHUSDT,3m,-1,TARGET,2026-01-12T07:09:00.000Z,2026-01-12T07:35:59.999Z,8,0.814932,1.5574,0.1537,81.4932,14.3647,LONDON,-1
scalp_fade_3m_lim,ETHUSDT,3m,1,TARGET,2026-01-12T11:09:00.000Z,2026-01-12T11:26:59.999Z,5,0.921663,1.2382,0.0948,92.1663,12.1680,LONDON,-1
scalp_fade_3m_lim,ETHUSDT,3m,1,STOP,2026-01-12T12:39:00.000Z,2026-01-12T13:14:59.999Z,11,-1.106580,0.6900,0.8527,-110.6580,24.4059,LONDON,1
scalp_fade_3m_lim,ETHUSDT,3m,1,STOP,2026-01-12T14:18:00.000Z,2026-01-12T14:20:59.999Z,0,-1.070334,0.2259,0.7772,-107.0334,16.5439,NY,-1
scalp_fade_3m_lim,ETHUSDT,3m,1,TIME,2026-01-12T18:36:00.000Z,2026-01-12T19:38:59.999Z,20,0.399760,0.7958,0.5995,39.9760,13.6504,NY,1
scalp_fade_3m_lim,ETHUSDT,3m,1,STOP,2026-01-12T20:18:00.000Z,2026-01-12T20:29:59.999Z,3,-1.085157,0.0009,0.7658,-108.5157,19.8632,NY,1
scalp_fade_3m_lim,ETHUSDT,3m,1,STOP,2026-01-12T21:12:00.000Z,2026-01-12T21:47:59.999Z,11,-1.076009,0.2193,1.0294,-107.6009,17.4628,LATE,-1
scalp_fade_3m_lim,ETHUSDT,3m,1,STOP,2026-01-13T01:27:00.000Z,2026-01-13T01:38:59.999Z,3,-1.095460,0.1016,1.0234,-109.5460,22.2418,ASIA,1
scalp_fade_3m_lim,ETHUSDT,3m,1,TARGET,2026-01-13T02:42:00.000Z,2026-01-13T03:14:59.999Z,10,0.801072,1.0615,0.3570,80.1072,14.6762,ASIA,-1
scalp_fade_3m_lim,ETHUSDT,3m,-1,STOP,2026-01-13T08:09:00.000Z,2026-01-13T08:50:59.999Z,13,-1.117139,0.4891,0.9083,-111.7139,26.4191,LONDON,-1
scalp_fade_3m_lim,ETHUSDT,3m,-1,STOP,2026-01-13T12:36:00.000Z,2026-01-13T13:26:59.999Z,16,-1.106618,0.4924,0.6881,-110.6618,23.8834,LONDON,-1
scalp_fade_3m_lim,ETHUSDT,3m,-1,STOP,2026-01-13T13:39:00.000Z,2026-01-13T14:38:59.999Z,19,-1.048403,0.6834,1.0495,-104.8403,10.6701,NY,1
scalp_fade_3m_lim,ETHUSDT,3m,-1,STOP,2026-01-13T14:51:00.000Z,2026-01-13T15:38:59.999Z,15,-1.049616,0.8652,1.0715,-104.9616,11.0304,NY,-1
scalp_fade_3m_lim,ETHUSDT,3m,-1,STOP,2026-01-13T17:48:00.000Z,2026-01-13T18:23:59.999Z,11,-1.059724,0.4041,0.9464,-105.9724,13.4262,NY,1
scalp_fade_3m_lim,ETHUSDT,3m,-1,STOP,2026-01-13T22:09:00.000Z,2026-01-13T22:11:59.999Z,0,-1.039788,0.0543,4.9999,-103.9788,9.0799,LATE,-1
scalp_fade_3m_lim,ETHUSDT,3m,-1,TIME,2026-01-13T23:27:00.000Z,2026-01-14T00:29:59.999Z,20,-0.255532,0.5099,0.4908,-25.5532,10.3533,LATE,1
scalp_fade_3m_lim,ETHUSDT,3m,-1,STOP,2026-01-14T01:06:00.000Z,2026-01-14T01:29:59.999Z,7,-1.064376,0.2269,1.1295,-106.4376,14.6063,ASIA,-1
scalp_fade_3m_lim,ETHUSDT,3m,-1,TARGET,2026-01-14T04:24:00.000Z,2026-01-14T05:23:59.999Z,19,1.036805,1.1778,0.1377,103.6805,9.6698,ASIA,1
scalp_fade_3m_lim,ETHUSDT,3m,-1,TIME,2026-01-14T07:48:00.000Z,2026-01-14T08:50:59.999Z,20,0.283462,0.7205,0.6166,28.3462,19.8553,LONDON,-1
scalp_fade_3m_lim,ETHUSDT,3m,-1,TARGET,2026-01-14T09:27:00.000Z,2026-01-14T09:53:59.999Z,8,0.770181,0.9336,0.3254,77.0181,15.3046,LONDON,-1
scalp_fade_3m_lim,ETHUSDT,3m,-1,TARGET,2026-01-14T10:15:00.000Z,2026-01-14T10:20:59.999Z,1,0.718747,2.2595,0.2123,71.8747,16.4227,LONDON,-1
scalp_fade_3m_lim,ETHUSDT,3m,-1,STOP,2026-01-14T19:06:00.000Z,2026-01-14T19:20:59.999Z,4,-1.047238,0.0773,1.1161,-104.7238,10.7296,NY,-1
scalp_fade_3m_lim,ETHUSDT,3m,-1,TARGET,2026-01-14T22:00:00.000Z,2026-01-14T22:35:59.999Z,11,1.110330,1.4406,0.1079,111.0330,8.1525,LATE,-1
scalp_fade_3m_lim,ETHUSDT,3m,1,STOP,2026-01-15T02:36:00.000Z,2026-01-15T03:29:59.999Z,17,-1.060522,0.6372,1.2988,-106.0522,13.7771,ASIA,-1
scalp_fade_3m_lim,ETHUSDT,3m,1,TARGET,2026-01-15T06:36:00.000Z,2026-01-15T07:23:59.999Z,15,0.963755,1.2586,0.2153,96.3755,11.2473,ASIA,1
scalp_fade_3m_lim,ETHUSDT,3m,1,TIME,2026-01-15T16:03:00.000Z,2026-01-15T17:05:59.999Z,20,0.250367,0.5039,0.2480,25.0367,6.1941,NY,-1
scalp_fade_3m_lim,ETHUSDT,3m,1,STOP,2026-01-15T17:09:00.000Z,2026-01-15T17:53:59.999Z,14,-1.051046,0.6361,0.8696,-105.1046,11.7216,NY,1
scalp_fade_3m_lim,ETHUSDT,3m,1,STOP,2026-01-15T20:21:00.000Z,2026-01-15T20:50:59.999Z,9,-1.059517,0.2389,0.8415,-105.9517,13.7732,NY,1
scalp_fade_3m_lim,ETHUSDT,3m,1,TARGET,2026-01-15T21:00:00.000Z,2026-01-15T21:47:59.999Z,15,1.045862,1.2343,0.3247,104.5862,9.5288,LATE,-1
scalp_fade_3m_lim,ETHUSDT,3m,1,STOP,2026-01-16T04:33:00.000Z,2026-01-16T04:35:59.999Z,0,-1.093286,0.0323,1.2963,-109.3286,21.8755,ASIA,-1
scalp_fade_3m_lim,ETHUSDT,3m,1,TARGET,2026-01-16T11:45:00.000Z,2026-01-16T12:20:59.999Z,11,0.897111,1.2371,0.1035,89.7111,12.6587,LONDON,1
scalp_fade_3m_lim,ETHUSDT,3m,1,STOP,2026-01-16T12:51:00.000Z,2026-01-16T13:41:59.999Z,16,-1.100360,0.5641,1.0010,-110.0360,22.7619,LONDON,1
scalp_fade_3m_lim,ETHUSDT,3m,1,TARGET,2026-01-16T13:45:00.000Z,2026-01-16T14:32:59.999Z,15,0.982718,1.1803,0.4525,98.2718,10.8504,NY,-1
scalp_fade_3m_lim,ETHUSDT,3m,1,STOP,2026-01-16T14:33:00.000Z,2026-01-16T15:02:59.999Z,9,-1.063065,0.4814,0.8805,-106.3065,14.5822,NY,-1
scalp_fade_3m_lim,ETHUSDT,3m,1,STOP,2026-01-16T15:21:00.000Z,2026-01-16T15:35:59.999Z,4,-1.042020,0.4038,1.2654,-104.2020,9.8842,NY,-1
scalp_fade_3m_lim,ETHUSDT,3m,1,TIME,2026-01-16T16:57:00.000Z,2026-01-16T17:59:59.999Z,20,0.159103,0.5710,0.6594,15.9103,14.0964,NY,1
scalp_fade_3m_lim,ETHUSDT,3m,1,STOP,2026-01-16T18:51:00.000Z,2026-01-16T19:17:59.999Z,8,-1.091088,0.1275,0.8770,-109.1088,21.0155,NY,1
scalp_fade_3m_lim,ETHUSDT,3m,1,TARGET,2026-01-16T20:06:00.000Z,2026-01-16T20:20:59.999Z,4,0.932435,1.0586,0.3377,93.2435,11.9457,NY,-1
scalp_fade_3m_lim,ETHUSDT,3m,1,STOP,2026-01-17T04:00:00.000Z,2026-01-17T04:17:59.999Z,5,-1.165005,0.0000,0.4711,-116.5005,38.1398,ASIA,-1
scalp_fade_3m_lim,ETHUSDT,3m,-1,STOP,2026-01-17T08:03:00.000Z,2026-01-17T08:11:59.999Z,2,-1.180915,0.0363,0.4519,-118.0915,41.8450,LONDON,1
scalp_fade_3m_lim,ETHUSDT,3m,-1,STOP,2026-01-17T09:36:00.000Z,2026-01-17T09:38:59.999Z,0,-1.184875,0.0019,0.6566,-118.4875,42.9435,LONDON,1
scalp_fade_3m_lim,ETHUSDT,3m,-1,STOP,2026-01-17T11:12:00.000Z,2026-01-17T11:35:59.999Z,7,-1.149919,0.0000,0.7938,-114.9919,34.2853,LONDON,-1
scalp_fade_3m_lim,ETHUSDT,3m,-1,STOP,2026-01-17T13:18:00.000Z,2026-01-17T14:14:59.999Z,18,-1.171208,0.2866,1.1812,-117.1208,38.3178,NY,-1
scalp_fade_3m_lim,ETHUSDT,3m,-1,STOP,2026-01-17T14:15:00.000Z,2026-01-17T15:08:59.999Z,17,-1.138981,0.3103,1.0772,-113.8981,31.1304,NY,1
scalp_fade_3m_lim,ETHUSDT,3m,1,TARGET,2026-01-18T00:03:00.000Z,2026-01-18T00:11:59.999Z,2,0.643446,0.9767,0.1131,64.3446,18.0280,ASIA,1
scalp_fade_3m_lim,ETHUSDT,3m,1,STOP,2026-01-18T00:42:00.000Z,2026-01-18T00:47:59.999Z,1,-1.134615,0.0856,0.6237,-113.4615,31.4108,ASIA,1
scalp_fade_3m_lim,ETHUSDT,3m,-1,TARGET,2026-01-18T06:12:00.000Z,2026-01-18T06:32:59.999Z,6,0.528459,0.7434,0.2540,52.8459,20.3949,ASIA,1
scalp_fade_3m_lim,ETHUSDT,3m,-1,STOP,2026-01-18T13:42:00.000Z,2026-01-18T14:17:59.999Z,11,-1.101815,0.2232,2.2137,-110.1815,23.0303,NY,-1
scalp_fade_3m_lim,ETHUSDT,3m,-1,TIME,2026-01-18T16:06:00.000Z,2026-01-18T17:08:59.999Z,20,-0.353076,0.6671,0.1277,-35.3076,24.0408,NY,1
scalp_fade_3m_lim,ETHUSDT,3m,-1,STOP,2026-01-18T18:00:00.000Z,2026-01-18T18:29:59.999Z,9,-1.106416,0.8673,2.3306,-110.6416,24.1783,NY,1
scalp_fade_3m_lim,ETHUSDT,3m,-1,STOP,2026-01-18T21:36:00.000Z,2026-01-18T22:11:59.999Z,11,-1.120180,0.6482,0.6760,-112.0180,27.2206,LATE,-1
scalp_fade_3m_lim,ETHUSDT,3m,1,STOP,2026-01-19T03:12:00.000Z,2026-01-19T03:23:59.999Z,3,-1.082357,0.4224,0.8190,-108.2357,19.2170,ASIA,-1
scalp_fade_3m_lim,ETHUSDT,3m,1,TARGET,2026-01-19T03:24:00.000Z,2026-01-19T04:02:59.999Z,12,1.037693,1.1370,0.2598,103.7693,9.7093,ASIA,-1
scalp_fade_3m_lim,ETHUSDT,3m,1,STOP,2026-01-19T05:15:00.000Z,2026-01-19T05:29:59.999Z,4,-1.086223,0.0386,0.7796,-108.6223,20.0681,ASIA,1
scalp_fade_3m_lim,ETHUSDT,3m,1,STOP,2026-01-19T05:33:00.000Z,2026-01-19T06:17:59.999Z,14,-1.070122,0.2107,1.3763,-107.0122,16.0279,ASIA,-1
scalp_fade_3m_lim,ETHUSDT,3m,1,TARGET,2026-01-19T08:15:00.000Z,2026-01-19T08:20:59.999Z,1,0.883593,1.5716,0.0477,88.3593,12.9845,LONDON,1
scalp_fade_3m_lim,ETHUSDT,3m,1,TIME,2026-01-19T14:33:00.000Z,2026-01-19T15:35:59.999Z,20,-0.161603,0.6924,0.6288,-16.1603,19.3390,NY,-1
scalp_fade_3m_lim,ETHUSDT,3m,1,TIME,2026-01-19T15:39:00.000Z,2026-01-19T16:41:59.999Z,20,0.155572,0.7904,0.0897,15.5572,19.0371,NY,-1
scalp_fade_3m_lim,ETHUSDT,3m,1,STOP,2026-01-19T17:42:00.000Z,2026-01-19T18:05:59.999Z,7,-1.104839,0.2078,0.8904,-110.4839,24.2071,NY,1
scalp_fade_3m_lim,ETHUSDT,3m,1,TIME,2026-01-19T18:06:00.000Z,2026-01-19T19:08:59.999Z,20,0.029291,0.5253,0.6139,2.9291,23.7331,NY,-1
scalp_fade_3m_lim,ETHUSDT,3m,-1,TARGET,2026-01-19T20:24:00.000Z,2026-01-19T21:17:59.999Z,17,0.835557,1.1008,0.4375,83.5557,13.8905,NY,1
scalp_fade_3m_lim,ETHUSDT,3m,1,TIME,2026-01-20T01:15:00.000Z,2026-01-20T02:17:59.999Z,20,-0.129802,0.9329,0.1876,-12.9802,14.0296,ASIA,-1
scalp_fade_3m_lim,ETHUSDT,3m,1,TARGET,2026-01-20T02:18:00.000Z,2026-01-20T02:47:59.999Z,9,1.001693,1.1384,0.7111,100.1693,10.4738,ASIA,-1
scalp_fade_3m_lim,ETHUSDT,3m,1,STOP,2026-01-20T04:42:00.000Z,2026-01-20T04:53:59.999Z,3,-1.101170,0.4051,1.3594,-110.1170,23.5600,ASIA,-1
scalp_fade_3m_lim,ETHUSDT,3m,1,STOP,2026-01-20T06:18:00.000Z,2026-01-20T06:50:59.999Z,10,-1.048284,0.6111,0.9761,-104.8284,11.1887,ASIA,1
scalp_fade_3m_lim,ETHUSDT,3m,1,TIME,2026-01-20T09:03:00.000Z,2026-01-20T10:05:59.999Z,20,-0.366518,0.0973,0.5352,-36.6518,10.5382,LONDON,-1
scalp_fade_3m_lim,ETHUSDT,3m,1,STOP,2026-01-20T13:03:00.000Z,2026-01-20T13:05:59.999Z,0,-1.111921,0.0000,0.9955,-111.1921,26.2043,NY,-1
scalp_fade_3m_lim,ETHUSDT,3m,1,STOP,2026-01-20T13:06:00.000Z,2026-01-20T13:14:59.999Z,2,-1.094749,0.2738,1.0134,-109.4749,22.1233,NY,-1
scalp_fade_3m_lim,ETHUSDT,3m,1,STOP,2026-01-20T14:42:00.000Z,2026-01-20T14:50:59.999Z,2,-1.030434,0.2151,1.1718,-103.0434,7.2450,NY,-1
scalp_fade_3m_lim,ETHUSDT,3m,1,STOP,2026-01-20T16:24:00.000Z,2026-01-20T16:41:59.999Z,5,-1.046696,0.0005,1.0263,-104.6696,10.9388,NY,1
scalp_fade_3m_lim,ETHUSDT,3m,1,STOP,2026-01-21T02:27:00.000Z,2026-01-21T02:38:59.999Z,3,-1.071959,0.0706,0.8307,-107.1959,16.8163,ASIA,1
scalp_fade_3m_lim,ETHUSDT,3m,1,TIME,2026-01-21T04:15:00.000Z,2026-01-21T05:17:59.999Z,20,0.364238,0.8613,0.1665,36.4238,19.9589,ASIA,1
scalp_fade_3m_lim,ETHUSDT,3m,-1,TARGET,2026-01-21T07:06:00.000Z,2026-01-21T07:14:59.999Z,2,0.938822,1.1991,0.0821,93.8822,11.7859,LONDON,1
scalp_fade_3m_lim,ETHUSDT,3m,1,STOP,2026-01-21T13:27:00.000Z,2026-01-21T13:50:59.999Z,7,-1.058195,0.5013,0.8478,-105.8195,13.5269,NY,-1
scalp_fade_3m_lim,ETHUSDT,3m,-1,TARGET,2026-01-21T22:12:00.000Z,2026-01-21T22:23:59.999Z,3,1.104298,1.2218,0.1047,110.4298,8.3009,LATE,1
scalp_fade_3m_lim,ETHUSDT,3m,-1,STOP,2026-01-22T01:03:00.000Z,2026-01-22T01:20:59.999Z,5,-1.065347,0.1851,1.0056,-106.5347,14.8907,ASIA,1
scalp_fade_3m_lim,ETHUSDT,3m,-1,TARGET,2026-01-22T05:24:00.000Z,2026-01-22T06:11:59.999Z,15,0.910828,1.0665,0.6048,91.0828,12.3223,ASIA,1
scalp_fade_3m_lim,ETHUSDT,3m,1,STOP,2026-01-22T10:24:00.000Z,2026-01-22T11:05:59.999Z,13,-1.089382,0.1916,0.7928,-108.9382,20.4169,LONDON,-1
scalp_fade_3m_lim,ETHUSDT,3m,1,STOP,2026-01-22T11:15:00.000Z,2026-01-22T11:26:59.999Z,3,-1.072923,0.3112,0.9068,-107.2923,17.0389,LONDON,-1
scalp_fade_3m_lim,ETHUSDT,3m,1,STOP,2026-01-22T13:36:00.000Z,2026-01-22T13:38:59.999Z,0,-1.059048,0.0007,0.9447,-105.9048,13.9222,NY,1
scalp_fade_3m_lim,ETHUSDT,3m,1,STOP,2026-01-22T14:33:00.000Z,2026-01-22T14:35:59.999Z,0,-1.048575,0.0477,1.1180,-104.8575,11.4894,NY,1
scalp_fade_3m_lim,ETHUSDT,3m,1,STOP,2026-01-22T14:39:00.000Z,2026-01-22T14:47:59.999Z,2,-1.033550,0.1102,1.3478,-103.3550,7.9658,NY,-1
scalp_fade_3m_lim,ETHUSDT,3m,1,STOP,2026-01-22T18:39:00.000Z,2026-01-22T18:53:59.999Z,4,-1.049191,0.1551,1.0066,-104.9191,11.5363,NY,1
scalp_fade_3m_lim,ETHUSDT,3m,1,TIME,2026-01-22T21:03:00.000Z,2026-01-22T22:05:59.999Z,20,0.317141,0.8594,0.4750,31.7141,15.2904,LATE,-1
scalp_fade_3m_lim,ETHUSDT,3m,1,TIME,2026-01-22T23:03:00.000Z,2026-01-23T00:05:59.999Z,20,0.161446,0.9352,0.3014,16.1446,16.3986,LATE,-1
scalp_fade_3m_lim,ETHUSDT,3m,-1,STOP,2026-01-23T03:09:00.000Z,2026-01-23T03:26:59.999Z,5,-1.096718,0.1462,0.7193,-109.6718,22.1374,ASIA,-1
scalp_fade_3m_lim,ETHUSDT,3m,1,STOP,2026-01-23T12:54:00.000Z,2026-01-23T13:38:59.999Z,14,-1.085076,0.8114,0.8285,-108.5076,19.4036,LONDON,-1
scalp_fade_3m_lim,ETHUSDT,3m,1,STOP,2026-01-23T13:51:00.000Z,2026-01-23T14:32:59.999Z,13,-1.072784,0.8495,1.2991,-107.2784,16.6625,NY,1
scalp_fade_3m_lim,ETHUSDT,3m,1,STOP,2026-01-23T14:33:00.000Z,2026-01-23T14:38:59.999Z,1,-1.050291,0.2099,1.5478,-105.0291,11.8632,NY,-1
scalp_fade_3m_lim,ETHUSDT,3m,1,TARGET,2026-01-23T14:54:00.000Z,2026-01-23T15:50:59.999Z,18,1.300012,1.8845,0.5312,130.0012,4.2054,NY,1
scalp_fade_3m_lim,ETHUSDT,3m,1,TIME,2026-01-23T23:09:00.000Z,2026-01-24T00:11:59.999Z,20,-0.509814,0.4784,0.3839,-50.9814,20.5465,LATE,1
scalp_fade_3m_lim,ETHUSDT,3m,1,STOP,2026-01-24T00:36:00.000Z,2026-01-24T00:47:59.999Z,3,-1.116318,0.1796,0.6843,-111.6318,27.0571,ASIA,1
scalp_fade_3m_lim,ETHUSDT,3m,1,TIME,2026-01-24T01:06:00.000Z,2026-01-24T02:08:59.999Z,20,0.098516,0.8978,0.1484,9.8516,26.4412,ASIA,1
scalp_fade_3m_lim,ETHUSDT,3m,-1,STOP,2026-01-24T03:00:00.000Z,2026-01-24T03:05:59.999Z,1,-1.144131,0.3798,0.9543,-114.4131,33.3645,ASIA,1
scalp_fade_3m_lim,ETHUSDT,3m,-1,TIME,2026-01-24T03:39:00.000Z,2026-01-24T04:41:59.999Z,20,-0.147882,0.5921,0.2601,-14.7882,22.5699,ASIA,1
scalp_fade_3m_lim,ETHUSDT,3m,-1,TARGET,2026-01-24T05:15:00.000Z,2026-01-24T05:44:59.999Z,9,0.654656,0.8595,0.3085,65.4656,17.7252,ASIA,1
scalp_fade_3m_lim,ETHUSDT,3m,-1,TARGET,2026-01-24T07:54:00.000Z,2026-01-24T08:08:59.999Z,4,0.511466,0.7727,0.1089,51.1466,20.7657,LONDON,1
scalp_fade_3m_lim,ETHUSDT,3m,-1,STOP,2026-01-24T10:45:00.000Z,2026-01-24T11:14:59.999Z,9,-1.178011,0.0020,0.4364,-117.8011,40.5810,LONDON,-1
scalp_fade_3m_lim,ETHUSDT,3m,-1,STOP,2026-01-24T11:39:00.000Z,2026-01-24T11:41:59.999Z,0,-1.204784,0.0940,0.3831,-120.4784,47.5905,LONDON,1
scalp_fade_3m_lim,ETHUSDT,3m,1,TARGET,2026-01-24T14:15:00.000Z,2026-01-24T15:08:59.999Z,17,0.968841,1.1321,0.2877,96.8841,11.1336,NY,-1
scalp_fade_3m_lim,ETHUSDT,3m,1,TIME,2026-01-24T16:15:00.000Z,2026-01-24T17:17:59.999Z,20,0.316659,0.9232,0.6209,31.6659,24.3582,NY,-1
scalp_fade_3m_lim,ETHUSDT,3m,-1,STOP,2026-01-24T17:48:00.000Z,2026-01-24T18:35:59.999Z,15,-1.130223,0.0000,0.7744,-113.0223,29.2739,NY,1
scalp_fade_3m_lim,ETHUSDT,3m,1,TIME,2026-01-24T20:06:00.000Z,2026-01-24T21:08:59.999Z,20,-1.115619,0.4329,0.5026,-111.5619,32.7602,NY,-1
scalp_fade_3m_lim,ETHUSDT,3m,1,STOP,2026-01-25T01:33:00.000Z,2026-01-25T01:41:59.999Z,2,-1.132005,0.0015,0.8486,-113.2005,30.7422,ASIA,1
scalp_fade_3m_lim,ETHUSDT,3m,1,STOP,2026-01-25T02:36:00.000Z,2026-01-25T03:08:59.999Z,10,-1.147458,0.1030,0.7864,-114.7458,33.7584,ASIA,1
scalp_fade_3m_lim,ETHUSDT,3m,1,TIME,2026-01-25T04:09:00.000Z,2026-01-25T05:11:59.999Z,20,-0.030435,0.6497,0.4462,-3.0435,24.3891,ASIA,-1
scalp_fade_3m_lim,ETHUSDT,3m,1,STOP,2026-01-25T05:33:00.000Z,2026-01-25T05:35:59.999Z,0,-1.157400,0.0000,0.5285,-115.7400,36.7689,ASIA,1
scalp_fade_3m_lim,ETHUSDT,3m,1,STOP,2026-01-25T08:39:00.000Z,2026-01-25T08:41:59.999Z,0,-1.096560,0.2798,1.2154,-109.6560,22.6360,LONDON,1
scalp_fade_3m_lim,ETHUSDT,3m,1,STOP,2026-01-25T11:39:00.000Z,2026-01-25T11:44:59.999Z,1,-1.111632,0.0127,0.7405,-111.1632,26.0830,LONDON,-1
scalp_fade_3m_lim,ETHUSDT,3m,1,TARGET,2026-01-25T12:21:00.000Z,2026-01-25T12:26:59.999Z,1,0.948577,1.1637,0.0900,94.8577,11.6181,LONDON,1
scalp_fade_3m_lim,ETHUSDT,3m,1,STOP,2026-01-25T14:06:00.000Z,2026-01-25T14:23:59.999Z,5,-1.101343,0.1855,1.3113,-110.1343,23.5029,NY,-1
scalp_fade_3m_lim,ETHUSDT,3m,1,STOP,2026-01-25T18:09:00.000Z,2026-01-25T18:14:59.999Z,1,-1.064847,0.0272,3.5060,-106.4847,15.2376,NY,-1
scalp_fade_3m_lim,ETHUSDT,3m,1,STOP,2026-01-25T22:39:00.000Z,2026-01-25T23:02:59.999Z,7,-1.050978,0.5276,0.8355,-105.0978,11.8745,LATE,-1
scalp_fade_3m_lim,ETHUSDT,3m,1,TARGET,2026-01-25T23:06:00.000Z,2026-01-26T00:05:59.999Z,19,1.249738,1.4106,0.3582,124.9738,5.2549,LATE,-1
scalp_fade_3m_lim,ETHUSDT,3m,-1,STOP,2026-01-26T06:18:00.000Z,2026-01-26T06:26:59.999Z,2,-1.082879,0.0066,1.1856,-108.2879,19.0582,ASIA,1
scalp_fade_3m_lim,ETHUSDT,3m,-1,TIME,2026-01-26T10:06:00.000Z,2026-01-26T11:08:59.999Z,20,-0.808048,0.0486,0.7415,-80.8048,16.9892,LONDON,-1
scalp_fade_3m_lim,ETHUSDT,3m,-1,STOP,2026-01-26T12:03:00.000Z,2026-01-26T12:14:59.999Z,3,-1.103304,0.0012,1.3581,-110.3304,23.7565,LONDON,-1
scalp_fade_3m_lim,ETHUSDT,3m,-1,TARGET,2026-01-26T13:33:00.000Z,2026-01-26T14:11:59.999Z,12,0.924473,2.4537,0.6526,92.4473,12.0482,NY,-1
scalp_fade_3m_lim,ETHUSDT,3m,-1,STOP,2026-01-26T14:36:00.000Z,2026-01-26T15:11:59.999Z,11,-1.034616,0.4138,1.1496,-103.4616,7.6974,NY,1
scalp_fade_3m_lim,ETHUSDT,3m,-1,TIME,2026-01-26T16:51:00.000Z,2026-01-26T17:53:59.999Z,20,-0.117486,1.2813,0.1521,-11.7486,9.2339,NY,-1
scalp_fade_3m_lim,ETHUSDT,3m,-1,TIME,2026-01-26T19:24:00.000Z,2026-01-26T20:26:59.999Z,20,0.379695,0.9276,0.5950,37.9695,15.1089,NY,1
scalp_fade_3m_lim,ETHUSDT,3m,-1,TIME,2026-01-26T21:42:00.000Z,2026-01-26T22:44:59.999Z,20,0.454317,1.0017,0.4860,45.4317,11.3115,LATE,1
scalp_fade_3m_lim,ETHUSDT,3m,-1,STOP,2026-01-26T23:24:00.000Z,2026-01-26T23:32:59.999Z,2,-1.080805,0.0669,1.4475,-108.0805,18.5762,LATE,-1
scalp_fade_3m_lim,ETHUSDT,3m,-1,STOP,2026-01-27T01:21:00.000Z,2026-01-27T01:29:59.999Z,2,-1.084679,0.2336,0.8043,-108.4679,19.4765,ASIA,-1
scalp_fade_3m_lim,ETHUSDT,3m,-1,STOP,2026-01-27T04:09:00.000Z,2026-01-27T04:11:59.999Z,0,-1.104160,0.0339,0.8621,-110.4160,24.1045,ASIA,1
scalp_fade_3m_lim,ETHUSDT,3m,1,TARGET,2026-01-27T11:18:00.000Z,2026-01-27T11:35:59.999Z,5,0.861657,1.0739,0.3749,86.1657,13.4281,LONDON,-1
scalp_fade_3m_lim,ETHUSDT,3m,1,TARGET,2026-01-27T13:39:00.000Z,2026-01-27T14:14:59.999Z,11,0.927937,1.3339,0.6176,92.7937,12.0127,NY,-1
scalp_fade_3m_lim,ETHUSDT,3m,1,TARGET,2026-01-27T14:39:00.000Z,2026-01-27T15:11:59.999Z,10,1.231837,1.5392,0.0797,123.1837,5.6456,NY,1
scalp_fade_3m_lim,ETHUSDT,3m,-1,STOP,2026-01-27T23:09:00.000Z,2026-01-27T23:32:59.999Z,7,-1.075881,0.0921,0.7701,-107.5881,17.2530,LATE,-1
scalp_fade_3m_lim,ETHUSDT,3m,-1,TARGET,2026-01-28T00:51:00.000Z,2026-01-28T01:26:59.999Z,11,0.984103,1.1572,0.2193,98.4103,10.8010,ASIA,1
scalp_fade_3m_lim,ETHUSDT,3m,-1,TARGET,2026-01-28T01:54:00.000Z,2026-01-28T02:50:59.999Z,18,0.993355,1.1300,0.2944,99.3355,10.5825,ASIA,-1
scalp_fade_3m_lim,ETHUSDT,3m,-1,TARGET,2026-01-28T03:36:00.000Z,2026-01-28T04:17:59.999Z,13,0.985442,1.3250,0.0395,98.5442,10.7658,ASIA,-1
scalp_fade_3m_lim,ETHUSDT,3m,-1,STOP,2026-01-28T05:03:00.000Z,2026-01-28T05:11:59.999Z,2,-1.101517,0.0000,0.7491,-110.1517,23.3904,ASIA,1
scalp_fade_3m_lim,ETHUSDT,3m,-1,STOP,2026-01-28T11:42:00.000Z,2026-01-28T11:50:59.999Z,2,-1.082042,0.0818,1.8106,-108.2042,18.8637,LONDON,1
scalp_fade_3m_lim,ETHUSDT,3m,-1,STOP,2026-01-28T12:54:00.000Z,2026-01-28T13:38:59.999Z,14,-1.062827,0.0977,0.8267,-106.2827,14.0488,LONDON,1
scalp_fade_3m_lim,ETHUSDT,3m,-1,TARGET,2026-01-28T14:33:00.000Z,2026-01-28T14:47:59.999Z,4,1.087758,1.6480,0.2353,108.7758,8.6460,NY,1
scalp_fade_3m_lim,ETHUSDT,3m,1,TARGET,2026-01-28T17:33:00.000Z,2026-01-28T17:44:59.999Z,3,1.129920,1.4281,0.2433,112.9920,7.8000,NY,1
scalp_fade_3m_lim,ETHUSDT,3m,1,TIME,2026-01-28T18:03:00.000Z,2026-01-28T19:05:59.999Z,20,0.062118,1.0112,0.2967,6.2118,9.7940,NY,1
scalp_fade_3m_lim,ETHUSDT,3m,1,TIME,2026-01-28T19:06:00.000Z,2026-01-28T20:08:59.999Z,20,0.378087,0.6696,0.4665,37.8087,8.5544,NY,-1
scalp_fade_3m_lim,ETHUSDT,3m,-1,STOP,2026-01-28T20:21:00.000Z,2026-01-28T20:29:59.999Z,2,-1.049400,0.0462,0.8696,-104.9400,11.2766,NY,1
scalp_fade_3m_lim,ETHUSDT,3m,1,STOP,2026-01-29T02:33:00.000Z,2026-01-29T02:47:59.999Z,4,-1.043461,0.2391,1.0248,-104.3461,10.2163,ASIA,1
scalp_fade_3m_lim,ETHUSDT,3m,1,STOP,2026-01-29T08:06:00.000Z,2026-01-29T08:11:59.999Z,1,-1.096053,0.0240,1.0986,-109.6053,22.4715,LONDON,1
scalp_fade_3m_lim,ETHUSDT,3m,1,STOP,2026-01-29T10:12:00.000Z,2026-01-29T11:05:59.999Z,17,-1.115478,0.6601,2.2305,-111.5478,26.1087,LONDON,-1
scalp_fade_3m_lim,ETHUSDT,3m,1,STOP,2026-01-29T11:12:00.000Z,2026-01-29T11:17:59.999Z,1,-1.071916,0.1399,0.9264,-107.1916,16.8762,LONDON,-1
scalp_fade_3m_lim,ETHUSDT,3m,1,STOP,2026-01-29T14:15:00.000Z,2026-01-29T14:29:59.999Z,4,-1.106743,0.2676,1.9238,-110.6743,24.7955,NY,-1
scalp_fade_3m_lim,ETHUSDT,3m,1,TIME,2026-01-29T20:03:00.000Z,2026-01-29T21:05:59.999Z,20,0.825153,1.2706,0.1770,82.5153,9.6029,NY,-1
scalp_fade_3m_lim,ETHUSDT,3m,1,TIME,2026-01-29T22:15:00.000Z,2026-01-29T23:17:59.999Z,20,-0.073915,0.9622,0.0958,-7.3915,16.8384,LATE,1
scalp_fade_3m_lim,ETHUSDT,3m,1,STOP,2026-01-30T01:09:00.000Z,2026-01-30T01:23:59.999Z,4,-1.071251,0.1754,1.8366,-107.1251,16.6185,ASIA,-1
scalp_fade_3m_lim,ETHUSDT,3m,1,STOP,2026-01-30T01:27:00.000Z,2026-01-30T01:38:59.999Z,3,-1.048095,0.3126,1.1247,-104.8095,11.3072,ASIA,-1
scalp_fade_3m_lim,ETHUSDT,3m,1,STOP,2026-01-30T05:00:00.000Z,2026-01-30T06:02:59.999Z,20,-1.064316,0.6073,0.7959,-106.4316,14.5409,ASIA,1
scalp_fade_3m_lim,ETHUSDT,3m,1,TIME,2026-01-30T08:33:00.000Z,2026-01-30T09:35:59.999Z,20,-0.417422,0.9184,0.6036,-41.7422,12.6435,LONDON,1
scalp_fade_3m_lim,ETHUSDT,3m,1,STOP,2026-01-30T12:27:00.000Z,2026-01-30T13:05:59.999Z,12,-1.049752,0.3224,0.8381,-104.9752,11.4760,LONDON,1
scalp_fade_3m_lim,ETHUSDT,3m,1,TIME,2026-01-30T13:33:00.000Z,2026-01-30T14:35:59.999Z,20,0.313830,0.9189,0.7023,31.3830,10.8452,NY,-1
scalp_fade_3m_lim,ETHUSDT,3m,1,STOP,2026-01-30T14:54:00.000Z,2026-01-30T15:29:59.999Z,11,-1.028430,0.5116,1.0715,-102.8430,6.6566,NY,1
scalp_fade_3m_lim,ETHUSDT,3m,1,STOP,2026-01-30T17:36:00.000Z,2026-01-30T18:14:59.999Z,12,-1.035653,0.5081,0.8967,-103.5653,8.2803,NY,1
scalp_fade_3m_lim,ETHUSDT,3m,1,TIME,2026-01-30T23:12:00.000Z,2026-01-31T00:14:59.999Z,20,0.456601,0.8183,0.4593,45.6601,15.5486,LATE,1
scalp_fade_3m_lim,ETHUSDT,3m,1,TIME,2026-01-31T00:54:00.000Z,2026-01-31T01:56:59.999Z,20,-0.884784,0.7848,0.6855,-88.4784,18.7804,ASIA,1
scalp_fade_3m_lim,ETHUSDT,3m,1,STOP,2026-01-31T04:42:00.000Z,2026-01-31T04:53:59.999Z,3,-1.098167,0.2001,0.8573,-109.8167,22.8667,ASIA,1
scalp_fade_3m_lim,ETHUSDT,3m,1,TIME,2026-01-31T06:27:00.000Z,2026-01-31T07:29:59.999Z,20,0.043225,0.7172,0.1120,4.3225,17.2713,ASIA,-1
scalp_fade_3m_lim,ETHUSDT,3m,1,STOP,2026-01-31T11:03:00.000Z,2026-01-31T11:53:59.999Z,16,-1.075297,0.4416,1.1012,-107.5297,17.1270,LONDON,1
scalp_fade_3m_lim,ETHUSDT,3m,1,TIME,2026-01-31T12:12:00.000Z,2026-01-31T13:14:59.999Z,20,-0.592736,0.7265,0.7018,-59.2736,16.8066,LONDON,-1
scalp_fade_3m_lim,ETHUSDT,3m,1,TIME,2026-02-01T01:33:00.000Z,2026-02-01T02:35:59.999Z,20,0.154364,0.7245,0.4937,15.4364,8.7070,ASIA,-1
scalp_fade_3m_lim,ETHUSDT,3m,1,STOP,2026-02-01T05:03:00.000Z,2026-02-01T05:44:59.999Z,13,-1.071554,0.9637,1.4652,-107.1554,16.3843,ASIA,1
scalp_fade_3m_lim,ETHUSDT,3m,1,STOP,2026-02-01T10:36:00.000Z,2026-02-01T10:44:59.999Z,2,-1.038214,0.0969,0.8843,-103.8214,9.0447,LONDON,1
scalp_fade_3m_lim,ETHUSDT,3m,1,STOP,2026-02-01T14:09:00.000Z,2026-02-01T14:20:59.999Z,3,-1.038733,0.0491,0.9061,-103.8733,9.1458,NY,-1
scalp_fade_3m_lim,ETHUSDT,3m,1,STOP,2026-02-01T16:00:00.000Z,2026-02-01T16:23:59.999Z,7,-1.020116,0.2976,0.9745,-102.0116,4.8078,NY,-1
scalp_fade_3m_lim,ETHUSDT,3m,1,TARGET,2026-02-01T17:33:00.000Z,2026-02-01T18:02:59.999Z,9,1.321589,1.7468,0.4089,132.1589,3.7652,NY,-1
scalp_fade_3m_lim,ETHUSDT,3m,1,STOP,2026-02-01T20:12:00.000Z,2026-02-01T20:29:59.999Z,5,-1.032183,0.3176,1.2553,-103.2183,7.6023,NY,1
scalp_fade_3m_lim,ETHUSDT,3m,1,STOP,2026-02-01T20:54:00.000Z,2026-02-01T21:08:59.999Z,4,-1.026231,0.1076,0.9390,-102.6231,6.2467,NY,1
scalp_fade_3m_lim,ETHUSDT,3m,1,STOP,2026-02-01T22:06:00.000Z,2026-02-01T23:05:59.999Z,19,-1.027921,1.3517,1.7136,-102.7921,6.4359,LATE,1
scalp_fade_3m_lim,ETHUSDT,3m,1,STOP,2026-02-02T02:18:00.000Z,2026-02-02T02:59:59.999Z,13,-1.024821,0.4717,0.9932,-102.4821,5.8132,ASIA,1
scalp_fade_3m_lim,ETHUSDT,3m,1,STOP,2026-02-02T05:54:00.000Z,2026-02-02T06:38:59.999Z,14,-1.019327,0.6948,1.0647,-101.9327,4.5612,ASIA,-1
scalp_fade_3m_lim,ETHUSDT,3m,1,TARGET,2026-02-02T09:03:00.000Z,2026-02-02T09:29:59.999Z,8,1.279950,2.2313,0.1679,127.9950,4.6399,LONDON,1
scalp_fade_3m_lim,ETHUSDT,3m,-1,STOP,2026-02-02T14:24:00.000Z,2026-02-02T14:32:59.999Z,2,-1.032697,0.2643,1.3954,-103.2697,7.3941,NY,1
scalp_fade_3m_lim,ETHUSDT,3m,-1,STOP,2026-02-02T14:33:00.000Z,2026-02-02T14:41:59.999Z,2,-1.027050,0.3684,0.9498,-102.7050,6.0816,NY,1
scalp_fade_3m_lim,ETHUSDT,3m,-1,TIME,2026-02-02T17:03:00.000Z,2026-02-02T18:05:59.999Z,20,0.962050,1.1823,0.3823,96.2050,6.7990,NY,-1
scalp_fade_3m_lim,ETHUSDT,3m,-1,TIME,2026-02-02T18:33:00.000Z,2026-02-02T19:35:59.999Z,20,0.715327,0.9830,0.4150,71.5327,8.0297,NY,-1
scalp_fade_3m_lim,ETHUSDT,3m,-1,STOP,2026-02-02T21:03:00.000Z,2026-02-02T22:02:59.999Z,19,-1.042155,0.1018,0.9789,-104.2155,9.2673,LATE,-1
scalp_fade_3m_lim,ETHUSDT,3m,-1,TARGET,2026-02-02T23:00:00.000Z,2026-02-03T00:02:59.999Z,20,1.091870,1.2473,0.3634,109.1870,8.5146,LATE,1
scalp_fade_3m_lim,ETHUSDT,3m,1,TIME,2026-02-03T06:24:00.000Z,2026-02-03T07:26:59.999Z,20,0.403559,1.1508,0.1339,40.3559,9.5771,ASIA,-1
scalp_fade_3m_lim,ETHUSDT,3m,1,TARGET,2026-02-03T11:36:00.000Z,2026-02-03T12:14:59.999Z,12,1.184107,1.4368,0.5760,118.4107,6.6419,LONDON,-1
scalp_fade_3m_lim,ETHUSDT,3m,1,STOP,2026-02-03T14:18:00.000Z,2026-02-03T14:35:59.999Z,5,-1.047350,0.6712,1.1427,-104.7350,11.0892,NY,1
scalp_fade_3m_lim,ETHUSDT,3m,1,STOP,2026-02-03T23:27:00.000Z,2026-02-03T23:47:59.999Z,6,-1.029142,0.3433,1.0615,-102.9142,6.8888,LATE,-1
scalp_fade_3m_lim,ETHUSDT,3m,1,TARGET,2026-02-04T00:57:00.000Z,2026-02-04T01:05:59.999Z,2,1.212109,1.9530,0.0480,121.2109,6.0750,ASIA,1
scalp_fade_3m_lim,ETHUSDT,3m,-1,TIME,2026-02-04T07:15:00.000Z,2026-02-04T08:17:59.999Z,20,-0.341442,0.5436,0.8090,-34.1442,10.1305,LONDON,-1
scalp_fade_3m_lim,ETHUSDT,3m,1,STOP,2026-02-04T11:03:00.000Z,2026-02-04T11:05:59.999Z,0,-1.062219,0.0000,1.6891,-106.2219,14.6588,LONDON,1
scalp_fade_3m_lim,ETHUSDT,3m,1,STOP,2026-02-04T12:27:00.000Z,2026-02-04T12:32:59.999Z,1,-1.041545,0.1163,0.8886,-104.1545,9.8359,LONDON,1
scalp_fade_3m_lim,ETHUSDT,3m,1,STOP,2026-02-04T13:18:00.000Z,2026-02-04T13:35:59.999Z,5,-1.047129,0.2000,1.1636,-104.7129,11.0383,NY,1
scalp_fade_3m_lim,ETHUSDT,3m,1,STOP,2026-02-04T14:42:00.000Z,2026-02-04T14:59:59.999Z,5,-1.019784,0.4745,1.0285,-101.9784,4.7515,NY,-1
scalp_fade_3m_lim,ETHUSDT,3m,1,STOP,2026-02-04T16:15:00.000Z,2026-02-04T16:23:59.999Z,2,-1.017213,0.0446,0.9862,-101.7213,4.1864,NY,1
scalp_fade_3m_lim,ETHUSDT,3m,1,STOP,2026-02-04T17:33:00.000Z,2026-02-04T18:17:59.999Z,14,-1.017895,0.5081,1.2364,-101.7895,4.2380,NY,1
scalp_fade_3m_lim,ETHUSDT,3m,1,STOP,2026-02-04T21:09:00.000Z,2026-02-04T21:20:59.999Z,3,-1.034870,0.0000,1.1358,-103.4870,8.2541,LATE,1
scalp_fade_3m_lim,ETHUSDT,3m,1,STOP,2026-02-05T01:18:00.000Z,2026-02-05T01:23:59.999Z,1,-1.031119,0.1542,1.0587,-103.1119,7.4187,ASIA,1
scalp_fade_3m_lim,ETHUSDT,3m,1,STOP,2026-02-05T04:12:00.000Z,2026-02-05T04:17:59.999Z,1,-1.022568,0.0738,0.9570,-102.2568,5.4366,ASIA,-1
scalp_fade_3m_lim,ETHUSDT,3m,1,TIME,2026-02-05T04:21:00.000Z,2026-02-05T05:23:59.999Z,20,-0.777782,0.6476,0.8566,-77.7782,4.5096,ASIA,-1
scalp_fade_3m_lim,ETHUSDT,3m,1,TIME,2026-02-05T05:30:00.000Z,2026-02-05T06:32:59.999Z,20,-0.377330,1.0442,0.5975,-37.7330,4.9926,ASIA,-1
scalp_fade_3m_lim,ETHUSDT,3m,1,TARGET,2026-02-05T06:48:00.000Z,2026-02-05T07:02:59.999Z,4,1.356049,1.6385,0.1114,135.6049,3.0475,ASIA,-1
scalp_fade_3m_lim,ETHUSDT,3m,1,TIME,2026-02-05T07:42:00.000Z,2026-02-05T08:44:59.999Z,20,0.606416,0.9989,0.5593,60.6416,6.5141,LONDON,1
scalp_fade_3m_lim,ETHUSDT,3m,1,STOP,2026-02-05T12:30:00.000Z,2026-02-05T12:56:59.999Z,8,-1.022081,0.3046,1.0864,-102.2081,5.2470,LONDON,-1
scalp_fade_3m_lim,ETHUSDT,3m,1,TARGET,2026-02-05T14:18:00.000Z,2026-02-05T14:35:59.999Z,5,1.331501,1.7230,0.0485,133.1501,3.5620,NY,1
scalp_fade_3m_lim,ETHUSDT,3m,1,TIME,2026-02-05T17:33:00.000Z,2026-02-05T18:35:59.999Z,20,-0.637372,0.6039,0.8525,-63.7372,3.1938,NY,-1
scalp_fade_3m_lim,ETHUSDT,3m,1,STOP,2026-02-05T20:03:00.000Z,2026-02-05T20:17:59.999Z,4,-1.025159,0.6229,1.7516,-102.5159,5.9996,NY,-1
scalp_fade_3m_lim,ETHUSDT,3m,1,STOP,2026-02-05T22:12:00.000Z,2026-02-05T22:17:59.999Z,1,-1.014565,0.0821,1.2313,-101.4565,3.5814,LATE,-1
scalp_fade_3m_lim,ETHUSDT,3m,1,TARGET,2026-02-05T22:18:00.000Z,2026-02-05T22:29:59.999Z,3,1.414795,1.4655,0.1091,141.4795,1.8141,LATE,-1
scalp_fade_3m_lim,ETHUSDT,3m,1,STOP,2026-02-05T23:36:00.000Z,2026-02-05T23:53:59.999Z,5,-1.018033,0.0301,1.3155,-101.8033,4.3489,LATE,1
scalp_fade_3m_lim,ETHUSDT,3m,1,TIME,2026-02-06T08:18:00.000Z,2026-02-06T09:20:59.999Z,20,0.202189,0.4511,0.8803,20.2189,5.9182,LONDON,-1
scalp_fade_3m_lim,ETHUSDT,3m,-1,STOP,2026-02-06T10:54:00.000Z,2026-02-06T11:17:59.999Z,7,-1.045539,0.3410,1.0185,-104.5539,10.2730,LONDON,1
scalp_fade_3m_lim,ETHUSDT,3m,-1,TIME,2026-02-06T11:39:00.000Z,2026-02-06T12:41:59.999Z,20,0.271692,0.8402,0.8667,27.1692,8.9045,LONDON,-1
scalp_fade_3m_lim,ETHUSDT,3m,-1,STOP,2026-02-06T13:06:00.000Z,2026-02-06T13:14:59.999Z,2,-1.042222,0.2090,1.1186,-104.2222,9.6081,NY,-1
scalp_fade_3m_lim,ETHUSDT,3m,-1,STOP,2026-02-06T16:03:00.000Z,2026-02-06T16:23:59.999Z,6,-1.025107,0.2495,1.1433,-102.5107,5.5840,NY,1
scalp_fade_3m_lim,ETHUSDT,3m,-1,TARGET,2026-02-06T20:36:00.000Z,2026-02-06T20:56:59.999Z,6,1.344200,1.5573,0.0384,134.4200,3.2507,NY,-1
scalp_fade_3m_lim,ETHUSDT,3m,-1,STOP,2026-02-06T22:06:00.000Z,2026-02-06T22:35:59.999Z,9,-1.042019,1.1488,1.0443,-104.2019,9.4247,LATE,-1
scalp_fade_3m_lim,ETHUSDT,3m,-1,TARGET,2026-02-06T23:12:00.000Z,2026-02-07T00:08:59.999Z,18,1.292630,1.3764,0.3781,129.2630,4.3174,LATE,1
scalp_fade_3m_lim,ETHUSDT,3m,-1,TIME,2026-02-07T00:54:00.000Z,2026-02-07T01:56:59.999Z,20,-0.842377,1.0245,0.8392,-84.2377,8.0935,ASIA,-1
scalp_fade_3m_lim,ETHUSDT,3m,-1,STOP,2026-02-07T02:33:00.000Z,2026-02-07T03:02:59.999Z,9,-1.051141,0.7781,1.2917,-105.1141,11.5145,ASIA,1
scalp_fade_3m_lim,ETHUSDT,3m,-1,TARGET,2026-02-07T06:06:00.000Z,2026-02-07T06:17:59.999Z,3,1.203365,1.3700,0.4420,120.3365,6.2167,ASIA,-1
scalp_fade_3m_lim,ETHUSDT,3m,1,TIME,2026-02-07T09:33:00.000Z,2026-02-07T10:35:59.999Z,20,-0.528525,0.6003,0.5833,-52.8525,9.5468,LONDON,1
scalp_fade_3m_lim,ETHUSDT,3m,1,TARGET,2026-02-07T11:48:00.000Z,2026-02-07T12:02:59.999Z,4,1.152985,1.9690,0.1369,115.2985,7.3130,LONDON,-1
scalp_fade_3m_lim,ETHUSDT,3m,-1,TARGET,2026-02-07T16:06:00.000Z,2026-02-07T16:11:59.999Z,1,1.412167,1.4723,0.8799,141.2167,1.8253,NY,1
scalp_fade_3m_lim,ETHUSDT,3m,-1,TIME,2026-02-07T16:12:00.000Z,2026-02-07T17:14:59.999Z,20,0.364533,0.6579,0.2217,36.4533,1.9309,NY,1
scalp_fade_3m_lim,ETHUSDT,3m,-1,STOP,2026-02-07T17:21:00.000Z,2026-02-07T17:38:59.999Z,5,-1.029072,0.1342,0.9294,-102.9072,6.5115,NY,1
scalp_fade_3m_lim,ETHUSDT,3m,-1,STOP,2026-02-07T20:36:00.000Z,2026-02-07T20:53:59.999Z,5,-1.056418,0.3204,1.7030,-105.6418,12.8282,NY,1
scalp_fade_3m_lim,ETHUSDT,3m,-1,TARGET,2026-02-07T22:09:00.000Z,2026-02-07T22:20:59.999Z,3,1.135782,1.2280,0.0737,113.5782,7.6385,LATE,-1
scalp_fade_3m_lim,ETHUSDT,3m,-1,STOP,2026-02-08T01:33:00.000Z,2026-02-08T01:41:59.999Z,2,-1.064143,0.0552,0.8101,-106.4143,14.7033,ASIA,-1
scalp_fade_3m_lim,ETHUSDT,3m,-1,TIME,2026-02-08T05:00:00.000Z,2026-02-08T06:02:59.999Z,20,0.271165,0.9372,0.1076,27.1165,15.2376,ASIA,1
scalp_fade_3m_lim,ETHUSDT,3m,-1,TARGET,2026-02-08T06:15:00.000Z,2026-02-08T07:11:59.999Z,18,1.043249,2.1270,0.2567,104.3249,9.5380,ASIA,1
scalp_fade_3m_lim,ETHUSDT,3m,-1,TIME,2026-02-08T09:12:00.000Z,2026-02-08T10:14:59.999Z,20,-0.171441,0.6733,0.4708,-17.1441,8.5824,LONDON,1
scalp_fade_3m_lim,ETHUSDT,3m,-1,TIME,2026-02-08T13:00:00.000Z,2026-02-08T14:02:59.999Z,20,0.045789,0.8618,0.7026,4.5789,9.5247,NY,1
scalp_fade_3m_lim,ETHUSDT,3m,-1,TARGET,2026-02-08T20:03:00.000Z,2026-02-08T20:56:59.999Z,17,1.172525,1.5499,0.3053,117.2525,6.8340,NY,-1
scalp_fade_3m_lim,ETHUSDT,3m,-1,TARGET,2026-02-08T21:15:00.000Z,2026-02-08T21:35:59.999Z,6,1.097857,1.5475,0.4748,109.7857,8.4280,LATE,-1
scalp_fade_3m_lim,ETHUSDT,3m,1,STOP,2026-02-09T01:36:00.000Z,2026-02-09T01:44:59.999Z,2,-1.037697,0.0105,1.7546,-103.7697,8.9252,ASIA,1
scalp_fade_3m_lim,ETHUSDT,3m,1,TIME,2026-02-09T01:51:00.000Z,2026-02-09T02:53:59.999Z,20,0.514828,1.0421,0.1612,51.4828,5.7201,ASIA,1
scalp_fade_3m_lim,ETHUSDT,3m,1,STOP,2026-02-09T06:03:00.000Z,2026-02-09T06:20:59.999Z,5,-1.061394,0.3254,1.3242,-106.1394,14.3181,ASIA,-1
scalp_fade_3m_lim,ETHUSDT,3m,1,STOP,2026-02-09T10:03:00.000Z,2026-02-09T10:17:59.999Z,4,-1.049288,0.5111,1.0523,-104.9288,11.5587,LONDON,-1
scalp_fade_3m_lim,ETHUSDT,3m,1,TARGET,2026-02-09T14:33:00.000Z,2026-02-09T14:41:59.999Z,2,1.268047,1.6944,0.4969,126.8047,4.8992,NY,-1
scalp_fade_3m_lim,ETHUSDT,3m,-1,STOP,2026-02-09T19:33:00.000Z,2026-02-09T20:08:59.999Z,11,-1.043000,0.7492,0.9324,-104.3000,9.6104,NY,-1
scalp_fade_3m_lim,ETHUSDT,3m,-1,TIME,2026-02-09T20:12:00.000Z,2026-02-09T21:14:59.999Z,20,0.933067,1.2148,0.1862,93.3067,7.4982,NY,-1
scalp_fade_3m_lim,ETHUSDT,3m,-1,TIME,2026-02-09T21:54:00.000Z,2026-02-09T22:56:59.999Z,20,0.224993,0.4154,0.5852,22.4993,7.5243,LATE,-1
scalp_fade_3m_lim,ETHUSDT,3m,-1,STOP,2026-02-10T01:09:00.000Z,2026-02-10T01:23:59.999Z,4,-1.049965,0.0307,0.8989,-104.9965,11.3610,ASIA,-1
scalp_fade_3m_lim,ETHUSDT,3m,1,STOP,2026-02-10T05:42:00.000Z,2026-02-10T05:50:59.999Z,2,-1.047893,0.0252,1.0541,-104.7893,11.2838,ASIA,-1
scalp_fade_3m_lim,ETHUSDT,3m,1,TARGET,2026-02-10T08:39:00.000Z,2026-02-10T09:02:59.999Z,7,1.227175,1.6468,0.0708,122.7175,5.7489,LONDON,-1
scalp_fade_3m_lim,ETHUSDT,3m,1,TIME,2026-02-10T09:51:00.000Z,2026-02-10T10:53:59.999Z,20,-0.090976,0.6991,0.4204,-9.0976,12.3937,LONDON,-1
scalp_fade_3m_lim,ETHUSDT,3m,1,TARGET,2026-02-10T11:21:00.000Z,2026-02-10T11:35:59.999Z,4,1.043946,1.1490,0.0583,104.3946,9.6034,LONDON,-1
scalp_fade_3m_lim,ETHUSDT,3m,1,STOP,2026-02-10T11:42:00.000Z,2026-02-10T11:53:59.999Z,3,-1.061649,0.2533,0.9534,-106.1649,14.4362,LONDON,-1
scalp_fade_3m_lim,ETHUSDT,3m,1,TARGET,2026-02-10T13:12:00.000Z,2026-02-10T13:35:59.999Z,7,1.207413,1.3920,0.2941,120.7413,6.1636,NY,1
scalp_fade_3m_lim,ETHUSDT,3m,1,STOP,2026-02-10T14:39:00.000Z,2026-02-10T14:44:59.999Z,1,-1.028023,0.2987,1.1625,-102.8023,6.7012,NY,-1
scalp_fade_3m_lim,ETHUSDT,3m,1,TARGET,2026-02-10T16:54:00.000Z,2026-02-10T17:32:59.999Z,12,1.248208,1.3781,0.2419,124.8208,5.2989,NY,1
scalp_fade_3m_lim,ETHUSDT,3m,1,STOP,2026-02-10T20:36:00.000Z,2026-02-10T21:32:59.999Z,18,-1.050628,0.8873,0.8700,-105.0628,11.5339,NY,-1
scalp_fade_3m_lim,ETHUSDT,3m,-1,TIME,2026-02-11T01:45:00.000Z,2026-02-11T02:47:59.999Z,20,0.429037,0.9124,0.5850,42.9037,14.1229,ASIA,-1
scalp_fade_3m_lim,ETHUSDT,3m,1,STOP,2026-02-11T03:27:00.000Z,2026-02-11T04:17:59.999Z,16,-1.041035,0.5559,1.0171,-104.1035,9.4235,ASIA,-1
scalp_fade_3m_lim,ETHUSDT,3m,1,TIME,2026-02-11T08:09:00.000Z,2026-02-11T09:11:59.999Z,20,0.292232,0.8620,0.6788,29.2232,11.1403,LONDON,1
scalp_fade_3m_lim,ETHUSDT,3m,1,STOP,2026-02-11T09:36:00.000Z,2026-02-11T10:02:59.999Z,8,-1.061327,0.0910,0.9852,-106.1327,14.2148,LONDON,-1
scalp_fade_3m_lim,ETHUSDT,3m,1,TARGET,2026-02-11T10:36:00.000Z,2026-02-11T11:20:59.999Z,14,1.174620,1.8098,0.0485,117.4620,6.8361,LONDON,1
scalp_fade_3m_lim,ETHUSDT,3m,1,TARGET,2026-02-11T12:42:00.000Z,2026-02-11T13:35:59.999Z,17,1.169178,1.8179,0.6569,116.9178,6.9433,LONDON,1
scalp_fade_3m_lim,ETHUSDT,3m,1,TARGET,2026-02-11T13:54:00.000Z,2026-02-11T14:05:59.999Z,3,1.272651,2.0454,0.1537,127.2651,4.8009,NY,1
scalp_fade_3m_lim,ETHUSDT,3m,1,STOP,2026-02-11T16:30:00.000Z,2026-02-11T16:50:59.999Z,6,-1.026940,0.2446,1.2522,-102.6940,6.3835,NY,1
scalp_fade_3m_lim,ETHUSDT,3m,-1,TIME,2026-02-12T02:09:00.000Z,2026-02-12T03:11:59.999Z,20,0.065498,1.0083,0.1868,6.5498,11.1254,ASIA,-1
scalp_fade_3m_lim,ETHUSDT,3m,-1,STOP,2026-02-12T03:36:00.000Z,2026-02-12T04:05:59.999Z,9,-1.068903,0.2270,0.8110,-106.8903,15.5839,ASIA,-1
scalp_fade_3m_lim,ETHUSDT,3m,-1,STOP,2026-02-12T04:18:00.000Z,2026-02-12T04:38:59.999Z,6,-1.064064,0.8068,0.8427,-106.4064,14.5643,ASIA,1
scalp_fade_3m_lim,ETHUSDT,3m,-1,STOP,2026-02-12T05:33:00.000Z,2026-02-12T06:26:59.999Z,17,-1.050724,0.3860,1.2532,-105.0724,11.2359,ASIA,-1
scalp_fade_3m_lim,ETHUSDT,3m,-1,TARGET,2026-02-12T08:09:00.000Z,2026-02-12T08:23:59.999Z,4,1.126525,1.2468,0.0219,112.6525,7.8307,LONDON,1
scalp_fade_3m_lim,ETHUSDT,3m,-1,STOP,2026-02-12T09:12:00.000Z,2026-02-12T09:35:59.999Z,7,-1.066998,0.2706,1.2903,-106.6998,15.2096,LONDON,1
scalp_fade_3m_lim,ETHUSDT,3m,-1,STOP,2026-02-12T10:00:00.000Z,2026-02-12T10:53:59.999Z,17,-1.045247,0.3445,0.9445,-104.5247,10.0014,LONDON,1
scalp_fade_3m_lim,ETHUSDT,3m,-1,TIME,2026-02-12T11:18:00.000Z,2026-02-12T12:20:59.999Z,20,0.506947,1.0364,0.7435,50.6947,11.8444,LONDON,1
scalp_fade_3m_lim,ETHUSDT,3m,-1,STOP,2026-02-12T13:12:00.000Z,2026-02-12T13:59:59.999Z,15,-1.052979,0.6605,0.9759,-105.2979,11.7915,NY,-1
scalp_fade_3m_lim,ETHUSDT,3m,-1,TARGET,2026-02-12T14:33:00.000Z,2026-02-12T14:44:59.999Z,3,1.217532,1.2784,0.0552,121.7532,5.9187,NY,-1
scalp_fade_3m_lim,ETHUSDT,3m,-1,TARGET,2026-02-12T14:51:00.000Z,2026-02-12T15:08:59.999Z,5,1.286972,1.5790,0.1547,128.6972,4.4549,NY,-1
scalp_fade_3m_lim,ETHUSDT,3m,1,TIME,2026-02-12T21:06:00.000Z,2026-02-12T22:08:59.999Z,20,0.269049,0.8376,0.1429,26.9049,11.7165,LATE,1
scalp_fade_3m_lim,ETHUSDT,3m,-1,TARGET,2026-02-13T00:03:00.000Z,2026-02-13T00:23:59.999Z,6,1.173631,1.3393,0.2014,117.3631,6.8355,ASIA,1
scalp_fade_3m_lim,ETHUSDT,3m,-1,TIME,2026-02-13T02:27:00.000Z,2026-02-13T03:29:59.999Z,20,-0.632420,0.7022,0.4472,-63.2420,14.0364,ASIA,1
scalp_fade_3m_lim,ETHUSDT,3m,-1,TIME,2026-02-13T03:57:00.000Z,2026-02-13T04:59:59.999Z,20,0.607120,1.1345,0.4325,60.7120,16.6950,ASIA,1
scalp_fade_3m_lim,ETHUSDT,3m,1,STOP,2026-02-13T06:18:00.000Z,2026-02-13T06:23:59.999Z,1,-1.072404,0.0993,1.0356,-107.2404,16.9893,ASIA,1
scalp_fade_3m_lim,ETHUSDT,3m,1,TARGET,2026-02-13T07:39:00.000Z,2026-02-13T08:35:59.999Z,18,1.106773,1.2007,0.4767,110.6773,8.2459,LONDON,-1
scalp_fade_3m_lim,ETHUSDT,3m,-1,TIME,2026-02-13T10:18:00.000Z,2026-02-13T11:20:59.999Z,20,0.319416,0.9414,0.7185,31.9416,14.5509,LONDON,-1
scalp_fade_3m_lim,ETHUSDT,3m,-1,TIME,2026-02-13T11:39:00.000Z,2026-02-13T12:41:59.999Z,20,-0.658837,0.3522,0.7450,-65.8837,12.1101,LONDON,-1
scalp_fade_3m_lim,ETHUSDT,3m,-1,STOP,2026-02-13T13:00:00.000Z,2026-02-13T13:26:59.999Z,8,-1.072806,0.6145,1.4390,-107.2806,16.5119,NY,-1
scalp_fade_3m_lim,ETHUSDT,3m,-1,STOP,2026-02-13T14:30:00.000Z,2026-02-13T14:35:59.999Z,1,-1.051434,0.2977,1.2809,-105.1434,11.7735,NY,-1
scalp_fade_3m_lim,ETHUSDT,3m,-1,STOP,2026-02-13T14:45:00.000Z,2026-02-13T15:11:59.999Z,8,-1.028918,0.0120,2.0104,-102.8918,6.4363,NY,1
scalp_fade_3m_lim,ETHUSDT,3m,-1,TIME,2026-02-13T18:48:00.000Z,2026-02-13T19:50:59.999Z,20,0.018534,0.8208,0.0828,1.8534,12.3118,NY,1
scalp_fade_3m_lim,ETHUSDT,3m,-1,TARGET,2026-02-13T20:06:00.000Z,2026-02-13T20:17:59.999Z,3,1.043943,1.3847,0.1364,104.3943,9.5706,NY,1
scalp_fade_3m_lim,ETHUSDT,3m,-1,TARGET,2026-02-13T23:48:00.000Z,2026-02-14T00:26:59.999Z,12,0.932134,1.2275,0.0508,93.2134,11.8875,LATE,1
scalp_fade_3m_lim,ETHUSDT,3m,-1,STOP,2026-02-14T00:33:00.000Z,2026-02-14T00:50:59.999Z,5,-1.086052,0.3190,0.7324,-108.6052,19.6735,ASIA,-1
scalp_fade_3m_lim,ETHUSDT,3m,-1,TIME,2026-02-14T04:27:00.000Z,2026-02-14T05:29:59.999Z,20,-0.104704,0.9178,0.2472,-10.4704,23.2473,ASIA,1
scalp_fade_3m_lim,ETHUSDT,3m,-1,TIME,2026-02-14T06:39:00.000Z,2026-02-14T07:41:59.999Z,20,-0.084532,0.6052,0.3883,-8.4532,26.1863,ASIA,1
scalp_fade_3m_lim,ETHUSDT,3m,-1,STOP,2026-02-14T07:45:00.000Z,2026-02-14T07:53:59.999Z,2,-1.111035,0.2026,1.0042,-111.1035,25.6025,LONDON,1
scalp_fade_3m_lim,ETHUSDT,3m,-1,STOP,2026-02-14T14:51:00.000Z,2026-02-14T14:53:59.999Z,0,-1.079631,0.0555,1.1603,-107.9631,18.3792,NY,1
scalp_fade_3m_lim,ETHUSDT,3m,-1,TARGET,2026-02-14T15:18:00.000Z,2026-02-14T16:20:59.999Z,20,1.126175,1.6840,0.6110,112.6175,7.7969,NY,1
scalp_fade_3m_lim,ETHUSDT,3m,-1,STOP,2026-02-14T19:09:00.000Z,2026-02-14T19:50:59.999Z,13,-1.091112,0.9007,0.8572,-109.1112,20.5047,NY,1
scalp_fade_3m_lim,ETHUSDT,3m,1,STOP,2026-02-15T01:21:00.000Z,2026-02-15T01:26:59.999Z,1,-1.063399,0.0010,0.9018,-106.3399,14.9018,ASIA,-1
scalp_fade_3m_lim,ETHUSDT,3m,1,STOP,2026-02-15T02:09:00.000Z,2026-02-15T02:38:59.999Z,9,-1.044764,0.3302,1.1787,-104.4764,10.4089,ASIA,-1
scalp_fade_3m_lim,ETHUSDT,3m,1,TARGET,2026-02-15T03:36:00.000Z,2026-02-15T03:59:59.999Z,7,1.176031,1.3185,0.8139,117.6031,6.8222,ASIA,-1
scalp_fade_3m_lim,ETHUSDT,3m,-1,STOP,2026-02-15T07:36:00.000Z,2026-02-15T07:38:59.999Z,0,-1.066309,0.0010,1.4735,-106.6309,15.2698,LONDON,1
scalp_fade_3m_lim,ETHUSDT,3m,1,TIME,2026-02-15T10:51:00.000Z,2026-02-15T11:53:59.999Z,20,-0.594655,0.4806,0.3853,-59.4655,14.7642,LONDON,1
scalp_fade_3m_lim,ETHUSDT,3m,1,TARGET,2026-02-15T12:09:00.000Z,2026-02-15T12:32:59.999Z,7,0.933669,1.2976,0.5023,93.3669,11.9081,LONDON,1
scalp_fade_3m_lim,ETHUSDT,3m,1,TIME,2026-02-15T16:06:00.000Z,2026-02-15T17:08:59.999Z,20,0.316376,0.7748,0.7077,31.6376,12.5528,NY,1
scalp_fade_3m_lim,ETHUSDT,3m,1,TIME,2026-02-15T19:48:00.000Z,2026-02-15T20:50:59.999Z,20,-0.047653,0.8059,0.5636,-4.7653,7.5106,NY,-1
scalp_fade_3m_lim,ETHUSDT,3m,1,STOP,2026-02-15T23:03:00.000Z,2026-02-15T23:08:59.999Z,1,-1.044530,0.1143,1.0586,-104.4530,10.5278,LATE,1
scalp_fade_3m_lim,ETHUSDT,3m,1,TARGET,2026-02-16T00:24:00.000Z,2026-02-16T01:11:59.999Z,15,1.169414,1.2923,0.3475,116.9414,6.9429,ASIA,1
scalp_fade_3m_lim,ETHUSDT,3m,1,STOP,2026-02-16T01:24:00.000Z,2026-02-16T01:41:59.999Z,5,-1.054275,0.2127,0.9332,-105.4275,12.6814,ASIA,1
scalp_fade_3m_lim,ETHUSDT,3m,1,STOP,2026-02-16T02:12:00.000Z,2026-02-16T02:29:59.999Z,5,-1.061452,0.2011,0.8179,-106.1452,14.3315,ASIA,1
scalp_fade_3m_lim,ETHUSDT,3m,1,TARGET,2026-02-16T06:21:00.000Z,2026-02-16T06:32:59.999Z,3,0.945892,1.2675,0.3556,94.5892,11.6669,ASIA,1
scalp_fade_3m_lim,ETHUSDT,3m,-1,TARGET,2026-02-16T11:06:00.000Z,2026-02-16T11:11:59.999Z,1,1.002595,2.3172,0.1506,100.2595,10.4473,LONDON,-1
scalp_fade_3m_lim,ETHUSDT,3m,-1,STOP,2026-02-16T12:27:00.000Z,2026-02-16T12:53:59.999Z,8,-1.046758,0.4399,1.1957,-104.6758,10.5318,LONDON,-1
scalp_fade_3m_lim,ETHUSDT,3m,-1,TARGET,2026-02-16T13:24:00.000Z,2026-02-16T13:29:59.999Z,1,1.273483,1.9475,0.0125,127.3483,4.7448,NY,-1
scalp_fade_3m_lim,ETHUSDT,3m,-1,STOP,2026-02-16T20:27:00.000Z,2026-02-16T20:53:59.999Z,8,-1.068035,0.0844,1.8048,-106.8035,15.4165,NY,1
scalp_fade_3m_lim,ETHUSDT,3m,-1,TIME,2026-02-16T22:15:00.000Z,2026-02-16T23:17:59.999Z,20,-0.339548,0.8048,0.6327,-33.9548,12.3159,LATE,-1
scalp_fade_3m_lim,ETHUSDT,3m,-1,STOP,2026-02-17T00:03:00.000Z,2026-02-17T00:50:59.999Z,15,-1.072044,0.5251,1.0846,-107.2044,16.1064,ASIA,-1
scalp_fade_3m_lim,ETHUSDT,3m,-1,STOP,2026-02-17T01:12:00.000Z,2026-02-17T01:35:59.999Z,7,-1.061025,0.1734,0.8553,-106.1025,13.8355,ASIA,1
scalp_fade_3m_lim,ETHUSDT,3m,-1,STOP,2026-02-17T02:12:00.000Z,2026-02-17T02:14:59.999Z,0,-1.048784,0.1616,0.8998,-104.8784,11.1795,ASIA,1
scalp_fade_3m_lim,ETHUSDT,3m,-1,TIME,2026-02-17T02:15:00.000Z,2026-02-17T03:17:59.999Z,20,0.493524,0.9598,0.2440,49.3524,9.5011,ASIA,1
scalp_fade_3m_lim,ETHUSDT,3m,-1,TARGET,2026-02-17T04:21:00.000Z,2026-02-17T05:20:59.999Z,19,1.136175,2.0300,0.5063,113.6175,7.5902,ASIA,1
scalp_fade_3m_lim,ETHUSDT,3m,1,TARGET,2026-02-17T07:33:00.000Z,2026-02-17T07:50:59.999Z,5,1.026161,1.2831,0.1662,102.6161,9.9737,LONDON,-1
scalp_fade_3m_lim,ETHUSDT,3m,1,STOP,2026-02-17T12:57:00.000Z,2026-02-17T13:05:59.999Z,2,-1.084168,0.0543,0.9695,-108.4168,19.6757,LONDON,-1
scalp_fade_3m_lim,ETHUSDT,3m,-1,TIME,2026-02-17T19:30:00.000Z,2026-02-17T20:32:59.999Z,20,0.480550,1.0148,0.4957,48.0550,9.3281,NY,1
scalp_fade_3m_lim,ETHUSDT,3m,-1,TARGET,2026-02-17T22:09:00.000Z,2026-02-17T23:08:59.999Z,19,0.957639,1.2038,0.6700,95.7639,11.3265,LATE,1
scalp_fade_3m_lim,ETHUSDT,3m,1,TARGET,2026-02-18T01:45:00.000Z,2026-02-18T02:35:59.999Z,16,1.126203,1.3341,0.2967,112.6203,7.8447,ASIA,-1
scalp_fade_3m_lim,ETHUSDT,3m,-1,STOP,2026-02-18T04:03:00.000Z,2026-02-18T04:11:59.999Z,2,-1.078875,0.1645,0.9481,-107.8875,18.1275,ASIA,1
scalp_fade_3m_lim,ETHUSDT,3m,-1,STOP,2026-02-18T07:39:00.000Z,2026-02-18T07:44:59.999Z,1,-1.081050,0.2175,1.1140,-108.1050,18.6717,LONDON,-1
scalp_fade_3m_lim,ETHUSDT,3m,1,STOP,2026-02-18T13:42:00.000Z,2026-02-18T13:47:59.999Z,1,-1.055285,0.0264,1.5835,-105.5285,13.0209,NY,1
scalp_fade_3m_lim,ETHUSDT,3m,1,STOP,2026-02-18T14:33:00.000Z,2026-02-18T14:50:59.999Z,5,-1.043504,0.4780,1.2490,-104.3504,10.2051,NY,-1
scalp_fade_3m_lim,ETHUSDT,3m,1,TIME,2026-02-18T17:15:00.000Z,2026-02-18T18:17:59.999Z,20,-0.434265,0.3130,0.5616,-43.4265,10.2128,NY,-1
scalp_fade_3m_lim,ETHUSDT,3m,1,TIME,2026-02-18T20:54:00.000Z,2026-02-18T21:56:59.999Z,20,-0.304968,0.3507,0.6837,-30.4968,10.8786,NY,1
scalp_fade_3m_lim,ETHUSDT,3m,1,TARGET,2026-02-18T23:09:00.000Z,2026-02-18T23:35:59.999Z,8,1.034756,1.1518,0.1982,103.4756,9.7836,LATE,1
scalp_fade_3m_lim,ETHUSDT,3m,1,TARGET,2026-02-19T00:27:00.000Z,2026-02-19T01:08:59.999Z,13,1.079857,1.2394,0.0474,107.9857,8.8231,ASIA,1
scalp_fade_3m_lim,ETHUSDT,3m,-1,STOP,2026-02-19T03:00:00.000Z,2026-02-19T04:02:59.999Z,20,-1.080817,0.6605,1.2210,-108.0817,17.9114,ASIA,-1
scalp_fade_3m_lim,ETHUSDT,3m,-1,TARGET,2026-02-19T07:45:00.000Z,2026-02-19T08:23:59.999Z,12,1.005535,1.2416,0.0798,100.5535,10.3479,LONDON,1
scalp_fade_3m_lim,ETHUSDT,3m,-1,STOP,2026-02-19T09:03:00.000Z,2026-02-19T09:23:59.999Z,6,-1.073655,0.5624,0.9308,-107.3655,16.7754,LONDON,-1
scalp_fade_3m_lim,ETHUSDT,3m,1,STOP,2026-02-19T11:30:00.000Z,2026-02-19T11:38:59.999Z,2,-1.085884,0.0997,0.8154,-108.5884,20.0726,LONDON,-1
scalp_fade_3m_lim,ETHUSDT,3m,1,TIME,2026-02-19T15:12:00.000Z,2026-02-19T16:14:59.999Z,20,-0.387714,0.5482,0.8200,-38.7714,6.4673,NY,1
scalp_fade_3m_lim,ETHUSDT,3m,-1,STOP,2026-02-19T23:06:00.000Z,2026-02-19T23:20:59.999Z,4,-1.077359,0.1675,0.9064,-107.7359,17.7019,LATE,-1
scalp_fade_3m_lim,ETHUSDT,3m,-1,STOP,2026-02-20T00:03:00.000Z,2026-02-20T00:14:59.999Z,3,-1.087011,0.4907,0.7200,-108.7011,19.9772,ASIA,-1
scalp_fade_3m_lim,ETHUSDT,3m,-1,TIME,2026-02-20T09:03:00.000Z,2026-02-20T10:05:59.999Z,20,-0.372780,0.3462,0.6483,-37.2780,16.4382,LONDON,-1
scalp_fade_3m_lim,ETHUSDT,3m,-1,STOP,2026-02-20T10:06:00.000Z,2026-02-20T10:08:59.999Z,0,-1.098967,0.0847,1.1139,-109.8967,22.8925,LONDON,1
scalp_fade_3m_lim,ETHUSDT,3m,-1,TARGET,2026-02-20T10:09:00.000Z,2026-02-20T10:44:59.999Z,11,0.993126,1.5406,0.1713,99.3126,10.6117,LONDON,-1
scalp_fade_3m_lim,ETHUSDT,3m,1,STOP,2026-02-20T13:03:00.000Z,2026-02-20T13:05:59.999Z,0,-1.081288,0.0267,0.8953,-108.1288,19.0884,NY,1
scalp_fade_3m_lim,ETHUSDT,3m,1,STOP,2026-02-20T13:33:00.000Z,2026-02-20T13:41:59.999Z,2,-1.046745,0.1135,1.1628,-104.6745,11.0184,NY,-1
scalp_fade_3m_lim,ETHUSDT,3m,1,TIME,2026-02-20T15:18:00.000Z,2026-02-20T16:20:59.999Z,20,0.362218,0.9497,0.1693,36.2218,5.7301,NY,-1
scalp_fade_3m_lim,ETHUSDT,3m,-1,TARGET,2026-02-20T16:24:00.000Z,2026-02-20T17:14:59.999Z,16,1.284269,1.3872,0.1325,128.4269,4.4954,NY,1
scalp_fade_3m_lim,ETHUSDT,3m,-1,STOP,2026-02-20T17:42:00.000Z,2026-02-20T17:50:59.999Z,2,-1.045424,0.1295,1.0545,-104.5424,10.3523,NY,-1
scalp_fade_3m_lim,ETHUSDT,3m,-1,TIME,2026-02-20T18:39:00.000Z,2026-02-20T19:41:59.999Z,20,-0.026282,0.4007,0.4879,-2.6282,7.1890,NY,-1
scalp_fade_3m_lim,ETHUSDT,3m,-1,TIME,2026-02-20T21:00:00.000Z,2026-02-20T22:02:59.999Z,20,-0.083793,0.4779,0.5870,-8.3793,17.9037,LATE,1
scalp_fade_3m_lim,ETHUSDT,3m,-1,TARGET,2026-02-21T00:00:00.000Z,2026-02-21T00:47:59.999Z,15,0.940199,1.1398,0.0864,94.0199,11.7068,ASIA,-1
scalp_fade_3m_lim,ETHUSDT,3m,-1,STOP,2026-02-21T08:42:00.000Z,2026-02-21T08:50:59.999Z,2,-1.144715,0.0024,0.5634,-114.4715,33.4310,LONDON,1
scalp_fade_3m_lim,ETHUSDT,3m,-1,STOP,2026-02-21T12:54:00.000Z,2026-02-21T13:47:59.999Z,17,-1.098922,0.5138,0.7580,-109.8922,22.1005,LONDON,-1
scalp_fade_3m_lim,ETHUSDT,3m,-1,TARGET,2026-02-21T15:45:00.000Z,2026-02-21T16:02:59.999Z,5,1.005420,1.4670,0.1711,100.5420,10.3742,NY,-1
scalp_fade_3m_lim,ETHUSDT,3m,-1,TIME,2026-02-21T16:39:00.000Z,2026-02-21T17:41:59.999Z,20,-0.423672,0.4310,0.1893,-42.3672,14.8907,NY,-1
scalp_fade_3m_lim,ETHUSDT,3m,-1,STOP,2026-02-21T18:21:00.000Z,2026-02-21T18:38:59.999Z,5,-1.110670,0.0582,1.0586,-111.0670,25.3601,NY,-1
scalp_fade_3m_lim,ETHUSDT,3m,-1,TIME,2026-02-21T19:00:00.000Z,2026-02-21T20:02:59.999Z,20,0.373460,0.8471,0.4991,37.3460,23.6311,NY,1
scalp_fade_3m_lim,ETHUSDT,3m,-1,TARGET,2026-02-21T20:21:00.000Z,2026-02-21T20:38:59.999Z,5,0.729063,1.3462,0.1487,72.9063,16.1842,NY,-1
scalp_fade_3m_lim,ETHUSDT,3m,1,TIME,2026-02-21T22:48:00.000Z,2026-02-21T23:50:59.999Z,20,-0.721836,0.1717,0.7115,-72.1836,17.8299,LATE,-1
scalp_fade_3m_lim,ETHUSDT,3m,1,STOP,2026-02-22T00:21:00.000Z,2026-02-22T00:26:59.999Z,1,-1.100502,0.1945,0.8499,-110.0502,23.5030,ASIA,-1
scalp_fade_3m_lim,ETHUSDT,3m,1,STOP,2026-02-22T03:18:00.000Z,2026-02-22T03:20:59.999Z,0,-1.093166,0.0000,0.8265,-109.3166,21.8476,ASIA,-1
scalp_fade_3m_lim,ETHUSDT,3m,1,TARGET,2026-02-22T09:03:00.000Z,2026-02-22T10:05:59.999Z,20,0.613072,1.0248,0.3056,61.3072,18.5568,LONDON,1
scalp_fade_3m_lim,ETHUSDT,3m,-1,STOP,2026-02-22T11:03:00.000Z,2026-02-22T11:05:59.999Z,0,-1.143956,0.0843,0.7273,-114.3956,33.3930,LONDON,1
scalp_fade_3m_lim,ETHUSDT,3m,1,TARGET,2026-02-22T15:15:00.000Z,2026-02-22T15:38:59.999Z,7,0.977413,1.1205,0.4913,97.7413,10.9901,NY,-1
scalp_fade_3m_lim,ETHUSDT,3m,1,STOP,2026-02-22T17:33:00.000Z,2026-02-22T17:35:59.999Z,0,-1.069004,0.0012,0.8881,-106.9004,16.2349,NY,-1
scalp_fade_3m_lim,ETHUSDT,3m,1,TIME,2026-02-22T19:12:00.000Z,2026-02-22T20:14:59.999Z,20,-0.277255,0.9111,0.0399,-27.7255,23.5626,NY,-1
scalp_fade_3m_lim,ETHUSDT,3m,1,STOP,2026-02-22T20:51:00.000Z,2026-02-22T20:56:59.999Z,1,-1.124091,0.0235,0.7852,-112.4091,28.9712,NY,-1
scalp_fade_3m_lim,ETHUSDT,3m,1,TARGET,2026-02-22T23:21:00.000Z,2026-02-22T23:59:59.999Z,12,1.071190,1.1809,0.2431,107.1190,9.0075,LATE,1
scalp_fade_3m_lim,ETHUSDT,3m,-1,TARGET,2026-02-23T00:09:00.000Z,2026-02-23T00:32:59.999Z,7,1.022033,1.1731,0.2557,102.2033,10.0183,ASIA,-1
scalp_fade_3m_lim,ETHUSDT,3m,-1,TARGET,2026-02-23T12:21:00.000Z,2026-02-23T12:32:59.999Z,3,0.942595,1.4179,0.0582,94.2595,11.7027,LONDON,1
scalp_fade_3m_lim,ETHUSDT,3m,-1,STOP,2026-02-23T13:39:00.000Z,2026-02-23T13:44:59.999Z,1,-1.075477,0.0219,1.9974,-107.5477,17.3737,NY,-1
scalp_fade_3m_lim,ETHUSDT,3m,1,TIME,2026-02-23T19:48:00.000Z,2026-02-23T20:50:59.999Z,20,0.001321,0.5356,0.6086,0.1321,11.5453,NY,-1
scalp_fade_3m_lim,ETHUSDT,3m,1,TARGET,2026-02-24T00:03:00.000Z,2026-02-24T00:17:59.999Z,4,1.025915,1.1781,0.1583,102.5915,9.9822,ASIA,-1
scalp_fade_3m_lim,ETHUSDT,3m,1,STOP,2026-02-24T01:03:00.000Z,2026-02-24T01:11:59.999Z,2,-1.071810,0.1047,1.1415,-107.1810,16.8169,ASIA,1
scalp_fade_3m_lim,ETHUSDT,3m,1,STOP,2026-02-24T02:48:00.000Z,2026-02-24T03:05:59.999Z,5,-1.043950,0.0385,1.4270,-104.3950,10.3076,ASIA,1
scalp_fade_3m_lim,ETHUSDT,3m,1,TIME,2026-02-24T04:33:00.000Z,2026-02-24T05:35:59.999Z,20,-0.244004,1.1465,0.6526,-24.4004,8.5415,ASIA,-1
scalp_fade_3m_lim,ETHUSDT,3m,1,STOP,2026-02-24T06:54:00.000Z,2026-02-24T07:05:59.999Z,3,-1.059968,0.0784,0.9610,-105.9968,14.0480,ASIA,1
scalp_fade_3m_lim,ETHUSDT,3m,1,TIME,2026-02-24T07:18:00.000Z,2026-02-24T08:20:59.999Z,20,-0.382387,0.6653,0.5643,-38.2387,11.3868,LONDON,-1
scalp_fade_3m_lim,ETHUSDT,3m,1,STOP,2026-02-24T09:06:00.000Z,2026-02-24T09:23:59.999Z,5,-1.064032,0.0666,0.8115,-106.4032,14.9247,LONDON,1
scalp_fade_3m_lim,ETHUSDT,3m,1,TIME,2026-02-24T09:42:00.000Z,2026-02-24T10:44:59.999Z,20,-0.269466,0.4276,0.4294,-26.9466,11.4062,LONDON,-1
scalp_fade_3m_lim,ETHUSDT,3m,1,TARGET,2026-02-24T11:48:00.000Z,2026-02-24T12:14:59.999Z,8,1.010470,1.2168,0.0310,101.0470,10.2931,LONDON,-1
scalp_fade_3m_lim,ETHUSDT,3m,1,STOP,2026-02-24T12:39:00.000Z,2026-02-24T13:23:59.999Z,14,-1.077729,0.5423,0.8350,-107.7729,17.7452,LONDON,1
scalp_fade_3m_lim,ETHUSDT,3m,1,TARGET,2026-02-24T13:33:00.000Z,2026-02-24T13:41:59.999Z,2,1.245215,1.5847,0.2707,124.5215,5.3791,NY,1
scalp_fade_3m_lim,ETHUSDT,3m,1,STOP,2026-02-24T13:42:00.000Z,2026-02-24T14:32:59.999Z,16,-1.030641,0.1704,0.9225,-103.0641,7.0865,NY,-1
scalp_fade_3m_lim,ETHUSDT,3m,1,TARGET,2026-02-24T14:33:00.000Z,2026-02-24T14:41:59.999Z,2,1.248396,1.5474,0.3821,124.8396,5.3123,NY,-1
scalp_fade_3m_lim,ETHUSDT,3m,-1,TIME,2026-02-24T16:42:00.000Z,2026-02-24T17:44:59.999Z,20,-0.229208,0.5556,0.8608,-22.9208,8.4391,NY,-1
scalp_fade_3m_lim,ETHUSDT,3m,-1,TIME,2026-02-24T18:00:00.000Z,2026-02-24T19:02:59.999Z,20,-0.296549,1.0684,0.5257,-29.6549,13.0298,NY,-1
scalp_fade_3m_lim,ETHUSDT,3m,-1,TIME,2026-02-24T19:06:00.000Z,2026-02-24T20:08:59.999Z,20,0.331195,1.0892,0.7014,33.1195,14.3670,NY,1
scalp_fade_3m_lim,ETHUSDT,3m,-1,TARGET,2026-02-24T20:33:00.000Z,2026-02-24T21:17:59.999Z,14,1.070998,1.2119,0.5690,107.0998,8.9689,NY,1
scalp_fade_3m_lim,ETHUSDT,3m,-1,STOP,2026-02-24T22:03:00.000Z,2026-02-24T22:14:59.999Z,3,-1.072271,0.0368,0.8079,-107.2271,16.5581,LATE,1
scalp_fade_3m_lim,ETHUSDT,3m,-1,TARGET,2026-02-25T04:24:00.000Z,2026-02-25T05:23:59.999Z,19,1.199780,1.6482,0.2162,119.9780,6.2591,ASIA,-1
scalp_fade_3m_lim,ETHUSDT,3m,-1,STOP,2026-02-25T08:21:00.000Z,2026-02-25T08:23:59.999Z,0,-1.087171,0.0622,0.7915,-108.7171,20.1392,LONDON,-1
scalp_fade_3m_lim,ETHUSDT,3m,-1,STOP,2026-02-25T14:39:00.000Z,2026-02-25T14:47:59.999Z,2,-1.043813,0.5197,1.8735,-104.3813,9.9778,NY,1
scalp_fade_3m_lim,ETHUSDT,3m,-1,STOP,2026-02-25T14:48:00.000Z,2026-02-25T15:02:59.999Z,4,-1.031467,0.1608,1.0473,-103.1467,7.0791,NY,1
scalp_fade_3m_lim,ETHUSDT,3m,-1,STOP,2026-02-25T20:33:00.000Z,2026-02-25T20:50:59.999Z,5,-1.048710,0.1581,1.1324,-104.8710,11.0478,NY,1
scalp_fade_3m_lim,ETHUSDT,3m,-1,STOP,2026-02-25T21:00:00.000Z,2026-02-25T21:35:59.999Z,11,-1.044381,0.6158,2.1932,-104.4381,9.9254,LATE,-1
scalp_fade_3m_lim,ETHUSDT,3m,-1,STOP,2026-02-25T21:36:00.000Z,2026-02-25T21:38:59.999Z,0,-1.029927,0.0717,2.0652,-102.9927,6.7782,LATE,-1
scalp_fade_3m_lim,ETHUSDT,3m,-1,TIME,2026-02-26T02:45:00.000Z,2026-02-26T03:47:59.999Z,20,-0.427477,0.5663,0.3943,-42.7477,11.1069,ASIA,-1
scalp_fade_3m_lim,ETHUSDT,3m,-1,STOP,2026-02-26T04:24:00.000Z,2026-02-26T04:32:59.999Z,2,-1.056996,0.0748,1.2549,-105.6996,13.0421,ASIA,-1
scalp_fade_3m_lim,ETHUSDT,3m,-1,TIME,2026-02-26T06:09:00.000Z,2026-02-26T07:11:59.999Z,20,0.507653,1.1735,0.2511,50.7653,11.6470,ASIA,1
scalp_fade_3m_lim,ETHUSDT,3m,-1,STOP,2026-02-26T12:06:00.000Z,2026-02-26T12:44:59.999Z,12,-1.069986,0.2076,0.8033,-106.9986,15.7357,LONDON,-1
scalp_fade_3m_lim,ETHUSDT,3m,-1,STOP,2026-02-26T12:48:00.000Z,2026-02-26T13:47:59.999Z,19,-1.070662,0.6028,0.8276,-107.0662,15.6673,LONDON,1
scalp_fade_3m_lim,ETHUSDT,3m,-1,TARGET,2026-02-26T13:51:00.000Z,2026-02-26T14:08:59.999Z,5,1.087135,1.2441,0.0273,108.7135,8.6562,NY,1
scalp_fade_3m_lim,ETHUSDT,3m,-1,TARGET,2026-02-26T14:12:00.000Z,2026-02-26T14:32:59.999Z,6,1.177020,1.2592,0.2569,117.7020,6.7643,NY,1
scalp_fade_3m_lim,ETHUSDT,3m,-1,TARGET,2026-02-26T14:36:00.000Z,2026-02-26T14:47:59.999Z,3,1.272997,2.3010,0.0138,127.2997,4.7519,NY,-1
scalp_fade_3m_lim,ETHUSDT,3m,1,STOP,2026-02-26T16:36:00.000Z,2026-02-26T16:47:59.999Z,3,-1.029635,0.5581,1.0177,-102.9635,7.0454,NY,1
scalp_fade_3m_lim,ETHUSDT,3m,1,TIME,2026-02-26T23:03:00.000Z,2026-02-27T00:05:59.999Z,20,-0.339867,0.5455,0.6792,-33.9867,17.0872,LATE,-1
scalp_fade_3m_lim,ETHUSDT,3m,1,STOP,2026-02-27T00:12:00.000Z,2026-02-27T00:38:59.999Z,8,-1.061849,0.2721,1.1005,-106.1849,14.3343,ASIA,1
scalp_fade_3m_lim,ETHUSDT,3m,1,TARGET,2026-02-27T01:45:00.000Z,2026-02-27T02:20:59.999Z,11,1.194836,1.6385,0.2058,119.4836,6.4192,ASIA,1
scalp_fade_3m_lim,ETHUSDT,3m,-1,TIME,2026-02-27T08:21:00.000Z,2026-02-27T09:23:59.999Z,20,0.188635,0.8595,0.4099,18.8635,12.5528,LONDON,-1
scalp_fade_3m_lim,ETHUSDT,3m,1,STOP,2026-02-27T15:03:00.000Z,2026-02-27T16:05:59.999Z,20,-1.033769,0.5152,1.1945,-103.3769,7.7275,NY,-1
scalp_fade_3m_lim,ETHUSDT,3m,1,TIME,2026-02-27T16:06:00.000Z,2026-02-27T17:08:59.999Z,20,-0.178014,0.7949,0.5933,-17.8014,8.7943,NY,1
scalp_fade_3m_lim,ETHUSDT,3m,1,TIME,2026-02-27T19:09:00.000Z,2026-02-27T20:11:59.999Z,20,0.729734,1.1544,0.1257,72.9734,12.6987,NY,-1
scalp_fade_3m_lim,ETHUSDT,3m,1,TARGET,2026-02-27T20:51:00.000Z,2026-02-27T21:05:59.999Z,4,0.999840,1.6783,0.2421,99.9840,10.5299,NY,1
scalp_fade_3m_lim,ETHUSDT,3m,1,STOP,2026-02-28T01:21:00.000Z,2026-02-28T01:29:59.999Z,2,-1.075622,0.4625,0.7477,-107.5622,17.6986,ASIA,-1
scalp_fade_3m_lim,ETHUSDT,3m,1,STOP,2026-02-28T01:30:00.000Z,2026-02-28T01:32:59.999Z,0,-1.063504,0.0757,0.8564,-106.3504,14.9573,ASIA,-1
scalp_fade_3m_lim,ETHUSDT,3m,1,STOP,2026-02-28T03:33:00.000Z,2026-02-28T03:38:59.999Z,1,-1.082967,0.0101,0.9049,-108.2967,19.4380,ASIA,-1
scalp_fade_3m_lim,ETHUSDT,3m,1,STOP,2026-02-28T04:30:00.000Z,2026-02-28T04:32:59.999Z,0,-1.065600,0.0818,0.8806,-106.5600,15.4442,ASIA,-1
scalp_fade_3m_lim,ETHUSDT,3m,1,TIME,2026-02-28T08:21:00.000Z,2026-02-28T09:23:59.999Z,20,0.268113,0.6639,0.3897,26.8113,6.6687,LONDON,-1
scalp_fade_3m_lim,ETHUSDT,3m,1,TARGET,2026-02-28T13:03:00.000Z,2026-02-28T13:50:59.999Z,15,1.115608,4.0518,0.1531,111.5608,8.0690,NY,-1
scalp_fade_3m_lim,ETHUSDT,3m,-1,TIME,2026-02-28T15:30:00.000Z,2026-02-28T16:32:59.999Z,20,-0.154254,0.4391,0.2016,-15.4254,7.1123,NY,-1
scalp_fade_3m_lim,ETHUSDT,3m,-1,STOP,2026-02-28T17:48:00.000Z,2026-02-28T18:32:59.999Z,14,-1.042749,0.1484,1.1918,-104.2749,9.4953,NY,-1
scalp_fade_3m_lim,ETHUSDT,3m,-1,STOP,2026-02-28T21:39:00.000Z,2026-02-28T22:35:59.999Z,18,-1.039862,0.4580,1.0954,-103.9862,8.7700,LATE,-1
scalp_fade_3m_lim,ETHUSDT,3m,-1,TIME,2026-02-28T23:48:00.000Z,2026-03-01T00:50:59.999Z,20,0.425544,1.0221,0.4451,42.5544,13.3044,LATE,-1
scalp_fade_3m_lim,ETHUSDT,3m,-1,TARGET,2026-03-01T00:54:00.000Z,2026-03-01T01:11:59.999Z,5,1.095671,1.7416,0.3555,109.5671,8.4768,ASIA,-1
scalp_fade_3m_lim,ETHUSDT,3m,-1,STOP,2026-03-01T01:36:00.000Z,2026-03-01T01:38:59.999Z,0,-1.048284,0.0096,0.9684,-104.8284,11.0629,ASIA,-1
scalp_fade_3m_lim,ETHUSDT,3m,-1,TIME,2026-03-01T07:12:00.000Z,2026-03-01T08:14:59.999Z,20,-0.674989,0.7500,0.5668,-67.4989,12.8087,LONDON,-1
scalp_fade_3m_lim,ETHUSDT,3m,1,TIME,2026-03-01T10:42:00.000Z,2026-03-01T11:44:59.999Z,20,-0.197742,0.5138,0.3226,-19.7742,11.0485,LONDON,-1
scalp_fade_3m_lim,ETHUSDT,3m,1,STOP,2026-03-01T12:03:00.000Z,2026-03-01T12:35:59.999Z,10,-1.078295,0.4787,1.0967,-107.8295,18.0185,LONDON,-1
scalp_fade_3m_lim,ETHUSDT,3m,1,STOP,2026-03-01T12:48:00.000Z,2026-03-01T13:20:59.999Z,10,-1.057762,0.2941,0.9973,-105.7762,13.3458,LONDON,-1
scalp_fade_3m_lim,ETHUSDT,3m,1,TARGET,2026-03-01T13:21:00.000Z,2026-03-01T13:53:59.999Z,10,1.159330,4.9748,0.1233,115.9330,7.1656,NY,-1
scalp_fade_3m_lim,ETHUSDT,3m,1,STOP,2026-03-01T18:33:00.000Z,2026-03-01T19:17:59.999Z,14,-1.036114,0.5086,0.9023,-103.6114,8.3508,NY,-1
scalp_fade_3m_lim,ETHUSDT,3m,1,TARGET,2026-03-02T02:36:00.000Z,2026-03-02T03:17:59.999Z,13,1.209838,1.4334,0.5581,120.9838,6.1008,ASIA,-1
scalp_fade_3m_lim,ETHUSDT,3m,-1,STOP,2026-03-02T04:21:00.000Z,2026-03-02T04:32:59.999Z,3,-1.058448,0.3453,0.8227,-105.8448,13.3520,ASIA,-1
scalp_fade_3m_lim,ETHUSDT,3m,1,STOP,2026-03-02T08:03:00.000Z,2026-03-02T08:14:59.999Z,3,-1.055600,0.4030,1.7974,-105.5600,13.0398,LONDON,1
scalp_fade_3m_lim,ETHUSDT,3m,1,TARGET,2026-03-02T08:18:00.000Z,2026-03-02T09:02:59.999Z,14,1.266165,1.5027,0.4399,126.6165,4.9195,LONDON,-1
scalp_fade_3m_lim,ETHUSDT,3m,1,TIME,2026-03-02T09:48:00.000Z,2026-03-02T10:50:59.999Z,20,-0.365912,0.4326,0.7246,-36.5912,11.2188,LONDON,1
scalp_fade_3m_lim,ETHUSDT,3m,1,STOP,2026-03-02T13:30:00.000Z,2026-03-02T13:53:59.999Z,7,-1.046468,0.4837,0.9560,-104.6468,10.8418,NY,-1
scalp_fade_3m_lim,ETHUSDT,3m,1,TARGET,2026-03-02T14:30:00.000Z,2026-03-02T14:32:59.999Z,0,1.249069,1.7596,0.1150,124.9069,5.3016,NY,-1
scalp_fade_3m_lim,ETHUSDT,3m,-1,STOP,2026-03-02T22:15:00.000Z,2026-03-02T22:29:59.999Z,4,-1.059432,0.3295,0.8685,-105.9432,13.5522,LATE,1
scalp_fade_3m_lim,ETHUSDT,3m,-1,TIME,2026-03-03T00:36:00.000Z,2026-03-03T01:38:59.999Z,20,0.179096,0.8394,0.7359,17.9096,10.9785,ASIA,-1
scalp_fade_3m_lim,ETHUSDT,3m,1,TIME,2026-03-03T02:33:00.000Z,2026-03-03T03:35:59.999Z,20,-0.313454,0.5490,0.6885,-31.3454,10.0282,ASIA,-1
scalp_fade_3m_lim,ETHUSDT,3m,1,STOP,2026-03-03T04:39:00.000Z,2026-03-03T04:53:59.999Z,4,-1.067290,0.1953,0.8094,-106.7290,15.7059,ASIA,1
scalp_fade_3m_lim,ETHUSDT,3m,1,STOP,2026-03-03T08:15:00.000Z,2026-03-03T08:38:59.999Z,7,-1.045913,0.5121,0.8584,-104.5913,10.7147,LONDON,1
scalp_fade_3m_lim,ETHUSDT,3m,1,STOP,2026-03-03T09:12:00.000Z,2026-03-03T09:26:59.999Z,4,-1.034889,0.1380,1.1301,-103.4889,8.2413,LONDON,1
scalp_fade_3m_lim,ETHUSDT,3m,1,TARGET,2026-03-03T11:18:00.000Z,2026-03-03T11:50:59.999Z,10,1.160481,1.2560,0.1267,116.0481,7.1415,LONDON,1
scalp_fade_3m_lim,ETHUSDT,3m,1,STOP,2026-03-03T13:03:00.000Z,2026-03-03T13:32:59.999Z,9,-1.044726,0.0975,0.9288,-104.4726,10.4001,NY,-1
scalp_fade_3m_lim,ETHUSDT,3m,1,STOP,2026-03-03T14:36:00.000Z,2026-03-03T14:50:59.999Z,4,-1.029085,0.9775,1.1965,-102.9085,6.9041,NY,1
scalp_fade_3m_lim,ETHUSDT,3m,1,TIME,2026-03-03T16:39:00.000Z,2026-03-03T17:41:59.999Z,20,-0.087457,0.8201,0.4122,-8.7457,4.9687,NY,1
scalp_fade_3m_lim,ETHUSDT,3m,-1,TIME,2026-03-03T19:39:00.000Z,2026-03-03T20:41:59.999Z,20,-0.044503,0.5641,0.3442,-4.4503,7.9617,NY,-1
scalp_fade_3m_lim,ETHUSDT,3m,-1,TARGET,2026-03-04T00:18:00.000Z,2026-03-04T00:35:59.999Z,5,1.131032,2.0875,0.1349,113.1032,7.7333,ASIA,-1
scalp_fade_3m_lim,ETHUSDT,3m,1,STOP,2026-03-04T03:03:00.000Z,2026-03-04T03:32:59.999Z,9,-1.050907,0.7685,1.4639,-105.0907,11.8096,ASIA,-1
scalp_fade_3m_lim,ETHUSDT,3m,-1,STOP,2026-03-04T12:42:00.000Z,2026-03-04T13:08:59.999Z,8,-1.047947,0.3103,1.3139,-104.7947,10.8048,LONDON,-1
scalp_fade_3m_lim,ETHUSDT,3m,-1,STOP,2026-03-04T14:39:00.000Z,2026-03-04T15:26:59.999Z,15,-1.025159,0.8026,1.2351,-102.5159,5.4951,NY,1
scalp_fade_3m_lim,ETHUSDT,3m,-1,STOP,2026-03-04T18:21:00.000Z,2026-03-04T19:05:59.999Z,14,-1.039647,0.3596,1.5458,-103.9647,8.7918,NY,-1
scalp_fade_3m_lim,ETHUSDT,3m,-1,TARGET,2026-03-04T22:03:00.000Z,2026-03-04T22:41:59.999Z,12,1.165017,1.5971,0.3818,116.5017,7.0027,LATE,-1
scalp_fade_3m_lim,ETHUSDT,3m,-1,TIME,2026-03-05T00:18:00.000Z,2026-03-05T01:20:59.999Z,20,0.088873,0.8476,0.7910,8.8873,11.8879,ASIA,-1
scalp_fade_3m_lim,ETHUSDT,3m,-1,TARGET,2026-03-05T12:45:00.000Z,2026-03-05T13:26:59.999Z,13,1.167632,1.7308,0.7310,116.7632,6.9456,LONDON,-1
scalp_fade_3m_lim,ETHUSDT,3m,1,STOP,2026-03-05T14:42:00.000Z,2026-03-05T15:11:59.999Z,9,-1.028629,0.9754,0.9340,-102.8629,6.7293,NY,-1
scalp_fade_3m_lim,ETHUSDT,3m,1,STOP,2026-03-05T16:03:00.000Z,2026-03-05T16:11:59.999Z,2,-1.031405,0.0703,1.1311,-103.1405,7.4695,NY,-1
scalp_fade_3m_lim,ETHUSDT,3m,1,STOP,2026-03-05T17:12:00.000Z,2026-03-05T17:32:59.999Z,6,-1.035190,0.0899,1.0287,-103.5190,8.2765,NY,1
scalp_fade_3m_lim,ETHUSDT,3m,1,TARGET,2026-03-05T20:06:00.000Z,2026-03-05T20:23:59.999Z,5,1.178020,1.4133,0.3087,117.8020,6.7849,NY,-1
scalp_fade_3m_lim,ETHUSDT,3m,1,TIME,2026-03-05T21:36:00.000Z,2026-03-05T22:38:59.999Z,20,-0.252621,0.2252,0.7471,-25.2621,11.9750,LATE,1
scalp_fade_3m_lim,ETHUSDT,3m,1,STOP,2026-03-06T01:15:00.000Z,2026-03-06T01:26:59.999Z,3,-1.063801,0.5276,0.9437,-106.3801,14.9331,ASIA,-1
scalp_fade_3m_lim,ETHUSDT,3m,1,TARGET,2026-03-06T01:27:00.000Z,2026-03-06T01:32:59.999Z,1,1.151488,1.4381,0.3717,115.1488,7.3516,ASIA,1
scalp_fade_3m_lim,ETHUSDT,3m,1,TIME,2026-03-06T03:15:00.000Z,2026-03-06T04:17:59.999Z,20,-0.285245,1.0473,0.3325,-28.5245,14.5112,ASIA,-1
scalp_fade_3m_lim,ETHUSDT,3m,1,TARGET,2026-03-06T07:12:00.000Z,2026-03-06T07:26:59.999Z,4,1.113919,1.5008,0.0941,111.3919,8.1336,LONDON,1
scalp_fade_3m_lim,ETHUSDT,3m,1,STOP,2026-03-06T12:21:00.000Z,2026-03-06T12:35:59.999Z,4,-1.050673,0.2483,1.0737,-105.0673,11.8777,LONDON,-1
scalp_fade_3m_lim,ETHUSDT,3m,1,STOP,2026-03-06T13:48:00.000Z,2026-03-06T13:56:59.999Z,2,-1.036928,0.2703,1.4162,-103.6928,8.7474,NY,-1
scalp_fade_3m_lim,ETHUSDT,3m,1,STOP,2026-03-06T16:57:00.000Z,2026-03-06T17:38:59.999Z,13,-1.041102,0.9686,0.9395,-104.1102,9.4961,NY,-1
scalp_fade_3m_lim,ETHUSDT,3m,1,TIME,2026-03-07T00:12:00.000Z,2026-03-07T01:14:59.999Z,20,-0.527400,0.4209,0.4301,-52.7400,21.1199,ASIA,-1
scalp_fade_3m_lim,ETHUSDT,3m,1,STOP,2026-03-07T01:15:00.000Z,2026-03-07T01:23:59.999Z,2,-1.102681,0.2044,0.6619,-110.2681,23.9583,ASIA,1
scalp_fade_3m_lim,ETHUSDT,3m,1,TIME,2026-03-07T05:18:00.000Z,2026-03-07T06:20:59.999Z,20,-0.176316,0.9175,0.3131,-17.6316,21.5169,ASIA,1
scalp_fade_3m_lim,ETHUSDT,3m,1,STOP,2026-03-07T06:21:00.000Z,2026-03-07T06:35:59.999Z,4,-1.100434,0.1861,0.7529,-110.0434,23.3420,ASIA,1
scalp_fade_3m_lim,ETHUSDT,3m,1,STOP,2026-03-07T06:51:00.000Z,2026-03-07T07:08:59.999Z,5,-1.091059,0.3362,0.7493,-109.1059,21.1385,ASIA,-1
scalp_fade_3m_lim,ETHUSDT,3m,1,TARGET,2026-03-07T08:57:00.000Z,2026-03-07T09:11:59.999Z,4,0.933206,1.1137,0.2441,93.3206,11.9296,LONDON,1
scalp_fade_3m_lim,ETHUSDT,3m,-1,STOP,2026-03-07T10:18:00.000Z,2026-03-07T11:14:59.999Z,18,-1.100062,0.6794,1.3733,-110.0062,22.3127,LONDON,1
scalp_fade_3m_lim,ETHUSDT,3m,1,STOP,2026-03-07T18:00:00.000Z,2026-03-07T18:02:59.999Z,0,-1.117127,0.0000,2.4051,-111.7127,27.4138,NY,1
scalp_fade_3m_lim,ETHUSDT,3m,1,STOP,2026-03-07T21:36:00.000Z,2026-03-07T22:38:59.999Z,20,-1.084416,0.9905,0.8878,-108.4416,19.0241,LATE,1
scalp_fade_3m_lim,ETHUSDT,3m,1,TIME,2026-03-08T00:24:00.000Z,2026-03-08T01:26:59.999Z,20,-0.315411,0.1873,0.6221,-31.5411,19.2688,ASIA,1
scalp_fade_3m_lim,ETHUSDT,3m,1,STOP,2026-03-08T02:48:00.000Z,2026-03-08T02:50:59.999Z,0,-1.055350,0.2328,1.7897,-105.5350,13.0632,ASIA,-1
scalp_fade_3m_lim,ETHUSDT,3m,1,TARGET,2026-03-08T06:51:00.000Z,2026-03-08T07:05:59.999Z,4,0.857017,1.8229,0.1076,85.7017,13.5299,ASIA,-1
scalp_fade_3m_lim,ETHUSDT,3m,1,TIME,2026-03-08T14:42:00.000Z,2026-03-08T15:44:59.999Z,20,-0.104846,0.6853,0.2667,-10.4846,11.9884,NY,1
scalp_fade_3m_lim,ETHUSDT,3m,1,TARGET,2026-03-08T16:33:00.000Z,2026-03-08T17:05:59.999Z,10,0.981476,1.2065,0.6173,98.1476,10.8942,NY,1
scalp_fade_3m_lim,ETHUSDT,3m,1,TIME,2026-03-08T17:12:00.000Z,2026-03-08T18:14:59.999Z,20,-0.862902,0.2348,0.6843,-86.2902,12.4084,NY,-1
scalp_fade_3m_lim,ETHUSDT,3m,1,TARGET,2026-03-08T18:39:00.000Z,2026-03-08T19:11:59.999Z,10,1.055319,1.5858,0.5503,105.5319,9.3461,NY,-1
scalp_fade_3m_lim,ETHUSDT,3m,-1,STOP,2026-03-09T05:24:00.000Z,2026-03-09T05:32:59.999Z,2,-1.064958,0.0599,1.1466,-106.4958,14.8928,ASIA,-1
scalp_fade_3m_lim,ETHUSDT,3m,-1,STOP,2026-03-09T08:12:00.000Z,2026-03-09T08:23:59.999Z,3,-1.052525,0.2338,1.0143,-105.2525,11.9782,LONDON,1
scalp_fade_3m_lim,ETHUSDT,3m,-1,TIME,2026-03-09T09:57:00.000Z,2026-03-09T10:59:59.999Z,20,0.635462,1.0922,0.1024,63.5462,11.2835,LONDON,1
scalp_fade_3m_lim,ETHUSDT,3m,-1,STOP,2026-03-09T12:03:00.000Z,2026-03-09T12:23:59.999Z,6,-1.057861,0.2333,0.9915,-105.7861,13.1345,LONDON,1
scalp_fade_3m_lim,ETHUSDT,3m,-1,STOP,2026-03-09T13:27:00.000Z,2026-03-09T13:35:59.999Z,2,-1.045458,0.1427,0.8562,-104.5458,10.3604,NY,1
scalp_fade_3m_lim,ETHUSDT,3m,-1,STOP,2026-03-09T13:42:00.000Z,2026-03-09T13:44:59.999Z,0,-1.037041,0.0525,1.2410,-103.7041,8.4388,NY,-1
scalp_fade_3m_lim,ETHUSDT,3m,-1,TIME,2026-03-09T13:45:00.000Z,2026-03-09T14:47:59.999Z,20,-0.136152,0.9779,0.3119,-13.6152,6.8967,NY,1
scalp_fade_3m_lim,ETHUSDT,3m,-1,STOP,2026-03-09T15:57:00.000Z,2026-03-09T16:53:59.999Z,18,-1.057345,0.7266,1.2059,-105.7345,12.7030,NY,-1
scalp_fade_3m_lim,ETHUSDT,3m,-1,STOP,2026-03-09T19:21:00.000Z,2026-03-09T19:26:59.999Z,1,-1.049886,0.0000,1.9412,-104.9886,11.4132,NY,-1
scalp_fade_3m_lim,ETHUSDT,3m,-1,TIME,2026-03-09T19:42:00.000Z,2026-03-09T20:44:59.999Z,20,0.158416,0.3951,0.4715,15.8416,7.5765,NY,1
scalp_fade_3m_lim,ETHUSDT,3m,-1,TIME,2026-03-09T21:03:00.000Z,2026-03-09T22:05:59.999Z,20,0.260367,0.7595,0.5168,26.0367,13.1354,LATE,-1
scalp_fade_3m_lim,ETHUSDT,3m,1,TARGET,2026-03-10T01:21:00.000Z,2026-03-10T01:56:59.999Z,11,1.152739,1.4291,0.3973,115.2739,7.3014,ASIA,1
scalp_fade_3m_lim,ETHUSDT,3m,-1,TIME,2026-03-10T05:27:00.000Z,2026-03-10T06:29:59.999Z,20,-0.444910,0.8524,0.3057,-44.4910,13.2324,ASIA,1
scalp_fade_3m_lim,ETHUSDT,3m,-1,STOP,2026-03-10T07:06:00.000Z,2026-03-10T07:23:59.999Z,5,-1.067441,0.1199,0.9584,-106.7441,15.3745,LONDON,-1
scalp_fade_3m_lim,ETHUSDT,3m,-1,STOP,2026-03-10T09:24:00.000Z,2026-03-10T09:26:59.999Z,0,-1.065726,0.2496,1.0768,-106.5726,15.1338,LONDON,1
scalp_fade_3m_lim,ETHUSDT,3m,-1,TIME,2026-03-10T10:54:00.000Z,2026-03-10T11:56:59.999Z,20,-0.052446,0.9274,0.6202,-5.2446,16.6022,LONDON,-1
scalp_fade_3m_lim,ETHUSDT,3m,-1,TARGET,2026-03-10T13:09:00.000Z,2026-03-10T13:35:59.999Z,8,1.059716,2.3801,0.4960,105.9716,9.2235,NY,-1
scalp_fade_3m_lim,ETHUSDT,3m,-1,TARGET,2026-03-10T17:09:00.000Z,2026-03-10T17:38:59.999Z,9,1.180350,1.8515,0.0702,118.0350,6.6877,NY,1
scalp_fade_3m_lim,ETHUSDT,3m,-1,TARGET,2026-03-10T17:51:00.000Z,2026-03-10T18:14:59.999Z,7,1.267218,1.5017,0.1151,126.7218,4.8670,NY,-1
scalp_fade_3m_lim,ETHUSDT,3m,1,TIME,2026-03-10T19:42:00.000Z,2026-03-10T20:44:59.999Z,20,0.280537,0.7001,0.1196,28.0537,8.9415,NY,-1
scalp_fade_3m_lim,ETHUSDT,3m,1,TIME,2026-03-10T22:54:00.000Z,2026-03-10T23:56:59.999Z,20,0.715196,1.1047,0.1149,71.5196,15.1359,LATE,1
scalp_fade_3m_lim,ETHUSDT,3m,1,TIME,2026-03-11T00:33:00.000Z,2026-03-11T01:35:59.999Z,20,-0.389014,1.0469,0.4502,-38.9014,15.4147,ASIA,1
scalp_fade_3m_lim,ETHUSDT,3m,1,STOP,2026-03-11T01:36:00.000Z,2026-03-11T02:38:59.999Z,20,-1.066126,0.8300,1.3648,-106.6126,14.9444,ASIA,-1
scalp_fade_3m_lim,ETHUSDT,3m,1,TARGET,2026-03-11T04:00:00.000Z,2026-03-11T04:26:59.999Z,8,0.922803,2.3650,0.4586,92.2803,12.1322,ASIA,-1
scalp_fade_3m_lim,ETHUSDT,3m,1,STOP,2026-03-11T07:18:00.000Z,2026-03-11T07:35:59.999Z,5,-1.083548,0.1775,1.0786,-108.3548,19.4116,LONDON,1
scalp_fade_3m_lim,ETHUSDT,3m,1,TARGET,2026-03-11T12:15:00.000Z,2026-03-11T12:32:59.999Z,5,1.090397,1.6976,0.1885,109.0397,8.6248,LONDON,-1
scalp_fade_3m_lim,ETHUSDT,3m,-1,STOP,2026-03-11T16:24:00.000Z,2026-03-11T16:44:59.999Z,6,-1.040016,0.0680,0.9237,-104.0016,9.0210,NY,1
scalp_fade_3m_lim,ETHUSDT,3m,-1,TIME,2026-03-11T19:57:00.000Z,2026-03-11T20:59:59.999Z,20,0.321462,0.9369,0.3024,32.1462,15.9339,NY,1
scalp_fade_3m_lim,ETHUSDT,3m,-1,STOP,2026-03-11T21:36:00.000Z,2026-03-11T22:14:59.999Z,12,-1.085786,0.3397,2.0408,-108.5786,19.3335,LATE,-1
scalp_fade_3m_lim,ETHUSDT,3m,-1,TARGET,2026-03-11T22:15:00.000Z,2026-03-11T22:29:59.999Z,4,1.105549,1.2300,0.0349,110.5549,8.2718,LATE,1
scalp_fade_3m_lim,ETHUSDT,3m,1,STOP,2026-03-12T01:03:00.000Z,2026-03-12T01:05:59.999Z,0,-1.070838,0.0105,0.8666,-107.0838,16.6609,ASIA,1
scalp_fade_3m_lim,ETHUSDT,3m,1,STOP,2026-03-12T02:06:00.000Z,2026-03-12T02:20:59.999Z,4,-1.073101,0.2269,1.2826,-107.3101,17.0448,ASIA,1
scalp_fade_3m_lim,ETHUSDT,3m,1,TIME,2026-03-12T03:48:00.000Z,2026-03-12T04:50:59.999Z,20,-0.051265,0.9797,0.0993,-5.1265,13.3654,ASIA,1
scalp_fade_3m_lim,ETHUSDT,3m,1,TIME,2026-03-12T05:06:00.000Z,2026-03-12T06:08:59.999Z,20,0.013599,0.6034,0.7157,1.3599,19.1737,ASIA,-1
scalp_fade_3m_lim,ETHUSDT,3m,-1,STOP,2026-03-12T09:42:00.000Z,2026-03-12T09:44:59.999Z,0,-1.066282,0.0064,1.5537,-106.6282,15.2637,LONDON,-1
scalp_fade_3m_lim,ETHUSDT,3m,-1,STOP,2026-03-12T13:36:00.000Z,2026-03-12T14:05:59.999Z,9,-1.043202,0.9463,0.9036,-104.3202,9.6958,NY,-1
scalp_fade_3m_lim,ETHUSDT,3m,-1,TIME,2026-03-12T15:27:00.000Z,2026-03-12T16:29:59.999Z,20,0.096383,0.6596,0.7854,9.6383,7.8727,NY,-1
scalp_fade_3m_lim,ETHUSDT,3m,-1,TIME,2026-03-12T21:57:00.000Z,2026-03-12T22:59:59.999Z,20,-0.431127,1.1149,0.3801,-43.1127,17.4998,LATE,-1
scalp_fade_3m_lim,ETHUSDT,3m,-1,STOP,2026-03-12T23:00:00.000Z,2026-03-12T23:05:59.999Z,1,-1.063645,0.0655,2.0137,-106.3645,14.6178,LATE,-1
scalp_fade_3m_lim,ETHUSDT,3m,-1,TIME,2026-03-13T01:42:00.000Z,2026-03-13T02:44:59.999Z,20,0.774814,1.0650,0.3329,77.4814,8.8088,ASIA,-1
scalp_fade_3m_lim,ETHUSDT,3m,-1,TARGET,2026-03-13T05:33:00.000Z,2026-03-13T06:29:59.999Z,18,1.009578,2.4409,0.5521,100.9578,10.2429,ASIA,-1
scalp_fade_3m_lim,ETHUSDT,3m,-1,STOP,2026-03-13T08:00:00.000Z,2026-03-13T08:35:59.999Z,11,-1.063576,0.8115,0.9270,-106.3576,14.3051,LONDON,-1
scalp_fade_3m_lim,ETHUSDT,3m,-1,STOP,2026-03-13T12:24:00.000Z,2026-03-13T12:47:59.999Z,7,-1.055981,0.5160,0.8730,-105.5981,12.6752,LONDON,-1
scalp_fade_3m_lim,ETHUSDT,3m,-1,STOP,2026-03-13T12:48:00.000Z,2026-03-13T12:50:59.999Z,0,-1.046607,0.0007,1.1884,-104.6607,10.6714,LONDON,1
scalp_fade_3m_lim,ETHUSDT,3m,1,TIME,2026-03-13T19:09:00.000Z,2026-03-13T20:11:59.999Z,20,-0.068334,0.3283,0.4088,-6.8334,11.9566,NY,-1
scalp_fade_3m_lim,ETHUSDT,3m,1,STOP,2026-03-13T21:27:00.000Z,2026-03-13T21:29:59.999Z,0,-1.089729,0.0014,0.9372,-108.9729,21.0492,LATE,1
scalp_fade_3m_lim,ETHUSDT,3m,1,STOP,2026-03-13T23:51:00.000Z,2026-03-14T00:44:59.999Z,17,-1.091225,0.6244,1.1029,-109.1225,20.6664,LATE,1
scalp_fade_3m_lim,ETHUSDT,3m,1,STOP,2026-03-14T01:36:00.000Z,2026-03-14T01:38:59.999Z,0,-1.078787,0.0470,0.9092,-107.8787,18.5075,ASIA,-1
scalp_fade_3m_lim,ETHUSDT,3m,1,TIME,2026-03-14T04:54:00.000Z,2026-03-14T05:56:59.999Z,20,-0.240050,0.3754,0.6086,-24.0050,15.6438,ASIA,1
scalp_fade_3m_lim,ETHUSDT,3m,1,STOP,2026-03-14T05:57:00.000Z,2026-03-14T06:17:59.999Z,6,-1.094075,0.1417,1.1532,-109.4075,21.7870,ASIA,-1
scalp_fade_3m_lim,ETHUSDT,3m,1,STOP,2026-03-14T08:18:00.000Z,2026-03-14T08:38:59.999Z,6,-1.111918,0.4849,0.7344,-111.1918,25.8810,LONDON,1
scalp_fade_3m_lim,ETHUSDT,3m,1,STOP,2026-03-14T09:33:00.000Z,2026-03-14T09:47:59.999Z,4,-1.109386,0.0491,1.1164,-110.9386,25.4044,LONDON,1
scalp_fade_3m_lim,ETHUSDT,3m,1,STOP,2026-03-14T09:48:00.000Z,2026-03-14T09:50:59.999Z,0,-1.088074,0.0014,0.8439,-108.8074,20.6649,LONDON,-1
scalp_fade_3m_lim,ETHUSDT,3m,1,STOP,2026-03-14T14:12:00.000Z,2026-03-14T14:44:59.999Z,10,-1.097538,0.6926,0.8379,-109.7538,22.3978,NY,1
scalp_fade_3m_lim,ETHUSDT,3m,1,TIME,2026-03-14T15:33:00.000Z,2026-03-14T16:35:59.999Z,20,0.236742,0.6195,0.5914,23.6742,20.3952,NY,1
scalp_fade_3m_lim,ETHUSDT,3m,1,TIME,2026-03-14T17:51:00.000Z,2026-03-14T18:53:59.999Z,20,-0.014814,0.6372,0.2589,-1.4814,28.9077,NY,-1
scalp_fade_3m_lim,ETHUSDT,3m,-1,STOP,2026-03-14T21:21:00.000Z,2026-03-14T21:50:59.999Z,9,-1.107009,0.1432,0.8210,-110.7009,24.3141,LATE,1
scalp_fade_3m_lim,ETHUSDT,3m,-1,STOP,2026-03-14T23:03:00.000Z,2026-03-14T23:08:59.999Z,1,-1.086247,0.1382,0.9310,-108.6247,19.8821,LATE,-1
scalp_fade_3m_lim,ETHUSDT,3m,-1,STOP,2026-03-14T23:18:00.000Z,2026-03-14T23:41:59.999Z,7,-1.064259,0.0497,0.8257,-106.4259,14.5794,LATE,-1
scalp_fade_3m_lim,ETHUSDT,3m,-1,STOP,2026-03-15T02:03:00.000Z,2026-03-15T02:44:59.999Z,13,-1.081143,0.8472,1.0196,-108.1143,18.2393,ASIA,1
scalp_fade_3m_lim,ETHUSDT,3m,-1,TIME,2026-03-15T05:18:00.000Z,2026-03-15T06:20:59.999Z,20,0.203834,0.6873,0.5542,20.3834,17.0840,ASIA,1
scalp_fade_3m_lim,ETHUSDT,3m,-1,TARGET,2026-03-15T07:12:00.000Z,2026-03-15T07:47:59.999Z,11,0.962890,1.1484,0.1280,96.2890,11.2461,LONDON,-1
scalp_fade_3m_lim,ETHUSDT,3m,-1,TARGET,2026-03-15T11:48:00.000Z,2026-03-15T12:41:59.999Z,17,0.784185,1.4818,0.3271,78.4185,14.9663,LONDON,-1
scalp_fade_3m_lim,ETHUSDT,3m,1,TIME,2026-03-15T16:18:00.000Z,2026-03-15T17:20:59.999Z,20,0.262300,0.6828,0.3310,26.2300,19.0154,NY,1
scalp_fade_3m_lim,ETHUSDT,3m,-1,STOP,2026-03-15T19:06:00.000Z,2026-03-15T19:26:59.999Z,6,-1.064385,0.4024,0.8315,-106.4385,14.6385,NY,-1
scalp_fade_3m_lim,ETHUSDT,3m,-1,STOP,2026-03-15T20:30:00.000Z,2026-03-15T20:32:59.999Z,0,-1.084335,0.0013,1.9968,-108.4335,19.4772,NY,1
scalp_fade_3m_lim,ETHUSDT,3m,-1,STOP,2026-03-15T22:33:00.000Z,2026-03-15T22:41:59.999Z,2,-1.039362,0.4276,1.2520,-103.9362,8.9432,LATE,1
scalp_fade_3m_lim,ETHUSDT,3m,-1,TIME,2026-03-15T23:24:00.000Z,2026-03-16T00:26:59.999Z,20,0.276635,0.5591,0.4105,27.6635,6.8068,LATE,1
scalp_fade_3m_lim,ETHUSDT,3m,-1,STOP,2026-03-16T01:21:00.000Z,2026-03-16T01:53:59.999Z,10,-1.054034,0.0446,1.0147,-105.4034,12.1527,ASIA,-1
scalp_fade_3m_lim,ETHUSDT,3m,-1,STOP,2026-03-16T03:18:00.000Z,2026-03-16T03:23:59.999Z,1,-1.067557,0.1459,1.8393,-106.7557,15.5289,ASIA,1
scalp_fade_3m_lim,ETHUSDT,3m,-1,TARGET,2026-03-16T07:03:00.000Z,2026-03-16T07:38:59.999Z,11,1.065507,1.5951,0.2484,106.5507,9.0930,LONDON,1
scalp_fade_3m_lim,ETHUSDT,3m,-1,STOP,2026-03-16T09:18:00.000Z,2026-03-16T09:47:59.999Z,9,-1.061523,0.2015,1.0746,-106.1523,13.8931,LONDON,-1
scalp_fade_3m_lim,ETHUSDT,3m,-1,STOP,2026-03-16T12:12:00.000Z,2026-03-16T12:20:59.999Z,2,-1.048214,0.0337,1.5820,-104.8214,11.0008,LONDON,1
scalp_fade_3m_lim,ETHUSDT,3m,-1,STOP,2026-03-16T13:33:00.000Z,2026-03-16T13:35:59.999Z,0,-1.047763,0.1395,1.0546,-104.7763,10.9412,NY,-1
scalp_fade_3m_lim,ETHUSDT,3m,-1,TARGET,2026-03-16T14:03:00.000Z,2026-03-16T14:32:59.999Z,9,1.315259,1.6633,0.3297,131.5259,3.8551,NY,1
scalp_fade_3m_lim,ETHUSDT,3m,-1,TIME,2026-03-16T15:00:00.000Z,2026-03-16T16:02:59.999Z,20,0.533003,0.7218,0.4619,53.3003,6.3117,NY,-1
scalp_fade_3m_lim,ETHUSDT,3m,-1,STOP,2026-03-16T16:09:00.000Z,2026-03-16T16:47:59.999Z,12,-1.043507,0.3154,0.9273,-104.3507,9.7063,NY,-1
scalp_fade_3m_lim,ETHUSDT,3m,-1,STOP,2026-03-16T23:33:00.000Z,2026-03-17T00:14:59.999Z,13,-1.047365,0.8304,1.5132,-104.7365,10.5634,LATE,-1
scalp_fade_3m_lim,ETHUSDT,3m,-1,TIME,2026-03-17T00:33:00.000Z,2026-03-17T01:35:59.999Z,20,-0.545857,0.6717,0.5734,-54.5857,6.7620,ASIA,1
scalp_fade_3m_lim,ETHUSDT,3m,-1,TARGET,2026-03-17T02:48:00.000Z,2026-03-17T03:14:59.999Z,8,1.156325,1.3062,0.0681,115.6325,7.1945,ASIA,-1
scalp_fade_3m_lim,ETHUSDT,3m,1,TARGET,2026-03-17T06:45:00.000Z,2026-03-17T07:17:59.999Z,10,1.178187,1.7203,0.2045,117.8187,6.7703,ASIA,1
scalp_fade_3m_lim,ETHUSDT,3m,1,STOP,2026-03-17T09:00:00.000Z,2026-03-17T09:11:59.999Z,3,-1.053885,0.3361,0.8214,-105.3885,12.6438,LONDON,1
scalp_fade_3m_lim,ETHUSDT,3m,1,TARGET,2026-03-17T10:57:00.000Z,2026-03-17T11:17:59.999Z,6,1.105679,1.8264,0.0698,110.5679,8.3012,LONDON,1
scalp_fade_3m_lim,ETHUSDT,3m,1,TIME,2026-03-17T12:27:00.000Z,2026-03-17T13:29:59.999Z,20,0.035482,0.4753,0.2711,3.5482,10.5480,LONDON,-1
scalp_fade_3m_lim,ETHUSDT,3m,-1,STOP,2026-03-17T13:48:00.000Z,2026-03-17T14:35:59.999Z,15,-1.038230,0.6095,1.0694,-103.8230,8.4535,NY,1
scalp_fade_3m_lim,ETHUSDT,3m,-1,STOP,2026-03-18T03:24:00.000Z,2026-03-18T03:26:59.999Z,0,-1.082658,0.0012,0.7797,-108.2658,19.0857,ASIA,-1
scalp_fade_3m_lim,ETHUSDT,3m,-1,TARGET,2026-03-18T10:30:00.000Z,2026-03-18T10:38:59.999Z,2,0.889776,1.1931,0.1736,88.9776,12.8181,LONDON,1
scalp_fade_3m_lim,ETHUSDT,3m,1,STOP,2026-03-18T11:12:00.000Z,2026-03-18T11:26:59.999Z,4,-1.053521,0.0971,1.0427,-105.3521,12.5339,LONDON,-1
scalp_fade_3m_lim,ETHUSDT,3m,1,STOP,2026-03-18T13:45:00.000Z,2026-03-18T14:14:59.999Z,9,-1.041747,0.2171,0.9862,-104.1747,9.7208,NY,-1
scalp_fade_3m_lim,ETHUSDT,3m,1,STOP,2026-03-18T18:21:00.000Z,2026-03-18T18:56:59.999Z,11,-1.036095,0.7045,1.0512,-103.6095,8.3975,NY,1
scalp_fade_3m_lim,ETHUSDT,3m,1,STOP,2026-03-18T20:03:00.000Z,2026-03-18T20:08:59.999Z,1,-1.050662,0.1288,1.5630,-105.0662,11.9492,NY,-1
scalp_fade_3m_lim,ETHUSDT,3m,1,TIME,2026-03-18T22:06:00.000Z,2026-03-18T23:08:59.999Z,20,-0.184215,0.5078,0.5746,-18.4215,12.7955,LATE,1
scalp_fade_3m_lim,ETHUSDT,3m,1,TIME,2026-03-19T00:12:00.000Z,2026-03-19T01:14:59.999Z,20,-0.763203,0.5826,0.7751,-76.3203,12.7273,ASIA,1
scalp_fade_3m_lim,ETHUSDT,3m,1,TIME,2026-03-19T02:03:00.000Z,2026-03-19T03:05:59.999Z,20,0.404019,1.0909,0.1730,40.4019,14.5344,ASIA,-1
scalp_fade_3m_lim,ETHUSDT,3m,1,STOP,2026-03-19T05:30:00.000Z,2026-03-19T06:02:59.999Z,10,-1.065922,0.3949,0.8118,-106.5922,15.2028,ASIA,1
scalp_fade_3m_lim,ETHUSDT,3m,1,STOP,2026-03-19T06:48:00.000Z,2026-03-19T07:02:59.999Z,4,-1.058388,0.0000,1.2066,-105.8388,13.6552,ASIA,-1
scalp_fade_3m_lim,ETHUSDT,3m,1,TARGET,2026-03-19T08:42:00.000Z,2026-03-19T09:23:59.999Z,13,1.187932,1.8544,0.4102,118.7932,6.5596,LONDON,-1
scalp_fade_3m_lim,ETHUSDT,3m,1,STOP,2026-03-19T11:24:00.000Z,2026-03-19T12:02:59.999Z,12,-1.067016,0.4731,0.9147,-106.7016,15.3889,LONDON,-1
scalp_fade_3m_lim,ETHUSDT,3m,1,TIME,2026-03-19T16:12:00.000Z,2026-03-19T17:14:59.999Z,20,-0.499858,0.4975,0.6274,-49.9858,9.0887,NY,1
scalp_fade_3m_lim,ETHUSDT,3m,-1,STOP,2026-03-19T21:00:00.000Z,2026-03-19T21:11:59.999Z,3,-1.069189,0.0779,0.9469,-106.9189,15.8435,LATE,1
scalp_fade_3m_lim,ETHUSDT,3m,-1,TIME,2026-03-19T21:27:00.000Z,2026-03-19T22:29:59.999Z,20,-0.393304,0.4606,0.4849,-39.3304,14.0813,LATE,1
scalp_fade_3m_lim,ETHUSDT,3m,1,TARGET,2026-03-20T10:36:00.000Z,2026-03-20T10:41:59.999Z,1,1.098368,1.2017,0.0207,109.8368,8.4685,LONDON,-1
scalp_fade_3m_lim,ETHUSDT,3m,1,TARGET,2026-03-20T13:12:00.000Z,2026-03-20T13:26:59.999Z,4,1.133234,1.3473,0.2415,113.3234,7.7278,NY,-1
scalp_fade_3m_lim,ETHUSDT,3m,1,STOP,2026-03-20T13:33:00.000Z,2026-03-20T14:02:59.999Z,9,-1.041125,0.7565,1.1743,-104.1125,9.5789,NY,1
scalp_fade_3m_lim,ETHUSDT,3m,1,TIME,2026-03-20T14:12:00.000Z,2026-03-20T15:14:59.999Z,20,0.002523,0.9868,0.3694,0.2523,6.7910,NY,-1
scalp_fade_3m_lim,ETHUSDT,3m,1,STOP,2026-03-20T18:24:00.000Z,2026-03-20T18:38:59.999Z,4,-1.056300,0.1892,0.8855,-105.6300,13.1740,NY,1
scalp_fade_3m_lim,ETHUSDT,3m,1,TIME,2026-03-20T19:33:00.000Z,2026-03-20T20:35:59.999Z,20,-0.310196,1.1543,0.7167,-31.0196,14.1045,NY,1
scalp_fade_3m_lim,ETHUSDT,3m,1,TARGET,2026-03-20T20:39:00.000Z,2026-03-20T21:20:59.999Z,13,1.083622,2.2954,0.1455,108.3622,8.7442,NY,1
scalp_fade_3m_lim,ETHUSDT,3m,-1,STOP,2026-03-21T00:18:00.000Z,2026-03-21T00:20:59.999Z,0,-1.088245,0.1421,1.0378,-108.8245,20.3898,ASIA,-1
scalp_fade_3m_lim,ETHUSDT,3m,-1,TIME,2026-03-21T01:18:00.000Z,2026-03-21T02:20:59.999Z,20,-0.090208,0.8262,0.3327,-9.0208,18.7656,ASIA,1
scalp_fade_3m_lim,ETHUSDT,3m,-1,TARGET,2026-03-21T10:09:00.000Z,2026-03-21T10:50:59.999Z,13,0.669723,0.8898,0.1029,66.9723,17.3860,LONDON,1
scalp_fade_3m_lim,ETHUSDT,3m,-1,STOP,2026-03-21T11:21:00.000Z,2026-03-21T11:59:59.999Z,12,-1.159114,0.3126,0.6110,-115.9114,36.0309,LONDON,-1
scalp_fade_3m_lim,ETHUSDT,3m,1,STOP,2026-03-21T23:42:00.000Z,2026-03-21T23:47:59.999Z,1,-1.117406,0.0219,3.5515,-111.7406,27.4215,LATE,-1
scalp_fade_3m_lim,ETHUSDT,3m,1,STOP,2026-03-21T23:48:00.000Z,2026-03-21T23:50:59.999Z,0,-1.064172,0.0010,1.3643,-106.4172,15.1125,LATE,-1
scalp_fade_3m_lim,ETHUSDT,3m,1,STOP,2026-03-22T05:54:00.000Z,2026-03-22T06:02:59.999Z,2,-1.084422,0.0013,0.8194,-108.4422,19.7344,ASIA,-1
scalp_fade_3m_lim,ETHUSDT,3m,1,STOP,2026-03-22T07:09:00.000Z,2026-03-22T07:35:59.999Z,8,-1.094914,0.5292,0.7091,-109.4914,21.8898,LONDON,-1
scalp_fade_3m_lim,ETHUSDT,3m,1,TIME,2026-03-22T09:18:00.000Z,2026-03-22T10:20:59.999Z,20,-0.462080,0.1299,0.5454,-46.2080,12.0592,LONDON,-1
scalp_fade_3m_lim,ETHUSDT,3m,1,STOP,2026-03-22T10:33:00.000Z,2026-03-22T11:26:59.999Z,17,-1.090738,0.3579,1.0087,-109.0738,20.5571,LONDON,-1
scalp_fade_3m_lim,ETHUSDT,3m,1,STOP,2026-03-22T11:27:00.000Z,2026-03-22T11:41:59.999Z,4,-1.075528,0.4493,1.3467,-107.5528,17.6040,LONDON,-1
scalp_fade_3m_lim,ETHUSDT,3m,1,TARGET,2026-03-22T11:42:00.000Z,2026-03-22T12:29:59.999Z,15,1.128997,1.5297,0.5183,112.8997,7.7888,LONDON,-1
scalp_fade_3m_lim,ETHUSDT,3m,1,STOP,2026-03-22T13:36:00.000Z,2026-03-22T13:44:59.999Z,2,-1.073284,0.0106,1.1293,-107.3284,17.1577,NY,-1
scalp_fade_3m_lim,ETHUSDT,3m,1,TIME,2026-03-22T15:24:00.000Z,2026-03-22T16:26:59.999Z,20,-0.300185,0.6331,0.4044,-30.0185,16.7994,NY,-1
scalp_fade_3m_lim,ETHUSDT,3m,1,STOP,2026-03-22T17:39:00.000Z,2026-03-22T18:35:59.999Z,18,-1.098847,0.3923,1.8752,-109.8847,22.3321,NY,1
scalp_fade_3m_lim,ETHUSDT,3m,1,TARGET,2026-03-22T22:06:00.000Z,2026-03-22T22:53:59.999Z,15,1.263016,1.3218,0.2590,126.3016,4.9838,LATE,-1
scalp_fade_3m_lim,ETHUSDT,3m,1,STOP,2026-03-22T23:48:00.000Z,2026-03-23T00:05:59.999Z,5,-1.061893,0.3129,0.8884,-106.1893,14.4330,LATE,-1
scalp_fade_3m_lim,ETHUSDT,3m,1,TARGET,2026-03-23T01:51:00.000Z,2026-03-23T02:26:59.999Z,11,1.197984,1.3273,0.1584,119.7984,6.3532,ASIA,1
scalp_fade_3m_lim,ETHUSDT,3m,1,TARGET,2026-03-23T04:09:00.000Z,2026-03-23T04:56:59.999Z,15,1.053356,1.4141,0.0889,105.3356,9.3720,ASIA,-1
scalp_fade_3m_lim,ETHUSDT,3m,1,STOP,2026-03-23T08:51:00.000Z,2026-03-23T09:05:59.999Z,4,-1.057483,0.3143,1.0992,-105.7483,13.4468,LONDON,-1
scalp_fade_3m_lim,ETHUSDT,3m,-1,STOP,2026-03-23T13:33:00.000Z,2026-03-23T13:38:59.999Z,1,-1.044988,0.1117,0.8945,-104.4988,10.2723,NY,1
scalp_fade_3m_lim,ETHUSDT,3m,-1,STOP,2026-03-23T13:39:00.000Z,2026-03-23T13:44:59.999Z,1,-1.039556,0.0226,1.2929,-103.9556,9.0071,NY,1
scalp_fade_3m_lim,ETHUSDT,3m,-1,STOP,2026-03-23T16:48:00.000Z,2026-03-23T17:38:59.999Z,16,-1.037206,0.8414,1.0577,-103.7206,8.2052,NY,-1
scalp_fade_3m_lim,ETHUSDT,3m,-1,STOP,2026-03-23T18:09:00.000Z,2026-03-23T18:47:59.999Z,12,-1.047663,0.2666,1.4000,-104.7663,10.6526,NY,1
scalp_fade_3m_lim,ETHUSDT,3m,-1,TIME,2026-03-23T20:12:00.000Z,2026-03-23T21:14:59.999Z,20,0.037658,0.3044,0.8013,3.7658,13.5087,NY,-1
scalp_fade_3m_lim,ETHUSDT,3m,-1,TARGET,2026-03-23T21:36:00.000Z,2026-03-23T22:05:59.999Z,9,0.935452,1.8665,0.5490,93.5452,11.8296,LATE,-1
scalp_fade_3m_lim,ETHUSDT,3m,-1,TIME,2026-03-23T23:27:00.000Z,2026-03-24T00:29:59.999Z,20,0.428276,1.1501,0.6875,42.8276,14.9991,LATE,1
scalp_fade_3m_lim,ETHUSDT,3m,1,TIME,2026-03-24T02:06:00.000Z,2026-03-24T03:08:59.999Z,20,-0.607241,0.3257,0.5426,-60.7241,11.6102,ASIA,-1
scalp_fade_3m_lim,ETHUSDT,3m,1,TARGET,2026-03-24T03:09:00.000Z,2026-03-24T04:05:59.999Z,18,1.075850,1.3461,0.3815,107.5850,8.8925,ASIA,-1
scalp_fade_3m_lim,ETHUSDT,3m,1,STOP,2026-03-24T04:57:00.000Z,2026-03-24T05:05:59.999Z,2,-1.071468,0.0225,0.8823,-107.1468,16.7377,ASIA,-1
scalp_fade_3m_lim,ETHUSDT,3m,1,TIME,2026-03-24T05:21:00.000Z,2026-03-24T06:23:59.999Z,20,0.359202,0.7245,0.4000,35.9202,14.3102,ASIA,-1
scalp_fade_3m_lim,ETHUSDT,3m,-1,STOP,2026-03-24T07:36:00.000Z,2026-03-24T07:59:59.999Z,7,-1.052166,0.1216,1.2973,-105.2166,11.7975,LONDON,-1
scalp_fade_3m_lim,ETHUSDT,3m,-1,STOP,2026-03-24T11:09:00.000Z,2026-03-24T11:35:59.999Z,8,-1.068932,0.5598,0.9567,-106.8932,15.6225,LONDON,-1
scalp_fade_3m_lim,ETHUSDT,3m,1,TARGET,2026-03-24T19:33:00.000Z,2026-03-24T20:20:59.999Z,15,1.056003,1.8736,0.3951,105.6003,9.3166,NY,-1
scalp_fade_3m_lim,ETHUSDT,3m,-1,STOP,2026-03-24T22:03:00.000Z,2026-03-24T22:11:59.999Z,2,-1.065723,0.2660,0.8430,-106.5723,15.0706,LATE,1
scalp_fade_3m_lim,ETHUSDT,3m,-1,TIME,2026-03-25T00:36:00.000Z,2026-03-25T01:38:59.999Z,20,-0.031619,0.4420,0.6270,-3.1619,13.4481,ASIA,-1
scalp_fade_3m_lim,ETHUSDT,3m,-1,TIME,2026-03-25T01:42:00.000Z,2026-03-25T02:44:59.999Z,20,-0.240227,0.8284,0.4948,-24.0227,16.9277,ASIA,-1
scalp_fade_3m_lim,ETHUSDT,3m,-1,STOP,2026-03-25T03:33:00.000Z,2026-03-25T04:08:59.999Z,11,-1.085197,0.1273,0.9087,-108.5197,19.2385,ASIA,1
scalp_fade_3m_lim,ETHUSDT,3m,-1,TIME,2026-03-25T06:21:00.000Z,2026-03-25T07:23:59.999Z,20,-0.554920,0.9624,0.5321,-55.4920,21.7860,ASIA,-1
scalp_fade_3m_lim,ETHUSDT,3m,-1,STOP,2026-03-25T11:12:00.000Z,2026-03-25T11:17:59.999Z,1,-1.100380,0.0015,0.7869,-110.0380,23.1741,LONDON,1
scalp_fade_3m_lim,ETHUSDT,3m,-1,TARGET,2026-03-25T13:33:00.000Z,2026-03-25T14:05:59.999Z,10,1.145372,1.2983,0.5965,114.5372,7.4196,NY,1
scalp_fade_3m_lim,ETHUSDT,3m,1,TIME,2026-03-25T21:27:00.000Z,2026-03-25T22:29:59.999Z,20,-0.384479,0.5667,0.3209,-38.4479,21.8783,LATE,1
scalp_fade_3m_lim,ETHUSDT,3m,1,STOP,2026-03-26T00:18:00.000Z,2026-03-26T00:53:59.999Z,11,-1.089578,0.4409,0.7434,-108.9578,20.5444,ASIA,-1
scalp_fade_3m_lim,ETHUSDT,3m,1,TIME,2026-03-26T00:54:00.000Z,2026-03-26T01:56:59.999Z,20,-0.015941,0.6999,0.4477,-1.5941,18.2774,ASIA,1
scalp_fade_3m_lim,ETHUSDT,3m,1,STOP,2026-03-26T04:54:00.000Z,2026-03-26T05:05:59.999Z,3,-1.103885,0.1014,0.7873,-110.3885,24.1868,ASIA,1
scalp_fade_3m_lim,ETHUSDT,3m,1,STOP,2026-03-26T09:33:00.000Z,2026-03-26T09:35:59.999Z,0,-1.039980,0.1598,1.0425,-103.9980,9.4927,LONDON,1
scalp_fade_3m_lim,ETHUSDT,3m,1,STOP,2026-03-26T11:09:00.000Z,2026-03-26T11:11:59.999Z,0,-1.077007,0.1698,1.7855,-107.7007,18.0939,LONDON,1
scalp_fade_3m_lim,ETHUSDT,3m,1,TIME,2026-03-26T12:03:00.000Z,2026-03-26T13:05:59.999Z,20,0.220034,0.5437,0.5964,22.0034,16.9954,LONDON,1
scalp_fade_3m_lim,ETHUSDT,3m,1,TARGET,2026-03-26T13:36:00.000Z,2026-03-26T13:44:59.999Z,2,1.070017,1.3063,0.1375,107.0017,9.0617,NY,1
scalp_fade_3m_lim,ETHUSDT,3m,1,STOP,2026-03-26T15:00:00.000Z,2026-03-26T15:14:59.999Z,4,-1.042225,0.0591,1.2057,-104.2225,9.9315,NY,1
scalp_fade_3m_lim,ETHUSDT,3m,1,STOP,2026-03-26T17:48:00.000Z,2026-03-26T17:53:59.999Z,1,-1.079721,0.1829,0.9288,-107.9721,18.6857,NY,1
scalp_fade_3m_lim,ETHUSDT,3m,1,TIME,2026-03-26T23:24:00.000Z,2026-03-27T00:26:59.999Z,20,0.009925,0.9812,0.4478,0.9925,16.8996,LATE,-1
scalp_fade_3m_lim,ETHUSDT,3m,1,TARGET,2026-03-27T06:48:00.000Z,2026-03-27T07:20:59.999Z,10,0.959917,1.4962,0.2652,95.9917,11.3462,ASIA,1
scalp_fade_3m_lim,ETHUSDT,3m,1,STOP,2026-03-27T08:54:00.000Z,2026-03-27T09:11:59.999Z,5,-1.047332,0.0598,1.2009,-104.7332,11.0850,LONDON,-1
scalp_fade_3m_lim,ETHUSDT,3m,1,STOP,2026-03-27T10:33:00.000Z,2026-03-27T10:38:59.999Z,1,-1.075642,0.1046,4.7229,-107.5642,17.7400,LONDON,-1
scalp_fade_3m_lim,ETHUSDT,3m,1,STOP,2026-03-27T13:33:00.000Z,2026-03-27T13:38:59.999Z,1,-1.053121,0.0885,1.8693,-105.3121,12.5192,NY,1
scalp_fade_3m_lim,ETHUSDT,3m,1,TIME,2026-03-27T15:54:00.000Z,2026-03-27T16:56:59.999Z,20,-0.454675,0.0999,0.8097,-45.4675,9.9913,NY,1
scalp_fade_3m_lim,ETHUSDT,3m,1,TIME,2026-03-27T21:39:00.000Z,2026-03-27T22:41:59.999Z,20,-0.616161,0.6107,0.5781,-61.6161,22.5996,LATE,-1
scalp_fade_3m_lim,ETHUSDT,3m,1,TARGET,2026-03-27T23:09:00.000Z,2026-03-27T23:26:59.999Z,5,0.931288,1.2594,0.0860,93.1288,11.9659,LATE,1
scalp_fade_3m_lim,ETHUSDT,3m,1,STOP,2026-03-28T01:03:00.000Z,2026-03-28T01:11:59.999Z,2,-1.096086,0.0532,1.1291,-109.6086,22.4327,ASIA,1
scalp_fade_3m_lim,ETHUSDT,3m,1,TARGET,2026-03-28T01:36:00.000Z,2026-03-28T02:02:59.999Z,8,0.967986,1.1220,0.1884,96.7986,11.1843,ASIA,-1
scalp_fade_3m_lim,ETHUSDT,3m,1,TIME,2026-03-28T02:18:00.000Z,2026-03-28T03:20:59.999Z,20,0.200278,0.5774,0.4531,20.0278,19.2121,ASIA,1
scalp_fade_3m_lim,ETHUSDT,3m,1,TIME,2026-03-28T03:51:00.000Z,2026-03-28T04:53:59.999Z,20,-0.022971,0.7724,0.3278,-2.2971,28.5184,ASIA,1
scalp_fade_3m_lim,ETHUSDT,3m,-1,TARGET,2026-03-28T10:15:00.000Z,2026-03-28T10:29:59.999Z,4,0.819828,1.2767,0.1842,81.9828,14.2807,LONDON,1
scalp_fade_3m_lim,ETHUSDT,3m,-1,STOP,2026-03-28T12:09:00.000Z,2026-03-28T12:14:59.999Z,1,-1.133123,0.0022,0.7373,-113.3123,30.8004,LONDON,1
scalp_fade_3m_lim,ETHUSDT,3m,-1,STOP,2026-03-28T12:51:00.000Z,2026-03-28T13:32:59.999Z,13,-1.088221,0.2688,0.8671,-108.8221,19.8479,LONDON,1
scalp_fade_3m_lim,ETHUSDT,3m,-1,STOP,2026-03-28T15:18:00.000Z,2026-03-28T15:20:59.999Z,0,-1.068258,0.0917,1.3339,-106.8258,15.7249,NY,1
scalp_fade_3m_lim,ETHUSDT,3m,-1,TIME,2026-03-28T15:36:00.000Z,2026-03-28T16:38:59.999Z,20,-0.170730,0.1978,0.3179,-17.0730,11.5872,NY,1
scalp_fade_3m_lim,ETHUSDT,3m,-1,STOP,2026-03-28T20:03:00.000Z,2026-03-28T20:08:59.999Z,1,-1.131997,0.1013,0.6635,-113.1997,30.5382,NY,-1
scalp_fade_3m_lim,ETHUSDT,3m,1,TARGET,2026-03-29T00:24:00.000Z,2026-03-29T01:05:59.999Z,13,1.026160,1.1484,0.1980,102.6160,9.9477,ASIA,1
scalp_fade_3m_lim,ETHUSDT,3m,1,TARGET,2026-03-29T07:03:00.000Z,2026-03-29T07:50:59.999Z,15,0.838044,1.0948,0.2044,83.8044,13.8784,LONDON,-1
scalp_fade_3m_lim,ETHUSDT,3m,1,STOP,2026-03-29T09:36:00.000Z,2026-03-29T10:23:59.999Z,15,-1.084121,0.2333,1.0389,-108.4121,19.1494,LONDON,-1
scalp_fade_3m_lim,ETHUSDT,3m,1,STOP,2026-03-29T12:15:00.000Z,2026-03-29T12:35:59.999Z,6,-1.107007,0.2708,0.8868,-110.7007,24.7544,LONDON,1
scalp_fade_3m_lim,ETHUSDT,3m,1,STOP,2026-03-29T12:36:00.000Z,2026-03-29T13:08:59.999Z,10,-1.102674,0.6937,2.2431,-110.2674,23.5666,LONDON,-1
scalp_fade_3m_lim,ETHUSDT,3m,1,TARGET,2026-03-29T15:27:00.000Z,2026-03-29T16:20:59.999Z,17,1.049996,1.7397,0.3586,104.9996,9.4361,NY,-1
scalp_fade_3m_lim,ETHUSDT,3m,1,STOP,2026-03-29T17:15:00.000Z,2026-03-29T17:23:59.999Z,2,-1.086439,0.0769,0.9273,-108.6439,20.2009,NY,1
scalp_fade_3m_lim,ETHUSDT,3m,1,TARGET,2026-03-29T18:03:00.000Z,2026-03-29T18:41:59.999Z,12,0.873303,1.3643,0.3839,87.3303,13.1534,NY,-1
scalp_fade_3m_lim,ETHUSDT,3m,1,TARGET,2026-03-29T23:51:00.000Z,2026-03-30T00:20:59.999Z,9,1.266614,2.8179,0.0142,126.6614,4.9181,LATE,-1
scalp_fade_3m_lim,ETHUSDT,3m,-1,STOP,2026-03-30T02:09:00.000Z,2026-03-30T02:47:59.999Z,12,-1.049575,0.7074,2.1693,-104.9575,11.0880,ASIA,1
scalp_fade_3m_lim,ETHUSDT,3m,-1,STOP,2026-03-30T07:48:00.000Z,2026-03-30T07:53:59.999Z,1,-1.066587,0.4533,1.5499,-106.6587,15.3029,LONDON,-1
scalp_fade_3m_lim,ETHUSDT,3m,-1,STOP,2026-03-30T10:51:00.000Z,2026-03-30T11:08:59.999Z,5,-1.088690,0.2293,1.0689,-108.8690,20.2828,LONDON,-1
scalp_fade_3m_lim,ETHUSDT,3m,-1,TARGET,2026-03-30T13:27:00.000Z,2026-03-30T13:50:59.999Z,7,1.126464,1.2321,0.1058,112.6464,7.8242,NY,-1
scalp_fade_3m_lim,ETHUSDT,3m,-1,STOP,2026-03-30T14:54:00.000Z,2026-03-30T14:59:59.999Z,1,-1.040122,0.0303,0.9455,-104.0122,9.1389,NY,-1
scalp_fade_3m_lim,ETHUSDT,3m,1,TARGET,2026-03-30T21:00:00.000Z,2026-03-30T21:11:59.999Z,3,0.891355,1.9768,0.3590,89.1355,12.8129,LATE,-1
scalp_fade_3m_lim,ETHUSDT,3m,1,STOP,2026-03-30T22:00:00.000Z,2026-03-30T23:02:59.999Z,20,-1.065794,0.9142,1.9091,-106.5794,14.8705,LATE,1
scalp_fade_3m_lim,ETHUSDT,3m,1,STOP,2026-03-31T00:03:00.000Z,2026-03-31T00:11:59.999Z,2,-1.082094,0.1412,1.0578,-108.2094,19.1958,ASIA,1
scalp_fade_3m_lim,ETHUSDT,3m,1,TARGET,2026-03-31T00:24:00.000Z,2026-03-31T00:47:59.999Z,7,1.122733,1.6931,0.0372,112.2733,7.9406,ASIA,1
scalp_fade_3m_lim,ETHUSDT,3m,-1,TARGET,2026-03-31T04:09:00.000Z,2026-03-31T04:29:59.999Z,6,1.072122,1.2936,0.3707,107.2122,8.9689,ASIA,-1
scalp_fade_3m_lim,ETHUSDT,3m,-1,TIME,2026-03-31T15:12:00.000Z,2026-03-31T16:14:59.999Z,20,0.138650,0.7506,0.3693,13.8650,6.4494,NY,-1
scalp_fade_3m_lim,ETHUSDT,3m,-1,STOP,2026-03-31T16:39:00.000Z,2026-03-31T16:41:59.999Z,0,-1.042529,0.1186,2.3112,-104.2529,9.7196,NY,1
scalp_fade_3m_lim,ETHUSDT,3m,-1,STOP,2026-03-31T20:03:00.000Z,2026-03-31T20:14:59.999Z,3,-1.065271,0.1977,0.8376,-106.5271,14.9346,NY,-1
scalp_fade_3m_lim,ETHUSDT,3m,-1,TARGET,2026-03-31T21:54:00.000Z,2026-03-31T22:08:59.999Z,4,1.045132,1.3714,0.4726,104.5132,9.5424,LATE,-1
scalp_fade_3m_lim,ETHUSDT,3m,-1,TIME,2026-03-31T23:18:00.000Z,2026-04-01T00:20:59.999Z,20,-0.209955,0.6153,0.4102,-20.9955,13.6691,LATE,-1
scalp_fade_3m_lim,ETHUSDT,3m,-1,TARGET,2026-04-01T00:51:00.000Z,2026-04-01T01:35:59.999Z,14,1.109368,1.9116,0.7510,110.9368,8.1646,ASIA,-1
scalp_fade_3m_lim,ETHUSDT,3m,-1,STOP,2026-04-01T04:15:00.000Z,2026-04-01T04:20:59.999Z,1,-1.082577,0.1639,0.7629,-108.2577,19.0275,ASIA,-1
scalp_fade_3m_lim,ETHUSDT,3m,-1,STOP,2026-04-01T05:06:00.000Z,2026-04-01T05:17:59.999Z,3,-1.070408,0.1329,1.3857,-107.0408,16.1262,ASIA,1
scalp_fade_3m_lim,ETHUSDT,3m,-1,TIME,2026-04-01T08:27:00.000Z,2026-04-01T09:29:59.999Z,20,-0.010793,0.8973,0.7659,-1.0793,15.8281,LONDON,-1
scalp_fade_3m_lim,ETHUSDT,3m,-1,STOP,2026-04-01T11:06:00.000Z,2026-04-01T11:14:59.999Z,2,-1.078958,0.3505,0.7919,-107.8958,18.1468,LONDON,1
scalp_fade_3m_lim,ETHUSDT,3m,-1,TIME,2026-04-01T11:15:00.000Z,2026-04-01T12:17:59.999Z,20,-0.106128,0.9191,0.0275,-10.6128,16.4596,LONDON,1
scalp_fade_3m_lim,ETHUSDT,3m,-1,TARGET,2026-04-01T12:45:00.000Z,2026-04-01T13:02:59.999Z,5,1.242664,1.5629,0.1409,124.2664,5.3864,LONDON,-1
scalp_fade_3m_lim,ETHUSDT,3m,-1,TIME,2026-04-01T13:12:00.000Z,2026-04-01T14:14:59.999Z,20,0.265639,1.1943,0.3493,26.5639,8.5984,NY,-1
scalp_fade_3m_lim,ETHUSDT,3m,-1,TIME,2026-04-01T15:24:00.000Z,2026-04-01T16:26:59.999Z,20,-0.408261,0.6146,0.5030,-40.8261,11.9065,NY,1
scalp_fade_3m_lim,ETHUSDT,3m,-1,STOP,2026-04-01T18:42:00.000Z,2026-04-01T19:29:59.999Z,15,-1.059987,0.6423,0.8531,-105.9987,13.3777,NY,-1
scalp_fade_3m_lim,ETHUSDT,3m,-1,STOP,2026-04-01T21:54:00.000Z,2026-04-01T21:59:59.999Z,1,-1.071245,0.0900,1.3507,-107.1245,16.3880,LATE,1
scalp_fade_3m_lim,ETHUSDT,3m,-1,STOP,2026-04-02T00:21:00.000Z,2026-04-02T00:41:59.999Z,6,-1.069029,0.5528,1.6124,-106.9029,15.7090,ASIA,-1
scalp_fade_3m_lim,ETHUSDT,3m,1,STOP,2026-04-02T08:03:00.000Z,2026-04-02T08:38:59.999Z,11,-1.085181,0.2307,0.7302,-108.5181,19.5459,LONDON,-1
scalp_fade_3m_lim,ETHUSDT,3m,1,TARGET,2026-04-02T13:33:00.000Z,2026-04-02T13:59:59.999Z,8,1.188089,1.5191,0.5950,118.8089,6.5670,NY,1
scalp_fade_3m_lim,ETHUSDT,3m,-1,STOP,2026-04-02T16:33:00.000Z,2026-04-02T16:41:59.999Z,2,-1.056936,0.1403,1.2854,-105.6936,13.0282,NY,-1
scalp_fade_3m_lim,ETHUSDT,3m,-1,STOP,2026-04-02T18:48:00.000Z,2026-04-02T18:53:59.999Z,1,-1.066537,0.1708,1.0278,-106.6537,15.2914,NY,-1
scalp_fade_3m_lim,ETHUSDT,3m,-1,TARGET,2026-04-02T22:03:00.000Z,2026-04-02T22:26:59.999Z,7,0.924415,1.2482,0.4444,92.4415,12.0692,LATE,-1
scalp_fade_3m_lim,ETHUSDT,3m,1,TARGET,2026-04-03T00:42:00.000Z,2026-04-03T01:32:59.999Z,16,1.006430,1.1333,0.5471,100.6430,10.3508,ASIA,1
scalp_fade_3m_lim,ETHUSDT,3m,1,STOP,2026-04-03T01:36:00.000Z,2026-04-03T01:41:59.999Z,1,-1.065672,0.0948,0.9605,-106.5672,15.4288,ASIA,1
scalp_fade_3m_lim,ETHUSDT,3m,1,STOP,2026-04-03T02:15:00.000Z,2026-04-03T02:32:59.999Z,5,-1.066909,1.1621,1.1076,-106.6909,15.5862,ASIA,-1
scalp_fade_3m_lim,ETHUSDT,3m,1,TARGET,2026-04-03T05:18:00.000Z,2026-04-03T05:32:59.999Z,4,0.896420,2.4332,0.3266,89.6420,12.7023,ASIA,1
scalp_fade_3m_lim,ETHUSDT,3m,-1,STOP,2026-04-03T07:54:00.000Z,2026-04-03T08:11:59.999Z,5,-1.084655,0.2070,0.7946,-108.4655,19.3509,LONDON,1
scalp_fade_3m_lim,ETHUSDT,3m,1,TIME,2026-04-03T15:48:00.000Z,2026-04-03T16:50:59.999Z,20,0.214551,0.6879,0.3699,21.4551,22.6205,NY,-1
scalp_fade_3m_lim,ETHUSDT,3m,1,STOP,2026-04-03T18:30:00.000Z,2026-04-03T19:14:59.999Z,14,-1.107529,0.5076,0.8699,-110.7529,24.4722,NY,1
scalp_fade_3m_lim,ETHUSDT,3m,-1,TARGET,2026-04-03T22:03:00.000Z,2026-04-03T22:47:59.999Z,14,0.851583,1.3790,0.1321,85.1583,13.5682,LATE,1
scalp_fade_3m_lim,ETHUSDT,3m,1,TIME,2026-04-03T23:33:00.000Z,2026-04-04T00:35:59.999Z,20,-0.085496,0.7426,0.3409,-8.5496,31.1700,LATE,-1
scalp_fade_3m_lim,ETHUSDT,3m,1,STOP,2026-04-04T00:57:00.000Z,2026-04-04T01:17:59.999Z,6,-1.156916,0.4039,0.6840,-115.6916,36.2055,ASIA,1
scalp_fade_3m_lim,ETHUSDT,3m,1,STOP,2026-04-04T02:09:00.000Z,2026-04-04T02:14:59.999Z,1,-1.144624,0.0024,0.8541,-114.4624,33.7312,ASIA,1
scalp_fade_3m_lim,ETHUSDT,3m,1,TARGET,2026-04-04T04:15:00.000Z,2026-04-04T04:38:59.999Z,7,0.429407,0.7930,0.0988,42.9407,22.4900,ASIA,-1
scalp_fade_3m_lim,ETHUSDT,3m,1,TARGET,2026-04-04T10:12:00.000Z,2026-04-04T10:41:59.999Z,9,0.488731,1.4504,0.4014,48.8731,21.2312,LONDON,-1
scalp_fade_3m_lim,ETHUSDT,3m,1,STOP,2026-04-04T12:09:00.000Z,2026-04-04T12:44:59.999Z,11,-1.154757,0.5600,0.5600,-115.4757,35.3478,LONDON,1
scalp_fade_3m_lim,ETHUSDT,3m,-1,STOP,2026-04-04T16:24:00.000Z,2026-04-04T16:26:59.999Z,0,-1.133759,0.0022,0.5662,-113.3759,31.0130,NY,1
scalp_fade_3m_lim,ETHUSDT,3m,-1,STOP,2026-04-04T18:06:00.000Z,2026-04-04T19:02:59.999Z,18,-1.152962,0.5200,0.7029,-115.2962,34.2132,NY,1
scalp_fade_3m_lim,ETHUSDT,3m,-1,STOP,2026-04-04T19:03:00.000Z,2026-04-04T19:08:59.999Z,1,-1.132524,0.1296,2.0765,-113.2524,30.6610,NY,-1
scalp_fade_3m_lim,ETHUSDT,3m,1,STOP,2026-04-05T03:48:00.000Z,2026-04-05T04:11:59.999Z,7,-1.158170,0.0025,0.6308,-115.8170,36.4185,ASIA,1
scalp_fade_3m_lim,ETHUSDT,3m,1,STOP,2026-04-05T05:00:00.000Z,2026-04-05T05:20:59.999Z,6,-1.154843,0.4055,0.9129,-115.4843,35.7298,ASIA,1
scalp_fade_3m_lim,ETHUSDT,3m,1,STOP,2026-04-05T05:51:00.000Z,2026-04-05T05:53:59.999Z,0,-1.141581,0.0092,0.9096,-114.1581,33.0943,ASIA,-1
scalp_fade_3m_lim,ETHUSDT,3m,1,STOP,2026-04-05T07:18:00.000Z,2026-04-05T07:35:59.999Z,5,-1.094575,0.1910,0.9227,-109.4575,21.9470,LONDON,1
scalp_fade_3m_lim,ETHUSDT,3m,1,TARGET,2026-04-05T10:12:00.000Z,2026-04-05T10:35:59.999Z,7,0.615756,0.9726,0.2795,61.5756,18.5795,LONDON,1
scalp_fade_3m_lim,ETHUSDT,3m,1,TARGET,2026-04-05T15:06:00.000Z,2026-04-05T15:14:59.999Z,2,0.815235,0.9922,0.3608,81.5235,14.4171,NY,1
scalp_fade_3m_lim,ETHUSDT,3m,-1,TIME,2026-04-05T17:12:00.000Z,2026-04-05T18:14:59.999Z,20,-0.569006,0.6262,0.7302,-56.9006,17.6202,NY,1
scalp_fade_3m_lim,ETHUSDT,3m,-1,STOP,2026-04-05T18:15:00.000Z,2026-04-05T18:35:59.999Z,6,-1.098480,0.1746,0.8543,-109.8480,22.4979,NY,1
scalp_fade_3m_lim,ETHUSDT,3m,-1,TARGET,2026-04-05T22:03:00.000Z,2026-04-05T22:11:59.999Z,2,1.067240,1.4035,0.2007,106.7240,9.0834,LATE,-1
scalp_fade_3m_lim,ETHUSDT,3m,-1,TIME,2026-04-06T02:12:00.000Z,2026-04-06T03:14:59.999Z,20,0.115922,0.3905,0.3322,11.5922,9.2553,ASIA,1
scalp_fade_3m_lim,ETHUSDT,3m,-1,TIME,2026-04-06T03:21:00.000Z,2026-04-06T04:23:59.999Z,20,0.741413,1.1204,0.0852,74.1413,14.4312,ASIA,-1
scalp_fade_3m_lim,ETHUSDT,3m,-1,TIME,2026-04-06T04:36:00.000Z,2026-04-06T05:38:59.999Z,20,-0.331666,0.2664,0.5235,-33.1666,19.9687,ASIA,-1
scalp_fade_3m_lim,ETHUSDT,3m,-1,STOP,2026-04-06T06:09:00.000Z,2026-04-06T06:11:59.999Z,0,-1.093148,0.0389,0.9245,-109.3148,21.5342,ASIA,-1
scalp_fade_3m_lim,ETHUSDT,3m,-1,STOP,2026-04-06T06:51:00.000Z,2026-04-06T07:26:59.999Z,11,-1.072055,0.6144,0.9102,-107.2055,16.2399,ASIA,-1
scalp_fade_3m_lim,ETHUSDT,3m,-1,TIME,2026-04-06T09:42:00.000Z,2026-04-06T10:44:59.999Z,20,-0.250515,0.4584,0.2233,-25.0515,10.5579,LONDON,1
scalp_fade_3m_lim,ETHUSDT,3m,-1,TARGET,2026-04-06T12:39:00.000Z,2026-04-06T12:56:59.999Z,5,0.925747,1.2765,0.3759,92.5747,12.0492,LONDON,-1
scalp_fade_3m_lim,ETHUSDT,3m,-1,STOP,2026-04-06T14:21:00.000Z,2026-04-06T14:23:59.999Z,0,-1.046841,0.0702,1.0580,-104.6841,10.7260,NY,1
scalp_fade_3m_lim,ETHUSDT,3m,-1,STOP,2026-04-06T14:42:00.000Z,2026-04-06T15:14:59.999Z,10,-1.035848,0.3134,0.9845,-103.5848,7.9947,NY,1
scalp_fade_3m_lim,ETHUSDT,3m,-1,TARGET,2026-04-06T16:48:00.000Z,2026-04-06T16:56:59.999Z,2,1.060426,2.4648,0.4275,106.0426,9.2269,NY,-1
scalp_fade_3m_lim,ETHUSDT,3m,1,TARGET,2026-04-06T20:03:00.000Z,2026-04-06T20:26:59.999Z,7,1.074907,1.4850,0.0281,107.4907,8.9443,NY,1
scalp_fade_3m_lim,ETHUSDT,3m,1,STOP,2026-04-06T22:21:00.000Z,2026-04-06T22:23:59.999Z,0,-1.075979,0.0335,0.7895,-107.5979,17.8552,LATE,-1
scalp_fade_3m_lim,ETHUSDT,3m,1,STOP,2026-04-07T01:39:00.000Z,2026-04-07T01:53:59.999Z,4,-1.057728,0.1405,1.0615,-105.7728,13.5030,ASIA,-1
scalp_fade_3m_lim,ETHUSDT,3m,1,TIME,2026-04-07T02:21:00.000Z,2026-04-07T03:23:59.999Z,20,0.145566,0.7614,0.3406,14.5566,14.2560,ASIA,-1
scalp_fade_3m_lim,ETHUSDT,3m,1,TARGET,2026-04-07T04:06:00.000Z,2026-04-07T04:35:59.999Z,9,0.838196,1.1258,0.5654,83.8196,13.9025,ASIA,-1
scalp_fade_3m_lim,ETHUSDT,3m,1,TIME,2026-04-07T06:48:00.000Z,2026-04-07T07:50:59.999Z,20,-0.204776,0.6420,0.4284,-20.4776,18.3691,ASIA,-1
scalp_fade_3m_lim,ETHUSDT,3m,1,TARGET,2026-04-07T12:09:00.000Z,2026-04-07T12:56:59.999Z,15,1.164060,1.3680,0.1338,116.4060,7.0549,LONDON,1
scalp_fade_3m_lim,ETHUSDT,3m,1,STOP,2026-04-07T13:33:00.000Z,2026-04-07T14:02:59.999Z,9,-1.057435,0.2337,1.0878,-105.7435,13.2984,NY,1
scalp_fade_3m_lim,ETHUSDT,3m,1,TARGET,2026-04-07T19:09:00.000Z,2026-04-07T19:20:59.999Z,3,1.088302,1.9913,0.0643,108.8302,8.6745,NY,-1
scalp_fade_3m_lim,ETHUSDT,3m,-1,STOP,2026-04-07T19:48:00.000Z,2026-04-07T20:02:59.999Z,4,-1.046908,0.3224,0.9837,-104.6908,10.6532,NY,1
scalp_fade_3m_lim,ETHUSDT,3m,-1,STOP,2026-04-08T02:06:00.000Z,2026-04-08T02:08:59.999Z,0,-1.070436,0.0010,0.8904,-107.0436,16.2331,ASIA,1
scalp_fade_3m_lim,ETHUSDT,3m,-1,TARGET,2026-04-08T02:09:00.000Z,2026-04-08T02:20:59.999Z,3,1.111614,1.3327,0.2549,111.1614,8.1470,ASIA,1
scalp_fade_3m_lim,ETHUSDT,3m,-1,STOP,2026-04-08T04:03:00.000Z,2026-04-08T04:05:59.999Z,0,-1.093906,0.3622,1.4846,-109.3906,21.7112,ASIA,-1
scalp_fade_3m_lim,ETHUSDT,3m,-1,STOP,2026-04-08T06:21:00.000Z,2026-04-08T07:23:59.999Z,20,-1.079837,0.4935,1.0173,-107.9837,17.6918,ASIA,-1
scalp_fade_3m_lim,ETHUSDT,3m,-1,TIME,2026-04-08T08:57:00.000Z,2026-04-08T09:59:59.999Z,20,0.402004,1.0606,0.7522,40.2004,16.3082,LONDON,1
scalp_fade_3m_lim,ETHUSDT,3m,1,TIME,2026-04-08T16:33:00.000Z,2026-04-08T17:35:59.999Z,20,0.591990,1.1781,0.1214,59.1990,13.0867,NY,1
scalp_fade_3m_lim,ETHUSDT,3m,1,STOP,2026-04-08T21:57:00.000Z,2026-04-08T22:17:59.999Z,6,-1.087087,0.1554,0.8853,-108.7087,20.1838,LATE,1
scalp_fade_3m_lim,ETHUSDT,3m,1,STOP,2026-04-09T00:57:00.000Z,2026-04-09T01:08:59.999Z,3,-1.064222,0.2397,2.0277,-106.4222,15.0303,ASIA,-1
scalp_fade_3m_lim,ETHUSDT,3m,1,TARGET,2026-04-09T05:06:00.000Z,2026-04-09T05:32:59.999Z,8,0.827961,1.1122,0.4841,82.7961,14.1218,ASIA,1
scalp_fade_3m_lim,ETHUSDT,3m,1,STOP,2026-04-09T12:21:00.000Z,2026-04-09T12:23:59.999Z,0,-1.097566,0.0015,0.8371,-109.7566,22.8697,LONDON,1
scalp_fade_3m_lim,ETHUSDT,3m,1,STOP,2026-04-09T12:39:00.000Z,2026-04-09T13:32:59.999Z,17,-1.069804,0.7413,0.8852,-106.9804,15.8599,LONDON,1
scalp_fade_3m_lim,ETHUSDT,3m,1,STOP,2026-04-09T13:33:00.000Z,2026-04-09T13:38:59.999Z,1,-1.069613,0.3838,0.8604,-106.9613,16.3425,NY,-1
scalp_fade_3m_lim,ETHUSDT,3m,-1,TARGET,2026-04-09T17:39:00.000Z,2026-04-09T18:23:59.999Z,14,1.220177,1.3879,0.1360,122.0177,5.8419,NY,1
scalp_fade_3m_lim,ETHUSDT,3m,-1,STOP,2026-04-09T19:03:00.000Z,2026-04-09T19:11:59.999Z,2,-1.063193,0.1448,1.0891,-106.3193,14.4825,NY,-1
scalp_fade_3m_lim,ETHUSDT,3m,-1,STOP,2026-04-09T21:06:00.000Z,2026-04-09T21:08:59.999Z,0,-1.077489,0.4389,1.0122,-107.7489,17.8794,LATE,-1
scalp_fade_3m_lim,ETHUSDT,3m,-1,TARGET,2026-04-09T22:33:00.000Z,2026-04-09T22:59:59.999Z,8,1.233269,1.4152,0.0733,123.3269,5.5784,LATE,1
scalp_fade_3m_lim,ETHUSDT,3m,1,STOP,2026-04-10T03:06:00.000Z,2026-04-10T03:26:59.999Z,6,-1.083780,0.1462,0.7486,-108.3780,19.4251,ASIA,1
scalp_fade_3m_lim,ETHUSDT,3m,-1,STOP,2026-04-10T12:30:00.000Z,2026-04-10T12:41:59.999Z,3,-1.061338,0.7778,1.1220,-106.1338,14.0223,LONDON,-1
scalp_fade_3m_lim,ETHUSDT,3m,-1,TIME,2026-04-10T12:42:00.000Z,2026-04-10T13:44:59.999Z,20,0.458327,1.1456,0.1886,45.8327,10.4210,LONDON,-1
scalp_fade_3m_lim,ETHUSDT,3m,-1,STOP,2026-04-10T13:51:00.000Z,2026-04-10T14:05:59.999Z,4,-1.053706,0.0817,0.9683,-105.3706,12.2269,NY,1
scalp_fade_3m_lim,ETHUSDT,3m,-1,STOP,2026-04-10T14:45:00.000Z,2026-04-10T15:26:59.999Z,13,-1.044775,0.1831,1.2280,-104.4775,9.9750,NY,1
scalp_fade_3m_lim,ETHUSDT,3m,-1,TIME,2026-04-10T19:24:00.000Z,2026-04-10T20:26:59.999Z,20,-0.580136,0.7805,0.7176,-58.0136,19.4250,NY,1
scalp_fade_3m_lim,ETHUSDT,3m,-1,TARGET,2026-04-10T20:57:00.000Z,2026-04-10T21:44:59.999Z,15,1.067062,1.4104,0.1147,106.7062,9.0484,NY,1
scalp_fade_3m_lim,ETHUSDT,3m,-1,TARGET,2026-04-10T21:45:00.000Z,2026-04-10T22:38:59.999Z,17,1.030246,1.3597,0.7044,103.0246,9.8135,LATE,-1
scalp_fade_3m_lim,ETHUSDT,3m,-1,STOP,2026-04-11T01:33:00.000Z,2026-04-11T02:20:59.999Z,15,-1.099312,0.4477,0.7877,-109.9312,22.2779,ASIA,1
scalp_fade_3m_lim,ETHUSDT,3m,1,TIME,2026-04-11T06:36:00.000Z,2026-04-11T07:38:59.999Z,20,-0.296689,0.6693,0.1006,-29.6689,27.0854,ASIA,-1
scalp_fade_3m_lim,ETHUSDT,3m,-1,TIME,2026-04-11T20:51:00.000Z,2026-04-11T21:53:59.999Z,20,-0.280116,0.8255,0.2375,-28.0116,13.3852,NY,-1
scalp_fade_3m_lim,ETHUSDT,3m,1,TARGET,2026-04-12T04:54:00.000Z,2026-04-12T05:29:59.999Z,11,0.888407,1.1516,0.4336,88.8407,12.8411,ASIA,-1
scalp_fade_3m_lim,ETHUSDT,3m,1,STOP,2026-04-12T06:36:00.000Z,2026-04-12T07:05:59.999Z,9,-1.110139,0.0556,0.6998,-111.0139,25.3171,ASIA,1
scalp_fade_3m_lim,ETHUSDT,3m,1,TARGET,2026-04-12T07:15:00.000Z,2026-04-12T07:41:59.999Z,8,0.756341,0.9539,0.1657,75.6341,15.6242,LONDON,-1
scalp_fade_3m_lim,ETHUSDT,3m,1,STOP,2026-04-12T08:06:00.000Z,2026-04-12T08:50:59.999Z,14,-1.131043,0.3518,0.6555,-113.1043,29.7805,LONDON,1
scalp_fade_3m_lim,ETHUSDT,3m,1,TIME,2026-04-12T09:15:00.000Z,2026-04-12T10:17:59.999Z,20,-0.412224,0.5351,0.4465,-41.2224,27.4466,LONDON,-1
scalp_fade_3m_lim,ETHUSDT,3m,1,STOP,2026-04-12T12:54:00.000Z,2026-04-12T13:02:59.999Z,2,-1.062073,0.1320,1.1976,-106.2073,14.5643,LONDON,-1
scalp_fade_3m_lim,ETHUSDT,3m,-1,TARGET,2026-04-12T22:00:00.000Z,2026-04-12T22:02:59.999Z,0,0.982925,2.6736,0.0357,98.2925,10.8650,LATE,1
scalp_fade_3m_lim,ETHUSDT,3m,-1,TARGET,2026-04-13T02:27:00.000Z,2026-04-13T03:02:59.999Z,11,0.997780,1.1245,0.3916,99.7780,10.5140,ASIA,-1
scalp_fade_3m_lim,ETHUSDT,3m,1,STOP,2026-04-13T04:51:00.000Z,2026-04-13T05:11:59.999Z,6,-1.094758,0.1965,0.7887,-109.4758,21.9438,ASIA,1
scalp_fade_3m_lim,ETHUSDT,3m,1,STOP,2026-04-13T08:27:00.000Z,2026-04-13T08:41:59.999Z,4,-1.088693,0.0757,0.9193,-108.8693,20.6370,LONDON,-1
scalp_fade_3m_lim,ETHUSDT,3m,1,TIME,2026-04-13T10:39:00.000Z,2026-04-13T11:41:59.999Z,20,-0.208504,0.3903,0.4471,-20.8504,18.8784,LONDON,-1
scalp_fade_3m_lim,ETHUSDT,3m,1,STOP,2026-04-13T12:03:00.000Z,2026-04-13T12:29:59.999Z,8,-1.099937,0.5358,0.8286,-109.9937,23.0375,LONDON,1
scalp_fade_3m_lim,ETHUSDT,3m,1,TARGET,2026-04-13T12:48:00.000Z,2026-04-13T12:53:59.999Z,1,1.005691,1.4531,0.1894,100.5691,10.4172,LONDON,-1
scalp_fade_3m_lim,ETHUSDT,3m,-1,STOP,2026-04-13T16:09:00.000Z,2026-04-13T16:20:59.999Z,3,-1.047238,0.0007,1.0654,-104.7238,10.7518,NY,-1
scalp_fade_3m_lim,ETHUSDT,3m,-1,STOP,2026-04-13T19:18:00.000Z,2026-04-13T19:23:59.999Z,1,-1.062328,0.0000,1.0188,-106.2328,14.3110,NY,1
scalp_fade_3m_lim,ETHUSDT,3m,-1,TIME,2026-04-14T02:39:00.000Z,2026-04-14T03:41:59.999Z,20,-0.023350,1.0030,0.4220,-2.3350,17.5846,ASIA,1
scalp_fade_3m_lim,ETHUSDT,3m,-1,TARGET,2026-04-14T05:21:00.000Z,2026-04-14T05:56:59.999Z,11,0.847051,1.5421,0.5777,84.7051,13.6767,ASIA,-1
scalp_fade_3m_lim,ETHUSDT,3m,-1,STOP,2026-04-14T06:21:00.000Z,2026-04-14T06:47:59.999Z,8,-1.096135,0.0158,0.8469,-109.6135,21.8675,ASIA,-1
scalp_fade_3m_lim,ETHUSDT,3m,-1,STOP,2026-04-14T08:24:00.000Z,2026-04-14T08:35:59.999Z,3,-1.083692,0.0818,1.7384,-108.3692,19.2075,LONDON,1
scalp_fade_3m_lim,ETHUSDT,3m,-1,STOP,2026-04-14T13:03:00.000Z,2026-04-14T13:35:59.999Z,10,-1.075880,0.4071,0.9736,-107.5880,17.1473,NY,-1
scalp_fade_3m_lim,ETHUSDT,3m,-1,STOP,2026-04-14T14:03:00.000Z,2026-04-14T14:32:59.999Z,9,-1.050589,0.5036,2.1964,-105.0589,11.3881,NY,1
scalp_fade_3m_lim,ETHUSDT,3m,-1,TARGET,2026-04-14T14:36:00.000Z,2026-04-14T14:56:59.999Z,6,1.308229,1.3506,0.0797,130.8229,4.0067,NY,1
scalp_fade_3m_lim,ETHUSDT,3m,1,STOP,2026-04-14T18:24:00.000Z,2026-04-14T18:47:59.999Z,7,-1.057159,0.5765,1.4097,-105.7159,13.2898,NY,-1
scalp_fade_3m_lim,ETHUSDT,3m,1,TIME,2026-04-14T22:21:00.000Z,2026-04-14T23:23:59.999Z,20,-0.044973,0.3659,0.5779,-4.4973,13.6475,LATE,1
scalp_fade_3m_lim,ETHUSDT,3m,1,TARGET,2026-04-14T23:54:00.000Z,2026-04-15T00:05:59.999Z,3,1.019778,1.6227,0.0707,101.9778,10.1144,LATE,1
scalp_fade_3m_lim,ETHUSDT,3m,1,STOP,2026-04-15T05:09:00.000Z,2026-04-15T05:26:59.999Z,5,-1.075145,0.3053,0.8503,-107.5145,17.4798,ASIA,1
scalp_fade_3m_lim,ETHUSDT,3m,1,TARGET,2026-04-15T07:18:00.000Z,2026-04-15T08:08:59.999Z,16,1.057514,1.2449,0.1443,105.7514,9.2819,LONDON,1
scalp_fade_3m_lim,ETHUSDT,3m,1,TARGET,2026-04-15T10:18:00.000Z,2026-04-15T10:47:59.999Z,9,1.027291,1.2618,0.5415,102.7291,9.9370,LONDON,-1
scalp_fade_3m_lim,ETHUSDT,3m,1,TARGET,2026-04-15T11:00:00.000Z,2026-04-15T11:14:59.999Z,4,1.063032,1.5985,0.0307,106.3032,9.2025,LONDON,-1
scalp_fade_3m_lim,ETHUSDT,3m,-1,TARGET,2026-04-15T13:27:00.000Z,2026-04-15T13:44:59.999Z,5,1.027017,1.5420,0.2346,102.7017,9.9201,NY,-1
scalp_fade_3m_lim,ETHUSDT,3m,-1,STOP,2026-04-15T14:00:00.000Z,2026-04-15T14:17:59.999Z,5,-1.050525,0.3500,1.1953,-105.0525,11.4669,NY,-1
scalp_fade_3m_lim,ETHUSDT,3m,-1,TARGET,2026-04-15T15:15:00.000Z,2026-04-15T15:32:59.999Z,5,1.209400,1.7530,0.1276,120.9400,6.0858,NY,1
scalp_fade_3m_lim,ETHUSDT,3m,-1,STOP,2026-04-15T17:54:00.000Z,2026-04-15T18:50:59.999Z,18,-1.057616,0.1657,0.8887,-105.7616,12.7639,NY,1
scalp_fade_3m_lim,ETHUSDT,3m,-1,STOP,2026-04-15T21:42:00.000Z,2026-04-15T22:05:59.999Z,7,-1.074599,0.2929,1.4791,-107.4599,16.9581,LATE,-1
scalp_fade_3m_lim,ETHUSDT,3m,-1,STOP,2026-04-15T22:21:00.000Z,2026-04-15T22:41:59.999Z,6,-1.058050,0.2591,0.9921,-105.8050,13.1780,LATE,1
scalp_fade_3m_lim,ETHUSDT,3m,-1,TARGET,2026-04-16T00:33:00.000Z,2026-04-16T01:08:59.999Z,11,1.057047,1.5385,0.3930,105.7047,9.2705,ASIA,1
scalp_fade_3m_lim,ETHUSDT,3m,-1,STOP,2026-04-16T02:21:00.000Z,2026-04-16T02:32:59.999Z,3,-1.075585,0.1920,1.3800,-107.5585,17.3270,ASIA,1
scalp_fade_3m_lim,ETHUSDT,3m,1,TIME,2026-04-16T09:00:00.000Z,2026-04-16T10:02:59.999Z,20,-0.273426,1.0637,0.1938,-27.3426,18.8765,LONDON,1
scalp_fade_3m_lim,ETHUSDT,3m,1,STOP,2026-04-16T10:27:00.000Z,2026-04-16T10:50:59.999Z,7,-1.077872,0.1615,0.8395,-107.7872,18.0325,LONDON,-1
scalp_fade_3m_lim,ETHUSDT,3m,1,TARGET,2026-04-16T11:39:00.000Z,2026-04-16T12:02:59.999Z,7,0.842154,1.3924,0.0607,84.2154,13.8285,LONDON,-1
scalp_fade_3m_lim,ETHUSDT,3m,1,STOP,2026-04-16T13:36:00.000Z,2026-04-16T13:41:59.999Z,1,-1.064164,0.0693,0.8163,-106.4164,15.0793,NY,1
scalp_fade_3m_lim,ETHUSDT,3m,1,TARGET,2026-04-16T17:57:00.000Z,2026-04-16T18:47:59.999Z,16,1.134555,1.4187,0.2297,113.4555,7.6700,NY,1
scalp_fade_3m_lim,ETHUSDT,3m,-1,TIME,2026-04-16T22:03:00.000Z,2026-04-16T23:05:59.999Z,20,0.060234,1.0389,0.1953,6.0234,17.3397,LATE,-1
scalp_fade_3m_lim,ETHUSDT,3m,-1,TARGET,2026-04-17T00:33:00.000Z,2026-04-17T01:23:59.999Z,16,0.991312,1.9707,0.1883,99.1312,10.6323,ASIA,-1
scalp_fade_3m_lim,ETHUSDT,3m,1,STOP,2026-04-17T03:18:00.000Z,2026-04-17T03:41:59.999Z,7,-1.100458,0.1797,0.9042,-110.0458,23.2041,ASIA,1
scalp_fade_3m_lim,ETHUSDT,3m,1,TIME,2026-04-17T03:45:00.000Z,2026-04-17T04:47:59.999Z,20,-0.006234,0.6973,0.6185,-0.6234,20.7043,ASIA,-1
scalp_fade_3m_lim,ETHUSDT,3m,-1,TIME,2026-04-17T09:36:00.000Z,2026-04-17T10:38:59.999Z,20,0.433998,0.9866,0.4628,43.3998,9.1221,LONDON,1
scalp_fade_3m_lim,ETHUSDT,3m,-1,STOP,2026-04-17T12:30:00.000Z,2026-04-17T12:47:59.999Z,5,-1.063540,0.4650,0.7944,-106.3540,14.4732,LONDON,1
scalp_fade_3m_lim,ETHUSDT,3m,-1,STOP,2026-04-17T12:48:00.000Z,2026-04-17T12:53:59.999Z,1,-1.057053,0.0354,1.1852,-105.7053,13.0825,LONDON,1
scalp_fade_3m_lim,ETHUSDT,3m,-1,STOP,2026-04-17T13:33:00.000Z,2026-04-17T13:53:59.999Z,6,-1.026437,0.2302,1.4872,-102.6437,5.8906,NY,1
scalp_fade_3m_lim,ETHUSDT,3m,-1,TIME,2026-04-17T15:06:00.000Z,2026-04-17T16:08:59.999Z,20,-0.647213,0.2415,0.7146,-64.7213,8.8916,NY,-1
scalp_fade_3m_lim,ETHUSDT,3m,-1,TARGET,2026-04-17T17:48:00.000Z,2026-04-17T18:11:59.999Z,7,1.214352,1.4567,0.1088,121.4352,5.9777,NY,-1
scalp_fade_3m_lim,ETHUSDT,3m,-1,TIME,2026-04-17T20:00:00.000Z,2026-04-17T21:02:59.999Z,20,-0.598976,1.0191,0.6929,-59.8976,15.6725,NY,1
scalp_fade_3m_lim,ETHUSDT,3m,-1,STOP,2026-04-17T22:24:00.000Z,2026-04-17T22:35:59.999Z,3,-1.076665,0.1094,1.4278,-107.6665,17.5774,LATE,-1
scalp_fade_3m_lim,ETHUSDT,3m,-1,TARGET,2026-04-18T02:39:00.000Z,2026-04-18T03:32:59.999Z,17,0.878089,1.0795,0.0833,87.8089,12.9998,ASIA,-1
scalp_fade_3m_lim,ETHUSDT,3m,1,STOP,2026-04-18T03:54:00.000Z,2026-04-18T03:56:59.999Z,0,-1.071923,0.2245,0.9934,-107.1923,16.9130,ASIA,-1
scalp_fade_3m_lim,ETHUSDT,3m,1,STOP,2026-04-18T11:33:00.000Z,2026-04-18T11:41:59.999Z,2,-1.074234,0.0042,1.5560,-107.4234,17.3776,LONDON,-1
scalp_fade_3m_lim,ETHUSDT,3m,1,STOP,2026-04-18T16:03:00.000Z,2026-04-18T16:20:59.999Z,5,-1.087943,1.0719,0.8265,-108.7943,20.4221,NY,-1
scalp_fade_3m_lim,ETHUSDT,3m,1,TIME,2026-04-18T20:21:00.000Z,2026-04-18T21:23:59.999Z,20,-0.278079,0.7411,0.3783,-27.8079,21.2198,NY,-1
scalp_fade_3m_lim,ETHUSDT,3m,1,TIME,2026-04-18T21:27:00.000Z,2026-04-18T22:29:59.999Z,20,0.050762,0.7978,0.2328,5.0762,22.3965,LATE,1
scalp_fade_3m_lim,ETHUSDT,3m,1,TIME,2026-04-19T07:45:00.000Z,2026-04-19T08:47:59.999Z,20,0.024555,0.3909,0.3060,2.4555,11.0953,LONDON,-1
scalp_fade_3m_lim,ETHUSDT,3m,1,STOP,2026-04-19T09:09:00.000Z,2026-04-19T09:23:59.999Z,4,-1.092870,0.1897,0.7105,-109.2870,21.5993,LONDON,1
scalp_fade_3m_lim,ETHUSDT,3m,1,STOP,2026-04-19T09:30:00.000Z,2026-04-19T09:50:59.999Z,6,-1.077698,0.1953,1.0402,-107.7698,18.0296,LONDON,1
scalp_fade_3m_lim,ETHUSDT,3m,-1,TIME,2026-04-19T14:27:00.000Z,2026-04-19T15:29:59.999Z,20,-0.060280,0.4894,0.5352,-6.0280,15.2674,NY,-1
scalp_fade_3m_lim,ETHUSDT,3m,1,TIME,2026-04-19T18:30:00.000Z,2026-04-19T19:32:59.999Z,20,-0.124555,0.5118,0.7292,-12.4555,11.2713,NY,-1
scalp_fade_3m_lim,ETHUSDT,3m,1,STOP,2026-04-19T20:03:00.000Z,2026-04-19T20:41:59.999Z,12,-1.074197,0.4254,0.9039,-107.4197,17.0167,NY,1
scalp_fade_3m_lim,ETHUSDT,3m,1,STOP,2026-04-19T20:42:00.000Z,2026-04-19T20:44:59.999Z,0,-1.063975,0.0822,0.9274,-106.3975,15.0667,NY,-1
scalp_fade_3m_lim,ETHUSDT,3m,1,STOP,2026-04-19T21:51:00.000Z,2026-04-19T21:53:59.999Z,0,-1.071222,0.0378,0.8915,-107.1222,16.7501,LATE,1
scalp_fade_3m_lim,ETHUSDT,3m,1,STOP,2026-04-20T02:03:00.000Z,2026-04-20T02:14:59.999Z,3,-1.072602,0.4247,1.2114,-107.2602,16.9648,ASIA,1
scalp_fade_3m_lim,ETHUSDT,3m,1,STOP,2026-04-20T04:21:00.000Z,2026-04-20T05:08:59.999Z,15,-1.098706,0.6466,1.0354,-109.8706,22.4353,ASIA,1
scalp_fade_3m_lim,ETHUSDT,3m,-1,TIME,2026-04-20T07:39:00.000Z,2026-04-20T08:41:59.999Z,20,0.095439,0.5801,0.3971,9.5439,7.2091,LONDON,1
scalp_fade_3m_lim,ETHUSDT,3m,-1,TARGET,2026-04-20T13:09:00.000Z,2026-04-20T13:32:59.999Z,7,1.163518,1.5827,0.3450,116.3518,7.0457,NY,1
scalp_fade_3m_lim,ETHUSDT,3m,-1,TARGET,2026-04-20T14:21:00.000Z,2026-04-20T14:56:59.999Z,11,1.273807,1.5176,0.5230,127.3807,4.7223,NY,-1
scalp_fade_3m_lim,ETHUSDT,3m,-1,TIME,2026-04-20T15:24:00.000Z,2026-04-20T16:26:59.999Z,20,0.144079,0.4607,0.5065,14.4079,7.8652,NY,-1
scalp_fade_3m_lim,ETHUSDT,3m,-1,STOP,2026-04-20T16:45:00.000Z,2026-04-20T17:20:59.999Z,11,-1.059152,0.7536,1.3135,-105.9152,13.2958,NY,-1
scalp_fade_3m_lim,ETHUSDT,3m,-1,TIME,2026-04-20T18:42:00.000Z,2026-04-20T19:44:59.999Z,20,0.307634,0.6361,0.5783,30.7634,11.0980,NY,1
scalp_fade_3m_lim,ETHUSDT,3m,-1,STOP,2026-04-20T20:03:00.000Z,2026-04-20T20:20:59.999Z,5,-1.081438,0.2447,0.8924,-108.1438,18.6077,NY,1
scalp_fade_3m_lim,ETHUSDT,3m,-1,STOP,2026-04-20T20:51:00.000Z,2026-04-20T21:05:59.999Z,4,-1.068428,0.1050,1.0362,-106.8428,15.6347,NY,1
scalp_fade_3m_lim,ETHUSDT,3m,1,TARGET,2026-04-21T00:09:00.000Z,2026-04-21T00:47:59.999Z,12,0.954470,1.2299,0.1953,95.4470,11.4529,ASIA,1
scalp_fade_3m_lim,ETHUSDT,3m,-1,TARGET,2026-04-21T01:18:00.000Z,2026-04-21T02:02:59.999Z,14,1.006301,1.2070,0.6671,100.6301,10.3251,ASIA,1
scalp_fade_3m_lim,ETHUSDT,3m,1,TARGET,2026-04-21T06:03:00.000Z,2026-04-21T06:35:59.999Z,10,0.852299,2.6040,0.4396,85.2299,13.6023,ASIA,-1
scalp_fade_3m_lim,ETHUSDT,3m,-1,TIME,2026-04-21T07:36:00.000Z,2026-04-21T08:38:59.999Z,20,-0.564891,0.5104,0.6590,-56.4891,17.4864,LONDON,1
scalp_fade_3m_lim,ETHUSDT,3m,-1,TARGET,2026-04-21T10:45:00.000Z,2026-04-21T11:11:59.999Z,8,0.943266,1.9702,0.5026,94.3266,11.6694,LONDON,1
scalp_fade_3m_lim,ETHUSDT,3m,1,TARGET,2026-04-21T14:03:00.000Z,2026-04-21T14:17:59.999Z,4,1.165338,1.2801,0.2598,116.5338,7.0535,NY,-1
scalp_fade_3m_lim,ETHUSDT,3m,1,STOP,2026-04-21T14:48:00.000Z,2026-04-21T14:59:59.999Z,3,-1.045070,0.1883,1.2332,-104.5070,10.6087,NY,1
scalp_fade_3m_lim,ETHUSDT,3m,-1,STOP,2026-04-21T23:33:00.000Z,2026-04-21T23:44:59.999Z,3,-1.084502,0.0501,0.9089,-108.4502,19.3952,LATE,-1
scalp_fade_3m_lim,ETHUSDT,3m,-1,STOP,2026-04-22T01:54:00.000Z,2026-04-22T02:11:59.999Z,5,-1.073598,0.1598,1.7037,-107.3598,16.7966,ASIA,1
scalp_fade_3m_lim,ETHUSDT,3m,-1,STOP,2026-04-22T02:12:00.000Z,2026-04-22T02:17:59.999Z,1,-1.060508,0.2429,0.9809,-106.0508,13.8872,ASIA,1
scalp_fade_3m_lim,ETHUSDT,3m,-1,STOP,2026-04-22T05:18:00.000Z,2026-04-22T05:32:59.999Z,4,-1.052417,0.3870,1.2145,-105.2417,11.9285,ASIA,1
scalp_fade_3m_lim,ETHUSDT,3m,-1,TARGET,2026-04-22T07:18:00.000Z,2026-04-22T07:23:59.999Z,1,0.932613,1.2952,0.0474,93.2613,11.9205,LONDON,1
scalp_fade_3m_lim,ETHUSDT,3m,-1,TIME,2026-04-22T07:45:00.000Z,2026-04-22T08:47:59.999Z,20,0.623266,1.0811,0.0627,62.3266,17.4574,LONDON,1
scalp_fade_3m_lim,ETHUSDT,3m,-1,STOP,2026-04-22T11:03:00.000Z,2026-04-22T11:35:59.999Z,10,-1.108307,0.9372,0.7468,-110.8307,24.5613,LONDON,-1
scalp_fade_3m_lim,ETHUSDT,3m,-1,STOP,2026-04-22T11:39:00.000Z,2026-04-22T11:53:59.999Z,4,-1.092999,0.1831,1.1226,-109.2999,21.3222,LONDON,-1
scalp_fade_3m_lim,ETHUSDT,3m,-1,STOP,2026-04-22T12:30:00.000Z,2026-04-22T12:47:59.999Z,5,-1.073716,0.2110,0.9149,-107.3716,16.8239,LONDON,1
scalp_fade_3m_lim,ETHUSDT,3m,-1,STOP,2026-04-22T13:39:00.000Z,2026-04-22T13:47:59.999Z,2,-1.048773,0.0164,1.0665,-104.8773,11.1308,NY,1
scalp_fade_3m_lim,ETHUSDT,3m,-1,TIME,2026-04-22T15:39:00.000Z,2026-04-22T16:41:59.999Z,20,0.605371,0.9643,0.4269,60.5371,9.6123,NY,-1
scalp_fade_3m_lim,ETHUSDT,3m,-1,TIME,2026-04-22T17:48:00.000Z,2026-04-22T18:50:59.999Z,20,-0.485159,0.4476,0.3700,-48.5159,13.8882,NY,1
scalp_fade_3m_lim,ETHUSDT,3m,-1,TIME,2026-04-22T19:21:00.000Z,2026-04-22T20:23:59.999Z,20,0.242964,0.9521,0.4881,24.2964,15.0339,NY,-1
scalp_fade_3m_lim,ETHUSDT,3m,-1,TARGET,2026-04-22T22:06:00.000Z,2026-04-22T23:08:59.999Z,20,0.904689,1.0351,0.6291,90.4689,12.4305,LATE,1
scalp_fade_3m_lim,ETHUSDT,3m,1,STOP,2026-04-23T02:24:00.000Z,2026-04-23T02:26:59.999Z,0,-1.068893,0.0236,1.3321,-106.8893,16.2090,ASIA,-1
scalp_fade_3m_lim,ETHUSDT,3m,1,TARGET,2026-04-23T04:00:00.000Z,2026-04-23T05:02:59.999Z,20,1.055246,1.1570,0.3595,105.5246,9.3172,ASIA,-1
scalp_fade_3m_lim,ETHUSDT,3m,1,STOP,2026-04-23T05:27:00.000Z,2026-04-23T05:35:59.999Z,2,-1.100299,0.0300,0.8055,-110.0299,23.4074,ASIA,1
scalp_fade_3m_lim,ETHUSDT,3m,1,STOP,2026-04-23T07:18:00.000Z,2026-04-23T07:53:59.999Z,11,-1.094101,0.4430,0.9360,-109.4101,21.5716,LONDON,-1
scalp_fade_3m_lim,ETHUSDT,3m,1,STOP,2026-04-23T07:54:00.000Z,2026-04-23T08:32:59.999Z,12,-1.074962,0.1345,0.7820,-107.4962,17.1899,LONDON,-1
scalp_fade_3m_lim,ETHUSDT,3m,1,TIME,2026-04-23T12:48:00.000Z,2026-04-23T13:50:59.999Z,20,-0.806627,0.9569,0.7100,-80.6627,15.6443,LONDON,1
scalp_fade_3m_lim,ETHUSDT,3m,1,TIME,2026-04-23T15:48:00.000Z,2026-04-23T16:50:59.999Z,20,-0.501881,0.2328,0.4430,-50.1881,13.1785,NY,1
scalp_fade_3m_lim,ETHUSDT,3m,1,STOP,2026-04-23T16:54:00.000Z,2026-04-23T17:02:59.999Z,2,-1.070644,0.3181,0.8278,-107.0644,16.5471,NY,1
scalp_fade_3m_lim,ETHUSDT,3m,1,STOP,2026-04-23T17:03:00.000Z,2026-04-23T17:17:59.999Z,4,-1.058305,0.2874,1.4203,-105.8305,13.6360,NY,1
scalp_fade_3m_lim,ETHUSDT,3m,1,TIME,2026-04-23T17:54:00.000Z,2026-04-23T18:56:59.999Z,20,0.069691,0.7269,0.1244,6.9691,7.9691,NY,-1
scalp_fade_3m_lim,ETHUSDT,3m,-1,TIME,2026-04-24T01:48:00.000Z,2026-04-24T02:50:59.999Z,20,-0.418820,0.3967,0.7617,-41.8820,16.6213,ASIA,-1
scalp_fade_3m_lim,ETHUSDT,3m,1,TIME,2026-04-24T06:33:00.000Z,2026-04-24T07:35:59.999Z,20,0.238616,0.8279,0.2218,23.8616,20.3875,ASIA,1
scalp_fade_3m_lim,ETHUSDT,3m,1,STOP,2026-04-24T07:39:00.000Z,2026-04-24T08:11:59.999Z,10,-1.100411,0.3854,0.7423,-110.0411,23.0515,LONDON,-1
scalp_fade_3m_lim,ETHUSDT,3m,-1,TARGET,2026-04-24T13:03:00.000Z,2026-04-24T13:47:59.999Z,14,1.053017,1.4057,0.4058,105.3017,9.3458,NY,-1
scalp_fade_3m_lim,ETHUSDT,3m,1,TARGET,2026-04-24T15:06:00.000Z,2026-04-24T15:44:59.999Z,12,1.105314,1.8733,0.3696,110.5314,8.2926,NY,1
scalp_fade_3m_lim,ETHUSDT,3m,1,TARGET,2026-04-24T18:15:00.000Z,2026-04-24T19:02:59.999Z,15,1.022108,1.1644,0.5654,102.2108,10.0260,NY,-1
scalp_fade_3m_lim,ETHUSDT,3m,-1,TIME,2026-04-24T19:33:00.000Z,2026-04-24T20:35:59.999Z,20,-0.477236,0.8462,0.2825,-47.7236,21.8585,NY,1
scalp_fade_3m_lim,ETHUSDT,3m,1,TARGET,2026-04-25T07:24:00.000Z,2026-04-25T07:56:59.999Z,10,0.332176,0.8309,0.0767,33.2176,24.5063,LONDON,1
scalp_fade_3m_lim,ETHUSDT,3m,-1,TARGET,2026-04-25T09:15:00.000Z,2026-04-25T09:23:59.999Z,2,0.395632,0.7014,0.1603,39.5632,23.2170,LONDON,-1
scalp_fade_3m_lim,ETHUSDT,3m,-1,STOP,2026-04-25T09:42:00.000Z,2026-04-25T09:47:59.999Z,1,-1.136162,0.0523,0.5776,-113.6162,31.5083,LONDON,-1
scalp_fade_3m_lim,ETHUSDT,3m,1,TIME,2026-04-25T19:30:00.000Z,2026-04-25T20:32:59.999Z,20,-0.182473,0.7044,0.4068,-18.2473,34.5976,NY,-1
scalp_fade_3m_lim,ETHUSDT,3m,-1,TARGET,2026-04-25T23:36:00.000Z,2026-04-26T00:11:59.999Z,11,0.494575,0.8141,0.1114,49.4575,21.0724,LATE,-1
scalp_fade_3m_lim,ETHUSDT,3m,-1,STOP,2026-04-26T07:54:00.000Z,2026-04-26T08:02:59.999Z,2,-1.164642,0.2028,0.8205,-116.4642,38.0626,LONDON,1
scalp_fade_3m_lim,ETHUSDT,3m,-1,STOP,2026-04-26T09:42:00.000Z,2026-04-26T09:53:59.999Z,3,-1.152515,0.1787,0.5855,-115.2515,35.1710,LONDON,-1
scalp_fade_3m_lim,ETHUSDT,3m,-1,TIME,2026-04-26T10:09:00.000Z,2026-04-26T11:11:59.999Z,20,-0.514312,0.6524,0.1779,-51.4312,30.2886,LONDON,1
scalp_fade_3m_lim,ETHUSDT,3m,-1,TIME,2026-04-26T14:21:00.000Z,2026-04-26T15:23:59.999Z,20,-0.110790,0.5001,0.4149,-11.0790,18.1784,NY,1
scalp_fade_3m_lim,ETHUSDT,3m,-1,TIME,2026-04-26T15:36:00.000Z,2026-04-26T16:38:59.999Z,20,-0.308799,0.4164,0.4664,-30.8799,24.8624,NY,-1
scalp_fade_3m_lim,ETHUSDT,3m,-1,STOP,2026-04-26T18:09:00.000Z,2026-04-26T18:14:59.999Z,1,-1.098272,0.0000,2.0261,-109.8272,22.6831,NY,1
scalp_fade_3m_lim,ETHUSDT,3m,-1,STOP,2026-04-26T21:57:00.000Z,2026-04-26T22:17:59.999Z,6,-1.052444,0.2190,1.2117,-105.2444,11.8858,LATE,-1
scalp_fade_3m_lim,ETHUSDT,3m,-1,STOP,2026-04-26T23:24:00.000Z,2026-04-26T23:47:59.999Z,7,-1.077011,0.8334,0.8060,-107.7011,17.5131,LATE,1
scalp_fade_3m_lim,ETHUSDT,3m,1,STOP,2026-04-27T07:48:00.000Z,2026-04-27T08:23:59.999Z,11,-1.093722,0.2827,0.8944,-109.3722,21.4856,LONDON,-1
scalp_fade_3m_lim,ETHUSDT,3m,1,TIME,2026-04-27T11:06:00.000Z,2026-04-27T12:08:59.999Z,20,-0.752999,0.4946,0.5522,-75.2999,26.6468,LONDON,1
scalp_fade_3m_lim,ETHUSDT,3m,1,STOP,2026-04-27T12:24:00.000Z,2026-04-27T12:38:59.999Z,4,-1.112920,0.1588,0.6399,-111.2920,26.2186,LONDON,-1
scalp_fade_3m_lim,ETHUSDT,3m,1,STOP,2026-04-27T13:12:00.000Z,2026-04-27T13:47:59.999Z,11,-1.104238,0.7676,1.9723,-110.4238,23.8739,NY,-1
scalp_fade_3m_lim,ETHUSDT,3m,1,TARGET,2026-04-27T13:48:00.000Z,2026-04-27T14:38:59.999Z,16,1.152787,1.5754,0.3496,115.2787,7.2885,NY,-1
scalp_fade_3m_lim,ETHUSDT,3m,1,STOP,2026-04-27T14:54:00.000Z,2026-04-27T15:05:59.999Z,3,-1.050644,0.2144,1.7428,-105.0644,11.8957,NY,1
scalp_fade_3m_lim,ETHUSDT,3m,1,STOP,2026-04-27T19:21:00.000Z,2026-04-27T19:26:59.999Z,1,-1.102835,0.0873,0.6924,-110.2835,24.0438,NY,-1
scalp_fade_3m_lim,ETHUSDT,3m,1,STOP,2026-04-28T09:33:00.000Z,2026-04-28T09:47:59.999Z,4,-1.108056,0.2124,0.6607,-110.8056,25.0981,LONDON,1
scalp_fade_3m_lim,ETHUSDT,3m,1,TARGET,2026-04-28T13:30:00.000Z,2026-04-28T13:47:59.999Z,5,1.118097,1.2492,0.5694,111.8097,8.0432,NY,-1
scalp_fade_3m_lim,ETHUSDT,3m,-1,STOP,2026-04-28T18:57:00.000Z,2026-04-28T19:47:59.999Z,16,-1.087660,0.6927,0.9252,-108.7660,19.6013,NY,1
scalp_fade_3m_lim,ETHUSDT,3m,-1,TIME,2026-04-28T21:57:00.000Z,2026-04-28T22:59:59.999Z,20,0.208660,0.7090,0.5141,20.8660,20.5280,LATE,-1
scalp_fade_3m_lim,ETHUSDT,3m,-1,STOP,2026-04-28T23:48:00.000Z,2026-04-29T00:02:59.999Z,4,-1.131729,0.1096,0.5705,-113.1729,30.2871,LATE,-1
scalp_fade_3m_lim,ETHUSDT,3m,-1,STOP,2026-04-29T00:15:00.000Z,2026-04-29T00:56:59.999Z,13,-1.123691,0.5464,1.0371,-112.3691,27.9080,ASIA,1
scalp_fade_3m_lim,ETHUSDT,3m,-1,TIME,2026-04-29T07:33:00.000Z,2026-04-29T08:35:59.999Z,20,0.233029,0.8350,0.4686,23.3029,21.0557,LONDON,1
scalp_fade_3m_lim,ETHUSDT,3m,-1,STOP,2026-04-29T09:15:00.000Z,2026-04-29T09:35:59.999Z,6,-1.102153,0.1145,0.8600,-110.2153,23.3446,LONDON,1
scalp_fade_3m_lim,ETHUSDT,3m,-1,TARGET,2026-04-29T11:36:00.000Z,2026-04-29T12:05:59.999Z,9,0.925132,1.1342,0.3013,92.5132,12.0462,LONDON,-1
scalp_fade_3m_lim,ETHUSDT,3m,1,STOP,2026-04-29T18:06:00.000Z,2026-04-29T18:08:59.999Z,0,-1.049647,0.0059,1.9413,-104.9647,11.7384,NY,1
scalp_fade_3m_lim,ETHUSDT,3m,1,TARGET,2026-04-29T21:00:00.000Z,2026-04-29T21:44:59.999Z,14,1.053457,1.2171,0.2140,105.3457,9.3729,LATE,1
scalp_fade_3m_lim,ETHUSDT,3m,1,STOP,2026-04-29T23:18:00.000Z,2026-04-29T23:26:59.999Z,2,-1.092736,0.0014,0.7770,-109.2736,21.6577,LATE,1
scalp_fade_3m_lim,ETHUSDT,3m,1,TARGET,2026-04-30T00:21:00.000Z,2026-04-30T00:32:59.999Z,3,1.010901,1.2923,0.2934,101.0901,10.3009,ASIA,-1
scalp_fade_3m_lim,ETHUSDT,3m,1,STOP,2026-04-30T04:06:00.000Z,2026-04-30T04:23:59.999Z,5,-1.081482,0.2835,0.7323,-108.1482,18.9367,ASIA,1
scalp_fade_3m_lim,ETHUSDT,3m,1,TARGET,2026-04-30T05:27:00.000Z,2026-04-30T05:35:59.999Z,2,0.970336,1.4506,0.7035,97.0336,11.1569,ASIA,-1
scalp_fade_3m_lim,ETHUSDT,3m,1,TARGET,2026-04-30T06:45:00.000Z,2026-04-30T07:32:59.999Z,15,0.953710,1.2863,0.4585,95.3710,11.4576,ASIA,1
scalp_fade_3m_lim,ETHUSDT,3m,-1,STOP,2026-04-30T12:18:00.000Z,2026-04-30T12:23:59.999Z,1,-1.088611,0.0605,0.7523,-108.8611,20.4328,LONDON,1
scalp_fade_3m_lim,ETHUSDT,3m,-1,TARGET,2026-04-30T13:42:00.000Z,2026-04-30T14:17:59.999Z,11,1.080527,1.9631,0.6013,108.0527,8.7778,NY,-1
scalp_fade_3m_lim,ETHUSDT,3m,-1,TIME,2026-04-30T14:33:00.000Z,2026-04-30T15:35:59.999Z,20,-0.216176,0.6344,0.6752,-21.6176,9.6448,NY,-1
scalp_fade_3m_lim,ETHUSDT,3m,1,TIME,2026-04-30T17:33:00.000Z,2026-04-30T18:35:59.999Z,20,-0.206715,0.7987,0.2139,-20.6715,19.5161,NY,-1
scalp_fade_3m_lim,ETHUSDT,3m,-1,STOP,2026-05-01T03:09:00.000Z,2026-05-01T03:17:59.999Z,2,-1.124149,0.0865,1.6056,-112.4149,28.6506,ASIA,-1
scalp_fade_3m_lim,ETHUSDT,3m,-1,TIME,2026-05-01T05:06:00.000Z,2026-05-01T06:08:59.999Z,20,-0.331451,0.4694,0.2641,-33.1451,22.9541,ASIA,-1
scalp_fade_3m_lim,ETHUSDT,3m,-1,TARGET,2026-05-01T06:12:00.000Z,2026-05-01T06:44:59.999Z,10,0.723294,1.1244,0.4801,72.3294,16.2787,ASIA,1
scalp_fade_3m_lim,ETHUSDT,3m,-1,STOP,2026-05-01T07:51:00.000Z,2026-05-01T08:17:59.999Z,8,-1.104417,0.5100,1.0988,-110.4417,23.7690,LONDON,-1
scalp_fade_3m_lim,ETHUSDT,3m,-1,STOP,2026-05-01T12:15:00.000Z,2026-05-01T12:17:59.999Z,0,-1.080585,0.0417,1.1854,-108.0585,18.6020,LONDON,-1
scalp_fade_3m_lim,ETHUSDT,3m,-1,TARGET,2026-05-01T16:03:00.000Z,2026-05-01T16:47:59.999Z,14,1.106685,1.1961,0.1427,110.6685,8.2208,NY,1
scalp_fade_3m_lim,ETHUSDT,3m,-1,TARGET,2026-05-01T19:57:00.000Z,2026-05-01T20:20:59.999Z,7,0.722267,1.1641,0.2445,72.2267,16.3163,NY,-1
scalp_fade_3m_lim,ETHUSDT,3m,1,TARGET,2026-05-01T21:45:00.000Z,2026-05-01T22:20:59.999Z,11,0.990267,1.1406,0.0280,99.0267,10.7064,LATE,1
scalp_fade_3m_lim,ETHUSDT,3m,-1,STOP,2026-05-02T18:18:00.000Z,2026-05-02T18:23:59.999Z,1,-1.155633,0.0580,0.5418,-115.5633,36.0435,NY,-1
scalp_fade_3m_lim,ETHUSDT,3m,-1,TIME,2026-05-02T19:15:00.000Z,2026-05-02T20:17:59.999Z,20,-0.178639,0.5024,0.1611,-17.8639,34.2818,NY,1
scalp_fade_3m_lim,ETHUSDT,3m,-1,STOP,2026-05-02T20:33:00.000Z,2026-05-02T21:20:59.999Z,15,-1.192207,0.2114,0.4228,-119.2207,43.3024,NY,-1
scalp_fade_3m_lim,ETHUSDT,3m,-1,TARGET,2026-05-02T21:39:00.000Z,2026-05-02T22:05:59.999Z,8,1.124983,1.3008,0.0447,112.4983,7.8527,LATE,1
scalp_fade_3m_lim,ETHUSDT,3m,1,TIME,2026-05-03T02:12:00.000Z,2026-05-03T03:14:59.999Z,20,-0.762508,0.3527,0.5100,-76.2508,25.5689,ASIA,-1
scalp_fade_3m_lim,ETHUSDT,3m,1,STOP,2026-05-03T03:51:00.000Z,2026-05-03T04:11:59.999Z,6,-1.137222,0.1990,0.8610,-113.7222,31.6868,ASIA,-1
scalp_fade_3m_lim,ETHUSDT,3m,1,STOP,2026-05-03T06:06:00.000Z,2026-05-03T06:26:59.999Z,6,-1.174178,0.0799,0.6864,-117.4178,40.1660,ASIA,-1
scalp_fade_3m_lim,ETHUSDT,3m,-1,STOP,2026-05-03T14:03:00.000Z,2026-05-03T14:56:59.999Z,17,-1.117762,0.6468,0.7923,-111.7762,26.3473,NY,-1
scalp_fade_3m_lim,ETHUSDT,3m,-1,STOP,2026-05-03T16:27:00.000Z,2026-05-03T16:35:59.999Z,2,-1.103311,0.0015,1.1148,-110.3311,23.8073,NY,-1
scalp_fade_3m_lim,ETHUSDT,3m,-1,STOP,2026-05-03T19:33:00.000Z,2026-05-03T19:35:59.999Z,0,-1.150256,0.0000,1.3254,-115.0256,34.8635,NY,-1
scalp_fade_3m_lim,ETHUSDT,3m,-1,STOP,2026-05-03T20:27:00.000Z,2026-05-03T20:35:59.999Z,2,-1.106005,0.1702,1.3614,-110.6005,24.4335,NY,1
scalp_fade_3m_lim,ETHUSDT,3m,-1,STOP,2026-05-03T22:03:00.000Z,2026-05-03T22:14:59.999Z,3,-1.053232,0.6998,0.8844,-105.3232,12.1421,LATE,-1
scalp_fade_3m_lim,ETHUSDT,3m,1,TARGET,2026-05-04T01:03:00.000Z,2026-05-04T01:32:59.999Z,9,1.073003,2.4582,0.2525,107.3003,8.9783,ASIA,-1
scalp_fade_3m_lim,ETHUSDT,3m,-1,TARGET,2026-05-04T09:33:00.000Z,2026-05-04T10:02:59.999Z,9,0.937064,1.2289,0.5520,93.7064,11.7957,LONDON,1
scalp_fade_3m_lim,ETHUSDT,3m,1,TIME,2026-05-04T11:42:00.000Z,2026-05-04T12:44:59.999Z,20,0.395240,0.9175,0.0694,39.5240,14.9348,LONDON,1
scalp_fade_3m_lim,ETHUSDT,3m,1,STOP,2026-05-04T13:00:00.000Z,2026-05-04T13:02:59.999Z,0,-1.085836,0.0012,1.2295,-108.5836,20.1448,NY,1
scalp_fade_3m_lim,ETHUSDT,3m,1,STOP,2026-05-04T13:39:00.000Z,2026-05-04T14:11:59.999Z,10,-1.063604,0.4825,0.9128,-106.3604,14.6752,NY,-1
scalp_fade_3m_lim,ETHUSDT,3m,-1,TARGET,2026-05-04T15:15:00.000Z,2026-05-04T15:20:59.999Z,1,1.215541,1.5133,0.2615,121.5541,5.9645,NY,-1
scalp_fade_3m_lim,ETHUSDT,3m,-1,TIME,2026-05-04T18:03:00.000Z,2026-05-04T19:05:59.999Z,20,0.534565,1.1521,0.4955,53.4565,13.7264,NY,1
scalp_fade_3m_lim,ETHUSDT,3m,-1,STOP,2026-05-05T01:36:00.000Z,2026-05-05T01:38:59.999Z,0,-1.100915,0.0014,0.6748,-110.0915,23.3470,ASIA,1
scalp_fade_3m_lim,ETHUSDT,3m,-1,STOP,2026-05-05T04:51:00.000Z,2026-05-05T05:41:59.999Z,16,-1.087187,0.6778,0.9601,-108.7187,19.4945,ASIA,-1
scalp_fade_3m_lim,ETHUSDT,3m,-1,TIME,2026-05-05T07:48:00.000Z,2026-05-05T08:50:59.999Z,20,0.387104,1.0757,0.2469,38.7104,18.5115,LONDON,1
scalp_fade_3m_lim,ETHUSDT,3m,-1,TARGET,2026-05-05T13:27:00.000Z,2026-05-05T14:17:59.999Z,16,1.095214,1.3511,0.6858,109.5214,8.4557,NY,1
scalp_fade_3m_lim,ETHUSDT,3m,1,TARGET,2026-05-05T19:36:00.000Z,2026-05-05T20:11:59.999Z,11,0.811745,1.0060,0.3029,81.1745,14.4478,NY,1
scalp_fade_3m_lim,ETHUSDT,3m,1,TIME,2026-05-05T22:54:00.000Z,2026-05-05T23:56:59.999Z,20,-0.617326,0.3746,0.8365,-61.7326,11.1720,LATE,-1
scalp_fade_3m_lim,ETHUSDT,3m,1,STOP,2026-05-06T00:00:00.000Z,2026-05-06T00:50:59.999Z,16,-1.086759,0.7282,0.8430,-108.6759,19.7041,ASIA,-1
scalp_fade_3m_lim,ETHUSDT,3m,-1,STOP,2026-05-06T10:45:00.000Z,2026-05-06T11:17:59.999Z,10,-1.072031,0.1944,0.9941,-107.2031,16.2675,LONDON,1
scalp_fade_3m_lim,ETHUSDT,3m,-1,TARGET,2026-05-06T12:21:00.000Z,2026-05-06T13:02:59.999Z,13,1.145469,1.2590,0.2492,114.5469,7.4103,LONDON,-1
scalp_fade_3m_lim,ETHUSDT,3m,1,STOP,2026-05-06T15:45:00.000Z,2026-05-06T16:29:59.999Z,14,-1.066485,0.9127,0.8037,-106.6485,15.2068,NY,-1
scalp_fade_3m_lim,ETHUSDT,3m,1,STOP,2026-05-06T17:18:00.000Z,2026-05-06T18:14:59.999Z,18,-1.073925,0.4806,1.6511,-107.3925,16.7509,NY,-1
scalp_fade_3m_lim,ETHUSDT,3m,1,STOP,2026-05-06T22:09:00.000Z,2026-05-06T23:02:59.999Z,17,-1.090450,0.2036,0.9093,-109.0450,20.4927,LATE,1
scalp_fade_3m_lim,ETHUSDT,3m,1,STOP,2026-05-07T06:09:00.000Z,2026-05-07T06:14:59.999Z,1,-1.106154,0.0642,0.7256,-110.6154,24.8131,ASIA,-1
scalp_fade_3m_lim,ETHUSDT,3m,1,STOP,2026-05-07T09:36:00.000Z,2026-05-07T09:44:59.999Z,2,-1.083761,0.0216,0.7622,-108.3761,19.5816,LONDON,-1
scalp_fade_3m_lim,ETHUSDT,3m,1,STOP,2026-05-07T10:12:00.000Z,2026-05-07T10:29:59.999Z,5,-1.080310,0.4544,0.8835,-108.0310,18.6672,LONDON,1
scalp_fade_3m_lim,ETHUSDT,3m,1,TARGET,2026-05-07T11:51:00.000Z,2026-05-07T12:05:59.999Z,4,0.854590,1.2129,0.1662,85.4590,13.5809,LONDON,1
scalp_fade_3m_lim,ETHUSDT,3m,1,STOP,2026-05-07T13:24:00.000Z,2026-05-07T13:32:59.999Z,2,-1.082299,0.1421,1.1403,-108.2299,19.2432,NY,-1
scalp_fade_3m_lim,ETHUSDT,3m,1,TARGET,2026-05-07T17:27:00.000Z,2026-05-07T17:56:59.999Z,9,1.150485,1.3507,0.2923,115.0485,7.3535,NY,-1
scalp_fade_3m_lim,ETHUSDT,3m,1,TIME,2026-05-07T18:45:00.000Z,2026-05-07T19:47:59.999Z,20,-0.592430,0.3709,0.6583,-59.2430,16.7644,NY,1
scalp_fade_3m_lim,ETHUSDT,3m,1,TARGET,2026-05-07T19:54:00.000Z,2026-05-07T20:02:59.999Z,2,1.052627,1.1786,0.0945,105.2627,9.4272,NY,-1
scalp_fade_3m_lim,ETHUSDT,3m,1,TIME,2026-05-07T22:24:00.000Z,2026-05-07T23:26:59.999Z,20,-0.029661,0.5131,0.5768,-2.9661,16.7276,LATE,-1
scalp_fade_3m_lim,ETHUSDT,3m,1,STOP,2026-05-08T00:18:00.000Z,2026-05-08T00:47:59.999Z,9,-1.110721,0.5869,0.7476,-111.0721,25.4498,ASIA,1
scalp_fade_3m_lim,ETHUSDT,3m,1,STOP,2026-05-08T03:03:00.000Z,2026-05-08T03:05:59.999Z,0,-1.071612,0.0743,0.8358,-107.1612,16.8407,ASIA,-1
scalp_fade_3m_lim,ETHUSDT,3m,1,TIME,2026-05-08T04:36:00.000Z,2026-05-08T05:38:59.999Z,20,0.032654,0.8171,0.3809,3.2654,25.2118,ASIA,1
scalp_fade_3m_lim,ETHUSDT,3m,1,TARGET,2026-05-08T09:03:00.000Z,2026-05-08T09:11:59.999Z,2,0.830888,1.0598,0.0787,83.0888,14.0880,LONDON,1
scalp_fade_3m_lim,ETHUSDT,3m,-1,STOP,2026-05-08T10:33:00.000Z,2026-05-08T10:38:59.999Z,1,-1.102819,0.0489,0.6936,-110.2819,23.7421,LONDON,-1
scalp_fade_3m_lim,ETHUSDT,3m,-1,STOP,2026-05-08T10:57:00.000Z,2026-05-08T11:20:59.999Z,7,-1.104441,0.2406,0.8479,-110.4441,23.8231,LONDON,-1
scalp_fade_3m_lim,ETHUSDT,3m,-1,STOP,2026-05-08T12:30:00.000Z,2026-05-08T12:32:59.999Z,0,-1.093211,0.5602,1.2880,-109.3211,21.5489,LONDON,1
scalp_fade_3m_lim,ETHUSDT,3m,-1,STOP,2026-05-08T17:03:00.000Z,2026-05-08T17:17:59.999Z,4,-1.084812,0.0012,0.7855,-108.4812,19.4271,NY,1
scalp_fade_3m_lim,ETHUSDT,3m,-1,STOP,2026-05-08T18:00:00.000Z,2026-05-08T18:17:59.999Z,5,-1.055727,0.0008,1.0065,-105.5727,12.6685,NY,1
scalp_fade_3m_lim,ETHUSDT,3m,-1,TARGET,2026-05-08T19:42:00.000Z,2026-05-08T20:32:59.999Z,16,0.938470,1.1245,0.0723,93.8470,11.7392,NY,1
scalp_fade_3m_lim,ETHUSDT,3m,-1,STOP,2026-05-09T00:18:00.000Z,2026-05-09T00:23:59.999Z,1,-1.143385,0.0021,0.8071,-114.3385,33.1907,ASIA,-1
scalp_fade_3m_lim,ETHUSDT,3m,-1,STOP,2026-05-09T01:30:00.000Z,2026-05-09T01:32:59.999Z,0,-1.123840,0.0532,0.6095,-112.3840,28.6978,ASIA,1
scalp_fade_3m_lim,ETHUSDT,3m,-1,TARGET,2026-05-09T06:03:00.000Z,2026-05-09T06:53:59.999Z,16,0.576826,0.8494,0.5009,57.6826,19.3149,ASIA,1
scalp_fade_3m_lim,ETHUSDT,3m,-1,TARGET,2026-05-09T08:36:00.000Z,2026-05-09T09:17:59.999Z,13,0.667010,1.3900,0.1017,66.7010,17.4429,LONDON,1
scalp_fade_3m_lim,ETHUSDT,3m,-1,STOP,2026-05-09T11:18:00.000Z,2026-05-09T12:05:59.999Z,15,-1.164627,0.2034,0.5738,-116.4627,37.0604,LONDON,1
scalp_fade_3m_lim,ETHUSDT,3m,-1,TIME,2026-05-09T12:24:00.000Z,2026-05-09T13:26:59.999Z,20,-0.123623,0.7716,0.2823,-12.3623,31.3401,LONDON,-1
scalp_fade_3m_lim,ETHUSDT,3m,1,STOP,2026-05-09T14:24:00.000Z,2026-05-09T15:05:59.999Z,13,-1.115774,0.5516,0.6924,-111.5774,26.3868,NY,1
scalp_fade_3m_lim,ETHUSDT,3m,1,STOP,2026-05-09T15:06:00.000Z,2026-05-09T15:11:59.999Z,1,-1.093284,0.0827,1.0482,-109.3284,21.8296,NY,-1
scalp_fade_3m_lim,ETHUSDT,3m,-1,TIME,2026-05-09T17:21:00.000Z,2026-05-09T18:23:59.999Z,20,-0.481671,0.1711,0.4817,-48.1671,16.1339,NY,1
scalp_fade_3m_lim,ETHUSDT,3m,-1,TARGET,2026-05-09T18:27:00.000Z,2026-05-09T18:47:59.999Z,6,0.900885,1.1230,0.0700,90.0885,12.5677,NY,1
scalp_fade_3m_lim,ETHUSDT,3m,-1,STOP,2026-05-09T21:03:00.000Z,2026-05-09T21:50:59.999Z,15,-1.177663,0.3040,0.5051,-117.7663,40.0107,LATE,-1
scalp_fade_3m_lim,ETHUSDT,3m,-1,TARGET,2026-05-09T22:36:00.000Z,2026-05-09T23:29:59.999Z,17,0.675677,0.9961,0.5036,67.5677,17.2385,LATE,1
scalp_fade_3m_lim,ETHUSDT,3m,-1,TIME,2026-05-10T04:03:00.000Z,2026-05-10T05:05:59.999Z,20,-0.531710,0.3370,0.4874,-53.1710,28.1657,ASIA,1
scalp_fade_3m_lim,ETHUSDT,3m,-1,STOP,2026-05-10T06:03:00.000Z,2026-05-10T06:41:59.999Z,12,-1.161325,0.4054,0.4995,-116.1325,36.5343,ASIA,1
scalp_fade_3m_lim,ETHUSDT,3m,-1,TIME,2026-05-10T07:24:00.000Z,2026-05-10T08:26:59.999Z,20,-0.825493,0.7278,0.4107,-82.5493,32.5305,LONDON,1
scalp_fade_3m_lim,ETHUSDT,3m,1,TIME,2026-05-10T11:21:00.000Z,2026-05-10T12:23:59.999Z,20,-0.051023,0.5525,0.5666,-5.1023,28.5989,LONDON,-1
scalp_fade_3m_lim,ETHUSDT,3m,-1,STOP,2026-05-10T14:51:00.000Z,2026-05-10T15:02:59.999Z,3,-1.098935,0.0390,0.7643,-109.8935,22.7430,NY,1
scalp_fade_3m_lim,ETHUSDT,3m,-1,STOP,2026-05-10T17:15:00.000Z,2026-05-10T17:23:59.999Z,2,-1.073042,0.0936,0.8799,-107.3042,16.7718,NY,1
scalp_fade_3m_lim,ETHUSDT,3m,-1,STOP,2026-05-10T19:18:00.000Z,2026-05-10T20:02:59.999Z,14,-1.089587,0.2660,1.0702,-108.9587,20.1174,NY,-1
scalp_fade_3m_lim,ETHUSDT,3m,-1,TARGET,2026-05-11T01:42:00.000Z,2026-05-11T02:23:59.999Z,13,1.110105,1.2117,0.1213,111.0105,8.1518,ASIA,1
scalp_fade_3m_lim,ETHUSDT,3m,1,TIME,2026-05-11T08:03:00.000Z,2026-05-11T09:05:59.999Z,20,0.219342,0.7681,0.5039,21.9342,25.0657,LONDON,-1
scalp_fade_3m_lim,ETHUSDT,3m,1,STOP,2026-05-11T10:06:00.000Z,2026-05-11T10:41:59.999Z,11,-1.124965,0.8321,1.0108,-112.4965,28.5813,LONDON,1
scalp_fade_3m_lim,ETHUSDT,3m,1,STOP,2026-05-11T12:06:00.000Z,2026-05-11T12:11:59.999Z,1,-1.120666,0.0000,0.7311,-112.0666,28.1772,LONDON,1
scalp_fade_3m_lim,ETHUSDT,3m,1,TARGET,2026-05-11T12:21:00.000Z,2026-05-11T12:26:59.999Z,1,0.819802,1.1632,0.0691,81.9802,14.3257,LONDON,1
scalp_fade_3m_lim,ETHUSDT,3m,1,STOP,2026-05-11T12:48:00.000Z,2026-05-11T13:26:59.999Z,12,-1.090902,0.0690,0.7652,-109.0902,20.8029,LONDON,1
scalp_fade_3m_lim,ETHUSDT,3m,1,STOP,2026-05-11T13:45:00.000Z,2026-05-11T14:29:59.999Z,14,-1.062776,0.2764,1.2366,-106.2776,14.3695,NY,-1
scalp_fade_3m_lim,ETHUSDT,3m,-1,TIME,2026-05-11T19:24:00.000Z,2026-05-11T20:26:59.999Z,20,0.092564,0.6682,0.4150,9.2564,18.2662,NY,-1
scalp_fade_3m_lim,ETHUSDT,3m,-1,STOP,2026-05-11T21:15:00.000Z,2026-05-11T22:05:59.999Z,16,-1.120354,0.6878,0.9181,-112.0354,26.9858,LATE,-1
scalp_fade_3m_lim,ETHUSDT,3m,1,TIME,2026-05-12T03:48:00.000Z,2026-05-12T04:50:59.999Z,20,0.057921,0.7479,0.5869,5.7921,23.6648,ASIA,-1
scalp_fade_3m_lim,ETHUSDT,3m,1,TIME,2026-05-12T11:06:00.000Z,2026-05-12T12:08:59.999Z,20,-0.276063,0.6462,0.6578,-27.6063,20.6363,LONDON,-1
scalp_fade_3m_lim,ETHUSDT,3m,1,STOP,2026-05-12T12:45:00.000Z,2026-05-12T13:38:59.999Z,17,-1.059676,0.4814,1.1358,-105.9676,13.5873,LONDON,-1
scalp_fade_3m_lim,ETHUSDT,3m,1,TARGET,2026-05-12T16:48:00.000Z,2026-05-12T17:14:59.999Z,8,1.080747,1.1912,0.1968,108.0747,8.8188,NY,1
scalp_fade_3m_lim,ETHUSDT,3m,1,TARGET,2026-05-13T01:00:00.000Z,2026-05-13T01:11:59.999Z,3,0.923662,1.4753,0.0863,92.3662,12.1340,ASIA,-1
scalp_fade_3m_lim,ETHUSDT,3m,-1,TARGET,2026-05-13T12:15:00.000Z,2026-05-13T12:23:59.999Z,2,0.972068,1.5726,0.1844,97.2068,11.0863,LONDON,-1
scalp_fade_3m_lim,ETHUSDT,3m,1,STOP,2026-05-13T18:48:00.000Z,2026-05-13T19:08:59.999Z,6,-1.091014,0.3168,0.8995,-109.1014,21.0849,NY,1
scalp_fade_3m_lim,ETHUSDT,3m,1,STOP,2026-05-13T21:06:00.000Z,2026-05-13T21:08:59.999Z,0,-1.125956,0.0019,0.8134,-112.5956,29.4646,LATE,1
scalp_fade_3m_lim,ETHUSDT,3m,1,TARGET,2026-05-13T23:30:00.000Z,2026-05-14T00:08:59.999Z,12,0.894049,1.1057,0.4403,89.4049,12.7187,LATE,1
scalp_fade_3m_lim,ETHUSDT,3m,1,STOP,2026-05-14T02:15:00.000Z,2026-05-14T02:47:59.999Z,10,-1.098107,0.2724,0.8086,-109.8107,22.5273,ASIA,-1
scalp_fade_3m_lim,ETHUSDT,3m,1,TIME,2026-05-14T10:42:00.000Z,2026-05-14T11:44:59.999Z,20,-0.739330,0.9988,0.4101,-73.9330,20.8632,LONDON,1
scalp_fade_3m_lim,ETHUSDT,3m,1,TARGET,2026-05-14T13:36:00.000Z,2026-05-14T14:20:59.999Z,14,1.113772,1.4835,0.3138,111.3772,8.1101,NY,-1
scalp_fade_3m_lim,ETHUSDT,3m,-1,TIME,2026-05-14T17:00:00.000Z,2026-05-14T18:02:59.999Z,20,0.477647,1.1532,0.1981,47.7647,9.2509,NY,-1
scalp_fade_3m_lim,ETHUSDT,3m,-1,TARGET,2026-05-14T19:03:00.000Z,2026-05-14T19:26:59.999Z,7,0.997944,1.2377,0.1987,99.7944,10.5244,NY,1
scalp_fade_3m_lim,ETHUSDT,3m,1,STOP,2026-05-15T08:03:00.000Z,2026-05-15T08:17:59.999Z,4,-1.089526,0.2745,0.8882,-108.9526,20.8289,LONDON,1
scalp_fade_3m_lim,ETHUSDT,3m,1,TARGET,2026-05-15T09:57:00.000Z,2026-05-15T10:53:59.999Z,18,0.976757,1.3469,0.1895,97.6757,10.9645,LONDON,-1
scalp_fade_3m_lim,ETHUSDT,3m,1,STOP,2026-05-15T12:12:00.000Z,2026-05-15T12:17:59.999Z,1,-1.092792,0.0193,0.7058,-109.2792,21.7156,LONDON,-1
scalp_fade_3m_lim,ETHUSDT,3m,1,STOP,2026-05-15T12:33:00.000Z,2026-05-15T13:02:59.999Z,9,-1.085912,0.0653,1.3653,-108.5912,19.7922,LONDON,-1
scalp_fade_3m_lim,ETHUSDT,3m,1,TIME,2026-05-15T16:48:00.000Z,2026-05-15T17:50:59.999Z,20,0.161320,1.0691,0.3639,16.1320,17.5998,NY,1
scalp_fade_3m_lim,ETHUSDT,3m,1,STOP,2026-05-15T19:45:00.000Z,2026-05-15T20:05:59.999Z,6,-1.103004,0.3975,0.7045,-110.3004,23.8357,NY,-1
scalp_fade_3m_lim,ETHUSDT,3m,1,TIME,2026-05-15T20:33:00.000Z,2026-05-15T21:35:59.999Z,20,-0.422240,0.3538,0.5555,-42.2240,16.7562,NY,-1
scalp_fade_3m_lim,ETHUSDT,3m,1,STOP,2026-05-15T21:48:00.000Z,2026-05-15T21:59:59.999Z,3,-1.116690,0.1051,0.8667,-111.6690,27.1430,LATE,1
scalp_fade_3m_lim,ETHUSDT,3m,1,TIME,2026-05-16T12:18:00.000Z,2026-05-16T13:20:59.999Z,20,-0.144551,0.8355,0.5002,-14.4551,27.2910,LONDON,1
scalp_fade_3m_lim,ETHUSDT,3m,1,TARGET,2026-05-16T14:03:00.000Z,2026-05-16T14:44:59.999Z,13,0.873910,1.0251,0.3754,87.3910,13.1364,NY,1
scalp_fade_3m_lim,ETHUSDT,3m,1,STOP,2026-05-16T16:06:00.000Z,2026-05-16T16:11:59.999Z,1,-1.099738,0.1072,0.6849,-109.9738,23.3258,NY,-1
scalp_fade_3m_lim,ETHUSDT,3m,1,TIME,2026-05-16T19:54:00.000Z,2026-05-16T20:56:59.999Z,20,-0.270056,0.6947,0.1597,-27.0056,31.6332,NY,1
scalp_fade_3m_lim,ETHUSDT,3m,1,TIME,2026-05-16T22:03:00.000Z,2026-05-16T23:05:59.999Z,20,-0.647209,0.5685,0.2758,-64.7209,32.3467,LATE,1
scalp_fade_3m_lim,ETHUSDT,3m,1,TARGET,2026-05-16T23:51:00.000Z,2026-05-17T00:02:59.999Z,3,0.529386,0.8310,0.0913,52.9386,20.4187,LATE,1
scalp_fade_3m_lim,ETHUSDT,3m,1,STOP,2026-05-17T00:57:00.000Z,2026-05-17T00:59:59.999Z,0,-1.124482,0.0631,1.2161,-112.4482,29.1223,ASIA,-1
scalp_fade_3m_lim,ETHUSDT,3m,-1,TIME,2026-05-17T08:03:00.000Z,2026-05-17T09:05:59.999Z,20,-0.683217,0.7174,0.1233,-68.3217,30.9322,LONDON,1
scalp_fade_3m_lim,ETHUSDT,3m,-1,STOP,2026-05-17T12:21:00.000Z,2026-05-17T12:35:59.999Z,4,-1.129897,0.0777,0.7386,-112.9897,29.8630,LONDON,-1
scalp_fade_3m_lim,ETHUSDT,3m,1,STOP,2026-05-17T16:48:00.000Z,2026-05-17T17:02:59.999Z,4,-1.122742,0.1064,0.9087,-112.2742,28.4814,NY,1
scalp_fade_3m_lim,ETHUSDT,3m,1,TARGET,2026-05-17T18:21:00.000Z,2026-05-17T18:53:59.999Z,10,0.852591,1.1152,0.1682,85.2591,13.5962,NY,1
scalp_fade_3m_lim,ETHUSDT,3m,1,TIME,2026-05-17T23:42:00.000Z,2026-05-18T00:44:59.999Z,20,0.380510,1.2530,0.3133,38.0510,5.0130,LATE,-1
scalp_fade_3m_lim,ETHUSDT,3m,1,TIME,2026-05-18T01:48:00.000Z,2026-05-18T02:50:59.999Z,20,0.018924,1.0281,0.1124,1.8924,13.7394,ASIA,-1
scalp_fade_3m_lim,ETHUSDT,3m,1,TIME,2026-05-18T03:33:00.000Z,2026-05-18T04:35:59.999Z,20,-0.356340,0.7068,0.4145,-35.6340,18.6563,ASIA,-1
scalp_fade_3m_lim,ETHUSDT,3m,1,STOP,2026-05-18T06:03:00.000Z,2026-05-18T06:08:59.999Z,1,-1.094015,0.0773,1.1514,-109.4015,21.9990,ASIA,-1
scalp_fade_3m_lim,ETHUSDT,3m,1,STOP,2026-05-18T06:18:00.000Z,2026-05-18T06:20:59.999Z,0,-1.074226,0.0000,1.0575,-107.4226,17.4479,ASIA,-1
scalp_fade_3m_lim,ETHUSDT,3m,-1,TARGET,2026-05-18T13:03:00.000Z,2026-05-18T13:32:59.999Z,9,1.113775,1.3417,0.2797,111.3775,8.0855,NY,1
scalp_fade_3m_lim,ETHUSDT,3m,1,STOP,2026-05-18T18:03:00.000Z,2026-05-18T18:17:59.999Z,4,-1.072527,0.0415,0.9465,-107.2527,16.9125,NY,1
scalp_fade_3m_lim,ETHUSDT,3m,-1,STOP,2026-05-19T00:15:00.000Z,2026-05-19T00:20:59.999Z,1,-1.090747,0.1260,0.9995,-109.0747,20.9303,ASIA,-1
scalp_fade_3m_lim,ETHUSDT,3m,-1,TARGET,2026-05-19T05:09:00.000Z,2026-05-19T05:14:59.999Z,1,0.801300,1.0720,0.1310,80.1300,14.6848,ASIA,-1
scalp_fade_3m_lim,ETHUSDT,3m,-1,STOP,2026-05-19T07:12:00.000Z,2026-05-19T07:44:59.999Z,10,-1.091957,0.0639,0.7642,-109.1957,20.8233,LONDON,1
scalp_fade_3m_lim,ETHUSDT,3m,1,STOP,2026-05-19T13:06:00.000Z,2026-05-19T13:20:59.999Z,4,-1.099570,0.3024,0.7772,-109.9570,23.1429,NY,1
scalp_fade_3m_lim,ETHUSDT,3m,1,STOP,2026-05-19T13:45:00.000Z,2026-05-19T14:23:59.999Z,12,-1.051070,1.0372,1.1771,-105.1070,11.7747,NY,-1
scalp_fade_3m_lim,ETHUSDT,3m,1,TARGET,2026-05-19T16:12:00.000Z,2026-05-19T16:44:59.999Z,10,1.060286,1.1804,0.0470,106.0286,9.2420,NY,-1
scalp_fade_3m_lim,ETHUSDT,3m,1,TARGET,2026-05-19T18:24:00.000Z,2026-05-19T19:11:59.999Z,15,0.936178,1.0889,0.5793,93.6178,11.8245,NY,-1
scalp_fade_3m_lim,ETHUSDT,3m,-1,TARGET,2026-05-19T21:30:00.000Z,2026-05-19T22:02:59.999Z,10,0.574792,1.8012,0.4652,57.4792,19.3956,LATE,1
scalp_fade_3m_lim,ETHUSDT,3m,1,STOP,2026-05-19T23:48:00.000Z,2026-05-20T00:11:59.999Z,7,-1.099286,0.3264,0.8783,-109.9286,22.9357,LATE,1
scalp_fade_3m_lim,ETHUSDT,3m,1,STOP,2026-05-20T00:36:00.000Z,2026-05-20T01:29:59.999Z,17,-1.071924,0.8289,0.7801,-107.1924,16.3355,ASIA,-1
scalp_fade_3m_lim,ETHUSDT,3m,1,TARGET,2026-05-20T04:36:00.000Z,2026-05-20T05:02:59.999Z,8,0.798282,1.2290,0.4940,79.8282,14.7444,ASIA,1
scalp_fade_3m_lim,ETHUSDT,3m,-1,STOP,2026-05-20T12:03:00.000Z,2026-05-20T12:47:59.999Z,14,-1.105327,0.4173,0.7457,-110.5327,23.6870,LONDON,-1
scalp_fade_3m_lim,ETHUSDT,3m,-1,STOP,2026-05-20T14:18:00.000Z,2026-05-20T15:17:59.999Z,19,-1.043791,0.3213,1.1027,-104.3791,9.6346,NY,-1
scalp_fade_3m_lim,ETHUSDT,3m,-1,TIME,2026-05-20T15:18:00.000Z,2026-05-20T16:20:59.999Z,20,0.619138,0.9213,0.3214,61.9138,11.0625,NY,1
scalp_fade_3m_lim,ETHUSDT,3m,-1,STOP,2026-05-20T17:15:00.000Z,2026-05-20T17:29:59.999Z,4,-1.071065,0.2035,1.0706,-107.1065,16.2451,NY,-1
scalp_fade_3m_lim,ETHUSDT,3m,-1,STOP,2026-05-20T19:21:00.000Z,2026-05-20T19:41:59.999Z,6,-1.094995,0.0072,0.8519,-109.4995,21.6946,NY,-1
scalp_fade_3m_lim,ETHUSDT,3m,1,TARGET,2026-05-20T23:21:00.000Z,2026-05-21T00:05:59.999Z,14,0.824335,1.2424,0.2731,82.4335,14.1700,LATE,1
scalp_fade_3m_lim,ETHUSDT,3m,1,TARGET,2026-05-21T07:27:00.000Z,2026-05-21T08:05:59.999Z,12,0.944278,1.3691,0.0998,94.4278,11.6664,LONDON,-1
scalp_fade_3m_lim,ETHUSDT,3m,1,STOP,2026-05-21T09:33:00.000Z,2026-05-21T09:41:59.999Z,2,-1.099692,0.0016,1.0068,-109.9692,23.2669,LONDON,1
scalp_fade_3m_lim,ETHUSDT,3m,1,TIME,2026-05-21T10:27:00.000Z,2026-05-21T11:29:59.999Z,20,0.308419,0.7584,0.3052,30.8419,15.0080,LONDON,-1
scalp_fade_3m_lim,ETHUSDT,3m,1,TARGET,2026-05-21T12:33:00.000Z,2026-05-21T12:35:59.999Z,0,0.806222,1.0248,0.0691,80.6222,14.6161,LONDON,-1
scalp_fade_3m_lim,ETHUSDT,3m,1,STOP,2026-05-21T13:33:00.000Z,2026-05-21T13:38:59.999Z,1,-1.086342,0.3370,1.0862,-108.6342,20.2205,NY,1
scalp_fade_3m_lim,ETHUSDT,3m,-1,STOP,2026-05-21T17:12:00.000Z,2026-05-21T17:17:59.999Z,1,-1.063488,0.2928,0.9745,-106.3488,14.5812,NY,-1
scalp_fade_3m_lim,ETHUSDT,3m,1,STOP,2026-05-22T01:18:00.000Z,2026-05-22T01:35:59.999Z,5,-1.092022,0.3345,0.8298,-109.2022,21.3599,ASIA,-1
scalp_fade_3m_lim,ETHUSDT,3m,1,TARGET,2026-05-22T01:36:00.000Z,2026-05-22T01:50:59.999Z,4,0.971815,1.2182,0.0952,97.1815,11.1185,ASIA,1
scalp_fade_3m_lim,ETHUSDT,3m,-1,STOP,2026-05-22T02:42:00.000Z,2026-05-22T03:05:59.999Z,7,-1.109314,0.2016,0.8545,-110.9314,24.9443,ASIA,1
scalp_fade_3m_lim,ETHUSDT,3m,-1,TARGET,2026-05-22T04:03:00.000Z,2026-05-22T04:41:59.999Z,12,0.642240,1.0451,0.4605,64.2240,17.9682,ASIA,-1
scalp_fade_3m_lim,ETHUSDT,3m,1,STOP,2026-05-22T06:54:00.000Z,2026-05-22T07:02:59.999Z,2,-1.114430,0.0880,0.7812,-111.4430,26.6763,ASIA,-1
scalp_fade_3m_lim,ETHUSDT,3m,1,TIME,2026-05-22T08:36:00.000Z,2026-05-22T09:38:59.999Z,20,-0.443674,0.3575,0.6152,-44.3674,17.6347,LONDON,-1
scalp_fade_3m_lim,ETHUSDT,3m,1,TIME,2026-05-22T20:57:00.000Z,2026-05-22T21:59:59.999Z,20,0.282905,0.7002,0.1877,28.2905,14.6546,NY,1
scalp_fade_3m_lim,ETHUSDT,3m,1,STOP,2026-05-22T23:18:00.000Z,2026-05-22T23:29:59.999Z,3,-1.103077,0.0977,0.8962,-110.3077,24.0004,LATE,-1
scalp_fade_3m_lim,ETHUSDT,3m,1,STOP,2026-05-22T23:48:00.000Z,2026-05-22T23:50:59.999Z,0,-1.069662,0.1138,0.8135,-106.9662,16.3877,LATE,1
scalp_fade_3m_lim,ETHUSDT,3m,1,STOP,2026-05-23T05:51:00.000Z,2026-05-23T06:38:59.999Z,15,-1.132357,0.3309,0.6014,-113.2357,30.0165,ASIA,-1
scalp_fade_3m_lim,ETHUSDT,3m,1,STOP,2026-05-23T07:03:00.000Z,2026-05-23T07:08:59.999Z,1,-1.123186,0.1119,0.7533,-112.3186,28.7616,LONDON,-1
scalp_fade_3m_lim,ETHUSDT,3m,1,STOP,2026-05-23T07:39:00.000Z,2026-05-23T07:47:59.999Z,2,-1.095343,0.1378,4.9539,-109.5343,22.2608,LONDON,-1
scalp_fade_3m_lim,ETHUSDT,3m,1,STOP,2026-05-23T07:48:00.000Z,2026-05-23T07:50:59.999Z,0,-1.041753,0.0677,2.1900,-104.1753,9.9047,LONDON,-1
scalp_fade_3m_lim,ETHUSDT,3m,1,TIME,2026-05-23T09:45:00.000Z,2026-05-23T10:47:59.999Z,20,-0.043961,0.9004,0.4521,-4.3961,27.6823,LONDON,-1
scalp_fade_3m_lim,ETHUSDT,3m,-1,TIME,2026-05-23T15:57:00.000Z,2026-05-23T16:59:59.999Z,20,-0.569819,0.3228,0.6921,-56.9819,18.1236,NY,1
scalp_fade_3m_lim,ETHUSDT,3m,-1,STOP,2026-05-23T17:00:00.000Z,2026-05-23T17:56:59.999Z,18,-1.112221,0.4437,0.7280,-111.2221,25.0480,NY,1
scalp_fade_3m_lim,ETHUSDT,3m,-1,STOP,2026-05-23T20:12:00.000Z,2026-05-23T20:32:59.999Z,6,-1.083414,0.4631,1.7818,-108.3414,19.0250,NY,-1
scalp_fade_3m_lim,ETHUSDT,3m,-1,STOP,2026-05-23T20:33:00.000Z,2026-05-23T20:38:59.999Z,1,-1.055148,0.3380,2.8197,-105.5148,12.6387,NY,-1
scalp_fade_3m_lim,ETHUSDT,3m,-1,TIME,2026-05-23T22:45:00.000Z,2026-05-23T23:47:59.999Z,20,-0.764352,0.2193,0.7679,-76.4352,13.7162,LATE,-1
scalp_fade_3m_lim,ETHUSDT,3m,-1,STOP,2026-05-24T00:33:00.000Z,2026-05-24T01:20:59.999Z,15,-1.100890,0.1677,0.9317,-110.0890,22.6349,ASIA,-1
scalp_fade_3m_lim,ETHUSDT,3m,-1,STOP,2026-05-24T01:21:00.000Z,2026-05-24T01:23:59.999Z,0,-1.100756,0.0376,0.8371,-110.0756,23.3100,ASIA,1
scalp_fade_3m_lim,ETHUSDT,3m,-1,TARGET,2026-05-24T03:06:00.000Z,2026-05-24T03:41:59.999Z,11,0.875851,1.0170,0.1356,87.5851,13.0724,ASIA,-1
scalp_fade_3m_lim,ETHUSDT,3m,-1,STOP,2026-05-24T05:51:00.000Z,2026-05-24T06:11:59.999Z,6,-1.121585,0.0056,0.7606,-112.1585,27.8242,ASIA,-1
scalp_fade_3m_lim,ETHUSDT,3m,-1,TIME,2026-05-24T10:30:00.000Z,2026-05-24T11:32:59.999Z,20,-0.471430,0.7512,0.3060,-47.1430,19.3734,LONDON,-1
scalp_fade_3m_lim,ETHUSDT,3m,1,TARGET,2026-05-24T15:51:00.000Z,2026-05-24T16:05:59.999Z,4,0.888156,1.2133,0.1871,88.8156,12.8759,NY,-1
scalp_fade_3m_lim,ETHUSDT,3m,1,STOP,2026-05-24T18:27:00.000Z,2026-05-24T19:17:59.999Z,16,-1.118366,0.3581,0.7454,-111.8366,26.8104,NY,1
scalp_fade_3m_lim,ETHUSDT,3m,1,STOP,2026-05-24T20:03:00.000Z,2026-05-24T20:20:59.999Z,5,-1.089467,0.0014,0.7631,-108.9467,20.7724,NY,-1
scalp_fade_3m_lim,ETHUSDT,3m,1,STOP,2026-05-24T21:30:00.000Z,2026-05-24T21:35:59.999Z,1,-1.078620,0.2339,2.0606,-107.8620,18.4303,LATE,-1
scalp_fade_3m_lim,ETHUSDT,3m,-1,TIME,2026-05-25T02:09:00.000Z,2026-05-25T03:11:59.999Z,20,0.700205,1.1122,0.2828,70.0205,13.8129,ASIA,-1
scalp_fade_3m_lim,ETHUSDT,3m,1,TARGET,2026-05-25T04:06:00.000Z,2026-05-25T04:32:59.999Z,8,0.842683,1.1135,0.4085,84.2683,13.8129,ASIA,-1
scalp_fade_3m_lim,ETHUSDT,3m,-1,TARGET,2026-05-25T11:33:00.000Z,2026-05-25T11:59:59.999Z,8,0.630360,1.0045,0.4268,63.0360,18.2413,LONDON,-1
scalp_fade_3m_lim,ETHUSDT,3m,-1,STOP,2026-05-25T12:24:00.000Z,2026-05-25T12:56:59.999Z,10,-1.112383,0.2252,0.6395,-111.2383,25.4934,LONDON,-1
scalp_fade_3m_lim,ETHUSDT,3m,-1,STOP,2026-05-25T14:06:00.000Z,2026-05-25T14:26:59.999Z,6,-1.109151,0.5253,1.2101,-110.9151,24.9578,NY,1
scalp_fade_3m_lim,ETHUSDT,3m,-1,STOP,2026-05-25T16:39:00.000Z,2026-05-25T16:47:59.999Z,2,-1.101720,0.1209,0.7900,-110.1720,23.4375,NY,1
scalp_fade_3m_lim,ETHUSDT,3m,1,STOP,2026-05-26T01:15:00.000Z,2026-05-26T01:35:59.999Z,6,-1.057504,0.1291,0.9428,-105.7504,13.3963,ASIA,-1
scalp_fade_3m_lim,ETHUSDT,3m,1,STOP,2026-05-26T02:03:00.000Z,2026-05-26T02:47:59.999Z,14,-1.071119,0.3028,0.9283,-107.1119,16.2528,ASIA,-1
scalp_fade_3m_lim,ETHUSDT,3m,1,TARGET,2026-05-26T04:15:00.000Z,2026-05-26T04:47:59.999Z,10,0.764650,0.9482,0.4058,76.4650,15.4398,ASIA,1
scalp_fade_3m_lim,ETHUSDT,3m,1,TARGET,2026-05-26T09:24:00.000Z,2026-05-26T10:17:59.999Z,17,0.911154,1.2239,0.1074,91.1154,12.3402,LONDON,-1
scalp_fade_3m_lim,ETHUSDT,3m,1,STOP,2026-05-26T20:36:00.000Z,2026-05-26T21:14:59.999Z,12,-1.103656,0.6311,0.9565,-110.3656,23.6937,NY,1
scalp_fade_3m_lim,ETHUSDT,3m,1,STOP,2026-05-26T22:06:00.000Z,2026-05-26T22:47:59.999Z,13,-1.090420,0.1942,0.8209,-109.0420,20.6518,LATE,1
scalp_fade_3m_lim,ETHUSDT,3m,1,TARGET,2026-05-27T02:36:00.000Z,2026-05-27T03:05:59.999Z,9,0.911302,1.0728,0.5751,91.1302,12.3694,ASIA,-1
scalp_fade_3m_lim,ETHUSDT,3m,-1,STOP,2026-05-27T07:36:00.000Z,2026-05-27T08:02:59.999Z,8,-1.109744,0.4300,0.9388,-110.9744,24.9918,LONDON,-1
scalp_fade_3m_lim,ETHUSDT,3m,-1,TARGET,2026-05-27T11:03:00.000Z,2026-05-27T12:02:59.999Z,19,0.866637,1.0097,0.1574,86.6637,13.2309,LONDON,-1
scalp_fade_3m_lim,ETHUSDT,3m,-1,STOP,2026-05-27T12:21:00.000Z,2026-05-27T12:23:59.999Z,0,-1.064563,0.0650,1.1225,-106.4563,14.8625,LONDON,-1
scalp_fade_3m_lim,ETHUSDT,3m,1,STOP,2026-05-27T16:18:00.000Z,2026-05-27T17:14:59.999Z,18,-1.061703,0.6765,0.9393,-106.1703,14.0141,NY,-1
scalp_fade_3m_lim,ETHUSDT,3m,1,TIME,2026-05-27T18:39:00.000Z,2026-05-27T19:41:59.999Z,20,0.391239,0.9446,0.0739,39.1239,15.6414,NY,-1
scalp_fade_3m_lim,ETHUSDT,3m,1,TARGET,2026-05-27T19:45:00.000Z,2026-05-27T20:17:59.999Z,10,0.942153,1.1391,0.3996,94.2153,11.7186,NY,1
scalp_fade_3m_lim,ETHUSDT,3m,1,TARGET,2026-05-28T01:18:00.000Z,2026-05-28T01:26:59.999Z,2,1.072235,1.2276,0.0769,107.2235,9.0151,ASIA,1
scalp_fade_3m_lim,ETHUSDT,3m,1,STOP,2026-05-28T01:27:00.000Z,2026-05-28T01:29:59.999Z,0,-1.051933,0.0009,0.8925,-105.1933,12.2693,ASIA,1
scalp_fade_3m_lim,ETHUSDT,3m,1,STOP,2026-05-28T02:45:00.000Z,2026-05-28T03:11:59.999Z,8,-1.077842,0.3678,1.0192,-107.7842,17.9886,ASIA,-1
scalp_fade_3m_lim,ETHUSDT,3m,1,STOP,2026-05-28T03:12:00.000Z,2026-05-28T03:17:59.999Z,1,-1.066679,0.2644,1.1568,-106.6679,15.6622,ASIA,1
scalp_fade_3m_lim,ETHUSDT,3m,1,TIME,2026-05-28T05:33:00.000Z,2026-05-28T06:35:59.999Z,20,-0.710424,0.4660,0.4686,-71.0424,18.0379,ASIA,-1
scalp_fade_3m_lim,ETHUSDT,3m,1,TIME,2026-05-28T08:42:00.000Z,2026-05-28T09:44:59.999Z,20,0.223231,0.6268,0.7053,22.3231,20.2644,LONDON,-1
scalp_fade_3m_lim,ETHUSDT,3m,1,STOP,2026-05-28T10:21:00.000Z,2026-05-28T11:05:59.999Z,14,-1.094645,0.4340,0.7099,-109.4645,21.5639,LONDON,1
scalp_fade_3m_lim,ETHUSDT,3m,1,TIME,2026-05-28T11:06:00.000Z,2026-05-28T12:08:59.999Z,20,-0.605223,0.1751,0.5903,-60.5223,18.8789,LONDON,-1
scalp_fade_3m_lim,ETHUSDT,3m,1,STOP,2026-05-28T13:30:00.000Z,2026-05-28T13:38:59.999Z,2,-1.074099,0.0776,0.9996,-107.4099,17.3463,NY,1
scalp_fade_3m_lim,ETHUSDT,3m,1,TARGET,2026-05-29T04:09:00.000Z,2026-05-29T04:32:59.999Z,7,0.859980,1.1690,0.3544,85.9980,13.4545,ASIA,-1
scalp_fade_3m_lim,ETHUSDT,3m,-1,TARGET,2026-05-29T07:21:00.000Z,2026-05-29T07:32:59.999Z,3,0.759290,1.4580,0.2491,75.9290,15.5589,LONDON,1
scalp_fade_3m_lim,ETHUSDT,3m,-1,TARGET,2026-05-29T08:24:00.000Z,2026-05-29T08:56:59.999Z,10,0.895569,1.1348,0.2002,89.5569,12.6628,LONDON,-1
scalp_fade_3m_lim,ETHUSDT,3m,-1,TARGET,2026-05-29T11:06:00.000Z,2026-05-29T11:32:59.999Z,8,0.768109,0.9432,0.2902,76.8109,15.3482,LONDON,-1
scalp_fade_3m_lim,ETHUSDT,3m,1,STOP,2026-05-29T12:54:00.000Z,2026-05-29T13:11:59.999Z,5,-1.076182,0.0000,0.8066,-107.6182,17.7182,LONDON,-1
scalp_fade_3m_lim,ETHUSDT,3m,1,TARGET,2026-05-29T14:36:00.000Z,2026-05-29T15:05:59.999Z,9,1.222046,1.3311,0.6228,122.2046,5.8527,NY,-1
scalp_fade_3m_lim,ETHUSDT,3m,-1,STOP,2026-05-30T03:03:00.000Z,2026-05-30T03:20:59.999Z,5,-1.134311,0.0893,0.6270,-113.4311,30.8212,ASIA,-1
scalp_fade_3m_lim,ETHUSDT,3m,1,TIME,2026-05-30T07:03:00.000Z,2026-05-30T08:05:59.999Z,20,-0.642096,0.5207,0.3921,-64.2096,28.7810,LONDON,1
scalp_fade_3m_lim,ETHUSDT,3m,-1,TIME,2026-05-30T10:30:00.000Z,2026-05-30T11:32:59.999Z,20,-0.182961,0.7472,0.3359,-18.2961,28.7557,LONDON,1
scalp_fade_3m_lim,ETHUSDT,3m,-1,STOP,2026-05-30T12:57:00.000Z,2026-05-30T13:02:59.999Z,1,-1.174942,0.0029,0.4759,-117.4942,40.5407,LONDON,1
scalp_fade_3m_lim,ETHUSDT,3m,-1,STOP,2026-05-30T18:39:00.000Z,2026-05-30T18:47:59.999Z,2,-1.123361,0.0180,0.5971,-112.3361,28.4676,NY,1
scalp_fade_3m_lim,ETHUSDT,3m,-1,TIME,2026-05-30T18:54:00.000Z,2026-05-30T19:56:59.999Z,20,-0.649593,0.5304,0.3370,-64.9593,27.1812,NY,1
scalp_fade_3m_lim,ETHUSDT,3m,-1,TIME,2026-05-30T20:06:00.000Z,2026-05-30T21:08:59.999Z,20,-0.570374,0.5483,0.3195,-57.0374,33.8442,NY,-1
scalp_fade_3m_lim,ETHUSDT,3m,-1,TARGET,2026-05-30T23:03:00.000Z,2026-05-30T23:14:59.999Z,3,0.705780,1.0145,0.0949,70.5780,16.6847,LATE,-1
scalp_fade_3m_lim,ETHUSDT,3m,1,TARGET,2026-05-31T00:03:00.000Z,2026-05-31T00:26:59.999Z,7,0.598561,1.5054,0.2224,59.8561,18.9403,ASIA,-1
scalp_fade_3m_lim,ETHUSDT,3m,-1,STOP,2026-05-31T02:27:00.000Z,2026-05-31T03:26:59.999Z,19,-1.100166,0.7635,0.7322,-110.0166,22.2913,ASIA,-1
scalp_fade_3m_lim,ETHUSDT,3m,1,STOP,2026-05-31T09:54:00.000Z,2026-05-31T09:59:59.999Z,1,-1.126256,0.1021,1.5476,-112.6256,29.4732,LONDON,1
scalp_fade_3m_lim,ETHUSDT,3m,1,TARGET,2026-05-31T12:03:00.000Z,2026-05-31T12:20:59.999Z,5,0.710368,1.0350,0.2567,71.0368,16.6050,LONDON,1
scalp_fade_3m_lim,ETHUSDT,3m,1,STOP,2026-05-31T14:15:00.000Z,2026-05-31T14:20:59.999Z,1,-1.082418,0.4063,1.3862,-108.2418,19.3109,NY,-1
scalp_fade_3m_lim,ETHUSDT,3m,1,STOP,2026-05-31T15:42:00.000Z,2026-05-31T16:14:59.999Z,10,-1.099840,0.3934,0.8145,-109.9840,22.9216,NY,1
scalp_fade_3m_lim,ETHUSDT,3m,1,TARGET,2026-05-31T22:03:00.000Z,2026-05-31T23:02:59.999Z,19,0.977515,1.2405,0.5454,97.7515,10.9450,LATE,1
scalp_fade_3m_lim,ETHUSDT,3m,-1,TARGET,2026-06-01T03:21:00.000Z,2026-06-01T04:08:59.999Z,15,1.043859,1.1661,0.2550,104.3859,9.5346,ASIA,1
scalp_fade_3m_lim,ETHUSDT,3m,1,STOP,2026-06-01T10:06:00.000Z,2026-06-01T10:23:59.999Z,5,-1.098935,0.3854,0.7262,-109.8935,22.9494,LONDON,-1
scalp_fade_3m_lim,ETHUSDT,3m,1,STOP,2026-06-01T12:03:00.000Z,2026-06-01T12:11:59.999Z,2,-1.074617,0.4437,1.6296,-107.4617,17.4661,LONDON,1
scalp_fade_3m_lim,ETHUSDT,3m,1,STOP,2026-06-01T13:33:00.000Z,2026-06-01T13:53:59.999Z,6,-1.048201,0.1999,0.9258,-104.8201,11.2616,NY,1
scalp_fade_3m_lim,ETHUSDT,3m,1,TARGET,2026-06-01T15:18:00.000Z,2026-06-01T15:35:59.999Z,5,1.141658,1.2510,0.4483,114.1658,7.5484,NY,-1
scalp_fade_3m_lim,ETHUSDT,3m,1,TARGET,2026-06-01T16:09:00.000Z,2026-06-01T16:50:59.999Z,13,1.114312,1.2342,0.6202,111.4312,8.1015,NY,1
scalp_fade_3m_lim,ETHUSDT,3m,-1,STOP,2026-06-01T21:00:00.000Z,2026-06-01T21:05:59.999Z,1,-1.109652,0.4072,0.7947,-110.9652,25.3336,LATE,1
scalp_fade_3m_lim,ETHUSDT,3m,-1,STOP,2026-06-01T22:21:00.000Z,2026-06-01T22:26:59.999Z,1,-1.062712,0.0535,0.8329,-106.2712,14.4004,LATE,-1
scalp_fade_3m_lim,ETHUSDT,3m,-1,TIME,2026-06-01T23:39:00.000Z,2026-06-02T00:41:59.999Z,20,0.784965,1.1316,0.2130,78.4965,15.5331,LATE,1
scalp_fade_3m_lim,ETHUSDT,3m,-1,TARGET,2026-06-02T05:15:00.000Z,2026-06-02T05:32:59.999Z,5,1.049443,1.2352,0.0651,104.9443,9.4486,ASIA,1
scalp_fade_3m_lim,ETHUSDT,3m,1,STOP,2026-06-02T06:48:00.000Z,2026-06-02T07:05:59.999Z,5,-1.063320,0.7104,0.7906,-106.3320,14.7611,ASIA,-1
scalp_fade_3m_lim,ETHUSDT,3m,1,STOP,2026-06-02T08:18:00.000Z,2026-06-02T09:02:59.999Z,14,-1.072251,0.9551,1.0506,-107.2251,16.5084,LONDON,1
scalp_fade_3m_lim,ETHUSDT,3m,1,TIME,2026-06-02T09:36:00.000Z,2026-06-02T10:38:59.999Z,20,-0.148099,0.6477,0.5677,-14.8099,15.3523,LONDON,-1
scalp_fade_3m_lim,ETHUSDT,3m,1,TIME,2026-06-02T12:06:00.000Z,2026-06-02T13:08:59.999Z,20,-0.499608,0.8504,0.5110,-49.9608,17.9661,LONDON,1
scalp_fade_3m_lim,ETHUSDT,3m,1,STOP,2026-06-02T13:12:00.000Z,2026-06-02T13:41:59.999Z,9,-1.070535,0.5631,0.9255,-107.0535,16.2856,NY,-1
scalp_fade_3m_lim,ETHUSDT,3m,1,STOP,2026-06-02T13:54:00.000Z,2026-06-02T14:11:59.999Z,5,-1.057093,0.3342,1.3824,-105.7093,13.3292,NY,-1
scalp_fade_3m_lim,ETHUSDT,3m,1,TIME,2026-06-03T02:24:00.000Z,2026-06-03T03:26:59.999Z,20,-0.845876,0.5774,0.8324,-84.5876,11.3255,ASIA,-1
scalp_fade_3m_lim,ETHUSDT,3m,-1,TIME,2026-06-03T08:36:00.000Z,2026-06-03T09:38:59.999Z,20,0.159335,0.5436,0.7032,15.9335,17.0331,LONDON,-1
scalp_fade_3m_lim,ETHUSDT,3m,-1,STOP,2026-06-03T09:51:00.000Z,2026-06-03T10:08:59.999Z,5,-1.064037,0.7389,1.1189,-106.4037,14.5881,LONDON,1
scalp_fade_3m_lim,ETHUSDT,3m,1,STOP,2026-06-03T15:33:00.000Z,2026-06-03T15:47:59.999Z,4,-1.042705,0.0460,0.8930,-104.2705,10.0420,NY,-1
scalp_fade_3m_lim,ETHUSDT,3m,1,STOP,2026-06-03T19:09:00.000Z,2026-06-03T19:23:59.999Z,4,-1.063144,0.2534,1.5425,-106.3144,14.7509,NY,1
scalp_fade_3m_lim,ETHUSDT,3m,1,STOP,2026-06-03T19:51:00.000Z,2026-06-03T19:53:59.999Z,0,-1.049163,0.1185,0.9960,-104.9163,11.6259,NY,-1
scalp_fade_3m_lim,ETHUSDT,3m,1,TIME,2026-06-03T23:03:00.000Z,2026-06-04T00:05:59.999Z,20,-0.667062,0.3115,0.6493,-66.7062,8.5677,LATE,-1
scalp_fade_3m_lim,ETHUSDT,3m,1,STOP,2026-06-04T00:06:00.000Z,2026-06-04T00:26:59.999Z,6,-1.045951,0.4488,1.4297,-104.5951,10.7455,ASIA,-1
scalp_fade_3m_lim,ETHUSDT,3m,1,STOP,2026-06-04T08:33:00.000Z,2026-06-04T09:08:59.999Z,11,-1.041057,0.3511,0.8804,-104.1057,9.5245,LONDON,-1
scalp_fade_3m_lim,ETHUSDT,3m,1,STOP,2026-06-04T10:45:00.000Z,2026-06-04T10:47:59.999Z,0,-1.042246,0.0895,0.8931,-104.2246,10.0190,LONDON,1
scalp_fade_3m_lim,ETHUSDT,3m,1,STOP,2026-06-04T13:18:00.000Z,2026-06-04T13:26:59.999Z,2,-1.039721,0.1191,0.9610,-103.9721,9.3933,NY,1
scalp_fade_3m_lim,ETHUSDT,3m,-1,TIME,2026-06-04T15:06:00.000Z,2026-06-04T16:08:59.999Z,20,0.393249,0.7041,0.6942,39.3249,8.2384,NY,-1
scalp_fade_3m_lim,ETHUSDT,3m,-1,TARGET,2026-06-04T16:39:00.000Z,2026-06-04T17:32:59.999Z,17,1.221372,1.3486,0.3433,122.1372,5.8111,NY,-1
scalp_fade_3m_lim,ETHUSDT,3m,1,TARGET,2026-06-04T22:06:00.000Z,2026-06-04T23:08:59.999Z,20,1.256083,1.3514,0.4326,125.6083,5.1206,LATE,-1
scalp_fade_3m_lim,ETHUSDT,3m,1,TIME,2026-06-04T23:18:00.000Z,2026-06-05T00:20:59.999Z,20,0.098659,0.7130,0.6408,9.8659,10.8785,LATE,-1
scalp_fade_3m_lim,ETHUSDT,3m,1,TIME,2026-06-05T04:09:00.000Z,2026-06-05T05:11:59.999Z,20,0.036629,1.1676,0.8436,3.6629,8.2841,ASIA,-1
scalp_fade_3m_lim,ETHUSDT,3m,1,TIME,2026-06-05T10:06:00.000Z,2026-06-05T11:08:59.999Z,20,-0.806245,0.4459,0.7607,-80.6245,10.5802,LONDON,-1
scalp_fade_3m_lim,ETHUSDT,3m,1,STOP,2026-06-05T11:27:00.000Z,2026-06-05T11:47:59.999Z,6,-1.044397,0.3846,0.9696,-104.4397,10.3890,LONDON,-1
scalp_fade_3m_lim,ETHUSDT,3m,1,STOP,2026-06-05T12:09:00.000Z,2026-06-05T12:32:59.999Z,7,-1.033320,0.5701,0.8999,-103.3320,7.8312,LONDON,1
scalp_fade_3m_lim,ETHUSDT,3m,1,TIME,2026-06-05T12:33:00.000Z,2026-06-05T13:35:59.999Z,20,0.860658,1.1285,0.6552,86.0658,6.5128,LONDON,1
scalp_fade_3m_lim,ETHUSDT,3m,1,STOP,2026-06-06T01:15:00.000Z,2026-06-06T02:08:59.999Z,17,-1.046653,0.7640,0.9514,-104.6653,10.6651,ASIA,-1
scalp_fade_3m_lim,ETHUSDT,3m,1,STOP,2026-06-06T04:06:00.000Z,2026-06-06T04:14:59.999Z,2,-1.029774,0.0677,1.0469,-102.9774,7.0923,ASIA,1
scalp_fade_3m_lim,ETHUSDT,3m,1,TARGET,2026-06-06T08:03:00.000Z,2026-06-06T08:29:59.999Z,8,1.155007,1.9020,0.2130,115.5007,7.2610,LONDON,1
scalp_fade_3m_lim,ETHUSDT,3m,1,TARGET,2026-06-06T12:30:00.000Z,2026-06-06T12:50:59.999Z,6,1.227385,1.5831,0.3019,122.7385,5.7464,LONDON,1
scalp_fade_3m_lim,ETHUSDT,3m,1,STOP,2026-06-06T15:00:00.000Z,2026-06-06T15:14:59.999Z,4,-1.048742,0.3971,0.9111,-104.8742,11.4330,NY,1
scalp_fade_3m_lim,ETHUSDT,3m,1,TIME,2026-06-06T15:24:00.000Z,2026-06-06T16:26:59.999Z,20,0.183516,1.0876,0.0477,18.3516,8.6488,NY,1
scalp_fade_3m_lim,ETHUSDT,3m,1,TIME,2026-06-06T16:27:00.000Z,2026-06-06T17:29:59.999Z,20,0.111873,0.9805,0.3524,11.1873,10.8534,NY,-1
scalp_fade_3m_lim,ETHUSDT,3m,1,STOP,2026-06-06T17:39:00.000Z,2026-06-06T17:47:59.999Z,2,-1.048682,0.2359,0.9416,-104.8682,11.4665,NY,-1
scalp_fade_3m_lim,ETHUSDT,3m,1,TIME,2026-06-06T20:00:00.000Z,2026-06-06T21:02:59.999Z,20,0.240326,0.8218,0.5550,24.0326,16.6025,NY,-1
scalp_fade_3m_lim,ETHUSDT,3m,1,TARGET,2026-06-06T22:06:00.000Z,2026-06-06T23:05:59.999Z,19,1.111671,1.2832,0.3058,111.1671,8.1408,LATE,-1
scalp_fade_3m_lim,ETHUSDT,3m,-1,STOP,2026-06-07T01:03:00.000Z,2026-06-07T01:05:59.999Z,0,-1.069527,0.0393,1.0084,-106.9527,16.0210,ASIA,1
scalp_fade_3m_lim,ETHUSDT,3m,-1,STOP,2026-06-07T02:24:00.000Z,2026-06-07T03:20:59.999Z,18,-1.052672,0.5393,1.4276,-105.2672,11.6516,ASIA,1
scalp_fade_3m_lim,ETHUSDT,3m,-1,STOP,2026-06-07T04:36:00.000Z,2026-06-07T05:14:59.999Z,12,-1.063584,0.1430,1.8842,-106.3584,14.2780,ASIA,-1
scalp_fade_3m_lim,ETHUSDT,3m,-1,STOP,2026-06-07T05:15:00.000Z,2026-06-07T05:20:59.999Z,1,-1.050358,0.2512,0.9935,-105.0358,11.5231,ASIA,1
scalp_fade_3m_lim,ETHUSDT,3m,-1,STOP,2026-06-07T06:18:00.000Z,2026-06-07T06:26:59.999Z,2,-1.058283,0.0581,1.0408,-105.8283,13.3413,ASIA,-1
scalp_fade_3m_lim,ETHUSDT,3m,-1,TIME,2026-06-07T14:42:00.000Z,2026-06-07T15:44:59.999Z,20,-0.618039,0.4834,0.7266,-61.8039,8.9287,NY,1
scalp_fade_3m_lim,ETHUSDT,3m,-1,TIME,2026-06-07T15:48:00.000Z,2026-06-07T16:50:59.999Z,20,-0.320138,0.7495,0.2825,-32.0138,11.8998,NY,1
scalp_fade_3m_lim,ETHUSDT,3m,1,TARGET,2026-06-07T19:51:00.000Z,2026-06-07T20:23:59.999Z,10,1.256626,1.6270,0.1766,125.6626,5.1259,NY,-1
scalp_fade_3m_lim,ETHUSDT,3m,-1,STOP,2026-06-07T21:36:00.000Z,2026-06-07T21:59:59.999Z,7,-1.066846,0.5324,0.7926,-106.6846,15.1746,LATE,1
scalp_fade_3m_lim,ETHUSDT,3m,-1,STOP,2026-06-07T22:09:00.000Z,2026-06-07T22:14:59.999Z,1,-1.055300,0.0950,8.8225,-105.5300,12.6740,LATE,-1
scalp_fade_3m_lim,ETHUSDT,3m,-1,TIME,2026-06-08T09:18:00.000Z,2026-06-08T10:20:59.999Z,20,-0.267751,0.9140,0.6037,-26.7751,11.0065,LONDON,-1
scalp_fade_3m_lim,ETHUSDT,3m,-1,STOP,2026-06-08T10:36:00.000Z,2026-06-08T11:11:59.999Z,11,-1.050530,0.3377,1.0681,-105.0530,11.3284,LONDON,1
scalp_fade_3m_lim,ETHUSDT,3m,-1,TIME,2026-06-08T13:36:00.000Z,2026-06-08T14:38:59.999Z,20,0.124531,1.0113,0.2056,12.4531,8.6741,NY,1
scalp_fade_3m_lim,ETHUSDT,3m,-1,TIME,2026-06-08T15:33:00.000Z,2026-06-08T16:35:59.999Z,20,0.133618,0.5285,0.6950,13.3618,8.8393,NY,1
scalp_fade_3m_lim,ETHUSDT,3m,-1,TARGET,2026-06-09T00:18:00.000Z,2026-06-09T00:23:59.999Z,1,1.222459,1.3637,0.1518,122.2459,5.8189,ASIA,-1
scalp_fade_3m_lim,ETHUSDT,3m,1,TIME,2026-06-09T02:48:00.000Z,2026-06-09T03:50:59.999Z,20,0.102375,0.7788,0.3963,10.2375,11.5452,ASIA,-1
scalp_fade_3m_lim,ETHUSDT,3m,1,TARGET,2026-06-09T04:33:00.000Z,2026-06-09T04:35:59.999Z,0,1.024062,2.6444,0.0496,102.4062,10.0342,ASIA,-1
scalp_fade_3m_lim,ETHUSDT,3m,-1,TIME,2026-06-09T06:09:00.000Z,2026-06-09T07:11:59.999Z,20,-0.256738,0.7413,0.6642,-25.6738,14.4717,ASIA,1
scalp_fade_3m_lim,ETHUSDT,3m,1,STOP,2026-06-09T09:30:00.000Z,2026-06-09T09:35:59.999Z,1,-1.078429,0.0519,1.4534,-107.8429,18.3860,LONDON,-1
scalp_fade_3m_lim,ETHUSDT,3m,1,TIME,2026-06-09T10:09:00.000Z,2026-06-09T11:11:59.999Z,20,-0.105841,1.1090,0.2355,-10.5841,16.6693,LONDON,-1
scalp_fade_3m_lim,ETHUSDT,3m,1,STOP,2026-06-09T13:33:00.000Z,2026-06-09T13:38:59.999Z,1,-1.052019,0.0252,1.0545,-105.2019,12.2637,NY,-1
scalp_fade_3m_lim,ETHUSDT,3m,1,STOP,2026-06-09T13:51:00.000Z,2026-06-09T14:08:59.999Z,5,-1.043070,0.5641,1.0206,-104.3070,10.1051,NY,-1
scalp_fade_3m_lim,ETHUSDT,3m,1,TARGET,2026-06-09T16:39:00.000Z,2026-06-09T17:05:59.999Z,8,1.307553,1.6452,0.3197,130.7553,4.0609,NY,-1
scalp_fade_3m_lim,ETHUSDT,3m,1,TARGET,2026-06-09T19:42:00.000Z,2026-06-09T20:05:59.999Z,7,1.154434,1.2383,0.3307,115.4434,7.2754,NY,1
scalp_fade_3m_lim,ETHUSDT,3m,1,STOP,2026-06-09T22:36:00.000Z,2026-06-09T22:50:59.999Z,4,-1.066092,0.0013,0.9760,-106.6092,15.4301,LATE,-1
scalp_fade_3m_lim,ETHUSDT,3m,1,STOP,2026-06-10T04:06:00.000Z,2026-06-10T04:38:59.999Z,10,-1.065821,0.5518,0.9365,-106.5821,15.1798,ASIA,1
scalp_fade_3m_lim,ETHUSDT,3m,1,STOP,2026-06-10T04:51:00.000Z,2026-06-10T05:17:59.999Z,8,-1.064115,0.1152,1.1962,-106.4115,14.8520,ASIA,1
scalp_fade_3m_lim,ETHUSDT,3m,1,TIME,2026-06-10T05:27:00.000Z,2026-06-10T06:29:59.999Z,20,0.322215,0.9838,0.2114,32.2215,13.2178,ASIA,-1
scalp_fade_3m_lim,ETHUSDT,3m,1,TARGET,2026-06-10T06:33:00.000Z,2026-06-10T06:41:59.999Z,2,1.093623,1.1890,0.2644,109.3623,8.5655,ASIA,1
scalp_fade_3m_lim,ETHUSDT,3m,1,TIME,2026-06-10T11:06:00.000Z,2026-06-10T12:08:59.999Z,20,-0.060665,0.5790,0.7011,-6.0665,10.4782,LONDON,1
scalp_fade_3m_lim,ETHUSDT,3m,-1,STOP,2026-06-10T13:33:00.000Z,2026-06-10T13:35:59.999Z,0,-1.045825,0.2669,0.8541,-104.5825,10.4888,NY,1
scalp_fade_3m_lim,ETHUSDT,3m,-1,STOP,2026-06-10T15:03:00.000Z,2026-06-10T15:56:59.999Z,17,-1.035251,1.0307,1.0000,-103.5251,7.7480,NY,-1
scalp_fade_3m_lim,ETHUSDT,3m,1,TIME,2026-06-10T18:36:00.000Z,2026-06-10T19:38:59.999Z,20,0.082009,0.3518,0.5863,8.2009,9.5555,NY,1
scalp_fade_3m_lim,ETHUSDT,3m,1,TIME,2026-06-10T21:51:00.000Z,2026-06-10T22:53:59.999Z,20,0.302304,0.8424,0.8424,30.2304,9.6892,LATE,1
scalp_fade_3m_lim,ETHUSDT,3m,-1,STOP,2026-06-11T02:57:00.000Z,2026-06-11T03:35:59.999Z,12,-1.062796,0.7838,1.0993,-106.2796,14.0987,ASIA,-1
scalp_fade_3m_lim,ETHUSDT,3m,-1,STOP,2026-06-11T06:12:00.000Z,2026-06-11T06:14:59.999Z,0,-1.078100,0.0513,0.7525,-107.8100,18.0220,ASIA,-1
scalp_fade_3m_lim,ETHUSDT,3m,-1,STOP,2026-06-11T07:57:00.000Z,2026-06-11T08:14:59.999Z,5,-1.093717,0.0813,0.8798,-109.3717,21.4440,LONDON,-1
scalp_fade_3m_lim,ETHUSDT,3m,-1,STOP,2026-06-11T10:57:00.000Z,2026-06-11T11:17:59.999Z,6,-1.089063,0.4108,1.0802,-108.9063,20.3271,LONDON,-1
scalp_fade_3m_lim,ETHUSDT,3m,-1,STOP,2026-06-11T11:21:00.000Z,2026-06-11T11:32:59.999Z,3,-1.071561,0.1646,0.8018,-107.1561,16.3935,LONDON,1
scalp_fade_3m_lim,ETHUSDT,3m,-1,TARGET,2026-06-11T13:48:00.000Z,2026-06-11T14:17:59.999Z,9,1.214900,1.5869,0.2749,121.4900,5.9623,NY,-1
scalp_fade_3m_lim,ETHUSDT,3m,1,TIME,2026-06-11T15:00:00.000Z,2026-06-11T16:02:59.999Z,20,0.052883,0.7054,0.6417,5.2883,10.4715,NY,-1
scalp_fade_3m_lim,ETHUSDT,3m,1,STOP,2026-06-11T16:24:00.000Z,2026-06-11T17:05:59.999Z,13,-1.063083,0.6680,1.1908,-106.3083,14.4682,NY,1
scalp_fade_3m_lim,ETHUSDT,3m,-1,TARGET,2026-06-11T19:33:00.000Z,2026-06-11T20:29:59.999Z,18,1.222904,1.8556,0.3315,122.2904,5.7771,NY,-1
scalp_fade_3m_lim,ETHUSDT,3m,-1,TIME,2026-06-11T21:15:00.000Z,2026-06-11T22:17:59.999Z,20,-0.286144,0.7970,0.2476,-28.6144,16.3693,LATE,-1
scalp_fade_3m_lim,ETHUSDT,3m,-1,TARGET,2026-06-11T23:42:00.000Z,2026-06-12T00:29:59.999Z,15,1.057734,1.2057,0.0691,105.7734,9.2439,LATE,-1
scalp_fade_3m_lim,ETHUSDT,3m,-1,STOP,2026-06-12T04:18:00.000Z,2026-06-12T04:26:59.999Z,2,-1.078678,0.0632,0.7657,-107.8678,18.0816,ASIA,-1
scalp_fade_3m_lim,ETHUSDT,3m,-1,TARGET,2026-06-12T11:06:00.000Z,2026-06-12T12:02:59.999Z,18,0.942573,1.2666,0.2558,94.2573,11.6456,LONDON,-1
scalp_fade_3m_lim,ETHUSDT,3m,1,STOP,2026-06-12T13:33:00.000Z,2026-06-12T13:44:59.999Z,3,-1.065755,0.4791,1.0897,-106.5755,15.3841,NY,1
scalp_fade_3m_lim,ETHUSDT,3m,-1,TIME,2026-06-12T16:15:00.000Z,2026-06-12T17:17:59.999Z,20,-0.182270,0.4092,0.5397,-18.2270,8.9815,NY,-1
scalp_fade_3m_lim,ETHUSDT,3m,1,TIME,2026-06-12T18:15:00.000Z,2026-06-12T19:17:59.999Z,20,-0.148881,0.7081,0.5298,-14.8881,14.2452,NY,-1
scalp_fade_3m_lim,ETHUSDT,3m,1,TIME,2026-06-12T19:51:00.000Z,2026-06-12T20:53:59.999Z,20,-0.677514,0.3331,0.5327,-67.7514,16.0132,NY,1
scalp_fade_3m_lim,ETHUSDT,3m,1,STOP,2026-06-12T22:33:00.000Z,2026-06-12T23:02:59.999Z,9,-1.099056,0.1040,0.8556,-109.9056,22.7895,LATE,1
scalp_fade_3m_lim,ETHUSDT,3m,1,STOP,2026-06-13T04:03:00.000Z,2026-06-13T04:08:59.999Z,1,-1.133913,0.0081,0.5611,-113.3913,31.2482,ASIA,-1
scalp_fade_3m_lim,ETHUSDT,3m,1,STOP,2026-06-13T04:57:00.000Z,2026-06-13T05:47:59.999Z,16,-1.135048,0.0735,0.8851,-113.5048,30.5612,ASIA,1
scalp_fade_3m_lim,ETHUSDT,3m,1,TARGET,2026-06-13T06:03:00.000Z,2026-06-13T06:53:59.999Z,16,0.795612,1.1764,0.1263,79.5612,14.7617,ASIA,-1
scalp_fade_3m_lim,ETHUSDT,3m,-1,STOP,2026-06-13T10:45:00.000Z,2026-06-13T11:11:59.999Z,8,-1.137382,0.6275,0.5714,-113.7382,31.3369,LONDON,-1
scalp_fade_3m_lim,ETHUSDT,3m,-1,STOP,2026-06-13T15:00:00.000Z,2026-06-13T15:17:59.999Z,5,-1.125352,0.3786,0.9183,-112.5352,28.7515,NY,1
scalp_fade_3m_lim,ETHUSDT,3m,-1,TIME,2026-06-13T19:36:00.000Z,2026-06-13T20:38:59.999Z,20,-0.203085,0.5788,0.5763,-20.3085,29.0297,NY,-1
scalp_fade_3m_lim,ETHUSDT,3m,-1,TARGET,2026-06-13T23:18:00.000Z,2026-06-13T23:47:59.999Z,9,0.701342,0.8745,0.3563,70.1342,16.7450,LATE,-1
scalp_fade_3m_lim,ETHUSDT,3m,-1,STOP,2026-06-14T01:09:00.000Z,2026-06-14T01:11:59.999Z,0,-1.115730,0.0023,0.6772,-111.5730,26.8048,ASIA,-1
scalp_fade_3m_lim,ETHUSDT,3m,1,STOP,2026-06-14T06:27:00.000Z,2026-06-14T06:47:59.999Z,6,-1.116654,0.3865,0.6557,-111.6654,26.9678,ASIA,1
scalp_fade_3m_lim,ETHUSDT,3m,1,TIME,2026-06-14T09:33:00.000Z,2026-06-14T10:35:59.999Z,20,0.181004,0.9000,0.1756,18.1004,21.6690,LONDON,-1
scalp_fade_3m_lim,ETHUSDT,3m,1,TARGET,2026-06-14T14:12:00.000Z,2026-06-14T14:23:59.999Z,3,0.783115,1.0227,0.5815,78.3115,15.0873,NY,1
scalp_fade_3m_lim,ETHUSDT,3m,1,STOP,2026-06-14T16:48:00.000Z,2026-06-14T16:56:59.999Z,2,-1.113071,0.1519,1.0973,-111.3071,26.3620,NY,1
scalp_fade_3m_lim,ETHUSDT,3m,1,TIME,2026-06-14T17:51:00.000Z,2026-06-14T18:53:59.999Z,20,-0.436432,0.2422,0.5789,-43.6432,19.9654,NY,-1
scalp_fade_3m_lim,ETHUSDT,3m,1,TARGET,2026-06-14T20:06:00.000Z,2026-06-14T20:26:59.999Z,6,0.655775,0.8713,0.4796,65.5775,17.7455,NY,-1
scalp_fade_3m_lim,ETHUSDT,3m,-1,STOP,2026-06-15T01:39:00.000Z,2026-06-15T02:17:59.999Z,12,-1.072466,0.5247,1.2361,-107.2466,16.3005,ASIA,-1
scalp_fade_3m_lim,ETHUSDT,3m,-1,TARGET,2026-06-15T03:54:00.000Z,2026-06-15T04:41:59.999Z,15,0.917155,1.0430,0.0851,91.7155,12.1897,ASIA,1
scalp_fade_3m_lim,ETHUSDT,3m,-1,TARGET,2026-06-15T07:09:00.000Z,2026-06-15T07:50:59.999Z,13,0.877572,1.0138,0.3278,87.7572,13.0277,LONDON,-1
scalp_fade_3m_lim,ETHUSDT,3m,-1,TARGET,2026-06-15T09:18:00.000Z,2026-06-15T09:35:59.999Z,5,0.858778,1.7800,0.4162,85.8778,13.4571,LONDON,-1
scalp_fade_3m_lim,ETHUSDT,3m,-1,TARGET,2026-06-15T18:33:00.000Z,2026-06-15T19:20:59.999Z,15,1.061829,2.4049,0.6586,106.1829,9.1581,NY,1
scalp_fade_3m_lim,ETHUSDT,3m,-1,TARGET,2026-06-15T21:12:00.000Z,2026-06-15T21:56:59.999Z,14,1.065903,1.5402,0.0625,106.5903,9.0757,LATE,-1
scalp_fade_3m_lim,ETHUSDT,3m,1,STOP,2026-06-16T01:09:00.000Z,2026-06-16T02:11:59.999Z,20,-1.063997,0.4407,1.0237,-106.3997,14.4698,ASIA,1
scalp_fade_3m_lim,ETHUSDT,3m,-1,TIME,2026-06-16T10:21:00.000Z,2026-06-16T11:23:59.999Z,20,-0.272449,0.3368,0.7048,-27.2449,15.7283,LONDON,-1
scalp_fade_3m_lim,ETHUSDT,3m,-1,TIME,2026-06-16T23:00:00.000Z,2026-06-17T00:02:59.999Z,20,-0.054425,0.9276,0.4969,-5.4425,23.1194,LATE,-1
scalp_fade_3m_lim,ETHUSDT,3m,-1,STOP,2026-06-17T00:03:00.000Z,2026-06-17T00:38:59.999Z,11,-1.099980,0.3955,0.7821,-109.9980,22.6114,ASIA,-1
scalp_fade_3m_lim,ETHUSDT,3m,-1,TARGET,2026-06-17T05:03:00.000Z,2026-06-17T05:20:59.999Z,5,0.945610,1.0713,0.6233,94.5610,11.6316,ASIA,1
scalp_fade_3m_lim,ETHUSDT,3m,1,STOP,2026-06-17T07:21:00.000Z,2026-06-17T07:56:59.999Z,11,-1.070759,0.4899,0.8466,-107.0759,16.2702,LONDON,-1
scalp_fade_3m_lim,ETHUSDT,3m,1,STOP,2026-06-17T08:00:00.000Z,2026-06-17T08:17:59.999Z,5,-1.060281,0.1457,0.9635,-106.0281,14.0622,LONDON,-1
scalp_fade_3m_lim,ETHUSDT,3m,1,STOP,2026-06-17T11:21:00.000Z,2026-06-17T12:20:59.999Z,19,-1.051608,0.1648,1.3824,-105.1608,11.7298,LONDON,-1
scalp_fade_3m_lim,ETHUSDT,3m,1,TARGET,2026-06-17T14:51:00.000Z,2026-06-17T15:50:59.999Z,19,1.287907,1.3358,0.3168,128.7907,4.4570,NY,-1
scalp_fade_3m_lim,ETHUSDT,3m,-1,TARGET,2026-06-17T17:54:00.000Z,2026-06-17T18:02:59.999Z,2,1.194450,2.3612,0.6004,119.4450,6.4064,NY,1
scalp_fade_3m_lim,ETHUSDT,3m,1,STOP,2026-06-17T21:45:00.000Z,2026-06-17T22:02:59.999Z,5,-1.073415,0.0408,1.1312,-107.3415,17.0819,LATE,1
scalp_fade_3m_lim,ETHUSDT,3m,1,TIME,2026-06-17T22:15:00.000Z,2026-06-17T23:17:59.999Z,20,0.983118,1.2170,0.0970,98.3118,12.4549,LATE,-1
scalp_fade_3m_lim,ETHUSDT,3m,1,TIME,2026-06-18T05:12:00.000Z,2026-06-18T06:14:59.999Z,20,-0.491382,0.4089,0.6082,-49.1382,11.4760,ASIA,-1
scalp_fade_3m_lim,ETHUSDT,3m,-1,TARGET,2026-06-18T09:18:00.000Z,2026-06-18T09:29:59.999Z,3,0.999129,1.1557,0.1415,99.9129,10.5133,LONDON,-1
scalp_fade_3m_lim,ETHUSDT,3m,1,STOP,2026-06-18T14:27:00.000Z,2026-06-18T15:17:59.999Z,16,-1.040849,0.5732,1.0232,-104.0849,9.3817,NY,-1
scalp_fade_3m_lim,ETHUSDT,3m,1,TIME,2026-06-18T17:36:00.000Z,2026-06-18T18:38:59.999Z,20,-0.238262,0.4888,0.5418,-23.8262,9.3217,NY,-1
scalp_fade_3m_lim,ETHUSDT,3m,1,TIME,2026-06-18T21:12:00.000Z,2026-06-18T22:14:59.999Z,20,-0.128900,0.6874,0.6009,-12.8900,18.1093,LATE,-1
scalp_fade_3m_lim,ETHUSDT,3m,1,STOP,2026-06-19T07:33:00.000Z,2026-06-19T07:38:59.999Z,1,-1.076690,0.0516,1.0144,-107.6690,17.9830,LONDON,-1
scalp_fade_3m_lim,ETHUSDT,3m,1,TIME,2026-06-19T07:54:00.000Z,2026-06-19T08:56:59.999Z,20,-0.066913,0.6631,0.1627,-6.6913,16.3484,LONDON,-1
scalp_fade_3m_lim,ETHUSDT,3m,1,STOP,2026-06-19T09:33:00.000Z,2026-06-19T09:53:59.999Z,6,-1.081563,0.1904,0.8511,-108.1563,18.9164,LONDON,1
scalp_fade_3m_lim,ETHUSDT,3m,1,TIME,2026-06-19T11:09:00.000Z,2026-06-19T12:11:59.999Z,20,-0.115101,0.5630,0.3204,-11.5101,18.3993,LONDON,-1
scalp_fade_3m_lim,ETHUSDT,3m,1,STOP,2026-06-19T12:42:00.000Z,2026-06-19T12:47:59.999Z,1,-1.073802,0.1632,1.2994,-107.3802,17.3134,LONDON,-1
scalp_fade_3m_lim,ETHUSDT,3m,-1,TIME,2026-06-19T15:42:00.000Z,2026-06-19T16:44:59.999Z,20,0.399967,0.7753,0.0976,39.9967,12.8127,NY,-1
scalp_fade_3m_lim,ETHUSDT,3m,-1,STOP,2026-06-19T20:03:00.000Z,2026-06-19T20:53:59.999Z,16,-1.091466,0.6582,0.7422,-109.1466,20.4610,NY,1
scalp_fade_3m_lim,ETHUSDT,3m,-1,STOP,2026-06-19T22:21:00.000Z,2026-06-19T22:29:59.999Z,2,-1.105479,0.0549,0.7356,-110.5479,24.3112,LATE,-1
scalp_fade_3m_lim,ETHUSDT,3m,-1,STOP,2026-06-19T23:54:00.000Z,2026-06-19T23:56:59.999Z,0,-1.131990,0.1407,1.9923,-113.1990,30.6001,LATE,1
scalp_fade_3m_lim,ETHUSDT,3m,-1,TARGET,2026-06-19T23:57:00.000Z,2026-06-20T00:05:59.999Z,2,0.942728,1.0979,0.0684,94.2728,11.7037,LATE,1
scalp_fade_3m_lim,ETHUSDT,3m,-1,STOP,2026-06-20T00:06:00.000Z,2026-06-20T00:35:59.999Z,9,-1.073953,0.1549,1.2408,-107.3953,16.7410,ASIA,1
scalp_fade_3m_lim,ETHUSDT,3m,-1,TARGET,2026-06-20T07:48:00.000Z,2026-06-20T08:02:59.999Z,4,0.776522,1.1034,0.1762,77.6522,15.1914,LONDON,-1
scalp_fade_3m_lim,ETHUSDT,3m,-1,STOP,2026-06-20T11:42:00.000Z,2026-06-20T11:50:59.999Z,2,-1.138819,0.0026,0.5775,-113.8819,32.0604,LONDON,1
scalp_fade_3m_lim,ETHUSDT,3m,-1,TARGET,2026-06-20T12:06:00.000Z,2026-06-20T12:38:59.999Z,10,0.760398,1.1696,0.3727,76.0398,15.4999,LONDON,1
scalp_fade_3m_lim,ETHUSDT,3m,-1,TIME,2026-06-20T19:15:00.000Z,2026-06-20T20:17:59.999Z,20,-0.831872,0.5210,0.5577,-83.1872,23.3605,NY,-1
scalp_fade_3m_lim,ETHUSDT,3m,-1,STOP,2026-06-20T20:48:00.000Z,2026-06-20T20:56:59.999Z,2,-1.131769,0.0326,0.5676,-113.1769,30.4218,NY,1
scalp_fade_3m_lim,ETHUSDT,3m,-1,STOP,2026-06-20T22:06:00.000Z,2026-06-20T22:14:59.999Z,2,-1.091051,0.3566,0.8820,-109.1051,20.9577,LATE,1
scalp_fade_3m_lim,ETHUSDT,3m,-1,STOP,2026-06-21T01:36:00.000Z,2026-06-21T01:47:59.999Z,3,-1.127540,0.1473,0.7845,-112.7540,29.3781,ASIA,-1
scalp_fade_3m_lim,ETHUSDT,3m,-1,STOP,2026-06-21T03:21:00.000Z,2026-06-21T03:23:59.999Z,0,-1.110622,0.0000,0.8519,-111.0622,25.6127,ASIA,1
scalp_fade_3m_lim,ETHUSDT,3m,-1,TARGET,2026-06-21T04:39:00.000Z,2026-06-21T04:53:59.999Z,4,0.840087,1.4091,0.0998,84.0087,13.8546,ASIA,-1
scalp_fade_3m_lim,ETHUSDT,3m,-1,TARGET,2026-06-21T07:00:00.000Z,2026-06-21T07:29:59.999Z,9,0.626155,0.8482,0.0581,62.6155,18.3236,LONDON,1
scalp_fade_3m_lim,ETHUSDT,3m,1,STOP,2026-06-21T10:54:00.000Z,2026-06-21T11:05:59.999Z,3,-1.116305,0.4403,0.7353,-111.6305,27.0541,LONDON,1
scalp_fade_3m_lim,ETHUSDT,3m,1,STOP,2026-06-21T11:18:00.000Z,2026-06-21T11:20:59.999Z,0,-1.068061,0.0093,1.0534,-106.8061,16.0158,LONDON,-1
scalp_fade_3m_lim,ETHUSDT,3m,1,STOP,2026-06-21T11:48:00.000Z,2026-06-21T12:14:59.999Z,8,-1.078246,0.0870,0.8146,-107.8246,18.0811,LONDON,-1
scalp_fade_3m_lim,ETHUSDT,3m,1,TIME,2026-06-21T13:33:00.000Z,2026-06-21T14:35:59.999Z,20,-0.454771,0.3679,0.3254,-45.4771,19.7074,NY,1
scalp_fade_3m_lim,ETHUSDT,3m,1,TARGET,2026-06-21T18:03:00.000Z,2026-06-21T18:32:59.999Z,9,0.850714,3.0297,0.1958,85.0714,13.6400,NY,1
scalp_fade_3m_lim,ETHUSDT,3m,1,STOP,2026-06-21T23:03:00.000Z,2026-06-21T23:35:59.999Z,10,-1.063366,0.4896,0.8703,-106.3366,14.6210,LATE,1
scalp_fade_3m_lim,ETHUSDT,3m,1,TARGET,2026-06-22T00:03:00.000Z,2026-06-22T00:20:59.999Z,5,1.117644,1.2224,0.0564,111.7644,8.0527,ASIA,-1
scalp_fade_3m_lim,ETHUSDT,3m,-1,TIME,2026-06-22T05:09:00.000Z,2026-06-22T06:11:59.999Z,20,-0.484708,0.5516,0.4940,-48.4708,19.4493,ASIA,1
scalp_fade_3m_lim,ETHUSDT,3m,-1,STOP,2026-06-22T06:12:00.000Z,2026-06-22T07:05:59.999Z,17,-1.095190,0.8723,0.7676,-109.5190,21.2592,ASIA,-1
scalp_fade_3m_lim,ETHUSDT,3m,-1,STOP,2026-06-22T07:06:00.000Z,2026-06-22T07:14:59.999Z,2,-1.083796,0.2684,0.8682,-108.3796,19.2713,LONDON,-1
scalp_fade_3m_lim,ETHUSDT,3m,-1,STOP,2026-06-22T10:33:00.000Z,2026-06-22T11:05:59.999Z,10,-1.091766,0.4540,0.7860,-109.1766,20.7795,LONDON,1
scalp_fade_3m_lim,ETHUSDT,3m,-1,STOP,2026-06-22T11:06:00.000Z,2026-06-22T11:35:59.999Z,9,-1.090526,0.8001,1.5383,-109.0526,20.5378,LONDON,-1
scalp_fade_3m_lim,ETHUSDT,3m,-1,STOP,2026-06-22T13:33:00.000Z,2026-06-22T13:38:59.999Z,1,-1.063709,0.5040,1.6184,-106.3709,14.6326,NY,-1
scalp_fade_3m_lim,ETHUSDT,3m,1,STOP,2026-06-22T18:30:00.000Z,2026-06-22T18:47:59.999Z,5,-1.077962,0.1894,1.2391,-107.7962,18.1273,NY,-1
scalp_fade_3m_lim,ETHUSDT,3m,1,STOP,2026-06-23T03:03:00.000Z,2026-06-23T03:11:59.999Z,2,-1.090563,0.0630,0.7251,-109.0563,21.1550,ASIA,1
scalp_fade_3m_lim,ETHUSDT,3m,1,STOP,2026-06-23T04:18:00.000Z,2026-06-23T04:35:59.999Z,5,-1.097623,0.0488,0.8428,-109.7623,22.6477,ASIA,-1
scalp_fade_3m_lim,ETHUSDT,3m,1,STOP,2026-06-23T12:33:00.000Z,2026-06-23T12:50:59.999Z,5,-1.080941,0.1560,0.7314,-108.0941,18.8123,LONDON,-1
scalp_fade_3m_lim,ETHUSDT,3m,1,STOP,2026-06-23T12:51:00.000Z,2026-06-23T13:05:59.999Z,4,-1.072616,0.0161,0.7676,-107.2616,16.9331,LONDON,-1
scalp_fade_3m_lim,ETHUSDT,3m,1,STOP,2026-06-23T15:00:00.000Z,2026-06-23T15:26:59.999Z,8,-1.045751,0.1362,0.9608,-104.5751,10.6556,NY,1
scalp_fade_3m_lim,ETHUSDT,3m,-1,STOP,2026-06-23T23:27:00.000Z,2026-06-23T23:47:59.999Z,6,-1.088857,0.4743,0.8478,-108.8857,20.2797,LATE,-1
scalp_fade_3m_lim,ETHUSDT,3m,-1,STOP,2026-06-24T01:00:00.000Z,2026-06-24T01:32:59.999Z,10,-1.076643,0.7993,1.3843,-107.6643,17.3219,ASIA,1
scalp_fade_3m_lim,ETHUSDT,3m,-1,TIME,2026-06-24T07:09:00.000Z,2026-06-24T08:11:59.999Z,20,0.292004,0.8854,0.6219,29.2004,20.1657,LONDON,1
scalp_fade_3m_lim,ETHUSDT,3m,1,STOP,2026-06-24T10:24:00.000Z,2026-06-24T11:08:59.999Z,14,-1.077661,0.3538,0.8876,-107.7661,17.7298,LONDON,-1
scalp_fade_3m_lim,ETHUSDT,3m,1,STOP,2026-06-24T13:36:00.000Z,2026-06-24T13:44:59.999Z,2,-1.031771,0.1865,1.0837,-103.1771,7.5543,NY,-1
scalp_fade_3m_lim,ETHUSDT,3m,-1,TIME,2026-06-25T01:24:00.000Z,2026-06-25T02:26:59.999Z,20,0.124079,0.8761,0.3341,12.4079,14.7343,ASIA,-1
scalp_fade_3m_lim,ETHUSDT,3m,-1,TIME,2026-06-25T03:18:00.000Z,2026-06-25T04:20:59.999Z,20,-0.012312,0.5388,0.1442,-1.2312,16.4993,ASIA,1
scalp_fade_3m_lim,ETHUSDT,3m,1,STOP,2026-06-25T13:33:00.000Z,2026-06-25T13:41:59.999Z,2,-1.043135,0.5215,1.7250,-104.3135,10.1832,NY,1
scalp_fade_3m_lim,ETHUSDT,3m,1,TIME,2026-06-25T16:33:00.000Z,2026-06-25T17:35:59.999Z,20,0.086079,0.5952,0.8029,8.6079,8.4442,NY,1
scalp_fade_3m_lim,ETHUSDT,3m,1,TIME,2026-06-25T18:15:00.000Z,2026-06-25T19:17:59.999Z,20,-0.755257,1.0585,0.7179,-75.5257,9.5544,NY,1
scalp_fade_3m_lim,ETHUSDT,3m,1,TIME,2026-06-25T22:12:00.000Z,2026-06-25T23:14:59.999Z,20,-0.295457,0.0470,0.6765,-29.5457,10.5389,LATE,1
scalp_fade_3m_lim,ETHUSDT,3m,1,STOP,2026-06-25T23:45:00.000Z,2026-06-25T23:53:59.999Z,2,-1.066463,0.0000,0.8950,-106.6463,15.5797,LATE,-1
scalp_fade_3m_lim,ETHUSDT,3m,1,STOP,2026-06-26T01:03:00.000Z,2026-06-26T01:05:59.999Z,0,-1.058327,0.0013,0.8649,-105.8327,13.7546,ASIA,-1
scalp_fade_3m_lim,ETHUSDT,3m,1,STOP,2026-06-26T01:24:00.000Z,2026-06-26T02:11:59.999Z,15,-1.050315,0.1930,1.3246,-105.0315,11.5333,ASIA,-1
scalp_fade_3m_lim,ETHUSDT,3m,1,TARGET,2026-06-26T06:03:00.000Z,2026-06-26T06:23:59.999Z,6,1.137450,1.4661,0.7116,113.7450,7.6343,ASIA,1
scalp_fade_3m_lim,ETHUSDT,3m,-1,TARGET,2026-06-26T09:42:00.000Z,2026-06-26T09:50:59.999Z,2,1.112180,1.2977,0.1526,111.2180,8.1377,LONDON,-1
scalp_fade_3m_lim,ETHUSDT,3m,1,TARGET,2026-06-26T11:51:00.000Z,2026-06-26T12:35:59.999Z,14,1.148209,2.1411,0.2149,114.8209,7.3891,LONDON,-1
scalp_fade_3m_lim,ETHUSDT,3m,1,STOP,2026-06-26T12:39:00.000Z,2026-06-26T12:41:59.999Z,0,-1.041104,0.0390,1.5133,-104.1104,9.7538,LONDON,1
scalp_fade_3m_lim,ETHUSDT,3m,1,TARGET,2026-06-26T13:33:00.000Z,2026-06-26T13:56:59.999Z,7,1.288137,2.4145,0.6123,128.8137,4.4696,NY,-1
scalp_fade_3m_lim,ETHUSDT,3m,-1,STOP,2026-06-26T15:54:00.000Z,2026-06-26T16:02:59.999Z,2,-1.035506,0.0704,1.4094,-103.5506,8.0471,NY,-1
scalp_fade_3m_lim,ETHUSDT,3m,-1,STOP,2026-06-26T19:09:00.000Z,2026-06-26T19:11:59.999Z,0,-1.057521,0.0000,0.8164,-105.7521,13.2189,NY,-1
scalp_fade_3m_lim,ETHUSDT,3m,-1,TARGET,2026-06-26T19:51:00.000Z,2026-06-26T20:35:59.999Z,14,1.085420,1.4109,0.6070,108.5420,8.6666,NY,-1
scalp_fade_3m_lim,ETHUSDT,3m,-1,TIME,2026-06-26T22:15:00.000Z,2026-06-26T23:17:59.999Z,20,-0.686977,0.5874,0.7521,-68.6977,16.3769,LATE,-1
scalp_fade_3m_lim,ETHUSDT,3m,-1,STOP,2026-06-27T02:06:00.000Z,2026-06-27T02:14:59.999Z,2,-1.112341,0.1008,0.9913,-111.2341,25.9060,ASIA,-1
scalp_fade_3m_lim,ETHUSDT,3m,-1,TARGET,2026-06-27T04:30:00.000Z,2026-06-27T05:05:59.999Z,11,0.859858,1.0037,0.3056,85.9858,13.4079,ASIA,1
scalp_fade_3m_lim,ETHUSDT,3m,-1,STOP,2026-06-27T07:18:00.000Z,2026-06-27T07:26:59.999Z,2,-1.117019,0.0999,0.6480,-111.7019,26.9934,LONDON,-1
scalp_fade_3m_lim,ETHUSDT,3m,-1,TIME,2026-06-27T11:48:00.000Z,2026-06-27T12:50:59.999Z,20,-0.573922,0.6291,0.2848,-57.3922,23.5741,LONDON,-1
scalp_fade_3m_lim,ETHUSDT,3m,1,TIME,2026-06-27T20:39:00.000Z,2026-06-27T21:41:59.999Z,20,-0.928942,0.8999,0.6481,-92.8942,24.1904,NY,1
scalp_fade_3m_lim,ETHUSDT,3m,1,TIME,2026-06-27T23:15:00.000Z,2026-06-28T00:17:59.999Z,20,0.257744,0.5706,0.4186,25.7744,16.5916,LATE,1
scalp_fade_3m_lim,ETHUSDT,3m,1,STOP,2026-06-28T01:03:00.000Z,2026-06-28T01:05:59.999Z,0,-1.112645,0.0024,1.2107,-111.2645,26.3725,ASIA,-1
scalp_fade_3m_lim,ETHUSDT,3m,1,STOP,2026-06-28T02:21:00.000Z,2026-06-28T02:23:59.999Z,0,-1.095060,0.0992,1.3712,-109.5060,22.2876,ASIA,1
scalp_fade_3m_lim,ETHUSDT,3m,1,TIME,2026-06-28T02:24:00.000Z,2026-06-28T03:26:59.999Z,20,0.457225,1.0189,0.0982,45.7225,17.1413,ASIA,1
scalp_fade_3m_lim,ETHUSDT,3m,1,TARGET,2026-06-28T04:33:00.000Z,2026-06-28T04:44:59.999Z,3,0.838493,1.0760,0.1018,83.8493,13.9236,ASIA,-1
scalp_fade_3m_lim,ETHUSDT,3m,1,STOP,2026-06-28T05:03:00.000Z,2026-06-28T05:05:59.999Z,0,-1.105231,0.0179,0.8256,-110.5231,24.6502,ASIA,-1
scalp_fade_3m_lim,ETHUSDT,3m,-1,STOP,2026-06-28T12:15:00.000Z,2026-06-28T12:29:59.999Z,4,-1.110068,0.8026,0.8072,-111.0068,25.2731,LONDON,1
scalp_fade_3m_lim,ETHUSDT,3m,-1,STOP,2026-06-28T12:30:00.000Z,2026-06-28T12:32:59.999Z,0,-1.086987,0.1754,0.8175,-108.6987,20.0963,LONDON,-1
scalp_fade_3m_lim,ETHUSDT,3m,-1,TIME,2026-06-28T13:33:00.000Z,2026-06-28T14:35:59.999Z,20,-0.421508,0.7798,0.5490,-42.1508,17.6371,NY,-1
scalp_fade_3m_lim,ETHUSDT,3m,-1,TIME,2026-06-28T15:03:00.000Z,2026-06-28T16:05:59.999Z,20,-0.074639,0.9136,0.5245,-7.4639,18.9697,NY,1
scalp_fade_3m_lim,ETHUSDT,3m,1,STOP,2026-06-28T19:36:00.000Z,2026-06-28T19:47:59.999Z,3,-1.079406,0.1624,2.0812,-107.9406,18.5356,NY,1
scalp_fade_3m_lim,ETHUSDT,3m,1,STOP,2026-06-28T21:24:00.000Z,2026-06-28T21:47:59.999Z,7,-1.090123,0.7166,1.1765,-109.0123,20.8376,LATE,-1
scalp_fade_3m_lim,ETHUSDT,3m,1,STOP,2026-06-28T21:48:00.000Z,2026-06-28T21:50:59.999Z,0,-1.071102,0.0260,0.9455,-107.1102,16.7223,LATE,1
scalp_fade_3m_lim,ETHUSDT,3m,1,STOP,2026-06-28T22:24:00.000Z,2026-06-28T22:53:59.999Z,9,-1.032553,0.1307,1.4768,-103.2553,7.6243,LATE,1
scalp_fade_3m_lim,ETHUSDT,3m,1,TARGET,2026-06-28T23:03:00.000Z,2026-06-28T23:38:59.999Z,11,1.279005,1.3796,0.2565,127.9005,4.6552,LATE,-1
scalp_fade_3m_lim,ETHUSDT,3m,1,STOP,2026-06-29T00:03:00.000Z,2026-06-29T00:23:59.999Z,6,-1.053255,0.8416,0.8882,-105.3255,12.4213,ASIA,1
scalp_fade_3m_lim,ETHUSDT,3m,1,STOP,2026-06-29T02:09:00.000Z,2026-06-29T02:14:59.999Z,1,-1.047869,0.0581,1.4130,-104.7869,11.3018,ASIA,-1
scalp_fade_3m_lim,ETHUSDT,3m,-1,TARGET,2026-06-29T04:09:00.000Z,2026-06-29T05:02:59.999Z,17,1.073754,1.5322,0.1721,107.3754,8.9024,ASIA,1
scalp_fade_3m_lim,ETHUSDT,3m,-1,STOP,2026-06-29T05:45:00.000Z,2026-06-29T06:02:59.999Z,5,-1.058891,0.0883,1.1126,-105.8891,13.3994,ASIA,1
scalp_fade_3m_lim,ETHUSDT,3m,-1,TIME,2026-06-29T07:15:00.000Z,2026-06-29T08:17:59.999Z,20,-0.217332,0.7028,0.5789,-21.7332,17.3605,LONDON,1
scalp_fade_3m_lim,ETHUSDT,3m,-1,TARGET,2026-06-29T09:18:00.000Z,2026-06-29T09:26:59.999Z,2,1.014040,1.2963,0.3711,101.4040,10.2030,LONDON,-1
scalp_fade_3m_lim,ETHUSDT,3m,-1,STOP,2026-06-29T09:30:00.000Z,2026-06-29T10:11:59.999Z,13,-1.060942,0.4254,1.3046,-106.0942,13.6488,LONDON,1
scalp_fade_3m_lim,ETHUSDT,3m,-1,TARGET,2026-06-29T13:33:00.000Z,2026-06-29T13:47:59.999Z,4,1.256591,1.3832,0.2446,125.6591,5.0953,NY,-1
scalp_fade_3m_lim,ETHUSDT,3m,-1,TARGET,2026-06-29T23:48:00.000Z,2026-06-30T00:29:59.999Z,13,0.919786,1.7891,0.4284,91.9786,12.1425,LATE,-1
scalp_fade_3m_lim,ETHUSDT,3m,1,STOP,2026-06-30T03:27:00.000Z,2026-06-30T03:53:59.999Z,8,-1.091210,0.1193,0.8445,-109.1210,21.0433,ASIA,1
scalp_fade_3m_lim,ETHUSDT,3m,1,TIME,2026-06-30T04:15:00.000Z,2026-06-30T05:17:59.999Z,20,-0.342168,0.4092,0.6402,-34.2168,14.9978,ASIA,-1
scalp_fade_3m_lim,ETHUSDT,3m,1,STOP,2026-06-30T11:18:00.000Z,2026-06-30T11:26:59.999Z,2,-1.100224,0.0465,1.1636,-110.0224,23.3901,LONDON,1
scalp_fade_3m_lim,ETHUSDT,3m,1,TARGET,2026-06-30T13:33:00.000Z,2026-06-30T14:02:59.999Z,9,1.224872,1.9643,0.6578,122.4872,5.7935,NY,-1
scalp_fade_3m_lim,ETHUSDT,3m,1,TIME,2026-06-30T14:39:00.000Z,2026-06-30T15:41:59.999Z,20,-0.089427,0.7810,0.6097,-8.9427,9.5609,NY,1
scalp_fade_3m_lim,ETHUSDT,3m,-1,STOP,2026-06-30T19:51:00.000Z,2026-06-30T20:11:59.999Z,6,-1.082739,0.1517,0.8012,-108.2739,18.8693,NY,1
scalp_fade_3m_lim,ETHUSDT,3m,1,TARGET,2026-06-30T23:18:00.000Z,2026-07-01T00:05:59.999Z,15,0.899917,1.2776,0.1462,89.9917,12.5835,LATE,-1
scalp_fade_3m_lim,ETHUSDT,3m,1,STOP,2026-07-01T00:21:00.000Z,2026-07-01T00:26:59.999Z,1,-1.081799,0.0350,0.9105,-108.1799,19.1673,ASIA,1
scalp_fade_3m_lim,ETHUSDT,3m,1,STOP,2026-07-01T01:06:00.000Z,2026-07-01T01:11:59.999Z,1,-1.068813,0.1521,0.9950,-106.8813,16.1569,ASIA,1
scalp_fade_3m_lim,ETHUSDT,3m,1,STOP,2026-07-01T10:12:00.000Z,2026-07-01T10:44:59.999Z,10,-1.077252,0.0776,0.7821,-107.7252,17.7811,LONDON,-1
scalp_fade_3m_lim,ETHUSDT,3m,1,STOP,2026-07-01T11:39:00.000Z,2026-07-01T11:56:59.999Z,5,-1.091631,0.1510,1.2683,-109.1631,21.2700,LONDON,1
scalp_fade_3m_lim,ETHUSDT,3m,1,TIME,2026-07-01T12:03:00.000Z,2026-07-01T13:05:59.999Z,20,0.271516,1.0767,0.6039,27.1516,17.3756,LONDON,1
scalp_fade_3m_lim,ETHUSDT,3m,-1,TIME,2026-07-01T17:21:00.000Z,2026-07-01T18:23:59.999Z,20,-0.082563,0.3920,0.4881,-8.2563,12.3804,NY,-1
scalp_fade_3m_lim,ETHUSDT,3m,-1,TIME,2026-07-01T18:36:00.000Z,2026-07-01T19:38:59.999Z,20,-0.375679,1.0433,0.5313,-37.5679,14.5562,NY,-1
scalp_fade_3m_lim,ETHUSDT,3m,1,TARGET,2026-07-02T01:06:00.000Z,2026-07-02T01:20:59.999Z,4,1.067957,1.2354,0.1472,106.7957,9.0990,ASIA,-1
scalp_fade_3m_lim,ETHUSDT,3m,-1,STOP,2026-07-02T02:54:00.000Z,2026-07-02T03:29:59.999Z,11,-1.071183,0.3047,2.2800,-107.1183,16.0410,ASIA,1
scalp_fade_3m_lim,ETHUSDT,3m,-1,TARGET,2026-07-02T06:21:00.000Z,2026-07-02T06:47:59.999Z,8,0.982801,1.2668,0.4056,98.2801,10.8390,ASIA,-1
scalp_fade_3m_lim,ETHUSDT,3m,-1,STOP,2026-07-02T11:57:00.000Z,2026-07-02T12:14:59.999Z,5,-1.065514,0.1588,1.2962,-106.5514,14.9293,LONDON,1
scalp_fade_3m_lim,ETHUSDT,3m,-1,STOP,2026-07-02T12:36:00.000Z,2026-07-02T13:14:59.999Z,12,-1.036055,0.0124,1.1303,-103.6055,8.0095,LONDON,1
scalp_fade_3m_lim,ETHUSDT,3m,-1,STOP,2026-07-02T16:42:00.000Z,2026-07-02T17:23:59.999Z,13,-1.049064,0.0358,0.8793,-104.9064,10.9494,NY,1
scalp_fade_3m_lim,ETHUSDT,3m,-1,TARGET,2026-07-02T21:00:00.000Z,2026-07-02T21:44:59.999Z,14,1.012271,1.1213,0.0675,101.2271,10.1999,LATE,-1
scalp_fade_3m_lim,ETHUSDT,3m,-1,TARGET,2026-07-02T22:54:00.000Z,2026-07-02T23:02:59.999Z,2,0.854564,1.1376,0.4938,85.4564,13.5591,LATE,-1
scalp_fade_3m_lim,ETHUSDT,3m,-1,STOP,2026-07-02T23:48:00.000Z,2026-07-03T00:20:59.999Z,10,-1.085979,0.1013,0.7285,-108.5979,19.4564,LATE,1
scalp_fade_3m_lim,ETHUSDT,3m,-1,STOP,2026-07-03T01:06:00.000Z,2026-07-03T01:14:59.999Z,2,-1.067207,0.2139,1.8230,-106.7207,15.4155,ASIA,-1
scalp_fade_3m_lim,ETHUSDT,3m,-1,STOP,2026-07-03T05:06:00.000Z,2026-07-03T05:26:59.999Z,6,-1.083510,0.2101,0.7352,-108.3510,19.0470,ASIA,-1
scalp_fade_3m_lim,ETHUSDT,3m,-1,TIME,2026-07-03T07:09:00.000Z,2026-07-03T08:11:59.999Z,20,-0.320789,0.4984,0.7276,-32.0789,18.4986,LONDON,-1
scalp_fade_3m_lim,ETHUSDT,3m,-1,STOP,2026-07-03T08:27:00.000Z,2026-07-03T08:44:59.999Z,5,-1.080994,0.6343,2.4621,-108.0994,18.5050,LONDON,-1
scalp_fade_3m_lim,ETHUSDT,3m,-1,TIME,2026-07-03T09:06:00.000Z,2026-07-03T10:08:59.999Z,20,-0.597107,0.6171,0.6024,-59.7107,11.1235,LONDON,1
scalp_fade_3m_lim,ETHUSDT,3m,-1,TIME,2026-07-03T11:03:00.000Z,2026-07-03T12:05:59.999Z,20,-0.370539,0.2025,0.6788,-37.0539,11.5948,LONDON,1
scalp_fade_3m_lim,ETHUSDT,3m,-1,TARGET,2026-07-03T15:09:00.000Z,2026-07-03T15:59:59.999Z,16,1.166166,1.2812,0.3072,116.6166,6.9694,NY,1
scalp_fade_3m_lim,ETHUSDT,3m,-1,STOP,2026-07-03T17:27:00.000Z,2026-07-03T17:44:59.999Z,5,-1.084287,0.0554,0.8895,-108.4287,19.2659,NY,1
scalp_fade_3m_lim,ETHUSDT,3m,-1,STOP,2026-07-03T19:18:00.000Z,2026-07-03T19:35:59.999Z,5,-1.076751,0.2133,0.9977,-107.6751,17.5250,NY,-1
scalp_fade_3m_lim,ETHUSDT,3m,-1,STOP,2026-07-03T23:18:00.000Z,2026-07-04T00:11:59.999Z,17,-1.091801,0.5049,0.7125,-109.1801,20.4953,LATE,-1
scalp_fade_3m_lim,ETHUSDT,3m,-1,STOP,2026-07-04T02:54:00.000Z,2026-07-04T03:38:59.999Z,14,-1.100873,0.5526,0.9611,-110.0873,22.6770,ASIA,-1
scalp_fade_3m_lim,ETHUSDT,3m,-1,TIME,2026-07-04T09:06:00.000Z,2026-07-04T10:08:59.999Z,20,-0.217283,0.9846,0.2417,-21.7283,20.1186,LONDON,1
scalp_fade_3m_lim,ETHUSDT,3m,-1,STOP,2026-07-04T12:03:00.000Z,2026-07-04T12:05:59.999Z,0,-1.131926,0.0000,0.7318,-113.1926,30.5851,LONDON,1
scalp_fade_3m_lim,ETHUSDT,3m,-1,STOP,2026-07-04T12:21:00.000Z,2026-07-04T12:29:59.999Z,2,-1.125272,0.0000,0.9072,-112.5272,28.9117,LONDON,1
scalp_fade_3m_lim,ETHUSDT,3m,-1,STOP,2026-07-04T13:15:00.000Z,2026-07-04T13:20:59.999Z,1,-1.117865,0.0265,3.6442,-111.7865,27.2465,NY,-1
scalp_fade_3m_lim,ETHUSDT,3m,-1,TARGET,2026-07-04T13:21:00.000Z,2026-07-04T13:29:59.999Z,2,1.099773,1.2771,0.1137,109.9773,8.3988,NY,-1
scalp_fade_3m_lim,ETHUSDT,3m,-1,TARGET,2026-07-04T19:36:00.000Z,2026-07-04T20:20:59.999Z,14,1.020980,1.4522,0.3134,102.0980,10.0173,NY,-1
scalp_fade_3m_lim,ETHUSDT,3m,-1,STOP,2026-07-04T21:15:00.000Z,2026-07-04T21:32:59.999Z,5,-1.099167,0.0796,0.7743,-109.9167,22.7029,LATE,-1
scalp_fade_3m_lim,ETHUSDT,3m,1,STOP,2026-07-05T00:42:00.000Z,2026-07-05T00:56:59.999Z,4,-1.088114,0.0546,1.2976,-108.8114,20.5036,ASIA,1
scalp_fade_3m_lim,ETHUSDT,3m,1,TIME,2026-07-05T02:45:00.000Z,2026-07-05T03:47:59.999Z,20,0.253384,0.7702,0.1802,25.3384,16.4420,ASIA,1
scalp_fade_3m_lim,ETHUSDT,3m,1,TARGET,2026-07-05T03:54:00.000Z,2026-07-05T04:20:59.999Z,8,0.863608,1.2174,0.2465,86.3608,13.3740,ASIA,1
scalp_fade_3m_lim,ETHUSDT,3m,1,STOP,2026-07-05T11:24:00.000Z,2026-07-05T12:05:59.999Z,13,-1.098383,0.5663,0.7380,-109.8383,22.4529,LONDON,1
scalp_fade_3m_lim,ETHUSDT,3m,-1,STOP,2026-07-05T14:39:00.000Z,2026-07-05T14:59:59.999Z,6,-1.103142,0.3403,0.8060,-110.3142,23.5726,NY,1
scalp_fade_3m_lim,ETHUSDT,3m,-1,STOP,2026-07-05T17:00:00.000Z,2026-07-05T17:05:59.999Z,1,-1.113586,0.0000,0.9148,-111.3586,26.2499,NY,-1
scalp_fade_3m_lim,ETHUSDT,3m,-1,TIME,2026-07-05T19:03:00.000Z,2026-07-05T20:05:59.999Z,20,-0.101753,0.8133,0.3754,-10.1753,20.5265,NY,1
scalp_fade_3m_lim,ETHUSDT,3m,-1,STOP,2026-07-05T21:21:00.000Z,2026-07-05T21:32:59.999Z,3,-1.077625,0.1911,0.9867,-107.7625,17.8000,LATE,1
scalp_fade_3m_lim,ETHUSDT,3m,-1,TARGET,2026-07-06T01:33:00.000Z,2026-07-06T02:08:59.999Z,11,1.172147,1.3656,0.3412,117.2147,6.8554,ASIA,1
scalp_fade_3m_lim,ETHUSDT,3m,1,STOP,2026-07-06T05:00:00.000Z,2026-07-06T05:26:59.999Z,8,-1.082280,0.0750,0.7335,-108.2280,19.0028,ASIA,-1
scalp_fade_3m_lim,ETHUSDT,3m,1,STOP,2026-07-06T06:36:00.000Z,2026-07-06T07:02:59.999Z,8,-1.092804,0.6526,0.7616,-109.2804,21.4075,ASIA,-1
scalp_fade_3m_lim,ETHUSDT,3m,1,STOP,2026-07-06T12:00:00.000Z,2026-07-06T12:02:59.999Z,0,-1.059076,0.1692,1.0206,-105.9076,13.9287,LONDON,1
scalp_fade_3m_lim,ETHUSDT,3m,1,STOP,2026-07-06T13:33:00.000Z,2026-07-06T13:38:59.999Z,1,-1.041239,0.1491,0.9249,-104.1239,9.7649,NY,-1
scalp_fade_3m_lim,ETHUSDT,3m,1,TARGET,2026-07-06T13:39:00.000Z,2026-07-06T13:50:59.999Z,3,1.268930,1.4165,0.0539,126.8930,4.8790,NY,-1
scalp_fade_3m_lim,ETHUSDT,3m,-1,TARGET,2026-07-06T19:33:00.000Z,2026-07-06T20:02:59.999Z,9,0.957861,1.0989,0.3996,95.7861,11.3591,NY,1
scalp_fade_3m_lim,ETHUSDT,3m,-1,STOP,2026-07-06T20:33:00.000Z,2026-07-06T21:11:59.999Z,12,-1.081491,0.4069,5.7149,-108.1491,18.3556,NY,-1
scalp_fade_3m_lim,ETHUSDT,3m,1,TIME,2026-07-07T07:36:00.000Z,2026-07-07T08:38:59.999Z,20,-0.622224,0.4932,0.5812,-62.2224,17.3036,LONDON,1
scalp_fade_3m_lim,ETHUSDT,3m,1,TARGET,2026-07-07T09:00:00.000Z,2026-07-07T09:44:59.999Z,14,0.942464,1.4233,0.3348,94.2464,11.6968,LONDON,-1
scalp_fade_3m_lim,ETHUSDT,3m,1,STOP,2026-07-07T10:33:00.000Z,2026-07-07T11:02:59.999Z,9,-1.080374,0.1583,0.8454,-108.0374,18.5293,LONDON,1
scalp_fade_3m_lim,ETHUSDT,3m,1,TARGET,2026-07-07T14:36:00.000Z,2026-07-07T14:53:59.999Z,5,1.279460,1.5491,0.3774,127.9460,4.6548,NY,-1
scalp_fade_3m_lim,ETHUSDT,3m,-1,TARGET,2026-07-07T18:21:00.000Z,2026-07-07T18:50:59.999Z,9,1.053719,1.5622,0.1168,105.3719,9.3464,NY,1
scalp_fade_3m_lim,ETHUSDT,3m,1,STOP,2026-07-07T21:18:00.000Z,2026-07-07T21:38:59.999Z,6,-1.062089,0.2388,0.9038,-106.2089,14.4482,LATE,-1
scalp_fade_3m_lim,ETHUSDT,3m,1,TARGET,2026-07-08T00:03:00.000Z,2026-07-08T00:23:59.999Z,6,0.980484,1.1673,0.0385,98.0484,10.9293,ASIA,-1
scalp_fade_3m_lim,ETHUSDT,3m,1,STOP,2026-07-08T06:03:00.000Z,2026-07-08T06:35:59.999Z,10,-1.085540,0.2861,1.0110,-108.5540,19.6673,ASIA,-1
scalp_fade_3m_lim,ETHUSDT,3m,1,TARGET,2026-07-08T07:03:00.000Z,2026-07-08T07:35:59.999Z,10,1.049036,1.2870,0.3221,104.9036,9.4779,LONDON,-1
scalp_fade_3m_lim,ETHUSDT,3m,1,STOP,2026-07-08T08:18:00.000Z,2026-07-08T08:32:59.999Z,4,-1.046237,0.5815,0.8575,-104.6237,10.8558,LONDON,1
scalp_fade_3m_lim,ETHUSDT,3m,1,TARGET,2026-07-08T11:06:00.000Z,2026-07-08T11:44:59.999Z,12,0.922596,1.6746,0.4474,92.2596,12.1207,LONDON,1
scalp_fade_3m_lim,ETHUSDT,3m,1,STOP,2026-07-08T12:57:00.000Z,2026-07-08T13:23:59.999Z,8,-1.078325,0.2546,0.8071,-107.8325,18.0992,LONDON,1
scalp_fade_3m_lim,ETHUSDT,3m,1,STOP,2026-07-08T13:36:00.000Z,2026-07-08T13:50:59.999Z,4,-1.057128,0.5698,0.8982,-105.7128,13.3650,NY,-1
scalp_fade_3m_lim,ETHUSDT,3m,1,STOP,2026-07-08T14:00:00.000Z,2026-07-08T14:17:59.999Z,5,-1.049960,0.2867,1.1505,-104.9960,11.6892,NY,-1
scalp_fade_3m_lim,ETHUSDT,3m,1,TIME,2026-07-08T17:54:00.000Z,2026-07-08T18:56:59.999Z,20,-0.013600,0.7983,0.7464,-1.3600,16.5776,NY,-1
scalp_fade_3m_lim,ETHUSDT,3m,1,TIME,2026-07-08T20:12:00.000Z,2026-07-08T21:14:59.999Z,20,-0.826348,0.3100,0.7511,-82.6348,15.5992,NY,1
scalp_fade_3m_lim,ETHUSDT,3m,-1,STOP,2026-07-08T23:18:00.000Z,2026-07-08T23:53:59.999Z,11,-1.102765,0.3715,0.7240,-110.2765,23.2469,LATE,1
scalp_fade_3m_lim,ETHUSDT,3m,-1,TIME,2026-07-09T00:03:00.000Z,2026-07-09T01:05:59.999Z,20,0.108585,0.9136,0.4873,10.8585,21.8183,ASIA,1
scalp_fade_3m_lim,ETHUSDT,3m,-1,STOP,2026-07-09T01:09:00.000Z,2026-07-09T01:11:59.999Z,0,-1.082959,0.0298,2.1446,-108.2959,19.1562,ASIA,-1
scalp_fade_3m_lim,ETHUSDT,3m,1,TARGET,2026-07-09T12:45:00.000Z,2026-07-09T13:14:59.999Z,9,1.130641,1.3192,0.4368,113.0641,7.7696,LONDON,1
scalp_fade_3m_lim,ETHUSDT,3m,1,TARGET,2026-07-09T13:33:00.000Z,2026-07-09T13:53:59.999Z,6,1.144536,1.4121,0.1320,114.4536,7.4855,NY,-1
scalp_fade_3m_lim,ETHUSDT,3m,1,STOP,2026-07-09T15:30:00.000Z,2026-07-09T16:26:59.999Z,18,-1.059911,0.3237,1.2065,-105.9911,13.6126,NY,1
scalp_fade_3m_lim,ETHUSDT,3m,-1,TARGET,2026-07-09T21:03:00.000Z,2026-07-09T21:44:59.999Z,13,0.791102,1.0873,0.2081,79.1102,14.8408,LATE,-1
scalp_fade_3m_lim,ETHUSDT,3m,-1,STOP,2026-07-09T21:57:00.000Z,2026-07-09T22:08:59.999Z,3,-1.126042,0.2891,0.6352,-112.6042,29.0306,LATE,-1
scalp_fade_3m_lim,ETHUSDT,3m,-1,TIME,2026-07-09T22:09:00.000Z,2026-07-09T23:11:59.999Z,20,0.010392,0.5777,0.3555,1.0392,22.6496,LATE,-1
scalp_fade_3m_lim,ETHUSDT,3m,-1,TARGET,2026-07-09T23:27:00.000Z,2026-07-10T00:26:59.999Z,19,0.953913,1.2659,0.0998,95.3913,11.4045,LATE,1
scalp_fade_3m_lim,ETHUSDT,3m,1,TARGET,2026-07-10T00:42:00.000Z,2026-07-10T01:20:59.999Z,12,1.023643,1.3337,0.6905,102.3643,10.0037,ASIA,-1
scalp_fade_3m_lim,ETHUSDT,3m,-1,STOP,2026-07-10T05:33:00.000Z,2026-07-10T05:44:59.999Z,3,-1.109230,0.0626,0.6480,-110.9230,25.1309,ASIA,-1
scalp_fade_3m_lim,ETHUSDT,3m,-1,STOP,2026-07-10T08:03:00.000Z,2026-07-10T08:08:59.999Z,1,-1.133905,0.0798,0.5960,-113.3905,30.9827,LONDON,1
scalp_fade_3m_lim,ETHUSDT,3m,-1,STOP,2026-07-10T12:12:00.000Z,2026-07-10T12:14:59.999Z,0,-1.078411,0.0057,0.8203,-107.8411,18.0945,LONDON,1
scalp_fade_3m_lim,ETHUSDT,3m,-1,STOP,2026-07-10T13:33:00.000Z,2026-07-10T13:47:59.999Z,4,-1.082189,0.3505,0.8397,-108.2189,18.8198,NY,-1
scalp_fade_3m_lim,ETHUSDT,3m,-1,TIME,2026-07-10T17:12:00.000Z,2026-07-10T18:14:59.999Z,20,0.260655,0.7101,0.1785,26.0655,16.0933,NY,-1
scalp_fade_3m_lim,ETHUSDT,3m,-1,STOP,2026-07-10T22:30:00.000Z,2026-07-10T23:17:59.999Z,15,-1.118031,0.5754,0.6555,-111.8031,26.5145,LATE,-1
scalp_fade_3m_lim,ETHUSDT,3m,-1,TIME,2026-07-11T03:21:00.000Z,2026-07-11T04:23:59.999Z,20,-0.749919,0.2620,0.5060,-74.9919,25.1583,ASIA,1
scalp_fade_3m_lim,ETHUSDT,3m,-1,STOP,2026-07-11T04:33:00.000Z,2026-07-11T04:41:59.999Z,2,-1.125009,0.0023,0.6619,-112.5009,28.8505,ASIA,-1
scalp_fade_3m_lim,ETHUSDT,3m,-1,TIME,2026-07-11T07:15:00.000Z,2026-07-11T08:17:59.999Z,20,-0.844801,0.1846,0.5202,-84.4801,30.2155,LONDON,-1
scalp_fade_3m_lim,ETHUSDT,3m,-1,TARGET,2026-07-11T09:39:00.000Z,2026-07-11T09:59:59.999Z,6,0.718017,1.1983,0.1164,71.8017,16.4110,LONDON,-1
scalp_fade_3m_lim,ETHUSDT,3m,-1,STOP,2026-07-11T10:45:00.000Z,2026-07-11T11:35:59.999Z,16,-1.137765,0.1890,0.6259,-113.7765,30.9184,LONDON,-1
scalp_fade_3m_lim,ETHUSDT,3m,-1,TIME,2026-07-11T12:09:00.000Z,2026-07-11T13:11:59.999Z,20,-0.612211,0.4338,0.4338,-61.2211,36.6794,LONDON,1
scalp_fade_3m_lim,ETHUSDT,3m,-1,STOP,2026-07-11T20:51:00.000Z,2026-07-11T21:05:59.999Z,4,-1.125607,0.0474,0.6522,-112.5607,28.8700,NY,1
scalp_fade_3m_lim,ETHUSDT,3m,1,STOP,2026-07-12T10:39:00.000Z,2026-07-12T11:11:59.999Z,10,-1.125021,0.1503,0.9475,-112.5021,28.6523,LONDON,-1
scalp_fade_3m_lim,ETHUSDT,3m,-1,STOP,2026-07-12T14:33:00.000Z,2026-07-12T14:47:59.999Z,4,-1.122599,0.1334,2.7263,-112.2599,28.1737,NY,-1
scalp_fade_3m_lim,ETHUSDT,3m,-1,STOP,2026-07-12T18:30:00.000Z,2026-07-12T18:47:59.999Z,5,-1.098546,0.0000,0.6883,-109.8546,22.5595,NY,-1
scalp_fade_3m_lim,ETHUSDT,3m,-1,TIME,2026-07-13T00:48:00.000Z,2026-07-13T01:50:59.999Z,20,0.253990,0.6166,0.5078,25.3990,7.3971,ASIA,1
scalp_fade_3m_lim,ETHUSDT,3m,1,STOP,2026-07-13T10:03:00.000Z,2026-07-13T10:11:59.999Z,2,-1.116971,0.0000,0.9885,-111.6971,27.2642,LONDON,-1
scalp_fade_3m_lim,ETHUSDT,3m,1,STOP,2026-07-13T10:21:00.000Z,2026-07-13T10:29:59.999Z,2,-1.108722,0.0020,0.7545,-110.8722,25.3559,LONDON,-1
scalp_fade_3m_lim,ETHUSDT,3m,1,TIME,2026-07-13T10:42:00.000Z,2026-07-13T11:44:59.999Z,20,-0.024564,0.8538,0.5532,-2.4564,22.1633,LONDON,-1
scalp_fade_3m_lim,ETHUSDT,3m,1,STOP,2026-07-13T11:57:00.000Z,2026-07-13T12:23:59.999Z,8,-1.105997,0.5321,0.9915,-110.5997,24.4223,LONDON,1
scalp_fade_3m_lim,ETHUSDT,3m,1,STOP,2026-07-13T12:30:00.000Z,2026-07-13T12:35:59.999Z,1,-1.070933,0.1786,1.2016,-107.0933,16.6483,LONDON,-1
scalp_fade_3m_lim,ETHUSDT,3m,1,TARGET,2026-07-13T13:42:00.000Z,2026-07-13T14:41:59.999Z,19,1.154606,1.3333,0.3446,115.4606,7.2434,NY,1
scalp_fade_3m_lim,ETHUSDT,3m,1,STOP,2026-07-13T16:06:00.000Z,2026-07-13T16:20:59.999Z,4,-1.075004,0.3002,0.7569,-107.5004,17.4832,NY,-1
scalp_fade_3m_lim,ETHUSDT,3m,1,STOP,2026-07-13T20:18:00.000Z,2026-07-13T20:50:59.999Z,10,-1.085915,0.3263,0.7709,-108.5915,19.7526,NY,1
scalp_fade_3m_lim,ETHUSDT,3m,-1,TARGET,2026-07-14T02:42:00.000Z,2026-07-14T03:14:59.999Z,10,1.047841,1.1982,0.2088,104.7841,9.4667,ASIA,-1
scalp_fade_3m_lim,ETHUSDT,3m,-1,STOP,2026-07-14T03:30:00.000Z,2026-07-14T04:05:59.999Z,11,-1.088100,0.1802,1.2483,-108.8100,19.9008,ASIA,-1
scalp_fade_3m_lim,ETHUSDT,3m,-1,STOP,2026-07-14T04:48:00.000Z,2026-07-14T05:08:59.999Z,6,-1.096190,0.2667,1.3600,-109.6190,21.9701,ASIA,1
scalp_fade_3m_lim,ETHUSDT,3m,-1,TARGET,2026-07-14T07:21:00.000Z,2026-07-14T07:44:59.999Z,7,0.823200,0.9685,0.5241,82.3200,14.1957,LONDON,-1
scalp_fade_3m_lim,ETHUSDT,3m,-1,STOP,2026-07-14T10:03:00.000Z,2026-07-14T10:41:59.999Z,12,-1.100035,0.4736,1.1902,-110.0035,22.5782,LONDON,1
scalp_fade_3m_lim,ETHUSDT,3m,-1,STOP,2026-07-14T12:30:00.000Z,2026-07-14T12:32:59.999Z,0,-1.062351,0.0681,2.8806,-106.2351,14.3462,LONDON,-1
scalp_fade_3m_lim,ETHUSDT,3m,-1,STOP,2026-07-14T12:33:00.000Z,2026-07-14T12:47:59.999Z,4,-1.038255,0.1868,1.4611,-103.8255,8.6503,LONDON,-1
scalp_fade_3m_lim,ETHUSDT,3m,-1,TIME,2026-07-14T19:21:00.000Z,2026-07-14T20:23:59.999Z,20,-0.006314,0.6415,0.4267,-0.6314,18.8149,NY,1
scalp_fade_3m_lim,ETHUSDT,3m,-1,TARGET,2026-07-14T21:42:00.000Z,2026-07-14T22:08:59.999Z,8,0.836749,1.0825,0.0741,83.6749,13.9065,LATE,1
scalp_fade_3m_lim,ETHUSDT,3m,-1,STOP,2026-07-14T22:21:00.000Z,2026-07-14T22:35:59.999Z,4,-1.069620,0.5549,1.6888,-106.9620,15.9105,LATE,1
scalp_fade_3m_lim,ETHUSDT,3m,-1,STOP,2026-07-15T03:33:00.000Z,2026-07-15T03:53:59.999Z,6,-1.100254,0.3457,1.2604,-110.0254,22.9069,ASIA,1
scalp_fade_3m_lim,ETHUSDT,3m,-1,STOP,2026-07-15T09:36:00.000Z,2026-07-15T10:05:59.999Z,9,-1.101323,0.2653,0.8186,-110.1323,23.0115,LONDON,1
scalp_fade_3m_lim,ETHUSDT,3m,-1,STOP,2026-07-15T11:42:00.000Z,2026-07-15T11:56:59.999Z,4,-1.099518,0.0173,0.8814,-109.9518,22.8311,LONDON,1
scalp_fade_3m_lim,ETHUSDT,3m,-1,STOP,2026-07-15T12:30:00.000Z,2026-07-15T12:32:59.999Z,0,-1.085007,0.1039,1.4255,-108.5007,19.6340,LONDON,1
scalp_fade_3m_lim,ETHUSDT,3m,-1,TIME,2026-07-15T22:03:00.000Z,2026-07-15T23:05:59.999Z,20,-0.516713,0.8036,0.6016,-51.6713,20.3143,LATE,-1
scalp_fade_3m_lim,ETHUSDT,3m,-1,TARGET,2026-07-16T00:03:00.000Z,2026-07-16T00:29:59.999Z,8,0.968997,1.1044,0.4833,96.8997,11.1289,ASIA,-1
scalp_fade_3m_lim,ETHUSDT,3m,-1,STOP,2026-07-16T05:15:00.000Z,2026-07-16T05:23:59.999Z,2,-1.097890,0.0820,0.8018,-109.7890,22.5474,ASIA,1
scalp_fade_3m_lim,ETHUSDT,3m,-1,STOP,2026-07-16T05:36:00.000Z,2026-07-16T06:08:59.999Z,10,-1.082730,0.0430,0.9283,-108.2730,18.7137,ASIA,1
scalp_fade_3m_lim,ETHUSDT,3m,-1,TARGET,2026-07-16T06:09:00.000Z,2026-07-16T06:38:59.999Z,9,0.968853,1.7708,0.0940,96.8853,11.1283,ASIA,1
scalp_fade_3m_lim,ETHUSDT,3m,1,TARGET,2026-07-16T10:03:00.000Z,2026-07-16T10:35:59.999Z,10,0.979063,1.1486,0.0290,97.9063,10.9448,LONDON,1
scalp_fade_3m_lim,ETHUSDT,3m,1,STOP,2026-07-16T10:48:00.000Z,2026-07-16T11:17:59.999Z,9,-1.102800,0.2242,0.8304,-110.2800,23.6434,LONDON,1
scalp_fade_3m_lim,ETHUSDT,3m,1,STOP,2026-07-16T12:33:00.000Z,2026-07-16T12:38:59.999Z,1,-1.074056,0.1906,1.1796,-107.4056,17.3723,LONDON,-1
scalp_fade_3m_lim,ETHUSDT,3m,1,TARGET,2026-07-16T13:18:00.000Z,2026-07-16T13:23:59.999Z,1,1.041985,1.1895,0.0385,104.1985,9.6541,NY,-1
scalp_fade_3m_lim,ETHUSDT,3m,1,STOP,2026-07-16T22:21:00.000Z,2026-07-16T22:26:59.999Z,1,-1.112025,0.0040,0.9194,-111.2025,26.1743,LATE,1
scalp_fade_3m_lim,ETHUSDT,3m,1,STOP,2026-07-17T01:21:00.000Z,2026-07-17T01:47:59.999Z,8,-1.058512,0.4875,0.9907,-105.8512,13.5718,ASIA,1
scalp_fade_3m_lim,ETHUSDT,3m,1,STOP,2026-07-17T03:48:00.000Z,2026-07-17T04:20:59.999Z,10,-1.083957,0.1462,1.4236,-108.3957,19.3071,ASIA,1
scalp_fade_3m_lim,ETHUSDT,3m,1,STOP,2026-07-17T05:03:00.000Z,2026-07-17T05:26:59.999Z,7,-1.075454,0.5254,0.8078,-107.5454,17.4789,ASIA,1
scalp_fade_3m_lim,ETHUSDT,3m,1,STOP,2026-07-17T07:36:00.000Z,2026-07-17T08:32:59.999Z,18,-1.082748,0.5313,0.7633,-108.2748,18.7268,LONDON,-1
scalp_fade_3m_lim,ETHUSDT,3m,-1,STOP,2026-07-17T18:45:00.000Z,2026-07-17T18:50:59.999Z,1,-1.076749,0.0506,0.7639,-107.6749,17.6698,NY,-1
scalp_fade_3m_lim,ETHUSDT,3m,-1,TIME,2026-07-18T00:51:00.000Z,2026-07-18T01:53:59.999Z,20,-0.781563,0.6499,0.3284,-78.1563,29.8322,ASIA,1
scalp_fade_3m_lim,ETHUSDT,3m,-1,TIME,2026-07-18T02:12:00.000Z,2026-07-18T03:14:59.999Z,20,-0.282796,0.6553,0.5521,-28.2796,28.9615,ASIA,1
scalp_fade_3m_lim,ETHUSDT,3m,-1,TIME,2026-07-18T03:57:00.000Z,2026-07-18T04:59:59.999Z,20,-0.502310,0.6429,0.3370,-50.2310,30.8605,ASIA,-1
scalp_fade_3m_lim,ETHUSDT,3m,-1,STOP,2026-07-18T05:24:00.000Z,2026-07-18T05:26:59.999Z,0,-1.158151,0.0625,0.6848,-115.8151,36.7061,ASIA,1
scalp_fade_3m_lim,ETHUSDT,3m,-1,TIME,2026-07-18T07:24:00.000Z,2026-07-18T08:26:59.999Z,20,-0.654272,0.7596,0.1136,-65.4272,32.5970,LONDON,1
scalp_fade_3m_lim,ETHUSDT,3m,1,TARGET,2026-07-18T14:03:00.000Z,2026-07-18T14:29:59.999Z,8,0.747395,0.9826,0.0601,74.7395,15.8119,NY,-1
scalp_fade_3m_lim,ETHUSDT,3m,-1,STOP,2026-07-18T20:03:00.000Z,2026-07-18T20:20:59.999Z,5,-1.121221,0.2156,1.2062,-112.1221,27.7974,NY,-1
scalp_fade_3m_lim,ETHUSDT,3m,-1,STOP,2026-07-18T21:06:00.000Z,2026-07-18T21:14:59.999Z,2,-1.133032,0.5710,0.9650,-113.3032,30.7153,LATE,-1
scalp_fade_3m_lim,ETHUSDT,3m,-1,TIME,2026-07-18T21:54:00.000Z,2026-07-18T22:56:59.999Z,20,-0.771217,0.3833,0.5952,-77.1217,21.9327,LATE,-1
scalp_fade_3m_lim,ETHUSDT,3m,-1,TIME,2026-07-18T23:24:00.000Z,2026-07-19T00:26:59.999Z,20,-0.498648,0.3126,0.2892,-49.8648,27.7213,LATE,-1
scalp_fade_3m_lim,ETHUSDT,3m,-1,STOP,2026-07-19T02:03:00.000Z,2026-07-19T02:08:59.999Z,1,-1.130709,0.0000,2.8311,-113.0709,30.2383,ASIA,-1
scalp_fade_3m_lim,ETHUSDT,3m,-1,TIME,2026-07-19T05:03:00.000Z,2026-07-19T06:05:59.999Z,20,-0.341898,0.8443,0.2138,-34.1898,28.2475,ASIA,-1
scalp_fade_3m_lim,ETHUSDT,3m,-1,STOP,2026-07-19T06:27:00.000Z,2026-07-19T06:35:59.999Z,2,-1.142441,0.1508,0.6081,-114.2441,32.9024,ASIA,1
scalp_fade_3m_lim,ETHUSDT,3m,-1,TIME,2026-07-19T06:36:00.000Z,2026-07-19T07:38:59.999Z,20,-0.600536,0.7746,0.0577,-60.0536,29.0607,ASIA,1
scalp_fade_3m_lim,ETHUSDT,3m,-1,STOP,2026-07-19T11:03:00.000Z,2026-07-19T11:08:59.999Z,1,-1.092210,0.0276,0.9142,-109.2210,21.2711,LONDON,1
scalp_fade_3m_lim,ETHUSDT,3m,-1,TIME,2026-07-19T12:24:00.000Z,2026-07-19T13:26:59.999Z,20,0.086424,0.8086,0.4435,8.6424,18.9628,LONDON,-1
scalp_fade_3m_lim,ETHUSDT,3m,-1,STOP,2026-07-19T13:33:00.000Z,2026-07-19T14:35:59.999Z,20,-1.104253,0.6831,0.7590,-110.4253,23.1625,NY,-1
scalp_fade_3m_lim,ETHUSDT,3m,1,STOP,2026-07-19T17:09:00.000Z,2026-07-19T18:08:59.999Z,19,-1.068858,0.7847,1.8709,-106.8858,15.5849,NY,-1
scalp_fade_3m_lim,ETHUSDT,3m,1,STOP,2026-07-19T21:21:00.000Z,2026-07-19T21:38:59.999Z,5,-1.107679,0.1438,0.8206,-110.7679,24.9597,LATE,1
scalp_fade_3m_lim,ETHUSDT,3m,1,TARGET,2026-07-19T22:06:00.000Z,2026-07-19T22:17:59.999Z,3,1.144021,1.4897,0.4131,114.4021,7.5037,LATE,1
scalp_fade_3m_lim,ETHUSDT,3m,-1,STOP,2026-07-19T23:39:00.000Z,2026-07-20T00:08:59.999Z,9,-1.071580,0.4987,1.0171,-107.1580,16.1973,LATE,1
scalp_fade_3m_lim,ETHUSDT,3m,-1,TARGET,2026-07-20T04:36:00.000Z,2026-07-20T04:59:59.999Z,7,1.018195,1.1625,0.2171,101.8195,10.0989,ASIA,-1
scalp_fade_3m_lim,ETHUSDT,3m,1,TIME,2026-07-20T08:39:00.000Z,2026-07-20T09:41:59.999Z,20,0.668234,1.0279,0.3263,66.8234,15.1841,LONDON,1
scalp_fade_3m_lim,ETHUSDT,3m,-1,STOP,2026-07-20T11:06:00.000Z,2026-07-20T11:32:59.999Z,8,-1.085287,0.1342,2.3144,-108.5287,19.3772,LONDON,-1
scalp_fade_3m_lim,ETHUSDT,3m,-1,TIME,2026-07-20T12:03:00.000Z,2026-07-20T13:05:59.999Z,20,0.555191,1.0001,0.0671,55.5191,10.6237,LONDON,1
scalp_fade_3m_lim,ETHUSDT,3m,-1,TARGET,2026-07-20T13:36:00.000Z,2026-07-20T13:47:59.999Z,3,1.100176,1.4405,0.4394,110.0176,8.3876,NY,-1
scalp_fade_3m_lim,ETHUSDT,3m,-1,STOP,2026-07-20T17:51:00.000Z,2026-07-20T17:53:59.999Z,0,-1.074491,0.0244,0.8712,-107.4491,17.1795,NY,-1
scalp_fade_3m_lim,ETHUSDT,3m,-1,TARGET,2026-07-20T21:45:00.000Z,2026-07-20T22:02:59.999Z,5,0.780810,1.1966,0.1052,78.0810,15.0963,LATE,1
scalp_fade_3m_lim,ETHUSDT,3m,-1,STOP,2026-07-20T23:06:00.000Z,2026-07-20T23:08:59.999Z,0,-1.125182,0.1484,0.7308,-112.5182,29.0111,LATE,-1
scalp_fade_3m_lim,ETHUSDT,3m,-1,STOP,2026-07-20T23:09:00.000Z,2026-07-20T23:23:59.999Z,4,-1.109379,0.2358,0.6809,-110.9379,25.1135,LATE,-1
scalp_fade_3m_lim,ETHUSDT,3m,-1,STOP,2026-07-20T23:57:00.000Z,2026-07-21T00:20:59.999Z,7,-1.098203,0.5838,0.7783,-109.8203,22.3881,LATE,1
scalp_fade_3m_lim,ETHUSDT,3m,-1,STOP,2026-07-21T04:48:00.000Z,2026-07-21T05:47:59.999Z,19,-1.095656,0.5816,0.7251,-109.5656,21.2787,ASIA,1
scalp_fade_3m_lim,ETHUSDT,3m,-1,STOP,2026-07-21T07:48:00.000Z,2026-07-21T08:20:59.999Z,10,-1.080041,0.6901,1.3296,-108.0041,18.0988,LONDON,1
scalp_fade_3m_lim,ETHUSDT,3m,-1,STOP,2026-07-21T12:12:00.000Z,2026-07-21T12:20:59.999Z,2,-1.090932,0.6777,0.7578,-109.0932,20.9299,LONDON,-1
scalp_fade_3m_lim,ETHUSDT,3m,-1,TIME,2026-07-21T13:54:00.000Z,2026-07-21T14:56:59.999Z,20,0.340225,1.0270,0.6666,34.0225,13.8584,NY,1
scalp_fade_3m_lim,ETHUSDT,3m,1,TIME,2026-07-21T17:48:00.000Z,2026-07-21T18:50:59.999Z,20,0.022570,0.6159,0.3310,2.2570,14.3793,NY,-1
scalp_fade_3m_lim,ETHUSDT,3m,1,TIME,2026-07-21T19:03:00.000Z,2026-07-21T20:05:59.999Z,20,0.133838,0.9964,0.3758,13.3838,23.1806,NY,-1
scalp_fade_3m_lim,ETHUSDT,3m,1,TARGET,2026-07-21T21:03:00.000Z,2026-07-21T21:23:59.999Z,6,0.677467,0.8728,0.2362,67.7467,17.2902,LATE,1
scalp_fade_3m_lim,ETHUSDT,3m,1,TARGET,2026-07-22T09:36:00.000Z,2026-07-22T10:29:59.999Z,17,0.879816,1.1906,0.3952,87.9816,12.9957,LONDON,1
scalp_fade_3m_lim,ETHUSDT,3m,-1,TIME,2026-07-22T16:33:00.000Z,2026-07-22T17:35:59.999Z,20,0.420102,1.0919,0.7894,42.0102,11.6519,NY,-1
scalp_fade_3m_lim,ETHUSDT,3m,1,TIME,2026-07-22T20:03:00.000Z,2026-07-22T21:05:59.999Z,20,-0.132461,0.5143,0.5932,-13.2461,18.9990,NY,1
scalp_fade_3m_lim,ETHUSDT,3m,-1,STOP,2026-07-23T00:18:00.000Z,2026-07-23T00:26:59.999Z,2,-1.085540,0.2406,0.8596,-108.5540,19.6766,ASIA,1
scalp_fade_3m_lim,ETHUSDT,3m,1,TARGET,2026-07-23T05:24:00.000Z,2026-07-23T05:29:59.999Z,1,0.783888,1.1519,0.0549,78.3888,15.0809,ASIA,-1
scalp_fade_3m_lim,ETHUSDT,3m,1,TIME,2026-07-23T05:51:00.000Z,2026-07-23T06:53:59.999Z,20,0.267926,0.8644,0.1235,26.7926,22.7695,ASIA,1
scalp_fade_3m_lim,ETHUSDT,3m,1,STOP,2026-07-23T07:03:00.000Z,2026-07-23T07:11:59.999Z,2,-1.110949,0.1464,1.6137,-111.0949,25.8712,LONDON,1
scalp_fade_3m_lim,ETHUSDT,3m,1,TIME,2026-07-23T07:12:00.000Z,2026-07-23T08:14:59.999Z,20,0.122388,0.6249,0.5387,12.2388,19.2742,LONDON,1
scalp_fade_3m_lim,ETHUSDT,3m,-1,TIME,2026-07-23T10:27:00.000Z,2026-07-23T11:29:59.999Z,20,-0.124118,0.5440,0.4604,-12.4118,26.1990,LONDON,-1
scalp_fade_3m_lim,ETHUSDT,3m,1,STOP,2026-07-23T13:57:00.000Z,2026-07-23T14:50:59.999Z,17,-1.050293,0.3350,1.0086,-105.0293,11.4818,NY,-1
scalp_fade_3m_lim,ETHUSDT,3m,1,TIME,2026-07-23T15:24:00.000Z,2026-07-23T16:26:59.999Z,20,-0.523800,0.5581,0.6939,-52.3800,12.2104,NY,-1
scalp_fade_3m_lim,ETHUSDT,3m,1,STOP,2026-07-23T21:12:00.000Z,2026-07-23T22:14:59.999Z,20,-1.099069,0.2441,0.9308,-109.9069,22.2923,LATE,1
scalp_fade_3m_lim,ETHUSDT,3m,1,TIME,2026-07-23T22:27:00.000Z,2026-07-23T23:29:59.999Z,20,-0.044684,0.5125,0.1339,-4.4684,17.8008,LATE,-1
scalp_fade_3m_lim,ETHUSDT,3m,1,STOP,2026-07-23T23:42:00.000Z,2026-07-23T23:53:59.999Z,3,-1.113114,0.1361,0.9068,-111.3114,26.3175,LATE,-1
scalp_fade_3m_lim,ETHUSDT,3m,-1,TIME,2026-07-24T07:36:00.000Z,2026-07-24T08:38:59.999Z,20,0.088497,0.9077,0.1043,8.8497,12.6745,LONDON,1
scalp_fade_3m_lim,ETHUSDT,3m,1,TARGET,2026-07-24T17:09:00.000Z,2026-07-24T17:26:59.999Z,5,0.952828,1.2479,0.1424,95.2828,11.5136,NY,-1
scalp_fade_3m_lim,ETHUSDT,3m,1,STOP,2026-07-24T21:03:00.000Z,2026-07-24T21:56:59.999Z,17,-1.116360,0.0971,0.7831,-111.6360,26.3065,LATE,-1
scalp_fade_3m_lim,ETHUSDT,3m,1,TIME,2026-07-24T22:09:00.000Z,2026-07-24T23:11:59.999Z,20,-0.173451,0.6956,0.0640,-17.3451,26.8445,LATE,-1
scalp_fade_3m_lim,ETHUSDT,3m,1,STOP,2026-07-25T02:51:00.000Z,2026-07-25T03:50:59.999Z,19,-1.145638,0.3705,0.9981,-114.5638,32.7447,ASIA,-1
scalp_fade_3m_lim,ETHUSDT,3m,1,TARGET,2026-07-25T04:33:00.000Z,2026-07-25T04:50:59.999Z,5,0.467186,0.8579,0.3473,46.7186,21.7115,ASIA,1
scalp_fade_3m_lim,ETHUSDT,3m,1,STOP,2026-07-25T06:24:00.000Z,2026-07-25T06:50:59.999Z,8,-1.139410,0.1804,0.6325,-113.9410,32.0575,ASIA,1
scalp_fade_3m_lim,ETHUSDT,3m,1,TARGET,2026-07-25T12:03:00.000Z,2026-07-25T12:59:59.999Z,18,0.398741,0.7566,0.4000,39.8741,23.0505,LONDON,1
scalp_fade_3m_lim,ETHUSDT,3m,-1,TARGET,2026-07-25T19:51:00.000Z,2026-07-25T20:17:59.999Z,8,0.510366,0.7316,0.3492,51.0366,20.7615,NY,-1
scalp_fade_3m_lim,ETHUSDT,3m,-1,STOP,2026-07-25T21:48:00.000Z,2026-07-25T22:50:59.999Z,20,-1.125422,0.4845,0.6141,-112.5422,27.9057,LATE,-1
scalp_fade_3m_lim,ETHUSDT,3m,-1,STOP,2026-07-26T00:03:00.000Z,2026-07-26T00:08:59.999Z,1,-1.172178,0.0030,1.0817,-117.2178,39.8970,ASIA,1
scalp_fade_3m_lim,ETHUSDT,3m,-1,STOP,2026-07-26T03:06:00.000Z,2026-07-26T03:14:59.999Z,2,-1.143987,0.0758,1.1520,-114.3987,33.2618,ASIA,1
scalp_fade_3m_lim,ETHUSDT,3m,-1,STOP,2026-07-26T10:03:00.000Z,2026-07-26T10:26:59.999Z,7,-1.154170,0.0401,0.7617,-115.4170,35.2630,LONDON,1
scalp_fade_3m_lim,ETHUSDT,3m,-1,STOP,2026-07-26T12:03:00.000Z,2026-07-26T12:05:59.999Z,0,-1.150178,0.0026,0.5168,-115.0178,34.8452,LONDON,-1
scalp_fade_3m_lim,ETHUSDT,3m,-1,STOP,2026-07-26T13:21:00.000Z,2026-07-26T14:05:59.999Z,14,-1.110824,0.5955,2.0747,-111.0824,24.9336,NY,-1
scalp_fade_3m_lim,ETHUSDT,3m,-1,STOP,2026-07-26T14:33:00.000Z,2026-07-26T14:47:59.999Z,4,-1.083167,0.1806,0.8916,-108.3167,19.0462,NY,1
scalp_fade_3m_lim,ETHUSDT,3m,-1,STOP,2026-07-26T16:12:00.000Z,2026-07-26T16:29:59.999Z,5,-1.076847,0.1976,1.5287,-107.6847,17.5471,NY,1
scalp_fade_3m_lim,ETHUSDT,3m,-1,STOP,2026-07-26T18:18:00.000Z,2026-07-26T18:53:59.999Z,11,-1.126912,0.4310,0.6733,-112.6912,28.7567,NY,-1
scalp_fade_3m_lim,ETHUSDT,3m,-1,STOP,2026-07-27T04:00:00.000Z,2026-07-27T04:05:59.999Z,1,-1.100680,0.2143,0.9659,-110.0680,23.2439,ASIA,1
scalp_fade_3m_lim,ETHUSDT,3m,-1,STOP,2026-07-27T05:18:00.000Z,2026-07-27T05:23:59.999Z,1,-1.087520,0.0324,0.8491,-108.7520,20.1786,ASIA,1
scalp_fade_3m_lim,ETHUSDT,3m,-1,TARGET,2026-07-27T08:18:00.000Z,2026-07-27T09:05:59.999Z,15,1.049973,1.2024,0.1846,104.9973,9.4065,LONDON,-1
scalp_fade_3m_lim,ETHUSDT,3m,-1,TIME,2026-07-27T09:36:00.000Z,2026-07-27T10:38:59.999Z,20,-0.953545,0.1704,0.6960,-95.3545,19.8866,LONDON,1
scalp_fade_3m_lim,ETHUSDT,3m,-1,TARGET,2026-07-27T12:03:00.000Z,2026-07-27T12:14:59.999Z,3,0.896421,1.3310,0.2151,89.6421,12.6740,LONDON,-1
scalp_fade_3m_lim,ETHUSDT,3m,-1,STOP,2026-07-27T13:36:00.000Z,2026-07-27T13:41:59.999Z,1,-1.058957,0.0000,1.6648,-105.8957,13.5259,NY,1
scalp_fade_3m_lim,ETHUSDT,3m,1,STOP,2026-07-27T18:18:00.000Z,2026-07-27T18:35:59.999Z,5,-1.085543,0.1101,0.7384,-108.5543,19.8702,NY,-1
scalp_fade_3m_lim,ETHUSDT,3m,1,TARGET,2026-07-28T04:18:00.000Z,2026-07-28T05:17:59.999Z,19,0.873135,1.2243,0.5808,87.3135,13.1269,ASIA,1
scalp_fade_3m_lim,ETHUSDT,3m,1,STOP,2026-07-28T07:30:00.000Z,2026-07-28T07:47:59.999Z,5,-1.109040,0.1651,0.7754,-110.9040,25.2727,LONDON,-1
scalp_fade_3m_lim,ETHUSDT,3m,1,STOP,2026-07-28T08:54:00.000Z,2026-07-28T09:56:59.999Z,20,-1.103646,0.3617,1.4945,-110.3646,23.3132,LONDON,1
scalp_fade_3m_lim,ETHUSDT,3m,1,STOP,2026-07-28T10:21:00.000Z,2026-07-28T10:26:59.999Z,1,-1.086430,0.0201,0.8748,-108.6430,20.2409,LONDON,-1
scalp_fade_3m_lim,ETHUSDT,3m,1,TIME,2026-07-28T11:24:00.000Z,2026-07-28T12:26:59.999Z,20,-0.003968,0.4216,0.5247,-0.3968,15.0455,LONDON,1
scalp_fade_3m_lim,ETHUSDT,3m,1,STOP,2026-07-28T13:33:00.000Z,2026-07-28T13:38:59.999Z,1,-1.051278,0.4351,0.8905,-105.1278,12.0919,NY,1
scalp_fade_3m_lim,ETHUSDT,3m,-1,TIME,2026-07-28T18:03:00.000Z,2026-07-28T19:05:59.999Z,20,-1.036061,0.0578,0.8243,-103.6061,12.1022,NY,-1
scalp_fade_3m_lim,ETHUSDT,3m,-1,STOP,2026-07-28T21:36:00.000Z,2026-07-28T21:47:59.999Z,3,-1.115657,0.0217,1.6191,-111.5657,26.6217,LATE,-1
scalp_fade_3m_lim,ETHUSDT,3m,-1,TARGET,2026-07-28T22:03:00.000Z,2026-07-28T22:32:59.999Z,9,0.943876,1.0923,0.4172,94.3876,11.6527,LATE,1
scalp_fade_3m_lim,ETHUSDT,3m,-1,STOP,2026-07-28T23:33:00.000Z,2026-07-28T23:44:59.999Z,3,-1.074631,0.0140,0.7954,-107.4631,17.1057,LATE,-1
scalp_fade_3m_lim,ETHUSDT,3m,-1,STOP,2026-07-29T07:57:00.000Z,2026-07-29T07:59:59.999Z,0,-1.107424,0.0130,1.8783,-110.7424,24.8663,LONDON,-1
scalp_fade_3m_lim,ETHUSDT,3m,-1,TARGET,2026-07-29T08:00:00.000Z,2026-07-29T08:11:59.999Z,3,1.023082,1.2109,0.0782,102.3082,10.0094,LONDON,-1
scalp_fade_3m_lim,ETHUSDT,3m,-1,TARGET,2026-07-29T10:09:00.000Z,2026-07-29T10:53:59.999Z,14,0.891430,1.4445,0.0897,89.1430,12.7329,LONDON,1
scalp_fade_3m_lim,ETHUSDT,3m,1,STOP,2026-07-29T13:39:00.000Z,2026-07-29T14:26:59.999Z,15,-1.057411,0.9496,0.9525,-105.7411,13.1319,NY,-1
scalp_fade_3m_lim,ETHUSDT,3m,1,TARGET,2026-07-29T16:45:00.000Z,2026-07-29T17:11:59.999Z,8,1.084591,1.2400,0.0254,108.4591,8.7382,NY,1
scalp_fade_3m_lim,ETHUSDT,3m,1,TARGET,2026-07-29T18:33:00.000Z,2026-07-29T18:44:59.999Z,3,1.287650,1.3384,0.0170,128.7650,4.4857,NY,-1
scalp_fade_3m_lim,ETHUSDT,3m,-1,STOP,2026-07-30T01:09:00.000Z,2026-07-30T01:38:59.999Z,9,-1.052952,0.7537,0.9948,-105.2952,11.9295,ASIA,1
scalp_fade_3m_lim,ETHUSDT,3m,-1,TARGET,2026-07-30T03:18:00.000Z,2026-07-30T04:17:59.999Z,19,1.019057,1.1265,0.0315,101.9057,10.0412,ASIA,-1
scalp_fade_3m_lim,ETHUSDT,3m,1,STOP,2026-07-30T06:42:00.000Z,2026-07-30T06:50:59.999Z,2,-1.099824,0.0018,0.7410,-109.9824,23.2974,ASIA,-1
scalp_fade_3m_lim,ETHUSDT,3m,-1,TIME,2026-07-30T09:57:00.000Z,2026-07-30T10:59:59.999Z,20,-0.454648,0.3122,0.6345,-45.4648,22.5404,LONDON,1
scalp_fade_3m_lim,ETHUSDT,3m,-1,TARGET,2026-07-30T13:45:00.000Z,2026-07-30T14:14:59.999Z,9,1.129523,1.2418,0.7227,112.9523,7.7549,NY,-1
scalp_fade_3m_lim,ETHUSDT,3m,-1,TIME,2026-07-30T14:27:00.000Z,2026-07-30T15:29:59.999Z,20,0.351433,0.7890,0.1730,35.1433,11.7359,NY,-1
scalp_fade_3m_lim,ETHUSDT,3m,-1,TIME,2026-07-30T17:21:00.000Z,2026-07-30T18:23:59.999Z,20,-0.006088,0.6034,0.4783,-0.6088,20.0285,NY,-1
scalp_fade_3m_lim,ETHUSDT,3m,-1,STOP,2026-07-30T19:06:00.000Z,2026-07-30T19:11:59.999Z,1,-1.115173,0.0000,0.6987,-111.5173,26.6196,NY,-1
scalp_fade_3m_lim,ETHUSDT,3m,-1,TARGET,2026-07-30T20:03:00.000Z,2026-07-30T20:32:59.999Z,9,0.924212,1.0685,0.1334,92.4212,12.0656,NY,-1
scalp_fade_3m_lim,ETHUSDT,3m,-1,TARGET,2026-07-30T21:21:00.000Z,2026-07-30T21:53:59.999Z,10,0.717276,1.0935,0.2926,71.7276,16.4050,LATE,-1
scalp_fade_3m_lim,ETHUSDT,3m,-1,STOP,2026-07-30T22:03:00.000Z,2026-07-30T22:08:59.999Z,1,-1.093801,0.0771,0.9237,-109.3801,21.6417,LATE,1
scalp_fade_3m_lim,ETHUSDT,3m,1,STOP,2026-07-31T05:27:00.000Z,2026-07-31T05:38:59.999Z,3,-1.118158,0.1363,0.7163,-111.8158,27.4818,ASIA,1
scalp_fade_3m_lim,ETHUSDT,3m,1,STOP,2026-07-31T12:03:00.000Z,2026-07-31T12:11:59.999Z,2,-1.113663,0.0000,1.8032,-111.3663,26.4989,LONDON,-1
scalp_fade_3m_lim,ETHUSDT,3m,1,STOP,2026-07-31T13:33:00.000Z,2026-07-31T13:41:59.999Z,2,-1.071183,0.6965,0.8753,-107.1183,16.6716,NY,1
scalp_fade_3m_lim,ETHUSDT,3m,1,STOP,2026-07-31T20:03:00.000Z,2026-07-31T20:41:59.999Z,12,-1.109947,0.3926,0.8506,-110.9947,25.1195,NY,1
scalp_fade_3m_lim,ETHUSDT,3m,1,TARGET,2026-07-31T23:54:00.000Z,2026-08-01T00:26:59.999Z,10,0.707627,0.9080,0.3436,70.7627,16.6352,LATE,1
scalp_fade_3m_lim,ETHUSDT,3m,1,TARGET,2026-08-01T01:27:00.000Z,2026-08-01T02:20:59.999Z,17,0.602402,1.1254,0.2467,60.2402,18.7982,ASIA,-1
scalp_fade_3m_lim,ETHUSDT,3m,1,TARGET,2026-08-01T03:36:00.000Z,2026-08-01T04:23:59.999Z,15,0.507460,0.7681,0.0724,50.7460,20.7976,ASIA,-1
scalp_fade_3m_lim,ETHUSDT,3m,-1,STOP,2026-08-01T08:54:00.000Z,2026-08-01T09:02:59.999Z,2,-1.189028,0.0033,0.4511,-118.9028,43.7309,LONDON,1
scalp_fade_3m_lim,ETHUSDT,3m,-1,TARGET,2026-08-01T09:12:00.000Z,2026-08-01T09:56:59.999Z,14,0.420339,0.6899,0.2663,42.0339,22.6078,LONDON,1
scalp_fade_3m_lim,ETHUSDT,3m,-1,TARGET,2026-08-01T16:36:00.000Z,2026-08-01T16:53:59.999Z,5,0.620610,0.8865,0.4692,62.0610,18.4642,NY,-1
scalp_fade_3m_lim,ETHUSDT,3m,1,TARGET,2026-08-01T20:39:00.000Z,2026-08-01T21:02:59.999Z,7,0.937880,1.4820,0.0499,93.7880,11.8197,NY,1
scalp_fade_3m_lim,ETHUSDT,3m,1,TARGET,2026-08-01T23:57:00.000Z,2026-08-02T00:05:59.999Z,2,0.664220,1.0983,0.1287,66.4220,17.5913,LATE,-1
scalp_fade_3m_lim,ETHUSDT,3m,1,TARGET,2026-08-02T00:27:00.000Z,2026-08-02T01:08:59.999Z,13,0.790792,1.4417,0.3463,79.0792,14.8772,ASIA,1
scalp_fade_3m_lim,ETHUSDT,3m,-1,TARGET,2026-08-02T04:57:00.000Z,2026-08-02T05:08:59.999Z,3,0.767154,0.9587,0.2581,76.7154,15.3935,ASIA,-1
scalp_fade_3m_lim,ETHUSDT,3m,-1,TIME,2026-08-02T06:42:00.000Z,2026-08-02T07:44:59.999Z,20,-0.591455,0.3036,0.3279,-59.1455,31.9242,ASIA,-1
scalp_fade_3m_lim,ETHUSDT,3m,-1,STOP,2026-08-02T08:09:00.000Z,2026-08-02T08:11:59.999Z,0,-1.149614,0.0026,0.5914,-114.9614,34.7135,LONDON,-1
scalp_fade_3m_lim,ETHUSDT,3m,1,TARGET,2026-08-02T16:03:00.000Z,2026-08-02T16:32:59.999Z,9,0.725426,1.0926,0.1139,72.5426,16.2674,NY,-1
scalp_fade_3m_lim,ETHUSDT,3m,1,TIME,2026-08-03T02:30:00.000Z,2026-08-03T03:32:59.999Z,20,-0.895057,0.4445,0.5885,-89.5057,18.0408,ASIA,-1
scalp_fade_3m_lim,ETHUSDT,3m,1,TARGET,2026-08-03T13:30:00.000Z,2026-08-03T13:53:59.999Z,7,1.034920,1.8216,0.7546,103.4920,9.7834,NY,1
scalp_fade_3m_lim,ETHUSDT,3m,1,TARGET,2026-08-03T23:45:00.000Z,2026-08-04T00:11:59.999Z,8,0.779517,0.9379,0.1892,77.9517,15.1380,LATE,1
scalp_fade_3m_lim,ETHUSDT,3m,1,STOP,2026-08-04T00:18:00.000Z,2026-08-04T00:32:59.999Z,4,-1.091554,0.3464,0.7634,-109.1554,21.2960,ASIA,1
scalp_fade_3m_lim,ETHUSDT,3m,1,TARGET,2026-08-04T00:51:00.000Z,2026-08-04T01:41:59.999Z,16,1.121173,1.6506,0.5687,112.1173,7.9500,ASIA,1
scalp_fade_3m_lim,ETHUSDT,3m,-1,TARGET,2026-08-04T06:21:00.000Z,2026-08-04T06:38:59.999Z,5,0.790503,1.1492,0.2398,79.0503,14.8925,ASIA,-1
scalp_fade_3m_lim,ETHUSDT,3m,1,TARGET,2026-08-04T10:15:00.000Z,2026-08-04T10:23:59.999Z,2,0.755988,1.2130,0.1645,75.5988,15.6624,LONDON,1
scalp_fade_3m_lim,ETHUSDT,3m,-1,TIME,2026-08-04T15:45:00.000Z,2026-08-04T16:47:59.999Z,20,0.244072,0.7612,0.6535,24.4072,14.6645,NY,-1
scalp_fade_3m_lim,ETHUSDT,3m,-1,TIME,2026-08-04T17:03:00.000Z,2026-08-04T18:05:59.999Z,20,-0.540462,0.9926,0.5870,-54.0462,18.6085,NY,-1
scalp_fade_3m_lim,ETHUSDT,3m,-1,STOP,2026-08-04T22:18:00.000Z,2026-08-04T22:29:59.999Z,3,-1.110389,0.0967,0.6829,-111.0389,25.3998,LATE,-1
scalp_fade_3m_lim,ETHUSDT,3m,1,TIME,2026-08-05T00:42:00.000Z,2026-08-05T01:44:59.999Z,20,0.201508,1.0390,0.7116,20.1508,17.2610,ASIA,-1
scalp_fade_3m_lim,ETHUSDT,3m,-1,TARGET,2026-08-05T10:27:00.000Z,2026-08-05T10:50:59.999Z,7,0.796083,0.9707,0.4025,79.6083,14.7655,LONDON,-1
scalp_fade_3m_lim,ETHUSDT,3m,-1,TARGET,2026-08-05T20:15:00.000Z,2026-08-05T21:02:59.999Z,15,0.896933,1.8801,0.6102,89.6933,12.6134,NY,-1
scalp_fade_3m_lim,ETHUSDT,3m,-1,TIME,2026-08-06T00:12:00.000Z,2026-08-06T01:14:59.999Z,20,-0.275016,0.4036,0.6258,-27.5016,23.7651,ASIA,-1
scalp_fade_3m_lim,ETHUSDT,3m,-1,TARGET,2026-08-06T01:48:00.000Z,2026-08-06T02:17:59.999Z,9,0.857312,2.1142,0.3871,85.7312,13.4702,ASIA,-1
scalp_fade_3m_lim,ETHUSDT,3m,1,TARGET,2026-08-06T03:54:00.000Z,2026-08-06T04:17:59.999Z,7,0.741391,1.1269,0.5225,74.1391,15.9431,ASIA,1
scalp_fade_3m_lim,ETHUSDT,3m,-1,TARGET,2026-08-06T09:06:00.000Z,2026-08-06T09:14:59.999Z,2,0.947304,1.2949,0.1398,94.7304,11.6074,LONDON,1
scalp_fade_3m_lim,ETHUSDT,3m,1,STOP,2026-08-06T12:03:00.000Z,2026-08-06T12:14:59.999Z,3,-1.106795,0.1439,0.6597,-110.6795,24.8586,LONDON,1
scalp_fade_3m_lim,ETHUSDT,3m,1,STOP,2026-08-06T12:33:00.000Z,2026-08-06T12:56:59.999Z,7,-1.101647,0.3530,0.8649,-110.1647,23.4762,LONDON,-1
scalp_fade_3m_lim,ETHUSDT,3m,1,TARGET,2026-08-06T13:36:00.000Z,2026-08-06T13:41:59.999Z,1,1.026493,1.1387,0.1968,102.6493,9.9798,NY,-1
scalp_fade_3m_lim,ETHUSDT,3m,-1,TIME,2026-08-06T15:48:00.000Z,2026-08-06T16:50:59.999Z,20,-0.137705,0.9797,0.1694,-13.7705,15.4552,NY,-1
scalp_fade_3m_lim,ETHUSDT,3m,1,TIME,2026-08-06T19:48:00.000Z,2026-08-06T20:50:59.999Z,20,-0.721377,0.7797,0.3942,-72.1377,29.0473,NY,1
scalp_fade_3m_lim,ETHUSDT,3m,1,STOP,2026-08-06T21:45:00.000Z,2026-08-06T22:02:59.999Z,5,-1.129781,0.0316,0.8385,-112.9781,30.0413,LATE,1
scalp_fade_3m_lim,ETHUSDT,3m,1,TARGET,2026-08-07T00:39:00.000Z,2026-08-07T01:05:59.999Z,8,0.896269,1.1100,0.1100,89.6269,12.6888,ASIA,-1
scalp_fade_3m_lim,BTCUSDT,3m,-1,STOP,2025-08-07T18:54:00.000Z,2025-08-07T18:59:59.999Z,1,-1.126722,0.0004,0.7066,-112.6722,29.3096,NY,-1
scalp_fade_3m_lim,BTCUSDT,3m,-1,STOP,2025-08-07T22:12:00.000Z,2025-08-07T22:47:59.999Z,11,-1.103700,0.0941,0.7717,-110.3700,23.4602,LATE,-1
scalp_fade_3m_lim,BTCUSDT,3m,-1,TARGET,2025-08-08T00:03:00.000Z,2025-08-08T00:20:59.999Z,5,0.494078,2.3681,0.1851,49.4078,21.1244,ASIA,-1
scalp_fade_3m_lim,BTCUSDT,3m,-1,TARGET,2025-08-08T00:39:00.000Z,2025-08-08T01:05:59.999Z,8,1.067421,1.4020,0.0232,106.7421,9.0617,ASIA,-1
scalp_fade_3m_lim,BTCUSDT,3m,1,STOP,2025-08-08T05:12:00.000Z,2025-08-08T05:35:59.999Z,7,-1.155458,0.0202,0.5240,-115.5458,35.7976,ASIA,-1
scalp_fade_3m_lim,BTCUSDT,3m,1,TARGET,2025-08-08T06:18:00.000Z,2025-08-08T06:32:59.999Z,4,0.506938,0.7234,0.2688,50.6938,20.8836,ASIA,-1
scalp_fade_3m_lim,BTCUSDT,3m,1,STOP,2025-08-08T08:03:00.000Z,2025-08-08T08:32:59.999Z,9,-1.142790,0.6018,0.8053,-114.2790,32.7627,LONDON,1
scalp_fade_3m_lim,BTCUSDT,3m,1,STOP,2025-08-08T12:09:00.000Z,2025-08-08T12:11:59.999Z,0,-1.151854,0.0004,0.5681,-115.1854,35.4807,LONDON,1
scalp_fade_3m_lim,BTCUSDT,3m,1,TARGET,2025-08-08T13:33:00.000Z,2025-08-08T13:38:59.999Z,1,0.616096,0.8249,0.2350,61.6096,18.6090,NY,-1
scalp_fade_3m_lim,BTCUSDT,3m,1,TIME,2025-08-08T18:39:00.000Z,2025-08-08T19:41:59.999Z,20,-0.482368,0.6975,0.3470,-48.2368,22.0078,NY,1
scalp_fade_3m_lim,BTCUSDT,3m,1,TARGET,2025-08-08T20:00:00.000Z,2025-08-08T20:44:59.999Z,14,0.705682,1.2361,0.4803,70.5682,16.6542,NY,-1
scalp_fade_3m_lim,BTCUSDT,3m,-1,TARGET,2025-08-08T23:03:00.000Z,2025-08-08T23:32:59.999Z,9,0.336296,0.8892,0.0737,33.6296,24.4095,LATE,-1
scalp_fade_3m_lim,BTCUSDT,3m,1,TARGET,2025-08-09T04:45:00.000Z,2025-08-09T05:08:59.999Z,7,0.716557,1.2006,0.1487,71.6557,16.4642,ASIA,1
scalp_fade_3m_lim,BTCUSDT,3m,-1,TIME,2025-08-09T05:39:00.000Z,2025-08-09T06:41:59.999Z,20,0.010137,0.7460,0.4147,1.0137,23.4074,ASIA,1
scalp_fade_3m_lim,BTCUSDT,3m,-1,STOP,2025-08-09T08:54:00.000Z,2025-08-09T09:08:59.999Z,4,-1.101385,0.0845,0.6749,-110.1385,23.2633,LONDON,1
scalp_fade_3m_lim,BTCUSDT,3m,1,TIME,2025-08-09T15:24:00.000Z,2025-08-09T16:26:59.999Z,20,-0.843665,0.2465,0.4466,-84.3665,23.8238,NY,1
scalp_fade_3m_lim,BTCUSDT,3m,1,TIME,2025-08-10T01:09:00.000Z,2025-08-10T02:11:59.999Z,20,-0.702059,0.2221,0.4000,-70.2059,36.0974,ASIA,1
scalp_fade_3m_lim,BTCUSDT,3m,-1,TARGET,2025-08-10T06:54:00.000Z,2025-08-10T07:38:59.999Z,14,0.856273,1.0484,0.5015,85.6273,13.4699,ASIA,-1
scalp_fade_3m_lim,BTCUSDT,3m,-1,STOP,2025-08-10T11:21:00.000Z,2025-08-10T11:29:59.999Z,2,-1.130283,0.0425,0.7695,-113.0283,30.0764,LONDON,-1
scalp_fade_3m_lim,BTCUSDT,3m,-1,STOP,2025-08-10T12:00:00.000Z,2025-08-10T12:08:59.999Z,2,-1.114065,0.3276,0.7266,-111.4065,26.3069,LONDON,-1
scalp_fade_3m_lim,BTCUSDT,3m,-1,STOP,2025-08-10T13:42:00.000Z,2025-08-10T14:23:59.999Z,13,-1.115929,0.7250,0.7980,-111.5929,26.1443,NY,-1
scalp_fade_3m_lim,BTCUSDT,3m,-1,STOP,2025-08-10T14:36:00.000Z,2025-08-10T14:47:59.999Z,3,-1.108184,0.2232,0.6823,-110.8184,24.8883,NY,1
scalp_fade_3m_lim,BTCUSDT,3m,-1,STOP,2025-08-10T14:48:00.000Z,2025-08-10T15:08:59.999Z,6,-1.101083,0.3558,0.7037,-110.1083,23.0979,NY,1
scalp_fade_3m_lim,BTCUSDT,3m,-1,TIME,2025-08-10T15:48:00.000Z,2025-08-10T16:50:59.999Z,20,-0.025637,0.5748,0.3349,-2.5637,23.4901,NY,1
scalp_fade_3m_lim,BTCUSDT,3m,-1,STOP,2025-08-10T18:51:00.000Z,2025-08-10T19:17:59.999Z,8,-1.175557,0.5918,0.5194,-117.5557,40.1009,NY,-1
scalp_fade_3m_lim,BTCUSDT,3m,-1,TARGET,2025-08-10T19:39:00.000Z,2025-08-10T20:11:59.999Z,10,0.515968,1.1175,0.3760,51.5968,20.6303,NY,1
scalp_fade_3m_lim,BTCUSDT,3m,-1,STOP,2025-08-11T00:12:00.000Z,2025-08-11T00:23:59.999Z,3,-1.116706,0.2492,0.8640,-111.6706,26.8652,ASIA,-1
scalp_fade_3m_lim,BTCUSDT,3m,-1,STOP,2025-08-11T01:33:00.000Z,2025-08-11T01:59:59.999Z,8,-1.081911,0.3478,1.0767,-108.1911,18.6021,ASIA,-1
scalp_fade_3m_lim,BTCUSDT,3m,-1,STOP,2025-08-11T04:24:00.000Z,2025-08-11T04:53:59.999Z,9,-1.091444,0.3901,1.6722,-109.1444,20.7482,ASIA,1
scalp_fade_3m_lim,BTCUSDT,3m,-1,TIME,2025-08-11T04:54:00.000Z,2025-08-11T05:56:59.999Z,20,-0.201351,0.5654,0.4936,-20.1351,17.1952,ASIA,-1
scalp_fade_3m_lim,BTCUSDT,3m,1,STOP,2025-08-11T21:33:00.000Z,2025-08-11T21:38:59.999Z,1,-1.100271,0.0246,1.1888,-110.0271,23.4494,LATE,1
scalp_fade_3m_lim,BTCUSDT,3m,1,TARGET,2025-08-12T00:03:00.000Z,2025-08-12T00:59:59.999Z,18,0.743910,1.0674,0.4261,74.3910,15.8331,ASIA,-1
scalp_fade_3m_lim,BTCUSDT,3m,1,STOP,2025-08-12T05:03:00.000Z,2025-08-12T05:23:59.999Z,6,-1.114712,0.2949,0.6323,-111.4712,26.5222,ASIA,1
scalp_fade_3m_lim,BTCUSDT,3m,1,STOP,2025-08-12T07:36:00.000Z,2025-08-12T08:02:59.999Z,8,-1.157134,0.3286,0.5122,-115.7134,36.1073,LONDON,-1
scalp_fade_3m_lim,BTCUSDT,3m,1,STOP,2025-08-12T08:54:00.000Z,2025-08-12T09:08:59.999Z,4,-1.133625,0.0351,0.9311,-113.3625,30.9886,LONDON,-1
scalp_fade_3m_lim,BTCUSDT,3m,1,TARGET,2025-08-12T11:12:00.000Z,2025-08-12T11:35:59.999Z,7,0.817913,1.1601,0.2482,81.7913,14.3373,LONDON,-1
scalp_fade_3m_lim,BTCUSDT,3m,-1,TARGET,2025-08-12T17:21:00.000Z,2025-08-12T17:29:59.999Z,2,0.884090,1.3152,0.3559,88.4090,12.9377,NY,-1
scalp_fade_3m_lim,BTCUSDT,3m,-1,STOP,2025-08-12T22:33:00.000Z,2025-08-12T22:59:59.999Z,8,-1.115850,0.1106,0.7301,-111.5850,26.3936,LATE,-1
scalp_fade_3m_lim,BTCUSDT,3m,-1,TARGET,2025-08-12T23:57:00.000Z,2025-08-13T00:50:59.999Z,17,0.820175,1.0619,0.0889,82.0175,14.2126,LATE,1
scalp_fade_3m_lim,BTCUSDT,3m,1,TARGET,2025-08-13T03:06:00.000Z,2025-08-13T04:08:59.999Z,20,0.819392,1.1106,0.4459,81.9392,14.2456,ASIA,-1
scalp_fade_3m_lim,BTCUSDT,3m,1,STOP,2025-08-13T05:36:00.000Z,2025-08-13T05:44:59.999Z,2,-1.101647,0.0003,0.9245,-110.1647,23.7191,ASIA,1
scalp_fade_3m_lim,BTCUSDT,3m,-1,STOP,2025-08-13T13:09:00.000Z,2025-08-13T13:26:59.999Z,5,-1.107063,0.0000,1.0065,-110.7063,24.5268,NY,1
scalp_fade_3m_lim,BTCUSDT,3m,-1,STOP,2025-08-13T13:48:00.000Z,2025-08-13T13:50:59.999Z,0,-1.072289,0.0979,1.8313,-107.2289,16.6656,NY,-1
scalp_fade_3m_lim,BTCUSDT,3m,-1,STOP,2025-08-13T13:51:00.000Z,2025-08-13T13:56:59.999Z,1,-1.051918,0.1273,0.8390,-105.1918,11.8863,NY,-1
scalp_fade_3m_lim,BTCUSDT,3m,-1,STOP,2025-08-13T21:06:00.000Z,2025-08-13T21:08:59.999Z,0,-1.107933,0.0514,0.7294,-110.7933,24.9852,LATE,1
scalp_fade_3m_lim,BTCUSDT,3m,-1,STOP,2025-08-13T22:03:00.000Z,2025-08-13T22:41:59.999Z,12,-1.075722,0.1990,1.7786,-107.5722,17.0418,LATE,-1
scalp_fade_3m_lim,BTCUSDT,3m,-1,STOP,2025-08-14T00:03:00.000Z,2025-08-14T00:14:59.999Z,3,-1.092175,0.0511,0.9088,-109.2175,21.1751,ASIA,1
scalp_fade_3m_lim,BTCUSDT,3m,-1,TIME,2025-08-14T00:39:00.000Z,2025-08-14T01:41:59.999Z,20,0.228142,0.7898,0.2476,22.8142,11.6325,ASIA,1
scalp_fade_3m_lim,BTCUSDT,3m,-1,STOP,2025-08-14T02:33:00.000Z,2025-08-14T02:56:59.999Z,7,-1.102593,0.1902,0.6789,-110.2593,23.3980,ASIA,-1
scalp_fade_3m_lim,BTCUSDT,3m,1,STOP,2025-08-14T09:33:00.000Z,2025-08-14T10:05:59.999Z,10,-1.112874,0.1947,0.7200,-111.2874,25.8880,LONDON,1
scalp_fade_3m_lim,BTCUSDT,3m,1,STOP,2025-08-14T12:06:00.000Z,2025-08-14T12:17:59.999Z,3,-1.125532,0.5763,0.7876,-112.5532,29.1842,LONDON,-1
scalp_fade_3m_lim,BTCUSDT,3m,1,STOP,2025-08-14T12:18:00.000Z,2025-08-14T12:23:59.999Z,1,-1.100676,0.6528,0.8766,-110.0676,23.5432,LONDON,-1
scalp_fade_3m_lim,BTCUSDT,3m,1,STOP,2025-08-14T12:33:00.000Z,2025-08-14T12:35:59.999Z,0,-1.052497,0.0733,4.2801,-105.2497,12.4004,LONDON,1
scalp_fade_3m_lim,BTCUSDT,3m,1,STOP,2025-08-14T18:15:00.000Z,2025-08-14T18:23:59.999Z,2,-1.084217,0.1083,1.4247,-108.4217,19.6870,NY,1
scalp_fade_3m_lim,BTCUSDT,3m,1,TIME,2025-08-14T19:57:00.000Z,2025-08-14T20:59:59.999Z,20,-0.617892,0.2648,0.5972,-61.7892,16.9167,NY,1
scalp_fade_3m_lim,BTCUSDT,3m,1,STOP,2025-08-14T21:24:00.000Z,2025-08-14T21:26:59.999Z,0,-1.105420,0.0003,0.9385,-110.5420,24.6943,LATE,1
scalp_fade_3m_lim,BTCUSDT,3m,1,STOP,2025-08-14T21:27:00.000Z,2025-08-14T21:35:59.999Z,2,-1.090627,0.3855,0.8166,-109.0627,21.1699,LATE,1
scalp_fade_3m_lim,BTCUSDT,3m,1,TARGET,2025-08-15T00:48:00.000Z,2025-08-15T01:50:59.999Z,20,0.938526,1.1260,0.6476,93.8526,11.7562,ASIA,1
scalp_fade_3m_lim,BTCUSDT,3m,-1,STOP,2025-08-15T05:57:00.000Z,2025-08-15T06:02:59.999Z,1,-1.117212,0.0003,1.0270,-111.7212,27.0944,ASIA,-1
scalp_fade_3m_lim,BTCUSDT,3m,-1,TIME,2025-08-15T10:03:00.000Z,2025-08-15T11:05:59.999Z,20,-0.978424,0.1854,0.5319,-97.8424,26.0399,LONDON,-1
scalp_fade_3m_lim,BTCUSDT,3m,-1,TIME,2025-08-15T11:18:00.000Z,2025-08-15T12:20:59.999Z,20,0.034456,0.6715,0.4737,3.4456,31.2284,LONDON,1
scalp_fade_3m_lim,BTCUSDT,3m,-1,TARGET,2025-08-15T12:33:00.000Z,2025-08-15T13:11:59.999Z,12,1.000481,1.1233,0.0879,100.0481,10.4539,LONDON,1
scalp_fade_3m_lim,BTCUSDT,3m,1,STOP,2025-08-15T14:06:00.000Z,2025-08-15T14:47:59.999Z,13,-1.063213,0.4188,1.2819,-106.3213,14.4976,NY,-1
scalp_fade_3m_lim,BTCUSDT,3m,1,STOP,2025-08-15T23:09:00.000Z,2025-08-15T23:17:59.999Z,2,-1.107597,0.0000,0.7817,-110.7597,25.0956,LATE,1
scalp_fade_3m_lim,BTCUSDT,3m,-1,TARGET,2025-08-16T09:06:00.000Z,2025-08-16T09:53:59.999Z,15,0.525187,0.9151,0.3403,52.5187,20.4033,LONDON,1
scalp_fade_3m_lim,BTCUSDT,3m,1,STOP,2025-08-16T12:06:00.000Z,2025-08-16T12:26:59.999Z,6,-1.172714,0.3344,0.4421,-117.2714,39.8302,LONDON,1
scalp_fade_3m_lim,BTCUSDT,3m,-1,STOP,2025-08-16T16:06:00.000Z,2025-08-16T16:17:59.999Z,3,-1.177172,0.1423,0.4230,-117.7172,40.8903,NY,-1
scalp_fade_3m_lim,BTCUSDT,3m,1,STOP,2025-08-17T00:06:00.000Z,2025-08-17T00:50:59.999Z,14,-1.163037,0.3054,0.5093,-116.3037,37.0028,ASIA,1
scalp_fade_3m_lim,BTCUSDT,3m,1,TARGET,2025-08-17T01:15:00.000Z,2025-08-17T01:38:59.999Z,7,0.563849,0.9855,0.2695,56.3849,19.6688,ASIA,-1
scalp_fade_3m_lim,BTCUSDT,3m,-1,STOP,2025-08-17T13:30:00.000Z,2025-08-17T13:38:59.999Z,2,-1.179757,0.1351,0.4556,-117.9757,41.5758,NY,-1
scalp_fade_3m_lim,BTCUSDT,3m,-1,STOP,2025-08-17T15:54:00.000Z,2025-08-17T16:02:59.999Z,2,-1.189409,0.0005,0.4398,-118.9409,43.8194,NY,-1
scalp_fade_3m_lim,BTCUSDT,3m,1,STOP,2025-08-17T23:06:00.000Z,2025-08-17T23:20:59.999Z,4,-1.152546,0.0760,0.9187,-115.2546,35.3479,LATE,1
scalp_fade_3m_lim,BTCUSDT,3m,1,TIME,2025-08-18T04:00:00.000Z,2025-08-18T05:02:59.999Z,20,0.186405,0.5742,0.6097,18.6405,20.4742,ASIA,-1
scalp_fade_3m_lim,BTCUSDT,3m,1,TIME,2025-08-18T08:06:00.000Z,2025-08-18T09:08:59.999Z,20,-0.830760,0.6868,0.4231,-83.0760,22.7873,LONDON,-1
scalp_fade_3m_lim,BTCUSDT,3m,1,TARGET,2025-08-18T12:00:00.000Z,2025-08-18T12:11:59.999Z,3,0.626593,0.9428,0.1866,62.6593,18.3762,LONDON,-1
scalp_fade_3m_lim,BTCUSDT,3m,1,TARGET,2025-08-18T12:24:00.000Z,2025-08-18T12:38:59.999Z,4,0.712912,0.9700,0.1262,71.2912,16.5570,LONDON,-1
scalp_fade_3m_lim,BTCUSDT,3m,1,STOP,2025-08-19T06:48:00.000Z,2025-08-19T07:23:59.999Z,11,-1.108475,0.3895,0.8755,-110.8475,24.8362,ASIA,1
scalp_fade_3m_lim,BTCUSDT,3m,1,TIME,2025-08-19T07:42:00.000Z,2025-08-19T08:44:59.999Z,20,0.082590,0.6976,0.1550,8.2590,20.9440,LONDON,-1
scalp_fade_3m_lim,BTCUSDT,3m,1,TARGET,2025-08-19T10:33:00.000Z,2025-08-19T11:20:59.999Z,15,0.719096,0.8890,0.1659,71.9096,16.3680,LONDON,1
scalp_fade_3m_lim,BTCUSDT,3m,-1,STOP,2025-08-19T12:57:00.000Z,2025-08-19T13:23:59.999Z,8,-1.112625,0.1055,0.6726,-111.2625,25.6533,LONDON,-1
scalp_fade_3m_lim,BTCUSDT,3m,1,STOP,2025-08-19T16:39:00.000Z,2025-08-19T17:02:59.999Z,7,-1.085673,0.1889,0.9299,-108.5673,19.8187,NY,-1
scalp_fade_3m_lim,BTCUSDT,3m,1,TIME,2025-08-19T23:39:00.000Z,2025-08-20T00:41:59.999Z,20,0.310802,0.8549,0.4533,31.0802,18.7071,LATE,-1
scalp_fade_3m_lim,BTCUSDT,3m,1,STOP,2025-08-20T01:27:00.000Z,2025-08-20T01:38:59.999Z,3,-1.087901,0.0852,1.0914,-108.7901,20.4969,ASIA,1
scalp_fade_3m_lim,BTCUSDT,3m,1,STOP,2025-08-20T13:42:00.000Z,2025-08-20T13:47:59.999Z,1,-1.065371,0.5322,0.7893,-106.5371,15.3589,NY,-1
scalp_fade_3m_lim,BTCUSDT,3m,-1,TIME,2025-08-20T21:42:00.000Z,2025-08-20T22:44:59.999Z,20,-0.888574,0.4769,0.5086,-88.8574,23.0643,LATE,1
scalp_fade_3m_lim,BTCUSDT,3m,-1,STOP,2025-08-21T00:33:00.000Z,2025-08-21T00:44:59.999Z,3,-1.135082,0.0004,1.0412,-113.5082,31.1275,ASIA,-1
scalp_fade_3m_lim,BTCUSDT,3m,-1,STOP,2025-08-21T03:03:00.000Z,2025-08-21T03:08:59.999Z,1,-1.112551,0.0364,0.9357,-111.2551,26.0088,ASIA,-1
scalp_fade_3m_lim,BTCUSDT,3m,1,STOP,2025-08-21T06:03:00.000Z,2025-08-21T06:08:59.999Z,1,-1.123714,0.0439,0.7369,-112.3714,28.8838,ASIA,1
scalp_fade_3m_lim,BTCUSDT,3m,1,STOP,2025-08-21T06:39:00.000Z,2025-08-21T07:20:59.999Z,13,-1.138817,0.7042,0.5499,-113.8817,31.5992,ASIA,-1
scalp_fade_3m_lim,BTCUSDT,3m,1,STOP,2025-08-21T08:21:00.000Z,2025-08-21T09:02:59.999Z,13,-1.119063,0.5420,0.7083,-111.9063,27.1308,LONDON,1
scalp_fade_3m_lim,BTCUSDT,3m,1,STOP,2025-08-21T11:39:00.000Z,2025-08-21T11:47:59.999Z,2,-1.122500,0.3237,0.9676,-112.2500,28.5434,LONDON,1
scalp_fade_3m_lim,BTCUSDT,3m,1,STOP,2025-08-21T16:33:00.000Z,2025-08-21T16:59:59.999Z,8,-1.084679,0.0469,1.0901,-108.4679,19.5511,NY,-1
scalp_fade_3m_lim,BTCUSDT,3m,1,TIME,2025-08-21T18:09:00.000Z,2025-08-21T19:11:59.999Z,20,0.197386,0.8669,0.5941,19.7386,21.7578,NY,-1
scalp_fade_3m_lim,BTCUSDT,3m,1,STOP,2025-08-21T20:33:00.000Z,2025-08-21T20:35:59.999Z,0,-1.102855,0.0550,0.7017,-110.2855,24.0984,NY,1
scalp_fade_3m_lim,BTCUSDT,3m,1,TARGET,2025-08-21T21:03:00.000Z,2025-08-21T21:35:59.999Z,10,1.024575,1.1306,0.3132,102.4575,9.9907,LATE,1
scalp_fade_3m_lim,BTCUSDT,3m,-1,STOP,2025-08-22T05:12:00.000Z,2025-08-22T05:50:59.999Z,12,-1.115955,0.5352,0.7978,-111.5955,26.2032,ASIA,-1
scalp_fade_3m_lim,BTCUSDT,3m,-1,TARGET,2025-08-22T06:30:00.000Z,2025-08-22T06:38:59.999Z,2,0.824742,1.2102,0.1713,82.4742,14.1867,ASIA,1
scalp_fade_3m_lim,BTCUSDT,3m,1,STOP,2025-08-22T12:03:00.000Z,2025-08-22T12:11:59.999Z,2,-1.122185,0.2478,1.0211,-112.2185,28.4704,LONDON,-1
scalp_fade_3m_lim,BTCUSDT,3m,-1,STOP,2025-08-22T17:03:00.000Z,2025-08-22T17:14:59.999Z,3,-1.082321,0.0481,0.7337,-108.2321,18.8893,NY,-1
scalp_fade_3m_lim,BTCUSDT,3m,-1,STOP,2025-08-22T21:09:00.000Z,2025-08-22T21:50:59.999Z,13,-1.114687,0.4662,0.6757,-111.4687,25.8619,LATE,-1
scalp_fade_3m_lim,BTCUSDT,3m,1,TIME,2025-08-23T03:18:00.000Z,2025-08-23T04:20:59.999Z,20,-0.471610,0.0572,0.6974,-47.1610,18.2159,ASIA,-1
scalp_fade_3m_lim,BTCUSDT,3m,1,STOP,2025-08-23T08:24:00.000Z,2025-08-23T08:32:59.999Z,2,-1.154149,0.0004,0.5940,-115.4149,35.8648,LONDON,1
scalp_fade_3m_lim,BTCUSDT,3m,1,TIME,2025-08-23T09:06:00.000Z,2025-08-23T10:08:59.999Z,20,-0.795404,0.4276,0.3414,-79.5404,34.5247,LONDON,-1
scalp_fade_3m_lim,BTCUSDT,3m,1,STOP,2025-08-23T13:48:00.000Z,2025-08-23T13:56:59.999Z,2,-1.105789,0.1421,0.7651,-110.5789,24.6775,NY,1
scalp_fade_3m_lim,BTCUSDT,3m,1,TIME,2025-08-23T19:15:00.000Z,2025-08-23T20:17:59.999Z,20,-0.654657,0.4780,0.2802,-65.4657,46.0441,NY,1
scalp_fade_3m_lim,BTCUSDT,3m,1,STOP,2025-08-23T21:12:00.000Z,2025-08-23T21:41:59.999Z,9,-1.157328,0.1282,0.6007,-115.7328,36.0781,LATE,1
scalp_fade_3m_lim,BTCUSDT,3m,1,TARGET,2025-08-23T21:57:00.000Z,2025-08-23T22:08:59.999Z,3,0.445458,0.8609,0.3194,44.5458,22.1823,LATE,1
scalp_fade_3m_lim,BTCUSDT,3m,-1,STOP,2025-08-24T00:09:00.000Z,2025-08-24T00:23:59.999Z,4,-1.202312,0.0075,0.3718,-120.2312,46.6251,ASIA,1
scalp_fade_3m_lim,BTCUSDT,3m,1,STOP,2025-08-24T05:06:00.000Z,2025-08-24T05:32:59.999Z,8,-1.163328,0.3417,0.5146,-116.3328,37.5228,ASIA,-1
scalp_fade_3m_lim,BTCUSDT,3m,1,STOP,2025-08-24T07:51:00.000Z,2025-08-24T08:05:59.999Z,4,-1.153335,0.0292,0.8888,-115.3335,35.5297,LONDON,1
scalp_fade_3m_lim,BTCUSDT,3m,1,STOP,2025-08-24T08:15:00.000Z,2025-08-24T09:14:59.999Z,19,-1.141810,0.1481,0.8721,-114.1810,31.8893,LONDON,-1
scalp_fade_3m_lim,BTCUSDT,3m,1,TARGET,2025-08-24T13:03:00.000Z,2025-08-24T13:20:59.999Z,5,0.453050,1.0073,0.1334,45.3050,22.0083,NY,-1
scalp_fade_3m_lim,BTCUSDT,3m,1,STOP,2025-08-24T13:33:00.000Z,2025-08-24T13:59:59.999Z,8,-1.139803,0.3485,0.5951,-113.9803,32.1471,NY,1
scalp_fade_3m_lim,BTCUSDT,3m,1,TARGET,2025-08-24T14:21:00.000Z,2025-08-24T15:08:59.999Z,15,0.818017,1.1241,0.0989,81.8017,14.2976,NY,1
scalp_fade_3m_lim,BTCUSDT,3m,1,STOP,2025-08-24T16:15:00.000Z,2025-08-24T16:56:59.999Z,13,-1.119065,0.1261,0.9144,-111.9065,27.1311,NY,-1
scalp_fade_3m_lim,BTCUSDT,3m,1,TARGET,2025-08-24T18:03:00.000Z,2025-08-24T18:14:59.999Z,3,0.842117,1.1883,0.1382,84.2117,13.8475,NY,1
scalp_fade_3m_lim,BTCUSDT,3m,1,STOP,2025-08-24T18:54:00.000Z,2025-08-24T19:35:59.999Z,13,-1.108126,0.5681,4.2713,-110.8126,24.6568,NY,1
scalp_fade_3m_lim,BTCUSDT,3m,1,TARGET,2025-08-24T22:06:00.000Z,2025-08-24T22:47:59.999Z,13,1.033620,1.1378,0.5561,103.3620,9.7914,LATE,-1
scalp_fade_3m_lim,BTCUSDT,3m,1,STOP,2025-08-25T00:03:00.000Z,2025-08-25T00:20:59.999Z,5,-1.106523,0.2574,0.7430,-110.6523,24.6939,ASIA,1
scalp_fade_3m_lim,BTCUSDT,3m,1,STOP,2025-08-25T05:48:00.000Z,2025-08-25T05:59:59.999Z,3,-1.110763,0.0315,0.7156,-111.0763,25.7746,ASIA,-1
scalp_fade_3m_lim,BTCUSDT,3m,1,STOP,2025-08-25T13:33:00.000Z,2025-08-25T13:44:59.999Z,3,-1.071798,0.3088,1.0413,-107.1798,16.7792,NY,1
scalp_fade_3m_lim,BTCUSDT,3m,-1,TIME,2025-08-25T17:09:00.000Z,2025-08-25T18:11:59.999Z,20,0.014401,0.6246,0.4850,1.4401,15.7897,NY,1
scalp_fade_3m_lim,BTCUSDT,3m,1,STOP,2025-08-26T00:03:00.000Z,2025-08-26T00:11:59.999Z,2,-1.080715,0.1255,0.7472,-108.0715,18.8767,ASIA,1
scalp_fade_3m_lim,BTCUSDT,3m,1,STOP,2025-08-26T00:36:00.000Z,2025-08-26T00:44:59.999Z,2,-1.054118,0.0002,0.9072,-105.4118,12.7239,ASIA,-1
scalp_fade_3m_lim,BTCUSDT,3m,1,TIME,2025-08-26T02:54:00.000Z,2025-08-26T03:56:59.999Z,20,0.377955,0.8555,0.3091,37.7955,17.6433,ASIA,-1
scalp_fade_3m_lim,BTCUSDT,3m,1,STOP,2025-08-26T06:03:00.000Z,2025-08-26T06:20:59.999Z,5,-1.123283,0.5425,0.6248,-112.3283,28.5471,ASIA,1
scalp_fade_3m_lim,BTCUSDT,3m,1,STOP,2025-08-26T06:21:00.000Z,2025-08-26T07:08:59.999Z,15,-1.100136,0.1291,0.6866,-110.0136,22.7573,ASIA,1
scalp_fade_3m_lim,BTCUSDT,3m,1,TARGET,2025-08-26T07:12:00.000Z,2025-08-26T07:35:59.999Z,7,0.895440,1.6880,0.3599,89.5440,12.7104,LONDON,-1
scalp_fade_3m_lim,BTCUSDT,3m,1,TARGET,2025-08-26T10:03:00.000Z,2025-08-26T10:20:59.999Z,5,0.816036,1.0405,0.1077,81.6036,14.3861,LONDON,-1
scalp_fade_3m_lim,BTCUSDT,3m,-1,TARGET,2025-08-26T10:45:00.000Z,2025-08-26T11:05:59.999Z,6,0.693988,0.9947,0.0844,69.3988,16.9160,LONDON,1
scalp_fade_3m_lim,BTCUSDT,3m,1,STOP,2025-08-26T12:57:00.000Z,2025-08-26T13:50:59.999Z,17,-1.055989,0.4080,1.0685,-105.5989,12.7600,LONDON,1
scalp_fade_3m_lim,BTCUSDT,3m,-1,TARGET,2025-08-27T02:21:00.000Z,2025-08-27T03:11:59.999Z,16,0.823238,1.0734,0.4878,82.3238,14.1531,ASIA,-1
scalp_fade_3m_lim,BTCUSDT,3m,1,TARGET,2025-08-27T10:39:00.000Z,2025-08-27T11:38:59.999Z,19,0.874396,1.0400,0.0885,87.4396,13.1005,LONDON,1
scalp_fade_3m_lim,BTCUSDT,3m,-1,STOP,2025-08-27T13:33:00.000Z,2025-08-27T13:44:59.999Z,3,-1.092874,0.8183,1.4086,-109.2874,21.3371,NY,1
scalp_fade_3m_lim,BTCUSDT,3m,-1,STOP,2025-08-27T14:06:00.000Z,2025-08-27T14:26:59.999Z,6,-1.052123,0.0763,0.8544,-105.2123,11.8118,NY,-1
scalp_fade_3m_lim,BTCUSDT,3m,-1,TIME,2025-08-27T14:48:00.000Z,2025-08-27T15:50:59.999Z,20,0.076714,0.7826,0.1897,7.6714,11.5259,NY,1
scalp_fade_3m_lim,BTCUSDT,3m,1,TARGET,2025-08-28T00:03:00.000Z,2025-08-28T00:17:59.999Z,4,0.780441,0.9486,0.0789,78.0441,15.1385,ASIA,-1
scalp_fade_3m_lim,BTCUSDT,3m,1,TARGET,2025-08-28T00:24:00.000Z,2025-08-28T00:47:59.999Z,7,0.936129,1.0904,0.5408,93.6129,11.8565,ASIA,-1
scalp_fade_3m_lim,BTCUSDT,3m,-1,TIME,2025-08-28T07:24:00.000Z,2025-08-28T08:26:59.999Z,20,0.043552,0.7142,0.4763,4.3552,27.4867,LONDON,1
scalp_fade_3m_lim,BTCUSDT,3m,-1,STOP,2025-08-28T12:33:00.000Z,2025-08-28T12:53:59.999Z,6,-1.114151,0.3504,0.7440,-111.4151,26.1105,LONDON,-1
scalp_fade_3m_lim,BTCUSDT,3m,1,STOP,2025-08-29T00:36:00.000Z,2025-08-29T01:05:59.999Z,9,-1.092354,0.1764,1.0578,-109.2354,21.2613,ASIA,-1
scalp_fade_3m_lim,BTCUSDT,3m,1,STOP,2025-08-29T05:06:00.000Z,2025-08-29T05:26:59.999Z,6,-1.113587,0.2351,0.6983,-111.3587,26.2639,ASIA,-1
scalp_fade_3m_lim,BTCUSDT,3m,1,STOP,2025-08-29T06:03:00.000Z,2025-08-29T06:17:59.999Z,4,-1.114061,0.0951,0.9768,-111.4061,26.4815,ASIA,-1
scalp_fade_3m_lim,BTCUSDT,3m,1,TARGET,2025-08-29T06:39:00.000Z,2025-08-29T06:44:59.999Z,1,0.678876,1.2207,0.4526,67.8876,17.2889,ASIA,-1
scalp_fade_3m_lim,BTCUSDT,3m,1,STOP,2025-08-29T07:06:00.000Z,2025-08-29T07:14:59.999Z,2,-1.077204,0.1475,1.2682,-107.7204,18.0645,LONDON,-1
scalp_fade_3m_lim,BTCUSDT,3m,1,STOP,2025-08-29T13:33:00.000Z,2025-08-29T13:41:59.999Z,2,-1.069935,0.1382,1.5227,-106.9935,16.3830,NY,-1
scalp_fade_3m_lim,BTCUSDT,3m,1,TIME,2025-08-29T15:36:00.000Z,2025-08-29T16:38:59.999Z,20,0.247951,0.5044,0.6149,24.7951,13.2345,NY,1
scalp_fade_3m_lim,BTCUSDT,3m,1,STOP,2025-08-29T18:00:00.000Z,2025-08-29T18:20:59.999Z,6,-1.088498,0.1311,0.9535,-108.8498,20.5075,NY,-1
scalp_fade_3m_lim,BTCUSDT,3m,1,TARGET,2025-08-29T19:06:00.000Z,2025-08-29T19:11:59.999Z,1,0.951103,1.1687,0.0385,95.1103,11.5650,NY,-1
scalp_fade_3m_lim,BTCUSDT,3m,-1,STOP,2025-08-30T11:39:00.000Z,2025-08-30T11:50:59.999Z,3,-1.170519,0.0005,0.6903,-117.0519,39.3471,LONDON,1
scalp_fade_3m_lim,BTCUSDT,3m,-1,TARGET,2025-08-30T12:48:00.000Z,2025-08-30T13:08:59.999Z,6,0.763324,1.1210,0.1612,76.3324,15.4588,LONDON,-1
scalp_fade_3m_lim,BTCUSDT,3m,-1,STOP,2025-08-30T14:30:00.000Z,2025-08-30T14:47:59.999Z,5,-1.153875,0.0846,0.6353,-115.3875,35.3402,NY,1
scalp_fade_3m_lim,BTCUSDT,3m,-1,STOP,2025-08-30T15:18:00.000Z,2025-08-30T15:26:59.999Z,2,-1.144812,0.0215,0.8850,-114.4812,33.4536,NY,1
scalp_fade_3m_lim,BTCUSDT,3m,-1,STOP,2025-08-30T15:33:00.000Z,2025-08-30T15:41:59.999Z,2,-1.125452,0.0000,0.9223,-112.5452,28.9537,NY,1
scalp_fade_3m_lim,BTCUSDT,3m,-1,TARGET,2025-08-30T17:18:00.000Z,2025-08-30T17:44:59.999Z,8,0.477485,0.7198,0.1505,47.7485,21.4521,NY,1
scalp_fade_3m_lim,BTCUSDT,3m,-1,TARGET,2025-08-30T19:51:00.000Z,2025-08-30T20:35:59.999Z,14,0.522397,1.0336,0.1417,52.2397,20.4685,NY,1
scalp_fade_3m_lim,BTCUSDT,3m,1,STOP,2025-08-31T11:48:00.000Z,2025-08-31T12:23:59.999Z,11,-1.136249,0.1196,0.5663,-113.6249,31.1441,LONDON,-1
scalp_fade_3m_lim,BTCUSDT,3m,1,TIME,2025-08-31T13:06:00.000Z,2025-08-31T14:08:59.999Z,20,-0.407352,0.7688,0.2637,-40.7352,27.3243,NY,1
scalp_fade_3m_lim,BTCUSDT,3m,-1,STOP,2025-08-31T18:15:00.000Z,2025-08-31T18:20:59.999Z,1,-1.162336,0.0005,0.5869,-116.2336,37.6046,NY,1
scalp_fade_3m_lim,BTCUSDT,3m,-1,STOP,2025-08-31T20:09:00.000Z,2025-08-31T20:32:59.999Z,7,-1.150193,0.2213,0.5506,-115.0193,34.3482,NY,-1
scalp_fade_3m_lim,BTCUSDT,3m,-1,STOP,2025-08-31T22:15:00.000Z,2025-08-31T22:26:59.999Z,3,-1.128580,0.0004,0.6375,-112.8580,29.6192,LATE,-1
scalp_fade_3m_lim,BTCUSDT,3m,1,TIME,2025-09-01T02:57:00.000Z,2025-09-01T03:59:59.999Z,20,-0.250879,0.4060,0.5566,-25.0879,18.7439,ASIA,-1
scalp_fade_3m_lim,BTCUSDT,3m,1,TARGET,2025-09-01T05:12:00.000Z,2025-09-01T05:32:59.999Z,6,0.993166,1.1052,0.1064,99.3166,10.6631,ASIA,-1
scalp_fade_3m_lim,BTCUSDT,3m,1,TARGET,2025-09-01T06:06:00.000Z,2025-09-01T06:26:59.999Z,6,0.856780,1.0189,0.3851,85.6780,13.5261,ASIA,1
scalp_fade_3m_lim,BTCUSDT,3m,-1,TARGET,2025-09-01T09:39:00.000Z,2025-09-01T10:08:59.999Z,9,0.926084,1.1130,0.4857,92.6084,12.0263,LONDON,1
scalp_fade_3m_lim,BTCUSDT,3m,-1,TIME,2025-09-01T16:09:00.000Z,2025-09-01T17:11:59.999Z,20,0.614099,0.9808,0.4022,61.4099,19.5619,NY,-1
scalp_fade_3m_lim,BTCUSDT,3m,-1,TIME,2025-09-02T00:33:00.000Z,2025-09-02T01:35:59.999Z,20,-0.224445,0.4733,0.5325,-22.4445,19.9120,ASIA,1
scalp_fade_3m_lim,BTCUSDT,3m,-1,STOP,2025-09-02T01:42:00.000Z,2025-09-02T01:44:59.999Z,0,-1.084669,0.0357,0.7271,-108.4669,19.5553,ASIA,1
scalp_fade_3m_lim,BTCUSDT,3m,-1,TIME,2025-09-02T04:57:00.000Z,2025-09-02T05:59:59.999Z,20,-0.340074,0.7727,0.3063,-34.0074,28.0027,ASIA,-1
scalp_fade_3m_lim,BTCUSDT,3m,-1,TARGET,2025-09-02T06:57:00.000Z,2025-09-02T07:14:59.999Z,5,0.716119,0.9221,0.2299,71.6119,16.4563,ASIA,1
scalp_fade_3m_lim,BTCUSDT,3m,-1,TARGET,2025-09-02T07:45:00.000Z,2025-09-02T07:53:59.999Z,2,0.701735,1.1179,0.5073,70.1735,16.7753,LONDON,-1
scalp_fade_3m_lim,BTCUSDT,3m,-1,TARGET,2025-09-02T15:12:00.000Z,2025-09-02T15:53:59.999Z,13,1.125818,1.2319,0.3441,112.5818,7.8223,NY,-1
scalp_fade_3m_lim,BTCUSDT,3m,-1,TIME,2025-09-02T17:03:00.000Z,2025-09-02T18:05:59.999Z,20,0.441383,0.8205,0.3209,44.1383,17.0022,NY,-1
scalp_fade_3m_lim,BTCUSDT,3m,-1,TIME,2025-09-02T18:51:00.000Z,2025-09-02T19:53:59.999Z,20,-0.153488,0.4456,0.2911,-15.3488,14.1950,NY,-1
scalp_fade_3m_lim,BTCUSDT,3m,-1,TARGET,2025-09-02T21:33:00.000Z,2025-09-02T21:59:59.999Z,8,0.774056,0.9824,0.2898,77.4056,15.2233,LATE,1
scalp_fade_3m_lim,BTCUSDT,3m,-1,STOP,2025-09-03T01:54:00.000Z,2025-09-03T02:02:59.999Z,2,-1.119071,0.0434,1.1210,-111.9071,27.4705,ASIA,-1
scalp_fade_3m_lim,BTCUSDT,3m,1,TARGET,2025-09-03T07:18:00.000Z,2025-09-03T07:38:59.999Z,6,0.887846,1.1096,0.2305,88.7846,12.8739,LONDON,1
scalp_fade_3m_lim,BTCUSDT,3m,-1,STOP,2025-09-03T09:18:00.000Z,2025-09-03T09:59:59.999Z,13,-1.119952,0.1206,0.6806,-111.9952,27.0586,LONDON,-1
scalp_fade_3m_lim,BTCUSDT,3m,-1,STOP,2025-09-03T12:21:00.000Z,2025-09-03T12:38:59.999Z,5,-1.124121,0.6254,1.0178,-112.4121,28.4672,LONDON,1
scalp_fade_3m_lim,BTCUSDT,3m,-1,STOP,2025-09-03T13:33:00.000Z,2025-09-03T13:35:59.999Z,0,-1.103388,0.0625,0.6898,-110.3388,23.9242,NY,-1
scalp_fade_3m_lim,BTCUSDT,3m,-1,STOP,2025-09-03T13:36:00.000Z,2025-09-03T13:44:59.999Z,2,-1.093434,0.9386,0.7850,-109.3434,21.5114,NY,-1
scalp_fade_3m_lim,BTCUSDT,3m,-1,STOP,2025-09-03T14:33:00.000Z,2025-09-03T14:41:59.999Z,2,-1.054287,0.1494,0.9477,-105.4287,12.4124,NY,-1
scalp_fade_3m_lim,BTCUSDT,3m,-1,STOP,2025-09-03T19:48:00.000Z,2025-09-03T19:56:59.999Z,2,-1.116722,0.2250,0.6751,-111.6722,26.9243,NY,1
scalp_fade_3m_lim,BTCUSDT,3m,-1,TARGET,2025-09-03T22:03:00.000Z,2025-09-03T22:50:59.999Z,15,0.655821,0.8703,0.3762,65.5821,17.6659,LATE,-1
scalp_fade_3m_lim,BTCUSDT,3m,1,TARGET,2025-09-04T00:03:00.000Z,2025-09-04T00:20:59.999Z,5,0.661372,0.9656,0.4059,66.1372,17.6338,ASIA,-1
scalp_fade_3m_lim,BTCUSDT,3m,1,STOP,2025-09-04T02:42:00.000Z,2025-09-04T02:59:59.999Z,5,-1.095195,0.0003,0.7258,-109.5195,22.0895,ASIA,1
scalp_fade_3m_lim,BTCUSDT,3m,1,STOP,2025-09-04T03:30:00.000Z,2025-09-04T04:32:59.999Z,20,-1.089872,0.0794,0.7280,-108.9872,20.2410,ASIA,-1
scalp_fade_3m_lim,BTCUSDT,3m,1,TIME,2025-09-04T07:06:00.000Z,2025-09-04T08:08:59.999Z,20,0.404484,0.8910,0.2793,40.4484,25.9071,LONDON,-1
scalp_fade_3m_lim,BTCUSDT,3m,1,STOP,2025-09-04T12:21:00.000Z,2025-09-04T12:32:59.999Z,3,-1.109212,0.5868,0.6715,-110.9212,25.4166,LONDON,-1
scalp_fade_3m_lim,BTCUSDT,3m,1,STOP,2025-09-04T13:33:00.000Z,2025-09-04T13:41:59.999Z,2,-1.094759,0.2800,0.7472,-109.4759,22.1258,NY,-1
scalp_fade_3m_lim,BTCUSDT,3m,1,TARGET,2025-09-04T16:36:00.000Z,2025-09-04T17:29:59.999Z,17,0.926831,1.2221,0.2893,92.6831,12.0123,NY,1
scalp_fade_3m_lim,BTCUSDT,3m,-1,TARGET,2025-09-05T00:36:00.000Z,2025-09-05T00:56:59.999Z,6,0.917056,1.2594,0.1199,91.7056,12.2279,ASIA,-1
scalp_fade_3m_lim,BTCUSDT,3m,-1,STOP,2025-09-05T01:21:00.000Z,2025-09-05T01:41:59.999Z,6,-1.098423,0.0003,0.7435,-109.8423,22.4848,ASIA,-1
scalp_fade_3m_lim,BTCUSDT,3m,-1,STOP,2025-09-05T05:57:00.000Z,2025-09-05T06:50:59.999Z,17,-1.143856,0.3237,0.6119,-114.3856,32.2293,ASIA,1
scalp_fade_3m_lim,BTCUSDT,3m,-1,TIME,2025-09-05T10:36:00.000Z,2025-09-05T11:38:59.999Z,20,-0.305550,0.7648,0.2862,-30.5550,26.5010,LONDON,1
scalp_fade_3m_lim,BTCUSDT,3m,-1,STOP,2025-09-05T11:39:00.000Z,2025-09-05T12:05:59.999Z,8,-1.135080,0.0795,0.7463,-113.5080,30.8084,LONDON,-1
scalp_fade_3m_lim,BTCUSDT,3m,-1,STOP,2025-09-05T12:15:00.000Z,2025-09-05T12:20:59.999Z,1,-1.122059,0.0000,1.1499,-112.2059,28.2235,LONDON,-1
scalp_fade_3m_lim,BTCUSDT,3m,-1,TIME,2025-09-05T12:33:00.000Z,2025-09-05T13:35:59.999Z,20,-0.394613,0.8537,0.6527,-39.4613,11.8760,LONDON,-1
scalp_fade_3m_lim,BTCUSDT,3m,-1,TARGET,2025-09-05T13:57:00.000Z,2025-09-05T14:14:59.999Z,5,1.151393,1.4007,0.0894,115.1393,7.3053,NY,-1
scalp_fade_3m_lim,BTCUSDT,3m,1,STOP,2025-09-05T17:03:00.000Z,2025-09-05T17:38:59.999Z,11,-1.098842,0.4064,1.0028,-109.8842,22.6484,NY,1
scalp_fade_3m_lim,BTCUSDT,3m,1,STOP,2025-09-05T21:09:00.000Z,2025-09-05T21:17:59.999Z,2,-1.106882,0.0228,3.1766,-110.6882,24.9303,LATE,1
scalp_fade_3m_lim,BTCUSDT,3m,1,TARGET,2025-09-06T00:18:00.000Z,2025-09-06T00:41:59.999Z,7,0.542721,0.9041,0.3744,54.2721,20.1121,ASIA,-1
scalp_fade_3m_lim,BTCUSDT,3m,1,STOP,2025-09-06T09:03:00.000Z,2025-09-06T09:05:59.999Z,0,-1.198246,0.0030,0.4136,-119.8246,46.2575,LONDON,-1
scalp_fade_3m_lim,BTCUSDT,3m,1,STOP,2025-09-06T09:51:00.000Z,2025-09-06T10:02:59.999Z,3,-1.191295,0.0034,0.4824,-119.1295,44.3665,LONDON,-1
scalp_fade_3m_lim,BTCUSDT,3m,-1,TARGET,2025-09-06T14:00:00.000Z,2025-09-06T14:53:59.999Z,17,0.434421,0.7065,0.3741,43.4421,22.2907,NY,-1
scalp_fade_3m_lim,BTCUSDT,3m,1,STOP,2025-09-06T15:39:00.000Z,2025-09-06T15:41:59.999Z,0,-1.188982,0.0627,0.7081,-118.8982,44.1055,NY,-1
scalp_fade_3m_lim,BTCUSDT,3m,1,STOP,2025-09-06T19:39:00.000Z,2025-09-06T19:53:59.999Z,4,-1.170046,0.0435,0.5117,-117.0046,39.3796,NY,-1
scalp_fade_3m_lim,BTCUSDT,3m,1,TARGET,2025-09-06T23:03:00.000Z,2025-09-06T23:23:59.999Z,6,0.268778,0.7335,0.1304,26.8778,25.8693,LATE,-1
scalp_fade_3m_lim,BTCUSDT,3m,-1,STOP,2025-09-07T07:30:00.000Z,2025-09-07T07:35:59.999Z,1,-1.159979,0.0000,0.5044,-115.9979,37.0556,LONDON,-1
scalp_fade_3m_lim,BTCUSDT,3m,-1,STOP,2025-09-07T11:39:00.000Z,2025-09-07T11:59:59.999Z,6,-1.187255,0.0281,0.4203,-118.7255,42.9624,LONDON,1
scalp_fade_3m_lim,BTCUSDT,3m,-1,STOP,2025-09-07T14:06:00.000Z,2025-09-07T14:08:59.999Z,0,-1.162261,0.0290,0.5453,-116.2261,37.6655,NY,1
scalp_fade_3m_lim,BTCUSDT,3m,-1,TIME,2025-09-07T20:18:00.000Z,2025-09-07T21:20:59.999Z,20,-0.402451,0.4806,0.4336,-40.2451,32.4304,NY,1
scalp_fade_3m_lim,BTCUSDT,3m,-1,STOP,2025-09-07T22:12:00.000Z,2025-09-07T22:29:59.999Z,5,-1.149396,0.0762,0.7886,-114.9396,34.3056,LATE,-1
scalp_fade_3m_lim,BTCUSDT,3m,-1,TARGET,2025-09-08T00:30:00.000Z,2025-09-08T00:56:59.999Z,8,0.869893,1.4824,0.2020,86.9893,13.2104,ASIA,-1
scalp_fade_3m_lim,BTCUSDT,3m,1,TARGET,2025-09-08T02:21:00.000Z,2025-09-08T02:32:59.999Z,3,0.819401,1.0978,0.2311,81.9401,14.3248,ASIA,-1
scalp_fade_3m_lim,BTCUSDT,3m,1,TIME,2025-09-08T04:09:00.000Z,2025-09-08T05:11:59.999Z,20,-0.742092,0.5255,0.5020,-74.2092,26.5321,ASIA,-1
scalp_fade_3m_lim,BTCUSDT,3m,1,TARGET,2025-09-08T06:06:00.000Z,2025-09-08T06:23:59.999Z,5,0.563941,1.0108,0.1228,56.3941,19.6797,ASIA,-1
scalp_fade_3m_lim,BTCUSDT,3m,-1,STOP,2025-09-08T13:03:00.000Z,2025-09-08T13:05:59.999Z,0,-1.150217,0.0093,0.7873,-115.0217,34.8542,NY,1
scalp_fade_3m_lim,BTCUSDT,3m,-1,TARGET,2025-09-08T13:30:00.000Z,2025-09-08T13:59:59.999Z,9,0.768156,1.2271,0.5910,76.8156,15.3421,NY,1
scalp_fade_3m_lim,BTCUSDT,3m,-1,TARGET,2025-09-08T16:27:00.000Z,2025-09-08T17:05:59.999Z,12,0.843395,1.0154,0.2740,84.3395,13.7489,NY,-1
scalp_fade_3m_lim,BTCUSDT,3m,1,STOP,2025-09-09T00:51:00.000Z,2025-09-09T01:17:59.999Z,8,-1.106813,0.0003,0.9385,-110.6813,24.6088,ASIA,-1
scalp_fade_3m_lim,BTCUSDT,3m,1,TARGET,2025-09-09T04:51:00.000Z,2025-09-09T04:56:59.999Z,1,0.772582,0.9894,0.1342,77.2582,15.3186,ASIA,1
scalp_fade_3m_lim,BTCUSDT,3m,-1,TIME,2025-09-09T09:18:00.000Z,2025-09-09T10:20:59.999Z,20,-0.519279,0.4038,0.2241,-51.9279,35.0933,LONDON,-1
scalp_fade_3m_lim,BTCUSDT,3m,-1,TARGET,2025-09-09T13:36:00.000Z,2025-09-09T14:02:59.999Z,8,0.965747,1.2626,0.3510,96.5747,11.1972,NY,-1
scalp_fade_3m_lim,BTCUSDT,3m,1,TARGET,2025-09-09T17:36:00.000Z,2025-09-09T18:17:59.999Z,13,0.780438,1.0560,0.1886,78.0438,15.0940,NY,1
scalp_fade_3m_lim,BTCUSDT,3m,1,TARGET,2025-09-09T20:36:00.000Z,2025-09-09T20:50:59.999Z,4,0.710973,1.2863,0.1187,71.0973,16.5977,NY,-1
scalp_fade_3m_lim,BTCUSDT,3m,1,TIME,2025-09-09T23:03:00.000Z,2025-09-10T00:05:59.999Z,20,-0.332187,0.4822,0.4543,-33.2187,32.4479,LATE,1
scalp_fade_3m_lim,BTCUSDT,3m,-1,STOP,2025-09-10T04:51:00.000Z,2025-09-10T05:41:59.999Z,16,-1.151643,0.5597,0.6290,-115.1643,34.0531,ASIA,1
scalp_fade_3m_lim,BTCUSDT,3m,-1,TIME,2025-09-10T10:30:00.000Z,2025-09-10T11:32:59.999Z,20,-0.115467,0.5594,0.1024,-11.5467,28.8631,LONDON,-1
scalp_fade_3m_lim,BTCUSDT,3m,-1,TARGET,2025-09-10T18:57:00.000Z,2025-09-10T19:20:59.999Z,7,0.850021,1.0347,0.1710,85.0021,13.6322,NY,-1
scalp_fade_3m_lim,BTCUSDT,3m,-1,STOP,2025-09-10T21:33:00.000Z,2025-09-10T21:59:59.999Z,8,-1.141758,0.1912,0.5546,-114.1758,32.3414,LATE,1
scalp_fade_3m_lim,BTCUSDT,3m,-1,TARGET,2025-09-10T23:48:00.000Z,2025-09-11T00:35:59.999Z,15,0.661123,1.0341,0.1234,66.1123,17.5548,LATE,-1
scalp_fade_3m_lim,BTCUSDT,3m,-1,STOP,2025-09-11T05:33:00.000Z,2025-09-11T06:35:59.999Z,20,-1.127362,0.5156,0.6462,-112.7362,28.3403,ASIA,1
scalp_fade_3m_lim,BTCUSDT,3m,-1,TARGET,2025-09-11T08:09:00.000Z,2025-09-11T09:11:59.999Z,20,0.754147,0.9847,0.2283,75.4147,15.5800,LONDON,-1
scalp_fade_3m_lim,BTCUSDT,3m,1,TARGET,2025-09-11T11:45:00.000Z,2025-09-11T12:02:59.999Z,5,0.412071,1.0216,0.2131,41.2071,22.8688,LONDON,-1
scalp_fade_3m_lim,BTCUSDT,3m,-1,STOP,2025-09-11T12:18:00.000Z,2025-09-11T12:29:59.999Z,3,-1.095123,0.1041,0.7124,-109.5123,21.8588,LONDON,-1
scalp_fade_3m_lim,BTCUSDT,3m,-1,STOP,2025-09-11T19:27:00.000Z,2025-09-11T19:59:59.999Z,10,-1.139352,0.0000,0.8329,-113.9352,31.6595,NY,1
scalp_fade_3m_lim,BTCUSDT,3m,-1,STOP,2025-09-11T22:09:00.000Z,2025-09-11T22:17:59.999Z,2,-1.182845,0.0000,0.5475,-118.2845,42.2937,LATE,1
scalp_fade_3m_lim,BTCUSDT,3m,-1,STOP,2025-09-12T00:18:00.000Z,2025-09-12T00:23:59.999Z,1,-1.105367,0.0626,1.2289,-110.5367,24.3355,ASIA,1
scalp_fade_3m_lim,BTCUSDT,3m,-1,TARGET,2025-09-12T01:03:00.000Z,2025-09-12T01:56:59.999Z,17,0.996905,1.3272,0.1861,99.6905,10.5117,ASIA,1
scalp_fade_3m_lim,BTCUSDT,3m,-1,TARGET,2025-09-12T05:45:00.000Z,2025-09-12T06:38:59.999Z,17,0.709264,0.8977,0.4956,70.9264,16.5352,ASIA,1
scalp_fade_3m_lim,BTCUSDT,3m,-1,TARGET,2025-09-12T07:06:00.000Z,2025-09-12T07:26:59.999Z,6,0.484744,0.7832,0.0939,48.4744,21.3136,LONDON,-1
scalp_fade_3m_lim,BTCUSDT,3m,1,TIME,2025-09-12T09:21:00.000Z,2025-09-12T10:23:59.999Z,20,-0.504794,0.6223,0.2157,-50.4794,31.7681,LONDON,1
scalp_fade_3m_lim,BTCUSDT,3m,1,TARGET,2025-09-12T10:54:00.000Z,2025-09-12T11:29:59.999Z,11,0.461425,0.8175,0.3936,46.1425,21.7896,LONDON,1
scalp_fade_3m_lim,BTCUSDT,3m,1,TARGET,2025-09-12T13:36:00.000Z,2025-09-12T13:56:59.999Z,6,0.753806,0.9245,0.5052,75.3806,15.6877,NY,-1
scalp_fade_3m_lim,BTCUSDT,3m,-1,STOP,2025-09-12T16:03:00.000Z,2025-09-12T16:23:59.999Z,6,-1.113648,0.3582,0.7122,-111.3648,25.9946,NY,1
scalp_fade_3m_lim,BTCUSDT,3m,-1,STOP,2025-09-12T16:24:00.000Z,2025-09-12T16:59:59.999Z,11,-1.109405,0.1489,0.6719,-110.9405,24.7621,NY,-1
scalp_fade_3m_lim,BTCUSDT,3m,-1,STOP,2025-09-12T22:03:00.000Z,2025-09-12T22:20:59.999Z,5,-1.137423,0.0885,0.7997,-113.7423,31.5399,LATE,-1
scalp_fade_3m_lim,BTCUSDT,3m,-1,TIME,2025-09-12T23:24:00.000Z,2025-09-13T00:26:59.999Z,20,-0.727970,0.3432,0.4491,-72.7970,32.2345,LATE,1
scalp_fade_3m_lim,BTCUSDT,3m,-1,STOP,2025-09-13T00:27:00.000Z,2025-09-13T00:41:59.999Z,4,-1.145800,0.1130,0.8011,-114.5800,33.5441,ASIA,-1
scalp_fade_3m_lim,BTCUSDT,3m,-1,TARGET,2025-09-13T03:42:00.000Z,2025-09-13T04:14:59.999Z,10,0.375206,0.6480,0.2637,37.5206,23.5848,ASIA,1
scalp_fade_3m_lim,BTCUSDT,3m,1,TARGET,2025-09-13T05:15:00.000Z,2025-09-13T05:23:59.999Z,2,0.328408,0.7657,0.1395,32.8408,24.6499,ASIA,-1
scalp_fade_3m_lim,BTCUSDT,3m,1,STOP,2025-09-13T05:36:00.000Z,2025-09-13T05:53:59.999Z,5,-1.177123,0.0976,0.4618,-117.7123,40.9258,ASIA,1
scalp_fade_3m_lim,BTCUSDT,3m,1,TIME,2025-09-13T14:12:00.000Z,2025-09-13T15:14:59.999Z,20,-0.099966,0.7608,0.2943,-9.9966,27.7242,NY,-1
scalp_fade_3m_lim,BTCUSDT,3m,1,STOP,2025-09-13T16:09:00.000Z,2025-09-13T16:23:59.999Z,4,-1.136952,0.1053,0.7723,-113.6952,31.7552,NY,-1
scalp_fade_3m_lim,BTCUSDT,3m,-1,TIME,2025-09-13T21:18:00.000Z,2025-09-13T22:20:59.999Z,20,-0.484447,0.3831,0.2397,-48.4447,38.8965,LATE,-1
scalp_fade_3m_lim,BTCUSDT,3m,1,TIME,2025-09-14T06:42:00.000Z,2025-09-14T07:44:59.999Z,20,-0.492260,0.2987,0.3438,-49.2260,38.8337,ASIA,-1
scalp_fade_3m_lim,BTCUSDT,3m,-1,STOP,2025-09-14T09:54:00.000Z,2025-09-14T10:05:59.999Z,3,-1.172086,0.0005,0.4793,-117.2086,39.7105,LONDON,1
scalp_fade_3m_lim,BTCUSDT,3m,1,TIME,2025-09-14T14:39:00.000Z,2025-09-14T15:41:59.999Z,20,-0.303085,0.4241,0.3610,-30.3085,22.8177,NY,-1
scalp_fade_3m_lim,BTCUSDT,3m,-1,STOP,2025-09-14T21:15:00.000Z,2025-09-14T21:38:59.999Z,7,-1.147282,0.0004,1.1775,-114.7282,33.6786,LATE,-1
scalp_fade_3m_lim,BTCUSDT,3m,-1,TARGET,2025-09-14T22:42:00.000Z,2025-09-14T23:08:59.999Z,8,0.634311,1.0565,0.3570,63.4311,18.1583,LATE,-1
scalp_fade_3m_lim,BTCUSDT,3m,1,TARGET,2025-09-15T04:00:00.000Z,2025-09-15T04:20:59.999Z,6,0.476049,2.5257,0.2134,47.6049,21.5183,ASIA,1
scalp_fade_3m_lim,BTCUSDT,3m,1,TARGET,2025-09-15T10:24:00.000Z,2025-09-15T11:14:59.999Z,16,0.748101,0.9611,0.1773,74.8101,15.7558,LONDON,-1
scalp_fade_3m_lim,BTCUSDT,3m,1,STOP,2025-09-15T13:39:00.000Z,2025-09-15T13:44:59.999Z,1,-1.090551,0.0952,0.9141,-109.0551,21.1961,NY,-1
scalp_fade_3m_lim,BTCUSDT,3m,1,TIME,2025-09-15T15:21:00.000Z,2025-09-15T16:23:59.999Z,20,-0.068578,0.7162,0.5016,-6.8578,20.5465,NY,-1
scalp_fade_3m_lim,BTCUSDT,3m,1,TARGET,2025-09-15T17:24:00.000Z,2025-09-15T17:59:59.999Z,11,0.792144,1.3725,0.3630,79.2144,14.8585,NY,-1
scalp_fade_3m_lim,BTCUSDT,3m,-1,STOP,2025-09-15T19:15:00.000Z,2025-09-15T19:38:59.999Z,7,-1.092724,0.6069,0.7490,-109.2724,21.1276,NY,-1
scalp_fade_3m_lim,BTCUSDT,3m,-1,STOP,2025-09-16T01:06:00.000Z,2025-09-16T01:26:59.999Z,6,-1.126757,0.3782,0.6656,-112.6757,29.0163,ASIA,-1
scalp_fade_3m_lim,BTCUSDT,3m,1,TIME,2025-09-16T02:21:00.000Z,2025-09-16T03:23:59.999Z,20,-0.439527,0.3486,0.3833,-43.9527,29.3974,ASIA,1
scalp_fade_3m_lim,BTCUSDT,3m,-1,STOP,2025-09-16T08:00:00.000Z,2025-09-16T08:14:59.999Z,4,-1.156098,0.2187,0.5472,-115.6098,35.9277,LONDON,-1
scalp_fade_3m_lim,BTCUSDT,3m,1,TIME,2025-09-16T11:27:00.000Z,2025-09-16T12:29:59.999Z,20,-0.578839,0.4438,0.2320,-57.8839,31.3476,LONDON,-1
scalp_fade_3m_lim,BTCUSDT,3m,1,STOP,2025-09-16T13:18:00.000Z,2025-09-16T13:38:59.999Z,6,-1.120838,0.5626,0.7745,-112.0838,27.9277,NY,1
scalp_fade_3m_lim,BTCUSDT,3m,1,STOP,2025-09-16T13:39:00.000Z,2025-09-16T13:47:59.999Z,2,-1.096874,0.0517,1.1296,-109.6874,22.6150,NY,1
scalp_fade_3m_lim,BTCUSDT,3m,1,STOP,2025-09-16T14:03:00.000Z,2025-09-16T14:14:59.999Z,3,-1.075311,0.1831,0.8458,-107.5311,17.5902,NY,1
scalp_fade_3m_lim,BTCUSDT,3m,1,TIME,2025-09-16T14:18:00.000Z,2025-09-16T15:20:59.999Z,20,-0.242367,0.4008,0.4380,-24.2367,16.7242,NY,-1
scalp_fade_3m_lim,BTCUSDT,3m,-1,STOP,2025-09-16T20:21:00.000Z,2025-09-16T21:11:59.999Z,16,-1.127060,0.0718,0.7387,-112.7060,28.5005,NY,1
scalp_fade_3m_lim,BTCUSDT,3m,-1,TIME,2025-09-17T01:21:00.000Z,2025-09-17T02:23:59.999Z,20,-0.364798,0.6955,0.1219,-36.4798,27.8237,ASIA,-1
scalp_fade_3m_lim,BTCUSDT,3m,1,TARGET,2025-09-17T11:54:00.000Z,2025-09-17T12:35:59.999Z,13,0.478839,1.1910,0.3875,47.8839,21.4106,LONDON,1
scalp_fade_3m_lim,BTCUSDT,3m,1,STOP,2025-09-17T13:36:00.000Z,2025-09-17T14:20:59.999Z,14,-1.116436,0.5872,1.0438,-111.6436,26.4831,NY,-1
scalp_fade_3m_lim,BTCUSDT,3m,1,STOP,2025-09-17T16:09:00.000Z,2025-09-17T16:41:59.999Z,10,-1.131640,0.0560,0.7835,-113.1640,30.1586,NY,1
scalp_fade_3m_lim,BTCUSDT,3m,1,TARGET,2025-09-17T18:00:00.000Z,2025-09-17T18:02:59.999Z,0,1.105297,1.5315,0.0719,110.5297,8.3256,NY,1
scalp_fade_3m_lim,BTCUSDT,3m,1,STOP,2025-09-17T18:15:00.000Z,2025-09-17T18:47:59.999Z,10,-1.040887,0.6369,0.9373,-104.0887,9.5053,NY,1
scalp_fade_3m_lim,BTCUSDT,3m,-1,STOP,2025-09-18T01:33:00.000Z,2025-09-18T01:44:59.999Z,3,-1.115016,0.1066,1.0643,-111.5016,26.4732,ASIA,1
scalp_fade_3m_lim,BTCUSDT,3m,-1,STOP,2025-09-18T02:15:00.000Z,2025-09-18T02:53:59.999Z,12,-1.115043,0.6840,0.9438,-111.5043,25.9955,ASIA,1
scalp_fade_3m_lim,BTCUSDT,3m,-1,TIME,2025-09-18T07:00:00.000Z,2025-09-18T08:02:59.999Z,20,-0.555601,0.1556,0.4193,-55.5601,28.4753,LONDON,-1
scalp_fade_3m_lim,BTCUSDT,3m,-1,STOP,2025-09-18T08:15:00.000Z,2025-09-18T08:26:59.999Z,3,-1.134969,0.1518,0.7596,-113.4969,31.1011,LONDON,-1
scalp_fade_3m_lim,BTCUSDT,3m,-1,TIME,2025-09-18T09:48:00.000Z,2025-09-18T10:50:59.999Z,20,0.101964,0.7819,0.2214,10.1964,32.3669,LONDON,1
scalp_fade_3m_lim,BTCUSDT,3m,-1,STOP,2025-09-18T11:00:00.000Z,2025-09-18T11:02:59.999Z,0,-1.163705,0.0005,0.4843,-116.3705,38.0024,LONDON,-1
scalp_fade_3m_lim,BTCUSDT,3m,-1,TIME,2025-09-18T12:15:00.000Z,2025-09-18T13:17:59.999Z,20,-0.975670,0.6376,0.5985,-97.5670,27.4477,LONDON,-1
scalp_fade_3m_lim,BTCUSDT,3m,-1,TARGET,2025-09-18T13:42:00.000Z,2025-09-18T13:47:59.999Z,1,0.871412,1.1802,0.1514,87.1412,13.2089,NY,1
scalp_fade_3m_lim,BTCUSDT,3m,-1,STOP,2025-09-18T14:00:00.000Z,2025-09-18T14:20:59.999Z,6,-1.071634,0.0817,0.8082,-107.1634,16.3094,NY,-1
scalp_fade_3m_lim,BTCUSDT,3m,-1,STOP,2025-09-18T15:51:00.000Z,2025-09-18T16:23:59.999Z,10,-1.110610,0.3815,0.7463,-111.0610,25.0879,NY,-1
scalp_fade_3m_lim,BTCUSDT,3m,-1,STOP,2025-09-18T17:15:00.000Z,2025-09-18T18:17:59.999Z,20,-1.117423,0.7983,0.8173,-111.7423,26.1134,NY,-1
scalp_fade_3m_lim,BTCUSDT,3m,1,STOP,2025-09-19T01:15:00.000Z,2025-09-19T01:44:59.999Z,9,-1.133828,0.4379,0.6088,-113.3828,30.7191,ASIA,-1
scalp_fade_3m_lim,BTCUSDT,3m,1,STOP,2025-09-19T03:30:00.000Z,2025-09-19T03:38:59.999Z,2,-1.137105,0.0316,0.5938,-113.7105,31.9220,ASIA,1
scalp_fade_3m_lim,BTCUSDT,3m,1,TARGET,2025-09-19T06:57:00.000Z,2025-09-19T07:38:59.999Z,13,0.604285,0.9032,0.3783,60.4285,18.7833,ASIA,-1
scalp_fade_3m_lim,BTCUSDT,3m,1,TIME,2025-09-19T11:21:00.000Z,2025-09-19T12:23:59.999Z,20,-0.686816,0.5169,0.4747,-68.6816,34.0222,LONDON,-1
scalp_fade_3m_lim,BTCUSDT,3m,1,STOP,2025-09-19T12:24:00.000Z,2025-09-19T12:26:59.999Z,0,-1.149579,0.0004,0.5955,-114.9579,34.9522,LONDON,-1
scalp_fade_3m_lim,BTCUSDT,3m,1,TARGET,2025-09-19T13:33:00.000Z,2025-09-19T13:50:59.999Z,5,0.712573,1.0598,0.2450,71.2573,16.5587,NY,-1
scalp_fade_3m_lim,BTCUSDT,3m,1,TARGET,2025-09-20T00:21:00.000Z,2025-09-20T00:44:59.999Z,7,0.288995,0.6504,0.1926,28.8995,25.4366,ASIA,1
scalp_fade_3m_lim,BTCUSDT,3m,1,STOP,2025-09-20T02:00:00.000Z,2025-09-20T02:02:59.999Z,0,-1.195629,0.0006,0.4891,-119.5629,45.6494,ASIA,1
scalp_fade_3m_lim,BTCUSDT,3m,1,STOP,2025-09-21T14:48:00.000Z,2025-09-21T14:59:59.999Z,3,-1.158810,0.0000,0.5078,-115.8810,36.8668,NY,1
scalp_fade_3m_lim,BTCUSDT,3m,1,STOP,2025-09-21T16:03:00.000Z,2025-09-21T16:17:59.999Z,4,-1.192486,0.0006,0.7573,-119.2486,44.5494,NY,-1
scalp_fade_3m_lim,BTCUSDT,3m,1,STOP,2025-09-21T22:09:00.000Z,2025-09-21T22:17:59.999Z,2,-1.154760,0.0004,0.4945,-115.4760,36.0061,LATE,-1
scalp_fade_3m_lim,BTCUSDT,3m,1,STOP,2025-09-21T23:06:00.000Z,2025-09-21T23:08:59.999Z,0,-1.141728,0.0004,0.6098,-114.1728,33.1285,LATE,1
scalp_fade_3m_lim,BTCUSDT,3m,1,STOP,2025-09-22T00:21:00.000Z,2025-09-22T00:32:59.999Z,3,-1.118265,0.3090,1.1962,-111.8265,27.5067,ASIA,-1
scalp_fade_3m_lim,BTCUSDT,3m,1,TIME,2025-09-22T02:06:00.000Z,2025-09-22T03:08:59.999Z,20,-0.535133,0.4488,0.7073,-53.5133,18.0094,ASIA,1
scalp_fade_3m_lim,BTCUSDT,3m,1,TIME,2025-09-22T07:51:00.000Z,2025-09-22T08:53:59.999Z,20,-0.376504,0.2036,0.6326,-37.6504,18.9639,LONDON,-1
scalp_fade_3m_lim,BTCUSDT,3m,1,STOP,2025-09-22T11:42:00.000Z,2025-09-22T12:02:59.999Z,6,-1.129853,0.6802,0.6650,-112.9853,29.9960,LONDON,1
scalp_fade_3m_lim,BTCUSDT,3m,1,TIME,2025-09-22T12:03:00.000Z,2025-09-22T13:05:59.999Z,20,-0.276649,0.4496,0.5178,-27.6649,23.8032,LONDON,-1
scalp_fade_3m_lim,BTCUSDT,3m,1,TARGET,2025-09-23T00:06:00.000Z,2025-09-23T00:29:59.999Z,7,0.740961,1.0782,0.2188,74.0961,15.9521,ASIA,-1
scalp_fade_3m_lim,BTCUSDT,3m,1,STOP,2025-09-23T00:42:00.000Z,2025-09-23T00:53:59.999Z,3,-1.126643,0.0004,0.8074,-112.6643,29.4408,ASIA,-1
scalp_fade_3m_lim,BTCUSDT,3m,1,STOP,2025-09-23T02:21:00.000Z,2025-09-23T02:29:59.999Z,2,-1.106393,0.0000,0.6971,-110.6393,24.8171,ASIA,-1
scalp_fade_3m_lim,BTCUSDT,3m,-1,STOP,2025-09-23T05:51:00.000Z,2025-09-23T06:26:59.999Z,11,-1.114020,0.2951,0.6883,-111.4020,25.8151,ASIA,-1
scalp_fade_3m_lim,BTCUSDT,3m,-1,STOP,2025-09-23T07:48:00.000Z,2025-09-23T08:20:59.999Z,10,-1.124350,0.3393,0.6060,-112.4350,28.2295,LONDON,1
scalp_fade_3m_lim,BTCUSDT,3m,-1,TARGET,2025-09-23T09:18:00.000Z,2025-09-23T09:50:59.999Z,10,0.669006,1.0917,0.1276,66.9006,17.4182,LONDON,-1
scalp_fade_3m_lim,BTCUSDT,3m,-1,TIME,2025-09-23T12:39:00.000Z,2025-09-23T13:41:59.999Z,20,0.028396,0.6063,0.2589,2.8396,27.5650,LONDON,1
scalp_fade_3m_lim,BTCUSDT,3m,-1,TARGET,2025-09-23T14:06:00.000Z,2025-09-23T14:35:59.999Z,9,0.933523,1.3185,0.5351,93.3523,11.8701,NY,1
scalp_fade_3m_lim,BTCUSDT,3m,1,STOP,2025-09-23T19:21:00.000Z,2025-09-23T19:38:59.999Z,5,-1.102191,0.0458,0.6943,-110.2191,23.6979,NY,-1
scalp_fade_3m_lim,BTCUSDT,3m,1,TARGET,2025-09-23T22:27:00.000Z,2025-09-23T22:44:59.999Z,5,0.555491,0.8098,0.1847,55.5491,19.8572,LATE,1
scalp_fade_3m_lim,BTCUSDT,3m,1,STOP,2025-09-23T23:21:00.000Z,2025-09-23T23:26:59.999Z,1,-1.137493,0.0004,0.7362,-113.7493,32.0780,LATE,-1
scalp_fade_3m_lim,BTCUSDT,3m,1,TARGET,2025-09-24T00:06:00.000Z,2025-09-24T00:17:59.999Z,3,0.591297,0.9604,0.4721,59.1297,19.1178,ASIA,-1
scalp_fade_3m_lim,BTCUSDT,3m,-1,TIME,2025-09-24T07:45:00.000Z,2025-09-24T08:47:59.999Z,20,-0.349333,0.6952,0.2112,-34.9333,32.1740,LONDON,1
scalp_fade_3m_lim,BTCUSDT,3m,-1,TIME,2025-09-24T11:57:00.000Z,2025-09-24T12:59:59.999Z,20,-0.620190,0.2988,0.2572,-62.0190,26.2979,LONDON,-1
scalp_fade_3m_lim,BTCUSDT,3m,-1,TARGET,2025-09-24T13:21:00.000Z,2025-09-24T13:38:59.999Z,5,0.475625,0.7195,0.4300,47.5625,21.5124,NY,1
scalp_fade_3m_lim,BTCUSDT,3m,-1,TARGET,2025-09-24T13:42:00.000Z,2025-09-24T13:59:59.999Z,5,0.876861,1.0807,0.1059,87.6861,13.0769,NY,1
scalp_fade_3m_lim,BTCUSDT,3m,-1,TARGET,2025-09-24T18:03:00.000Z,2025-09-24T18:11:59.999Z,2,0.719549,0.9319,0.0422,71.9549,16.4004,NY,1
scalp_fade_3m_lim,BTCUSDT,3m,-1,TARGET,2025-09-24T21:12:00.000Z,2025-09-24T21:44:59.999Z,10,0.447751,1.0678,0.1692,44.7751,22.0621,LATE,1
scalp_fade_3m_lim,BTCUSDT,3m,-1,TARGET,2025-09-24T22:03:00.000Z,2025-09-24T22:53:59.999Z,16,0.794859,1.0663,0.2218,79.4859,14.7475,LATE,-1
scalp_fade_3m_lim,BTCUSDT,3m,-1,TARGET,2025-09-24T23:27:00.000Z,2025-09-25T00:29:59.999Z,20,0.678380,0.9983,0.4688,67.8380,17.1651,LATE,-1
scalp_fade_3m_lim,BTCUSDT,3m,1,STOP,2025-09-25T00:48:00.000Z,2025-09-25T01:35:59.999Z,15,-1.100642,0.7943,0.8395,-110.0642,22.8713,ASIA,-1
scalp_fade_3m_lim,BTCUSDT,3m,1,STOP,2025-09-25T04:00:00.000Z,2025-09-25T04:14:59.999Z,4,-1.102077,0.2683,0.9809,-110.2077,23.7206,ASIA,-1
scalp_fade_3m_lim,BTCUSDT,3m,1,TIME,2025-09-25T07:12:00.000Z,2025-09-25T08:14:59.999Z,20,0.531288,0.9375,0.2528,53.1288,21.6394,LONDON,-1
scalp_fade_3m_lim,BTCUSDT,3m,1,TARGET,2025-09-25T08:45:00.000Z,2025-09-25T09:26:59.999Z,13,0.745272,1.3754,0.2757,74.5272,15.8305,LONDON,1
scalp_fade_3m_lim,BTCUSDT,3m,1,TARGET,2025-09-25T12:30:00.000Z,2025-09-25T12:32:59.999Z,0,0.948475,1.2992,0.2467,94.8475,11.6241,LONDON,-1
scalp_fade_3m_lim,BTCUSDT,3m,1,STOP,2025-09-25T12:33:00.000Z,2025-09-25T13:02:59.999Z,9,-1.066646,0.4119,0.9096,-106.6646,15.3989,LONDON,-1
scalp_fade_3m_lim,BTCUSDT,3m,1,TARGET,2025-09-25T15:36:00.000Z,2025-09-25T16:02:59.999Z,8,1.012359,1.1353,0.1006,101.2359,10.2535,NY,1
scalp_fade_3m_lim,BTCUSDT,3m,1,STOP,2025-09-25T23:33:00.000Z,2025-09-25T23:38:59.999Z,1,-1.095414,0.0015,1.5237,-109.5414,22.3234,LATE,1
scalp_fade_3m_lim,BTCUSDT,3m,1,STOP,2025-09-26T00:39:00.000Z,2025-09-26T00:44:59.999Z,1,-1.083213,0.2422,0.7209,-108.3213,19.4950,ASIA,1
scalp_fade_3m_lim,BTCUSDT,3m,1,TIME,2025-09-26T03:21:00.000Z,2025-09-26T04:23:59.999Z,20,-0.127756,0.5789,0.5589,-12.7756,23.6051,ASIA,-1
scalp_fade_3m_lim,BTCUSDT,3m,1,TIME,2025-09-26T06:15:00.000Z,2025-09-26T07:17:59.999Z,20,0.374688,0.9913,0.0440,37.4688,20.8171,ASIA,-1
scalp_fade_3m_lim,BTCUSDT,3m,1,STOP,2025-09-26T07:27:00.000Z,2025-09-26T07:32:59.999Z,1,-1.102880,0.0003,1.3582,-110.2880,24.0543,LONDON,-1
scalp_fade_3m_lim,BTCUSDT,3m,1,TIME,2025-09-26T15:06:00.000Z,2025-09-26T16:08:59.999Z,20,0.297537,0.8436,0.2246,29.7537,16.8937,NY,-1
scalp_fade_3m_lim,BTCUSDT,3m,-1,TARGET,2025-09-27T00:06:00.000Z,2025-09-27T00:38:59.999Z,10,0.450842,0.7142,0.2330,45.0842,21.9972,ASIA,1
scalp_fade_3m_lim,BTCUSDT,3m,1,TARGET,2025-09-27T02:51:00.000Z,2025-09-27T03:26:59.999Z,11,0.376999,0.7558,0.1932,37.6999,23.5589,ASIA,-1
scalp_fade_3m_lim,BTCUSDT,3m,1,TARGET,2025-09-27T15:24:00.000Z,2025-09-27T15:50:59.999Z,8,0.518016,0.8045,0.1623,51.8016,20.6238,NY,-1
scalp_fade_3m_lim,BTCUSDT,3m,1,STOP,2025-09-27T16:57:00.000Z,2025-09-27T17:20:59.999Z,7,-1.160712,0.2556,0.5533,-116.0712,37.0006,NY,1
scalp_fade_3m_lim,BTCUSDT,3m,-1,TARGET,2025-09-28T00:42:00.000Z,2025-09-28T01:41:59.999Z,19,0.653992,0.9406,0.3750,65.3992,17.6811,ASIA,1
scalp_fade_3m_lim,BTCUSDT,3m,-1,TIME,2025-09-28T03:03:00.000Z,2025-09-28T04:05:59.999Z,20,-0.517154,0.4333,0.2099,-51.7154,39.4279,ASIA,1
scalp_fade_3m_lim,BTCUSDT,3m,-1,TARGET,2025-09-28T08:30:00.000Z,2025-09-28T09:11:59.999Z,13,0.420681,0.8352,0.2448,42.0681,22.6080,LONDON,-1
scalp_fade_3m_lim,BTCUSDT,3m,-1,TIME,2025-09-28T09:51:00.000Z,2025-09-28T10:53:59.999Z,20,-0.105705,0.6842,0.1457,-10.5705,34.9859,LONDON,1
scalp_fade_3m_lim,BTCUSDT,3m,1,TARGET,2025-09-28T11:36:00.000Z,2025-09-28T11:59:59.999Z,7,0.375537,0.6757,0.3991,37.5537,23.6205,LONDON,-1
scalp_fade_3m_lim,BTCUSDT,3m,1,STOP,2025-09-28T12:42:00.000Z,2025-09-28T12:50:59.999Z,2,-1.155876,0.0888,0.5483,-115.5876,36.2643,LONDON,1
scalp_fade_3m_lim,BTCUSDT,3m,-1,STOP,2025-09-28T20:12:00.000Z,2025-09-28T20:20:59.999Z,2,-1.174741,0.0000,0.7116,-117.4741,40.4101,NY,-1
scalp_fade_3m_lim,BTCUSDT,3m,-1,STOP,2025-09-29T00:12:00.000Z,2025-09-29T00:26:59.999Z,4,-1.103079,0.3950,0.6686,-110.3079,23.6554,ASIA,1
scalp_fade_3m_lim,BTCUSDT,3m,-1,TIME,2025-09-29T00:48:00.000Z,2025-09-29T01:50:59.999Z,20,0.448992,0.9560,0.5621,44.8992,23.4619,ASIA,-1
scalp_fade_3m_lim,BTCUSDT,3m,-1,TARGET,2025-09-29T02:24:00.000Z,2025-09-29T02:41:59.999Z,5,0.800869,0.9785,0.2163,80.0869,14.6746,ASIA,-1
scalp_fade_3m_lim,BTCUSDT,3m,-1,STOP,2025-09-29T03:21:00.000Z,2025-09-29T04:02:59.999Z,13,-1.122468,0.2329,0.6250,-112.2468,27.6303,ASIA,-1
scalp_fade_3m_lim,BTCUSDT,3m,-1,STOP,2025-09-29T07:33:00.000Z,2025-09-29T07:38:59.999Z,1,-1.142074,0.1762,0.5751,-114.2074,32.8852,LONDON,-1
scalp_fade_3m_lim,BTCUSDT,3m,-1,TARGET,2025-09-29T10:12:00.000Z,2025-09-29T11:08:59.999Z,18,0.503066,0.8994,0.4546,50.3066,20.8464,LONDON,1
scalp_fade_3m_lim,BTCUSDT,3m,-1,STOP,2025-09-29T19:42:00.000Z,2025-09-29T19:50:59.999Z,2,-1.122659,0.0004,1.1551,-112.2659,28.3045,NY,-1
scalp_fade_3m_lim,BTCUSDT,3m,-1,TIME,2025-09-30T02:24:00.000Z,2025-09-30T03:26:59.999Z,20,0.108284,0.6064,0.2481,10.8284,23.9633,ASIA,-1
scalp_fade_3m_lim,BTCUSDT,3m,-1,TARGET,2025-09-30T03:45:00.000Z,2025-09-30T04:26:59.999Z,13,0.521910,0.8607,0.1008,52.1910,20.4854,ASIA,-1
scalp_fade_3m_lim,BTCUSDT,3m,1,STOP,2025-09-30T07:15:00.000Z,2025-09-30T07:35:59.999Z,6,-1.159966,0.3648,0.5562,-115.9966,36.9054,LONDON,1
scalp_fade_3m_lim,BTCUSDT,3m,1,TARGET,2025-09-30T13:00:00.000Z,2025-09-30T13:20:59.999Z,6,0.688251,1.0251,0.5656,68.8251,17.0638,NY,1
scalp_fade_3m_lim,BTCUSDT,3m,1,TIME,2025-09-30T14:06:00.000Z,2025-09-30T15:08:59.999Z,20,0.243495,1.0639,0.3810,24.3495,15.1760,NY,-1
scalp_fade_3m_lim,BTCUSDT,3m,1,TIME,2025-09-30T15:12:00.000Z,2025-09-30T16:14:59.999Z,20,-0.533574,0.2169,0.5814,-53.3574,17.6892,NY,1
scalp_fade_3m_lim,BTCUSDT,3m,-1,TIME,2025-09-30T21:18:00.000Z,2025-09-30T22:20:59.999Z,20,0.582796,1.0093,0.0862,58.2796,21.4741,LATE,1
scalp_fade_3m_lim,BTCUSDT,3m,-1,STOP,2025-09-30T23:24:00.000Z,2025-10-01T00:02:59.999Z,12,-1.128398,0.4494,0.9327,-112.8398,29.0367,LATE,-1
scalp_fade_3m_lim,BTCUSDT,3m,-1,STOP,2025-10-01T03:09:00.000Z,2025-10-01T03:20:59.999Z,3,-1.135365,0.0724,0.6047,-113.5365,31.1930,ASIA,1
scalp_fade_3m_lim,BTCUSDT,3m,-1,TARGET,2025-10-01T03:24:00.000Z,2025-10-01T03:50:59.999Z,8,0.711865,1.0468,0.5543,71.1865,16.5294,ASIA,1
scalp_fade_3m_lim,BTCUSDT,3m,-1,STOP,2025-10-01T04:03:00.000Z,2025-10-01T04:29:59.999Z,8,-1.105620,0.1554,0.7602,-110.5620,24.0450,ASIA,-1
scalp_fade_3m_lim,BTCUSDT,3m,-1,TIME,2025-10-01T05:09:00.000Z,2025-10-01T06:11:59.999Z,20,-0.292286,0.2143,0.5853,-29.2286,22.3926,ASIA,1
scalp_fade_3m_lim,BTCUSDT,3m,-1,TARGET,2025-10-01T06:18:00.000Z,2025-10-01T06:20:59.999Z,0,0.672832,0.8950,0.0958,67.2832,17.3950,ASIA,-1
scalp_fade_3m_lim,BTCUSDT,3m,-1,TIME,2025-10-01T06:42:00.000Z,2025-10-01T07:44:59.999Z,20,-0.591213,0.9165,0.3164,-59.1213,26.8134,ASIA,1
scalp_fade_3m_lim,BTCUSDT,3m,-1,STOP,2025-10-01T08:12:00.000Z,2025-10-01T08:20:59.999Z,2,-1.141955,0.0368,2.1271,-114.1955,32.7893,LONDON,1
scalp_fade_3m_lim,BTCUSDT,3m,-1,STOP,2025-10-01T11:33:00.000Z,2025-10-01T11:44:59.999Z,3,-1.140288,0.1633,0.7250,-114.0288,32.3349,LONDON,1
scalp_fade_3m_lim,BTCUSDT,3m,-1,STOP,2025-10-01T13:33:00.000Z,2025-10-01T13:59:59.999Z,8,-1.128567,0.8102,0.7377,-112.8567,29.3132,NY,-1
scalp_fade_3m_lim,BTCUSDT,3m,-1,STOP,2025-10-01T16:06:00.000Z,2025-10-01T16:14:59.999Z,2,-1.093791,0.0833,0.7160,-109.3791,21.5944,NY,1
scalp_fade_3m_lim,BTCUSDT,3m,-1,TARGET,2025-10-01T16:51:00.000Z,2025-10-01T17:41:59.999Z,16,0.996414,1.2512,0.0394,99.6414,10.5254,NY,1
scalp_fade_3m_lim,BTCUSDT,3m,-1,STOP,2025-10-01T23:00:00.000Z,2025-10-01T23:08:59.999Z,2,-1.125304,0.2135,0.6726,-112.5304,28.9191,LATE,-1
scalp_fade_3m_lim,BTCUSDT,3m,-1,STOP,2025-10-02T02:39:00.000Z,2025-10-02T03:11:59.999Z,10,-1.101781,0.1730,0.9564,-110.1781,23.0693,ASIA,-1
scalp_fade_3m_lim,BTCUSDT,3m,-1,TARGET,2025-10-02T05:27:00.000Z,2025-10-02T05:53:59.999Z,8,0.743893,1.1351,0.1607,74.3893,15.8568,ASIA,-1
scalp_fade_3m_lim,BTCUSDT,3m,-1,STOP,2025-10-02T09:45:00.000Z,2025-10-02T10:02:59.999Z,5,-1.141127,0.1690,0.7590,-114.1127,32.3956,LONDON,1
scalp_fade_3m_lim,BTCUSDT,3m,-1,TIME,2025-10-02T10:06:00.000Z,2025-10-02T11:08:59.999Z,20,-0.028221,0.5270,0.2365,-2.8221,28.2142,LONDON,1
scalp_fade_3m_lim,BTCUSDT,3m,-1,STOP,2025-10-02T12:00:00.000Z,2025-10-02T12:05:59.999Z,1,-1.148972,0.1065,0.5340,-114.8972,34.4919,LONDON,1
scalp_fade_3m_lim,BTCUSDT,3m,-1,STOP,2025-10-02T13:21:00.000Z,2025-10-02T13:38:59.999Z,5,-1.102352,0.1748,0.7720,-110.2352,23.4386,NY,1
scalp_fade_3m_lim,BTCUSDT,3m,-1,STOP,2025-10-02T13:42:00.000Z,2025-10-02T13:47:59.999Z,1,-1.090550,0.1292,0.9452,-109.0550,20.8844,NY,-1
scalp_fade_3m_lim,BTCUSDT,3m,-1,STOP,2025-10-02T17:51:00.000Z,2025-10-02T18:05:59.999Z,4,-1.086790,0.0585,0.9571,-108.6790,19.8849,NY,-1
scalp_fade_3m_lim,BTCUSDT,3m,-1,STOP,2025-10-02T23:00:00.000Z,2025-10-02T23:02:59.999Z,0,-1.121555,0.0565,0.6581,-112.1555,28.1646,LATE,1
scalp_fade_3m_lim,BTCUSDT,3m,-1,TARGET,2025-10-03T01:15:00.000Z,2025-10-03T01:53:59.999Z,12,0.738984,0.9629,0.2154,73.8984,15.9389,ASIA,-1
scalp_fade_3m_lim,BTCUSDT,3m,-1,TARGET,2025-10-03T03:36:00.000Z,2025-10-03T04:35:59.999Z,19,0.771856,0.9546,0.1921,77.1856,15.2145,ASIA,-1
scalp_fade_3m_lim,BTCUSDT,3m,-1,STOP,2025-10-03T12:48:00.000Z,2025-10-03T13:23:59.999Z,11,-1.124371,0.4810,0.6321,-112.4371,28.1769,LONDON,-1
scalp_fade_3m_lim,BTCUSDT,3m,-1,TARGET,2025-10-03T17:12:00.000Z,2025-10-03T17:56:59.999Z,14,1.265548,1.3357,0.2295,126.5548,4.8908,NY,1
scalp_fade_3m_lim,BTCUSDT,3m,-1,STOP,2025-10-03T21:57:00.000Z,2025-10-03T22:38:59.999Z,13,-1.111639,0.1881,0.7343,-111.1639,25.1693,LATE,-1
scalp_fade_3m_lim,BTCUSDT,3m,1,TIME,2025-10-04T02:24:00.000Z,2025-10-04T03:26:59.999Z,20,0.139536,0.6779,0.4052,13.9536,23.0352,ASIA,-1
scalp_fade_3m_lim,BTCUSDT,3m,-1,TIME,2025-10-04T06:21:00.000Z,2025-10-04T07:23:59.999Z,20,0.249645,0.8297,0.1812,24.9645,29.8027,ASIA,-1
scalp_fade_3m_lim,BTCUSDT,3m,-1,TARGET,2025-10-04T08:18:00.000Z,2025-10-04T08:44:59.999Z,8,0.567132,0.7791,0.3769,56.7132,19.5693,LONDON,1
scalp_fade_3m_lim,BTCUSDT,3m,1,STOP,2025-10-04T11:33:00.000Z,2025-10-04T11:59:59.999Z,8,-1.147220,0.0797,0.5765,-114.7220,33.8420,LONDON,-1
scalp_fade_3m_lim,BTCUSDT,3m,1,TIME,2025-10-04T16:48:00.000Z,2025-10-04T17:50:59.999Z,20,-0.620128,0.5443,0.4264,-62.0128,25.2198,NY,-1
scalp_fade_3m_lim,BTCUSDT,3m,1,STOP,2025-10-04T18:21:00.000Z,2025-10-04T18:35:59.999Z,4,-1.159979,0.0209,0.5244,-115.9979,37.0603,NY,-1
scalp_fade_3m_lim,BTCUSDT,3m,1,TARGET,2025-10-04T21:00:00.000Z,2025-10-04T21:14:59.999Z,4,0.442590,1.1842,0.0885,44.2590,22.2352,LATE,1
scalp_fade_3m_lim,BTCUSDT,3m,-1,STOP,2025-10-04T23:33:00.000Z,2025-10-04T23:44:59.999Z,3,-1.205817,0.0622,0.3736,-120.5817,47.5346,LATE,-1
scalp_fade_3m_lim,BTCUSDT,3m,-1,STOP,2025-10-05T00:18:00.000Z,2025-10-05T00:23:59.999Z,1,-1.191506,0.0161,0.3976,-119.1506,44.3990,ASIA,1
scalp_fade_3m_lim,BTCUSDT,3m,1,TIME,2025-10-05T12:03:00.000Z,2025-10-05T13:05:59.999Z,20,-0.361121,0.1499,0.6859,-36.1121,21.4928,LONDON,1
scalp_fade_3m_lim,BTCUSDT,3m,1,STOP,2025-10-05T14:36:00.000Z,2025-10-05T14:44:59.999Z,2,-1.130383,0.2338,1.0907,-113.0383,30.3669,NY,1
scalp_fade_3m_lim,BTCUSDT,3m,1,TARGET,2025-10-05T16:00:00.000Z,2025-10-05T16:11:59.999Z,3,0.625373,1.1784,0.1150,62.5373,18.4018,NY,-1
scalp_fade_3m_lim,BTCUSDT,3m,1,STOP,2025-10-05T16:48:00.000Z,2025-10-05T16:50:59.999Z,0,-1.116366,0.0000,1.8722,-111.6366,27.2369,NY,1
scalp_fade_3m_lim,BTCUSDT,3m,1,STOP,2025-10-05T19:27:00.000Z,2025-10-05T19:47:59.999Z,6,-1.114603,0.0361,1.1973,-111.4603,26.4971,NY,-1
scalp_fade_3m_lim,BTCUSDT,3m,-1,STOP,2025-10-06T00:15:00.000Z,2025-10-06T00:17:59.999Z,0,-1.131152,0.0004,2.6186,-113.1152,30.4044,ASIA,1
scalp_fade_3m_lim,BTCUSDT,3m,-1,TIME,2025-10-06T00:27:00.000Z,2025-10-06T01:29:59.999Z,20,-0.620923,0.7974,0.6168,-62.0923,13.0191,ASIA,1
scalp_fade_3m_lim,BTCUSDT,3m,-1,TIME,2025-10-06T01:45:00.000Z,2025-10-06T02:47:59.999Z,20,-0.434634,0.7340,0.4555,-43.4634,14.7335,ASIA,1
scalp_fade_3m_lim,BTCUSDT,3m,-1,STOP,2025-10-06T06:03:00.000Z,2025-10-06T06:35:59.999Z,10,-1.104495,0.3183,0.7800,-110.4495,23.6898,ASIA,1
scalp_fade_3m_lim,BTCUSDT,3m,-1,STOP,2025-10-06T08:12:00.000Z,2025-10-06T08:32:59.999Z,6,-1.115057,0.1504,0.7834,-111.5057,26.3193,LONDON,1
scalp_fade_3m_lim,BTCUSDT,3m,-1,STOP,2025-10-06T11:30:00.000Z,2025-10-06T12:17:59.999Z,15,-1.096624,0.7141,0.7395,-109.6624,21.6695,LONDON,-1
scalp_fade_3m_lim,BTCUSDT,3m,-1,STOP,2025-10-06T13:39:00.000Z,2025-10-06T14:02:59.999Z,7,-1.076908,0.7620,0.7968,-107.6908,17.4892,NY,1
scalp_fade_3m_lim,BTCUSDT,3m,1,TARGET,2025-10-07T00:36:00.000Z,2025-10-07T01:11:59.999Z,11,0.771664,1.1547,0.2293,77.1664,15.2878,ASIA,1
scalp_fade_3m_lim,BTCUSDT,3m,1,TIME,2025-10-07T01:18:00.000Z,2025-10-07T02:20:59.999Z,20,-0.984202,0.4267,0.5978,-98.4202,24.5125,ASIA,1
scalp_fade_3m_lim,BTCUSDT,3m,1,TIME,2025-10-07T05:03:00.000Z,2025-10-07T06:05:59.999Z,20,-0.597811,0.8582,0.4859,-59.7811,28.3838,ASIA,-1
scalp_fade_3m_lim,BTCUSDT,3m,1,STOP,2025-10-07T08:12:00.000Z,2025-10-07T08:23:59.999Z,3,-1.109606,0.2846,0.6872,-110.9606,25.5077,LONDON,-1
scalp_fade_3m_lim,BTCUSDT,3m,1,TARGET,2025-10-07T11:03:00.000Z,2025-10-07T11:32:59.999Z,9,0.588261,0.9874,0.2669,58.8261,19.1440,LONDON,1
scalp_fade_3m_lim,BTCUSDT,3m,1,TIME,2025-10-07T21:15:00.000Z,2025-10-07T22:17:59.999Z,20,-0.213393,0.8542,0.5453,-21.3393,22.7493,LATE,-1
scalp_fade_3m_lim,BTCUSDT,3m,1,STOP,2025-10-08T02:39:00.000Z,2025-10-08T03:14:59.999Z,11,-1.108002,0.4692,0.6559,-110.8002,24.7289,ASIA,1
scalp_fade_3m_lim,BTCUSDT,3m,1,STOP,2025-10-08T05:18:00.000Z,2025-10-08T05:23:59.999Z,1,-1.099442,0.0794,0.7125,-109.9442,23.2572,ASIA,1
scalp_fade_3m_lim,BTCUSDT,3m,1,TARGET,2025-10-08T07:54:00.000Z,2025-10-08T08:20:59.999Z,8,0.894819,1.1086,0.1728,89.4819,12.7192,LONDON,-1
scalp_fade_3m_lim,BTCUSDT,3m,-1,STOP,2025-10-08T10:12:00.000Z,2025-10-08T10:35:59.999Z,7,-1.094271,0.0220,1.2083,-109.4271,21.4835,LONDON,-1
scalp_fade_3m_lim,BTCUSDT,3m,-1,TIME,2025-10-08T10:36:00.000Z,2025-10-08T11:38:59.999Z,20,-0.159401,0.3908,0.5081,-15.9401,19.5495,LONDON,1
scalp_fade_3m_lim,BTCUSDT,3m,-1,TARGET,2025-10-08T12:03:00.000Z,2025-10-08T12:26:59.999Z,7,0.702407,1.0476,0.4468,70.2407,16.7336,LONDON,-1
scalp_fade_3m_lim,BTCUSDT,3m,-1,STOP,2025-10-08T14:00:00.000Z,2025-10-08T14:02:59.999Z,0,-1.060372,0.0002,1.2462,-106.0372,13.8843,NY,-1
scalp_fade_3m_lim,BTCUSDT,3m,-1,STOP,2025-10-08T23:18:00.000Z,2025-10-08T23:26:59.999Z,2,-1.143849,0.2255,0.7342,-114.3849,33.2298,LATE,1
scalp_fade_3m_lim,BTCUSDT,3m,1,TIME,2025-10-09T03:09:00.000Z,2025-10-09T04:11:59.999Z,20,-0.114384,0.5206,0.1907,-11.4384,18.6302,ASIA,-1
scalp_fade_3m_lim,BTCUSDT,3m,1,TIME,2025-10-09T05:36:00.000Z,2025-10-09T06:38:59.999Z,20,-0.172592,0.6652,0.5136,-17.2592,26.6986,ASIA,-1
scalp_fade_3m_lim,BTCUSDT,3m,1,STOP,2025-10-09T08:06:00.000Z,2025-10-09T08:17:59.999Z,3,-1.120928,0.1890,0.7667,-112.0928,28.1215,LONDON,-1
scalp_fade_3m_lim,BTCUSDT,3m,1,TARGET,2025-10-09T10:21:00.000Z,2025-10-09T10:35:59.999Z,4,0.755754,0.9413,0.3553,75.5754,15.6570,LONDON,1
scalp_fade_3m_lim,BTCUSDT,3m,1,STOP,2025-10-09T16:24:00.000Z,2025-10-09T16:44:59.999Z,6,-1.072602,0.5633,1.0170,-107.2602,16.8604,NY,-1
scalp_fade_3m_lim,BTCUSDT,3m,1,TIME,2025-10-09T18:24:00.000Z,2025-10-09T19:26:59.999Z,20,0.436854,0.8503,0.5942,43.6854,17.2214,NY,1
scalp_fade_3m_lim,BTCUSDT,3m,-1,STOP,2025-10-09T23:54:00.000Z,2025-10-10T00:26:59.999Z,10,-1.143768,0.2158,0.7698,-114.3768,32.6691,LATE,-1
scalp_fade_3m_lim,BTCUSDT,3m,1,STOP,2025-10-10T03:54:00.000Z,2025-10-10T03:59:59.999Z,1,-1.109226,0.0009,0.7675,-110.9226,25.5254,ASIA,1
scalp_fade_3m_lim,BTCUSDT,3m,1,STOP,2025-10-10T05:03:00.000Z,2025-10-10T05:05:59.999Z,0,-1.129889,0.0004,0.6580,-112.9889,30.3783,ASIA,-1
scalp_fade_3m_lim,BTCUSDT,3m,-1,STOP,2025-10-10T10:51:00.000Z,2025-10-10T11:02:59.999Z,3,-1.129576,0.0004,0.6612,-112.9576,29.8504,LONDON,-1
scalp_fade_3m_lim,BTCUSDT,3m,-1,TIME,2025-10-10T11:54:00.000Z,2025-10-10T12:56:59.999Z,20,-0.579389,0.7688,0.2746,-57.9389,31.1655,LONDON,1
scalp_fade_3m_lim,BTCUSDT,3m,1,STOP,2025-10-10T20:51:00.000Z,2025-10-10T20:53:59.999Z,0,-1.057643,0.2671,2.2859,-105.7643,13.5958,NY,1
scalp_fade_3m_lim,BTCUSDT,3m,1,STOP,2025-10-10T23:51:00.000Z,2025-10-11T00:17:59.999Z,8,-1.028327,0.0831,1.2447,-102.8327,6.6742,LATE,1
scalp_fade_3m_lim,BTCUSDT,3m,1,TARGET,2025-10-11T01:42:00.000Z,2025-10-11T02:41:59.999Z,19,1.217455,1.5730,0.6945,121.7455,5.9297,ASIA,-1
scalp_fade_3m_lim,BTCUSDT,3m,1,TIME,2025-10-11T03:09:00.000Z,2025-10-11T04:11:59.999Z,20,-0.026014,0.2177,0.7280,-2.6014,11.2244,ASIA,1
scalp_fade_3m_lim,BTCUSDT,3m,1,STOP,2025-10-11T04:27:00.000Z,2025-10-11T04:38:59.999Z,3,-1.060425,0.2372,0.8996,-106.0425,14.1536,ASIA,1
scalp_fade_3m_lim,BTCUSDT,3m,1,TIME,2025-10-11T05:18:00.000Z,2025-10-11T06:20:59.999Z,20,-0.114408,0.3566,0.7697,-11.4408,14.8438,ASIA,1
scalp_fade_3m_lim,BTCUSDT,3m,1,TARGET,2025-10-11T11:18:00.000Z,2025-10-11T11:26:59.999Z,2,0.974588,1.1349,0.1965,97.4588,11.0676,LONDON,-1
scalp_fade_3m_lim,BTCUSDT,3m,1,TIME,2025-10-11T13:33:00.000Z,2025-10-11T14:35:59.999Z,20,0.109797,0.8742,0.0519,10.9797,16.3931,NY,1
scalp_fade_3m_lim,BTCUSDT,3m,1,TIME,2025-10-11T14:45:00.000Z,2025-10-11T15:47:59.999Z,20,-0.507726,0.9009,0.5195,-50.7726,21.4685,NY,-1
scalp_fade_3m_lim,BTCUSDT,3m,1,STOP,2025-10-11T19:03:00.000Z,2025-10-11T19:05:59.999Z,0,-1.130356,0.6295,0.5843,-113.0356,30.4868,NY,-1
scalp_fade_3m_lim,BTCUSDT,3m,1,STOP,2025-10-11T19:09:00.000Z,2025-10-11T19:11:59.999Z,0,-1.097352,0.0003,0.8481,-109.7352,22.8200,NY,-1
scalp_fade_3m_lim,BTCUSDT,3m,1,STOP,2025-10-11T19:12:00.000Z,2025-10-11T19:14:59.999Z,0,-1.085370,0.0653,0.9762,-108.5370,20.0367,NY,-1
scalp_fade_3m_lim,BTCUSDT,3m,1,STOP,2025-10-11T20:48:00.000Z,2025-10-11T20:56:59.999Z,2,-1.050918,0.1197,1.1961,-105.0918,11.9837,NY,-1
scalp_fade_3m_lim,BTCUSDT,3m,1,STOP,2025-10-11T23:33:00.000Z,2025-10-12T00:02:59.999Z,9,-1.087111,0.2548,1.1052,-108.7111,20.0656,LATE,-1
scalp_fade_3m_lim,BTCUSDT,3m,1,STOP,2025-10-12T00:36:00.000Z,2025-10-12T00:41:59.999Z,1,-1.067992,0.2342,1.2386,-106.7992,15.9665,ASIA,-1
scalp_fade_3m_lim,BTCUSDT,3m,1,TARGET,2025-10-12T01:42:00.000Z,2025-10-12T02:32:59.999Z,16,1.119390,1.4883,0.1638,111.9390,7.9873,ASIA,1
scalp_fade_3m_lim,BTCUSDT,3m,1,STOP,2025-10-12T02:42:00.000Z,2025-10-12T02:53:59.999Z,3,-1.062487,0.4319,0.8385,-106.2487,14.6298,ASIA,1
scalp_fade_3m_lim,BTCUSDT,3m,-1,STOP,2025-10-12T11:09:00.000Z,2025-10-12T11:35:59.999Z,8,-1.099485,0.6688,1.0397,-109.9485,22.6366,LONDON,1
scalp_fade_3m_lim,BTCUSDT,3m,-1,STOP,2025-10-12T12:03:00.000Z,2025-10-12T12:08:59.999Z,1,-1.095550,0.1351,0.7347,-109.5550,22.0490,LONDON,1
scalp_fade_3m_lim,BTCUSDT,3m,-1,TARGET,2025-10-12T13:45:00.000Z,2025-10-12T13:50:59.999Z,1,0.935134,1.1711,0.0641,93.5134,11.8674,NY,1
scalp_fade_3m_lim,BTCUSDT,3m,-1,STOP,2025-10-12T14:48:00.000Z,2025-10-12T14:53:59.999Z,1,-1.060258,0.1560,1.7386,-106.0258,13.8290,NY,1
scalp_fade_3m_lim,BTCUSDT,3m,-1,TIME,2025-10-12T16:45:00.000Z,2025-10-12T17:47:59.999Z,20,-0.208246,0.4885,0.6108,-20.8246,10.1121,NY,-1
scalp_fade_3m_lim,BTCUSDT,3m,-1,TARGET,2025-10-13T04:33:00.000Z,2025-10-13T04:50:59.999Z,5,1.021441,1.1597,0.0344,102.1441,10.0373,ASIA,-1
scalp_fade_3m_lim,BTCUSDT,3m,-1,STOP,2025-10-13T06:09:00.000Z,2025-10-13T06:20:59.999Z,3,-1.087754,0.1179,0.9521,-108.7754,20.1496,ASIA,-1
scalp_fade_3m_lim,BTCUSDT,3m,1,TARGET,2025-10-13T13:09:00.000Z,2025-10-13T13:32:59.999Z,7,1.080911,1.9477,0.3722,108.0911,8.8183,NY,1
scalp_fade_3m_lim,BTCUSDT,3m,-1,STOP,2025-10-13T20:54:00.000Z,2025-10-13T21:02:59.999Z,2,-1.110538,0.2605,0.6818,-111.0538,25.4871,NY,-1
scalp_fade_3m_lim,BTCUSDT,3m,-1,TARGET,2025-10-13T22:18:00.000Z,2025-10-13T22:32:59.999Z,4,0.709686,1.2069,0.0449,70.9686,16.5970,LATE,1
scalp_fade_3m_lim,BTCUSDT,3m,-1,TARGET,2025-10-14T00:18:00.000Z,2025-10-14T00:47:59.999Z,9,0.838774,1.1684,0.3224,83.8774,13.8594,ASIA,-1
scalp_fade_3m_lim,BTCUSDT,3m,1,STOP,2025-10-14T04:33:00.000Z,2025-10-14T04:47:59.999Z,4,-1.074780,0.2158,0.8059,-107.4780,17.4317,ASIA,-1
scalp_fade_3m_lim,BTCUSDT,3m,1,STOP,2025-10-14T05:30:00.000Z,2025-10-14T05:35:59.999Z,1,-1.057561,0.1473,0.9783,-105.7561,13.5484,ASIA,-1
scalp_fade_3m_lim,BTCUSDT,3m,1,STOP,2025-10-14T12:54:00.000Z,2025-10-14T13:14:59.999Z,6,-1.062436,0.0364,1.0321,-106.2436,14.5277,LONDON,-1
scalp_fade_3m_lim,BTCUSDT,3m,1,STOP,2025-10-14T13:30:00.000Z,2025-10-14T13:38:59.999Z,2,-1.068179,0.3310,1.8910,-106.8179,15.9768,NY,-1
scalp_fade_3m_lim,BTCUSDT,3m,-1,TIME,2025-10-14T16:36:00.000Z,2025-10-14T17:38:59.999Z,20,-0.162090,0.8450,0.5341,-16.2090,8.8401,NY,1
scalp_fade_3m_lim,BTCUSDT,3m,-1,STOP,2025-10-14T21:39:00.000Z,2025-10-14T21:44:59.999Z,1,-1.103728,0.0557,0.8767,-110.3728,23.9539,LATE,1
scalp_fade_3m_lim,BTCUSDT,3m,-1,TIME,2025-10-14T23:06:00.000Z,2025-10-15T00:08:59.999Z,20,0.337686,1.0033,0.4872,33.7686,20.4238,LATE,-1
scalp_fade_3m_lim,BTCUSDT,3m,1,STOP,2025-10-15T05:30:00.000Z,2025-10-15T06:17:59.999Z,15,-1.084441,0.8519,0.9392,-108.4441,19.2215,ASIA,1
scalp_fade_3m_lim,BTCUSDT,3m,1,STOP,2025-10-15T11:12:00.000Z,2025-10-15T11:17:59.999Z,1,-1.080077,0.0847,1.2579,-108.0077,18.7682,LONDON,1
scalp_fade_3m_lim,BTCUSDT,3m,1,STOP,2025-10-15T13:39:00.000Z,2025-10-15T13:47:59.999Z,2,-1.056323,0.0915,1.3181,-105.6323,13.2340,NY,-1
scalp_fade_3m_lim,BTCUSDT,3m,1,STOP,2025-10-15T19:39:00.000Z,2025-10-15T20:32:59.999Z,17,-1.085248,0.6498,1.3816,-108.5248,19.3254,NY,1
scalp_fade_3m_lim,BTCUSDT,3m,1,STOP,2025-10-15T20:42:00.000Z,2025-10-15T21:11:59.999Z,9,-1.057307,0.4064,1.1663,-105.7307,13.2691,NY,-1
scalp_fade_3m_lim,BTCUSDT,3m,1,STOP,2025-10-16T00:03:00.000Z,2025-10-16T00:17:59.999Z,4,-1.100525,0.3577,0.7365,-110.0525,23.3630,ASIA,1
scalp_fade_3m_lim,BTCUSDT,3m,1,STOP,2025-10-16T00:21:00.000Z,2025-10-16T00:38:59.999Z,5,-1.081767,0.3962,0.8013,-108.1767,19.0023,ASIA,-1
scalp_fade_3m_lim,BTCUSDT,3m,-1,TIME,2025-10-16T03:39:00.000Z,2025-10-16T04:41:59.999Z,20,0.314660,0.7421,0.3163,31.4660,19.2739,ASIA,1
scalp_fade_3m_lim,BTCUSDT,3m,-1,TARGET,2025-10-16T05:36:00.000Z,2025-10-16T05:53:59.999Z,5,1.020617,1.6037,0.0351,102.0617,10.0547,ASIA,1
scalp_fade_3m_lim,BTCUSDT,3m,1,TARGET,2025-10-16T06:09:00.000Z,2025-10-16T06:32:59.999Z,7,0.993923,1.1442,0.3825,99.3923,10.6437,ASIA,1
scalp_fade_3m_lim,BTCUSDT,3m,-1,TARGET,2025-10-16T13:36:00.000Z,2025-10-16T13:59:59.999Z,7,1.067961,1.3459,0.3705,106.7961,9.0534,NY,-1
scalp_fade_3m_lim,BTCUSDT,3m,-1,TARGET,2025-10-17T04:33:00.000Z,2025-10-17T04:56:59.999Z,7,0.761522,0.9347,0.0544,76.1522,15.4916,ASIA,-1
scalp_fade_3m_lim,BTCUSDT,3m,1,TARGET,2025-10-17T13:06:00.000Z,2025-10-17T13:32:59.999Z,8,1.090841,1.3606,0.7574,109.0841,8.6071,NY,-1
scalp_fade_3m_lim,BTCUSDT,3m,1,STOP,2025-10-17T13:45:00.000Z,2025-10-17T14:35:59.999Z,16,-1.037990,1.0091,0.9422,-103.7990,8.7389,NY,1
scalp_fade_3m_lim,BTCUSDT,3m,1,TARGET,2025-10-17T14:45:00.000Z,2025-10-17T15:47:59.999Z,20,1.255489,1.4141,0.1727,125.5489,5.1330,NY,-1
scalp_fade_3m_lim,BTCUSDT,3m,-1,STOP,2025-10-17T17:57:00.000Z,2025-10-17T18:23:59.999Z,8,-1.057626,0.1800,0.8836,-105.7626,13.0268,NY,-1
scalp_fade_3m_lim,BTCUSDT,3m,-1,STOP,2025-10-18T00:27:00.000Z,2025-10-18T01:23:59.999Z,18,-1.091734,0.5872,0.8217,-109.1734,20.4393,ASIA,-1
scalp_fade_3m_lim,BTCUSDT,3m,-1,TIME,2025-10-18T12:00:00.000Z,2025-10-18T13:02:59.999Z,20,0.419304,0.9038,0.3346,41.9304,25.8394,LONDON,1
scalp_fade_3m_lim,BTCUSDT,3m,-1,TARGET,2025-10-18T13:24:00.000Z,2025-10-18T14:11:59.999Z,15,0.763107,1.1413,0.2096,76.3107,15.4178,NY,-1
scalp_fade_3m_lim,BTCUSDT,3m,-1,STOP,2025-10-18T14:57:00.000Z,2025-10-18T15:05:59.999Z,2,-1.113633,0.0220,0.6398,-111.3633,26.2066,NY,-1
scalp_fade_3m_lim,BTCUSDT,3m,-1,STOP,2025-10-18T20:18:00.000Z,2025-10-18T20:26:59.999Z,2,-1.117614,0.2032,0.6694,-111.7614,27.1317,NY,1
scalp_fade_3m_lim,BTCUSDT,3m,-1,STOP,2025-10-18T21:27:00.000Z,2025-10-18T21:59:59.999Z,10,-1.122027,0.0004,0.7101,-112.2027,27.6983,LATE,-1
scalp_fade_3m_lim,BTCUSDT,3m,-1,TARGET,2025-10-19T00:12:00.000Z,2025-10-19T00:44:59.999Z,10,0.692369,1.4979,0.1468,69.2369,16.9278,ASIA,1
scalp_fade_3m_lim,BTCUSDT,3m,-1,TARGET,2025-10-19T04:33:00.000Z,2025-10-19T05:29:59.999Z,18,0.647244,0.9240,0.1679,64.7244,17.8281,ASIA,-1
scalp_fade_3m_lim,BTCUSDT,3m,-1,STOP,2025-10-19T13:33:00.000Z,2025-10-19T13:41:59.999Z,2,-1.106219,0.1607,0.6662,-110.6219,24.4833,NY,-1
scalp_fade_3m_lim,BTCUSDT,3m,-1,STOP,2025-10-19T16:42:00.000Z,2025-10-19T16:44:59.999Z,0,-1.110009,0.0003,1.2115,-111.0009,25.4696,NY,-1
scalp_fade_3m_lim,BTCUSDT,3m,-1,STOP,2025-10-19T22:03:00.000Z,2025-10-19T22:08:59.999Z,1,-1.116905,0.0939,0.7330,-111.6905,27.0229,LATE,-1
scalp_fade_3m_lim,BTCUSDT,3m,1,TIME,2025-10-20T00:42:00.000Z,2025-10-20T01:44:59.999Z,20,-0.004337,0.6180,0.2597,-0.4337,13.0734,ASIA,-1
scalp_fade_3m_lim,BTCUSDT,3m,1,TARGET,2025-10-20T02:15:00.000Z,2025-10-20T02:17:59.999Z,0,0.985553,1.1743,0.0471,98.5553,10.8442,ASIA,1
scalp_fade_3m_lim,BTCUSDT,3m,-1,TIME,2025-10-20T07:03:00.000Z,2025-10-20T08:05:59.999Z,20,-0.426463,0.3614,0.6402,-42.6463,21.2257,LONDON,1
scalp_fade_3m_lim,BTCUSDT,3m,-1,TIME,2025-10-20T09:57:00.000Z,2025-10-20T10:59:59.999Z,20,0.132533,0.8093,0.4922,13.2533,21.6517,LONDON,-1
scalp_fade_3m_lim,BTCUSDT,3m,-1,TIME,2025-10-20T11:27:00.000Z,2025-10-20T12:29:59.999Z,20,-0.945300,0.4421,0.6836,-94.5300,21.9941,LONDON,-1
scalp_fade_3m_lim,BTCUSDT,3m,-1,STOP,2025-10-20T13:33:00.000Z,2025-10-20T13:50:59.999Z,5,-1.100997,0.6226,0.7057,-110.0997,23.1258,NY,-1
scalp_fade_3m_lim,BTCUSDT,3m,-1,TIME,2025-10-20T14:30:00.000Z,2025-10-20T15:32:59.999Z,20,-0.321909,0.5919,0.6697,-32.1909,15.7412,NY,1
scalp_fade_3m_lim,BTCUSDT,3m,-1,TARGET,2025-10-20T15:57:00.000Z,2025-10-20T16:02:59.999Z,1,1.034745,1.7187,0.0363,103.4745,9.7705,NY,1
scalp_fade_3m_lim,BTCUSDT,3m,-1,STOP,2025-10-20T20:00:00.000Z,2025-10-20T20:08:59.999Z,2,-1.098140,0.4360,1.3977,-109.8140,22.6054,NY,1
scalp_fade_3m_lim,BTCUSDT,3m,1,STOP,2025-10-20T23:27:00.000Z,2025-10-21T00:02:59.999Z,11,-1.128107,0.4407,0.8189,-112.8107,29.2949,LATE,-1
scalp_fade_3m_lim,BTCUSDT,3m,1,STOP,2025-10-21T01:06:00.000Z,2025-10-21T01:44:59.999Z,12,-1.116389,0.1273,0.6442,-111.6389,26.5797,ASIA,1
scalp_fade_3m_lim,BTCUSDT,3m,1,STOP,2025-10-21T08:03:00.000Z,2025-10-21T08:23:59.999Z,6,-1.100700,0.3451,0.6751,-110.0700,23.3071,LONDON,1
scalp_fade_3m_lim,BTCUSDT,3m,1,STOP,2025-10-21T08:24:00.000Z,2025-10-21T08:44:59.999Z,6,-1.088629,0.1741,0.7801,-108.8629,20.5376,LONDON,1
scalp_fade_3m_lim,BTCUSDT,3m,-1,TARGET,2025-10-21T12:51:00.000Z,2025-10-21T13:11:59.999Z,6,1.154167,2.0495,0.1672,115.4167,7.2446,LONDON,1
scalp_fade_3m_lim,BTCUSDT,3m,-1,TARGET,2025-10-21T16:42:00.000Z,2025-10-21T16:59:59.999Z,5,1.168144,1.4720,0.2829,116.8144,6.9531,NY,1
scalp_fade_3m_lim,BTCUSDT,3m,1,TIME,2025-10-22T03:30:00.000Z,2025-10-22T04:32:59.999Z,20,0.247969,1.0068,0.5205,24.7969,19.6293,ASIA,-1
scalp_fade_3m_lim,BTCUSDT,3m,1,STOP,2025-10-22T05:09:00.000Z,2025-10-22T05:23:59.999Z,4,-1.107078,0.2572,0.7898,-110.7078,24.8727,ASIA,1
scalp_fade_3m_lim,BTCUSDT,3m,1,STOP,2025-10-22T06:42:00.000Z,2025-10-22T07:05:59.999Z,7,-1.086002,0.0546,0.7183,-108.6002,19.8939,ASIA,1
scalp_fade_3m_lim,BTCUSDT,3m,1,TIME,2025-10-22T09:42:00.000Z,2025-10-22T10:44:59.999Z,20,-0.667715,0.5049,0.4990,-66.7715,20.4244,LONDON,-1
scalp_fade_3m_lim,BTCUSDT,3m,1,TIME,2025-10-22T11:12:00.000Z,2025-10-22T12:14:59.999Z,20,-0.225296,0.7450,0.5439,-22.5296,10.7118,LONDON,-1
scalp_fade_3m_lim,BTCUSDT,3m,1,TARGET,2025-10-22T13:33:00.000Z,2025-10-22T13:38:59.999Z,1,1.003447,1.3178,0.5315,100.3447,10.4644,NY,1
scalp_fade_3m_lim,BTCUSDT,3m,1,TARGET,2025-10-22T13:48:00.000Z,2025-10-22T13:59:59.999Z,3,1.168334,1.6884,0.3674,116.8334,6.9928,NY,1
scalp_fade_3m_lim,BTCUSDT,3m,1,TIME,2025-10-22T14:27:00.000Z,2025-10-22T15:29:59.999Z,20,-0.384293,1.2011,0.4852,-38.4293,8.2660,NY,1
scalp_fade_3m_lim,BTCUSDT,3m,-1,TIME,2025-10-22T16:36:00.000Z,2025-10-22T17:38:59.999Z,20,0.312375,0.6225,0.4916,31.2375,8.8365,NY,1
scalp_fade_3m_lim,BTCUSDT,3m,1,STOP,2025-10-22T19:45:00.000Z,2025-10-22T19:59:59.999Z,4,-1.073171,0.2152,1.0762,-107.3171,17.0610,NY,-1
scalp_fade_3m_lim,BTCUSDT,3m,-1,STOP,2025-10-23T05:03:00.000Z,2025-10-23T05:53:59.999Z,16,-1.116300,0.3032,0.6882,-111.6300,26.0702,ASIA,1
scalp_fade_3m_lim,BTCUSDT,3m,-1,TIME,2025-10-23T08:06:00.000Z,2025-10-23T09:08:59.999Z,20,0.302333,0.8701,0.6583,30.2333,17.5343,LONDON,-1
scalp_fade_3m_lim,BTCUSDT,3m,-1,TARGET,2025-10-23T11:24:00.000Z,2025-10-23T11:35:59.999Z,3,0.850323,1.1442,0.3332,85.0323,13.6438,LONDON,-1
scalp_fade_3m_lim,BTCUSDT,3m,-1,STOP,2025-10-23T13:27:00.000Z,2025-10-23T13:35:59.999Z,2,-1.092229,0.3185,0.8940,-109.2229,21.2315,NY,-1
scalp_fade_3m_lim,BTCUSDT,3m,-1,TARGET,2025-10-23T13:36:00.000Z,2025-10-23T14:14:59.999Z,12,1.038425,1.2681,0.4684,103.8425,9.6580,NY,-1
scalp_fade_3m_lim,BTCUSDT,3m,-1,STOP,2025-10-23T14:24:00.000Z,2025-10-23T14:38:59.999Z,4,-1.050390,0.0790,0.9637,-105.0390,11.4592,NY,-1
scalp_fade_3m_lim,BTCUSDT,3m,-1,STOP,2025-10-23T17:12:00.000Z,2025-10-23T17:35:59.999Z,7,-1.057584,0.1970,1.5974,-105.7584,13.0438,NY,1
scalp_fade_3m_lim,BTCUSDT,3m,-1,STOP,2025-10-23T23:54:00.000Z,2025-10-24T00:02:59.999Z,2,-1.134159,0.1941,0.6314,-113.4159,30.9774,LATE,-1
scalp_fade_3m_lim,BTCUSDT,3m,-1,STOP,2025-10-24T00:03:00.000Z,2025-10-24T00:14:59.999Z,3,-1.114401,0.0843,1.0200,-111.4401,26.3304,ASIA,-1
scalp_fade_3m_lim,BTCUSDT,3m,-1,STOP,2025-10-24T02:42:00.000Z,2025-10-24T02:56:59.999Z,4,-1.112906,0.0003,1.1376,-111.2906,25.9301,ASIA,-1
scalp_fade_3m_lim,BTCUSDT,3m,-1,STOP,2025-10-24T05:03:00.000Z,2025-10-24T05:50:59.999Z,15,-1.083133,0.1475,0.7782,-108.3133,18.6162,ASIA,1
scalp_fade_3m_lim,BTCUSDT,3m,-1,TIME,2025-10-24T09:09:00.000Z,2025-10-24T10:11:59.999Z,20,-0.366507,0.2398,0.5551,-36.6507,20.3643,LONDON,-1
scalp_fade_3m_lim,BTCUSDT,3m,-1,TIME,2025-10-24T12:33:00.000Z,2025-10-24T13:35:59.999Z,20,0.622923,0.9525,0.0572,62.2923,11.3762,LONDON,1
scalp_fade_3m_lim,BTCUSDT,3m,-1,TIME,2025-10-24T21:21:00.000Z,2025-10-24T22:23:59.999Z,20,-0.659985,0.2824,0.4649,-65.9985,18.5372,LATE,1
scalp_fade_3m_lim,BTCUSDT,3m,-1,TARGET,2025-10-25T00:48:00.000Z,2025-10-25T00:53:59.999Z,1,0.617497,0.9731,0.3464,61.7497,18.5541,ASIA,-1
scalp_fade_3m_lim,BTCUSDT,3m,-1,TIME,2025-10-25T02:51:00.000Z,2025-10-25T03:53:59.999Z,20,-0.456919,0.3943,0.2295,-45.6919,38.6986,ASIA,1
scalp_fade_3m_lim,BTCUSDT,3m,-1,TIME,2025-10-25T07:39:00.000Z,2025-10-25T08:41:59.999Z,20,-0.373093,0.4509,0.3708,-37.3093,22.4011,LONDON,-1
scalp_fade_3m_lim,BTCUSDT,3m,-1,STOP,2025-10-25T12:12:00.000Z,2025-10-25T12:50:59.999Z,12,-1.154886,0.0933,1.2855,-115.4886,35.0682,LONDON,1
scalp_fade_3m_lim,BTCUSDT,3m,-1,TIME,2025-10-25T13:06:00.000Z,2025-10-25T14:08:59.999Z,20,-0.231137,0.8841,0.3388,-23.1137,27.2832,NY,1
scalp_fade_3m_lim,BTCUSDT,3m,-1,TARGET,2025-10-25T14:18:00.000Z,2025-10-25T14:35:59.999Z,5,0.511873,0.9299,0.1288,51.1873,20.7503,NY,-1
scalp_fade_3m_lim,BTCUSDT,3m,-1,STOP,2025-10-25T23:54:00.000Z,2025-10-26T00:29:59.999Z,11,-1.165138,0.3979,0.8380,-116.5138,37.4788,LATE,-1
scalp_fade_3m_lim,BTCUSDT,3m,-1,STOP,2025-10-26T09:21:00.000Z,2025-10-26T09:23:59.999Z,0,-1.163756,0.0005,1.3423,-116.3756,38.0144,LONDON,1
scalp_fade_3m_lim,BTCUSDT,3m,-1,TARGET,2025-10-26T15:54:00.000Z,2025-10-26T16:17:59.999Z,7,0.702831,1.2258,0.5020,70.2831,16.7247,NY,-1
scalp_fade_3m_lim,BTCUSDT,3m,-1,STOP,2025-10-26T18:18:00.000Z,2025-10-26T18:35:59.999Z,5,-1.160477,0.4139,0.5946,-116.0477,36.8653,NY,-1
scalp_fade_3m_lim,BTCUSDT,3m,-1,STOP,2025-10-26T18:36:00.000Z,2025-10-26T18:41:59.999Z,1,-1.143827,0.0201,0.7218,-114.3827,33.2937,NY,-1
scalp_fade_3m_lim,BTCUSDT,3m,-1,STOP,2025-10-26T21:36:00.000Z,2025-10-26T22:02:59.999Z,8,-1.087636,0.2411,1.5599,-108.7636,19.9164,LATE,-1
scalp_fade_3m_lim,BTCUSDT,3m,-1,STOP,2025-10-27T00:03:00.000Z,2025-10-27T00:20:59.999Z,5,-1.083737,0.0383,0.7810,-108.3737,19.1387,ASIA,-1
scalp_fade_3m_lim,BTCUSDT,3m,-1,STOP,2025-10-27T04:06:00.000Z,2025-10-27T04:11:59.999Z,1,-1.135169,0.0008,0.7585,-113.5169,31.2770,ASIA,-1
scalp_fade_3m_lim,BTCUSDT,3m,-1,STOP,2025-10-27T04:12:00.000Z,2025-10-27T05:05:59.999Z,17,-1.128712,0.2238,0.8382,-112.8712,28.8156,ASIA,-1
scalp_fade_3m_lim,BTCUSDT,3m,-1,TIME,2025-10-27T09:39:00.000Z,2025-10-27T10:41:59.999Z,20,-0.711042,0.4662,0.5690,-71.1042,18.2532,LONDON,-1
scalp_fade_3m_lim,BTCUSDT,3m,-1,TARGET,2025-10-27T11:57:00.000Z,2025-10-27T12:35:59.999Z,12,0.751172,1.0848,0.2082,75.1172,15.6833,LONDON,1
scalp_fade_3m_lim,BTCUSDT,3m,1,TIME,2025-10-27T14:06:00.000Z,2025-10-27T15:08:59.999Z,20,-0.404718,0.4052,0.7354,-40.4718,15.3551,NY,1
scalp_fade_3m_lim,BTCUSDT,3m,1,TARGET,2025-10-27T15:36:00.000Z,2025-10-27T16:35:59.999Z,19,1.031667,1.2195,0.1464,103.1667,9.8131,NY,1
scalp_fade_3m_lim,BTCUSDT,3m,1,STOP,2025-10-27T20:51:00.000Z,2025-10-27T20:56:59.999Z,1,-1.109102,0.0000,0.9715,-110.9102,25.4964,NY,-1
scalp_fade_3m_lim,BTCUSDT,3m,1,TIME,2025-10-28T04:21:00.000Z,2025-10-28T05:23:59.999Z,20,-0.495116,0.6053,0.3016,-49.5116,24.5335,ASIA,-1
scalp_fade_3m_lim,BTCUSDT,3m,-1,STOP,2025-10-28T11:15:00.000Z,2025-10-28T11:38:59.999Z,7,-1.150909,0.1540,0.5159,-115.0909,34.5129,LONDON,1
scalp_fade_3m_lim,BTCUSDT,3m,1,STOP,2025-10-28T23:03:00.000Z,2025-10-28T23:20:59.999Z,5,-1.113010,0.1976,0.8029,-111.3010,26.1853,LATE,1
scalp_fade_3m_lim,BTCUSDT,3m,1,TIME,2025-10-28T23:21:00.000Z,2025-10-29T00:23:59.999Z,20,-0.897642,0.6238,0.6296,-89.7642,23.1156,LATE,-1
scalp_fade_3m_lim,BTCUSDT,3m,1,TIME,2025-10-29T03:12:00.000Z,2025-10-29T04:14:59.999Z,20,-0.089174,0.3317,0.5332,-8.9174,22.4275,ASIA,1
scalp_fade_3m_lim,BTCUSDT,3m,-1,STOP,2025-10-29T13:06:00.000Z,2025-10-29T13:17:59.999Z,3,-1.119374,0.0332,0.9096,-111.9374,27.4839,NY,1
scalp_fade_3m_lim,BTCUSDT,3m,1,STOP,2025-10-29T18:36:00.000Z,2025-10-29T18:41:59.999Z,1,-1.035809,0.4534,1.5019,-103.5809,8.5061,NY,1
scalp_fade_3m_lim,BTCUSDT,3m,1,TARGET,2025-10-29T20:03:00.000Z,2025-10-29T20:50:59.999Z,15,1.173149,1.2836,0.4915,117.3149,6.8647,NY,-1
scalp_fade_3m_lim,BTCUSDT,3m,1,STOP,2025-10-29T22:18:00.000Z,2025-10-29T22:32:59.999Z,4,-1.087816,0.0284,0.7109,-108.7816,20.4349,LATE,-1
scalp_fade_3m_lim,BTCUSDT,3m,1,TARGET,2025-10-30T02:00:00.000Z,2025-10-30T02:26:59.999Z,8,0.950107,1.3842,0.4026,95.0107,11.5594,ASIA,1
scalp_fade_3m_lim,BTCUSDT,3m,1,STOP,2025-10-30T03:06:00.000Z,2025-10-30T04:08:59.999Z,20,-1.101460,0.5990,1.2296,-110.1460,22.8257,ASIA,1
scalp_fade_3m_lim,BTCUSDT,3m,1,STOP,2025-10-30T11:30:00.000Z,2025-10-30T12:05:59.999Z,11,-1.086695,0.4033,0.8192,-108.6695,19.8898,LONDON,-1
scalp_fade_3m_lim,BTCUSDT,3m,1,STOP,2025-10-30T15:09:00.000Z,2025-10-30T15:38:59.999Z,9,-1.057924,0.2202,0.8643,-105.7924,13.4100,NY,1
scalp_fade_3m_lim,BTCUSDT,3m,1,STOP,2025-10-30T19:06:00.000Z,2025-10-30T19:41:59.999Z,11,-1.061589,0.3489,1.3953,-106.1589,14.1877,NY,-1
scalp_fade_3m_lim,BTCUSDT,3m,1,TARGET,2025-10-30T19:57:00.000Z,2025-10-30T20:53:59.999Z,18,1.193537,1.4411,0.5760,119.3537,6.4317,NY,-1
scalp_fade_3m_lim,BTCUSDT,3m,1,TARGET,2025-10-30T23:27:00.000Z,2025-10-30T23:35:59.999Z,2,0.928331,1.8271,0.0807,92.8331,12.0399,LATE,1
scalp_fade_3m_lim,BTCUSDT,3m,-1,STOP,2025-10-31T03:09:00.000Z,2025-10-31T04:11:59.999Z,20,-1.070142,0.4798,0.9642,-107.0142,15.5197,ASIA,-1
scalp_fade_3m_lim,BTCUSDT,3m,-1,STOP,2025-10-31T10:39:00.000Z,2025-10-31T10:44:59.999Z,1,-1.104068,0.0003,0.6669,-110.4068,24.0331,LONDON,-1
scalp_fade_3m_lim,BTCUSDT,3m,-1,STOP,2025-10-31T11:48:00.000Z,2025-10-31T11:50:59.999Z,0,-1.102131,0.0003,1.0120,-110.2131,23.6310,LONDON,-1
scalp_fade_3m_lim,BTCUSDT,3m,-1,STOP,2025-10-31T14:06:00.000Z,2025-10-31T14:56:59.999Z,16,-1.058836,0.9835,1.6490,-105.8836,13.0907,NY,-1
scalp_fade_3m_lim,BTCUSDT,3m,1,STOP,2025-10-31T20:51:00.000Z,2025-10-31T21:14:59.999Z,7,-1.087265,0.0000,0.8195,-108.7265,20.1831,NY,1
scalp_fade_3m_lim,BTCUSDT,3m,1,TIME,2025-10-31T21:33:00.000Z,2025-10-31T22:35:59.999Z,20,0.058445,0.9031,0.1975,5.8445,23.8483,LATE,-1
scalp_fade_3m_lim,BTCUSDT,3m,1,TARGET,2025-11-01T00:03:00.000Z,2025-11-01T00:47:59.999Z,14,0.568665,1.1851,0.3343,56.8665,19.5229,ASIA,-1
scalp_fade_3m_lim,BTCUSDT,3m,-1,STOP,2025-11-01T02:48:00.000Z,2025-11-01T03:08:59.999Z,6,-1.118029,0.0649,0.6188,-111.8029,27.0044,ASIA,-1
scalp_fade_3m_lim,BTCUSDT,3m,-1,STOP,2025-11-01T07:06:00.000Z,2025-11-01T07:17:59.999Z,3,-1.154985,0.0552,0.6635,-115.4985,35.7439,LONDON,-1
scalp_fade_3m_lim,BTCUSDT,3m,-1,STOP,2025-11-01T08:03:00.000Z,2025-11-01T08:17:59.999Z,4,-1.150083,0.1938,0.6087,-115.0083,34.5356,LONDON,1
scalp_fade_3m_lim,BTCUSDT,3m,-1,TARGET,2025-11-01T09:03:00.000Z,2025-11-01T09:35:59.999Z,10,0.462486,0.6896,0.2885,46.2486,21.7528,LONDON,1
scalp_fade_3m_lim,BTCUSDT,3m,-1,TARGET,2025-11-01T10:03:00.000Z,2025-11-01T10:11:59.999Z,2,0.584975,0.9777,0.0595,58.4975,19.2324,LONDON,-1
scalp_fade_3m_lim,BTCUSDT,3m,1,STOP,2025-11-01T13:51:00.000Z,2025-11-01T14:14:59.999Z,7,-1.129182,0.2516,0.7716,-112.9182,29.7810,NY,-1
scalp_fade_3m_lim,BTCUSDT,3m,-1,TARGET,2025-11-01T20:48:00.000Z,2025-11-01T21:14:59.999Z,8,0.520638,0.9366,0.2240,52.0638,20.5458,NY,1
scalp_fade_3m_lim,BTCUSDT,3m,1,STOP,2025-11-02T00:09:00.000Z,2025-11-02T00:20:59.999Z,3,-1.163392,0.0868,0.5009,-116.3392,37.9247,ASIA,1
scalp_fade_3m_lim,BTCUSDT,3m,1,TIME,2025-11-02T00:30:00.000Z,2025-11-02T01:32:59.999Z,20,-0.343653,0.3197,0.4422,-34.3653,31.5506,ASIA,1
scalp_fade_3m_lim,BTCUSDT,3m,-1,STOP,2025-11-02T07:09:00.000Z,2025-11-02T07:41:59.999Z,10,-1.132880,0.4376,0.6149,-113.2880,30.1796,LONDON,-1
scalp_fade_3m_lim,BTCUSDT,3m,-1,STOP,2025-11-02T07:42:00.000Z,2025-11-02T07:50:59.999Z,2,-1.130101,0.1468,0.6564,-113.0101,30.0342,LONDON,-1
scalp_fade_3m_lim,BTCUSDT,3m,-1,TARGET,2025-11-02T10:03:00.000Z,2025-11-02T10:32:59.999Z,9,0.807898,1.3946,0.2844,80.7898,14.5077,LONDON,1
scalp_fade_3m_lim,BTCUSDT,3m,1,STOP,2025-11-02T15:42:00.000Z,2025-11-02T15:59:59.999Z,5,-1.104371,0.0628,0.7851,-110.4371,24.1992,NY,1
scalp_fade_3m_lim,BTCUSDT,3m,1,STOP,2025-11-02T19:09:00.000Z,2025-11-02T19:29:59.999Z,6,-1.154824,0.0960,1.2628,-115.4824,35.7255,NY,1
scalp_fade_3m_lim,BTCUSDT,3m,1,TIME,2025-11-02T20:36:00.000Z,2025-11-02T21:38:59.999Z,20,-0.376640,0.4204,0.2293,-37.6640,29.6637,NY,1
scalp_fade_3m_lim,BTCUSDT,3m,1,STOP,2025-11-02T21:57:00.000Z,2025-11-02T22:32:59.999Z,11,-1.161454,0.0782,0.9407,-116.1454,36.8686,LATE,1
scalp_fade_3m_lim,BTCUSDT,3m,1,STOP,2025-11-02T22:33:00.000Z,2025-11-02T22:35:59.999Z,0,-1.152719,0.0000,1.9300,-115.2719,35.6817,LATE,-1
scalp_fade_3m_lim,BTCUSDT,3m,1,STOP,2025-11-03T02:15:00.000Z,2025-11-03T02:29:59.999Z,4,-1.071202,0.0082,1.0269,-107.1202,16.6074,ASIA,-1
scalp_fade_3m_lim,BTCUSDT,3m,1,STOP,2025-11-03T05:24:00.000Z,2025-11-03T05:50:59.999Z,8,-1.077087,0.4614,1.0417,-107.7087,17.8161,ASIA,1
scalp_fade_3m_lim,BTCUSDT,3m,1,STOP,2025-11-03T06:42:00.000Z,2025-11-03T06:50:59.999Z,2,-1.072198,0.3217,0.8749,-107.2198,16.9064,ASIA,1
scalp_fade_3m_lim,BTCUSDT,3m,1,STOP,2025-11-03T09:21:00.000Z,2025-11-03T09:53:59.999Z,10,-1.070404,0.0644,1.0019,-107.0404,16.2226,LONDON,-1
scalp_fade_3m_lim,BTCUSDT,3m,1,TARGET,2025-11-03T11:06:00.000Z,2025-11-03T11:56:59.999Z,16,1.114763,1.2136,0.0714,111.4763,8.0841,LONDON,1
scalp_fade_3m_lim,BTCUSDT,3m,1,STOP,2025-11-03T14:15:00.000Z,2025-11-03T14:35:59.999Z,6,-1.068534,0.1598,1.0023,-106.8534,15.9271,NY,1
scalp_fade_3m_lim,BTCUSDT,3m,1,STOP,2025-11-03T18:42:00.000Z,2025-11-03T19:05:59.999Z,7,-1.065053,0.4021,0.8342,-106.5053,15.0972,NY,-1
scalp_fade_3m_lim,BTCUSDT,3m,1,STOP,2025-11-03T20:33:00.000Z,2025-11-03T20:47:59.999Z,4,-1.066958,0.2647,0.8457,-106.6958,15.6295,NY,1
scalp_fade_3m_lim,BTCUSDT,3m,1,STOP,2025-11-03T22:03:00.000Z,2025-11-03T22:26:59.999Z,7,-1.066134,0.1787,0.8273,-106.6134,15.3448,LATE,1
scalp_fade_3m_lim,BTCUSDT,3m,1,STOP,2025-11-04T00:03:00.000Z,2025-11-04T00:17:59.999Z,4,-1.085475,0.3544,0.9035,-108.5475,19.8957,ASIA,1
scalp_fade_3m_lim,BTCUSDT,3m,1,STOP,2025-11-04T02:42:00.000Z,2025-11-04T02:47:59.999Z,1,-1.072637,0.0000,0.8054,-107.2637,17.0433,ASIA,1
scalp_fade_3m_lim,BTCUSDT,3m,1,STOP,2025-11-04T07:03:00.000Z,2025-11-04T07:29:59.999Z,8,-1.057562,0.0002,0.8517,-105.7562,13.3546,LONDON,1
scalp_fade_3m_lim,BTCUSDT,3m,1,STOP,2025-11-04T07:42:00.000Z,2025-11-04T08:05:59.999Z,7,-1.065906,0.0046,0.9472,-106.5906,15.2925,LONDON,-1
scalp_fade_3m_lim,BTCUSDT,3m,1,TARGET,2025-11-04T10:51:00.000Z,2025-11-04T11:11:59.999Z,6,1.088452,1.2182,0.1405,108.8452,8.6628,LONDON,-1
scalp_fade_3m_lim,BTCUSDT,3m,-1,TIME,2025-11-05T08:51:00.000Z,2025-11-05T09:53:59.999Z,20,-0.429819,0.2878,0.7156,-42.9819,11.5155,LONDON,-1
scalp_fade_3m_lim,BTCUSDT,3m,-1,TARGET,2025-11-05T14:03:00.000Z,2025-11-05T14:35:59.999Z,10,1.114594,1.5880,0.0890,111.4594,8.0656,NY,1
scalp_fade_3m_lim,BTCUSDT,3m,-1,STOP,2025-11-05T14:42:00.000Z,2025-11-05T15:41:59.999Z,19,-1.047755,0.3013,1.0757,-104.7755,10.5246,NY,-1
scalp_fade_3m_lim,BTCUSDT,3m,-1,TARGET,2025-11-05T19:18:00.000Z,2025-11-05T20:02:59.999Z,14,1.022097,1.1595,0.1298,102.2097,9.9939,NY,1
scalp_fade_3m_lim,BTCUSDT,3m,1,TIME,2025-11-06T07:42:00.000Z,2025-11-06T08:44:59.999Z,20,-0.007270,0.7725,0.2259,-0.7270,14.2348,LONDON,-1
scalp_fade_3m_lim,BTCUSDT,3m,1,STOP,2025-11-06T09:00:00.000Z,2025-11-06T09:02:59.999Z,0,-1.087474,0.1852,0.8135,-108.7474,20.5255,LONDON,1
scalp_fade_3m_lim,BTCUSDT,3m,1,TIME,2025-11-06T09:03:00.000Z,2025-11-06T10:05:59.999Z,20,-0.714419,0.6007,0.5099,-71.4419,17.4852,LONDON,1
scalp_fade_3m_lim,BTCUSDT,3m,1,TIME,2025-11-06T11:03:00.000Z,2025-11-06T12:05:59.999Z,20,-0.049929,1.0736,0.4228,-4.9929,18.5783,LONDON,1
scalp_fade_3m_lim,BTCUSDT,3m,1,STOP,2025-11-06T12:36:00.000Z,2025-11-06T12:44:59.999Z,2,-1.086667,0.2457,1.1113,-108.6667,20.2537,LONDON,1
scalp_fade_3m_lim,BTCUSDT,3m,1,STOP,2025-11-06T14:06:00.000Z,2025-11-06T14:11:59.999Z,1,-1.061641,0.0449,0.8704,-106.1641,14.4943,NY,1
scalp_fade_3m_lim,BTCUSDT,3m,1,STOP,2025-11-06T14:48:00.000Z,2025-11-06T14:53:59.999Z,1,-1.041303,0.0520,0.9006,-104.1303,9.7797,NY,-1
scalp_fade_3m_lim,BTCUSDT,3m,1,STOP,2025-11-06T15:54:00.000Z,2025-11-06T16:35:59.999Z,13,-1.040888,0.4651,0.9338,-104.0888,9.4477,NY,1
scalp_fade_3m_lim,BTCUSDT,3m,1,TARGET,2025-11-06T18:18:00.000Z,2025-11-06T18:41:59.999Z,7,1.172733,1.3104,0.2652,117.2733,6.8914,NY,1
scalp_fade_3m_lim,BTCUSDT,3m,1,TIME,2025-11-06T23:18:00.000Z,2025-11-07T00:20:59.999Z,20,-0.771336,1.0760,0.6665,-77.1336,18.6838,LATE,1
scalp_fade_3m_lim,BTCUSDT,3m,1,TIME,2025-11-07T01:36:00.000Z,2025-11-07T02:38:59.999Z,20,0.597279,1.0897,0.1241,59.7279,11.1799,ASIA,1
scalp_fade_3m_lim,BTCUSDT,3m,-1,STOP,2025-11-07T04:24:00.000Z,2025-11-07T05:08:59.999Z,14,-1.082561,0.7971,1.0589,-108.2561,18.5241,ASIA,-1
scalp_fade_3m_lim,BTCUSDT,3m,-1,TARGET,2025-11-07T07:51:00.000Z,2025-11-07T08:38:59.999Z,15,0.882624,1.0396,0.4345,88.2624,12.9133,LONDON,1
scalp_fade_3m_lim,BTCUSDT,3m,1,STOP,2025-11-07T14:33:00.000Z,2025-11-07T14:38:59.999Z,1,-1.058755,0.0390,1.2233,-105.8755,13.8253,NY,-1
scalp_fade_3m_lim,BTCUSDT,3m,-1,STOP,2025-11-07T20:09:00.000Z,2025-11-07T20:41:59.999Z,10,-1.067125,0.3642,1.3245,-106.7125,15.1457,NY,1
scalp_fade_3m_lim,BTCUSDT,3m,-1,STOP,2025-11-07T22:15:00.000Z,2025-11-07T22:23:59.999Z,2,-1.074444,0.0000,0.7871,-107.4444,17.0976,LATE,1
scalp_fade_3m_lim,BTCUSDT,3m,-1,STOP,2025-11-08T02:15:00.000Z,2025-11-08T02:41:59.999Z,8,-1.099489,0.1773,0.7187,-109.9489,22.6376,ASIA,-1
scalp_fade_3m_lim,BTCUSDT,3m,1,TIME,2025-11-08T04:39:00.000Z,2025-11-08T05:41:59.999Z,20,-0.798819,0.5443,0.6614,-79.8819,20.8533,ASIA,-1
scalp_fade_3m_lim,BTCUSDT,3m,1,TIME,2025-11-08T06:18:00.000Z,2025-11-08T07:20:59.999Z,20,-0.661089,0.3974,0.4501,-66.1089,16.9790,ASIA,-1
scalp_fade_3m_lim,BTCUSDT,3m,1,STOP,2025-11-08T11:30:00.000Z,2025-11-08T11:35:59.999Z,1,-1.125569,0.0000,0.8722,-112.5569,29.3140,LONDON,1
scalp_fade_3m_lim,BTCUSDT,3m,1,STOP,2025-11-08T13:45:00.000Z,2025-11-08T14:08:59.999Z,7,-1.081688,0.0377,0.9635,-108.1688,18.9062,NY,1
scalp_fade_3m_lim,BTCUSDT,3m,1,TIME,2025-11-08T16:45:00.000Z,2025-11-08T17:47:59.999Z,20,0.122739,0.6528,0.6570,12.2739,21.3364,NY,1
scalp_fade_3m_lim,BTCUSDT,3m,1,STOP,2025-11-08T19:21:00.000Z,2025-11-08T19:23:59.999Z,0,-1.101566,0.0268,0.7830,-110.1566,23.7990,NY,1
scalp_fade_3m_lim,BTCUSDT,3m,1,STOP,2025-11-09T02:09:00.000Z,2025-11-09T02:53:59.999Z,14,-1.109841,0.3090,0.7265,-110.9841,24.9941,ASIA,1
scalp_fade_3m_lim,BTCUSDT,3m,-1,TARGET,2025-11-09T09:36:00.000Z,2025-11-09T09:47:59.999Z,3,0.760059,0.9176,0.1358,76.0059,15.5428,LONDON,1
scalp_fade_3m_lim,BTCUSDT,3m,-1,STOP,2025-11-10T00:12:00.000Z,2025-11-10T00:20:59.999Z,2,-1.060854,0.1215,1.1501,-106.0854,13.9388,ASIA,-1
scalp_fade_3m_lim,BTCUSDT,3m,-1,TIME,2025-11-10T01:24:00.000Z,2025-11-10T02:26:59.999Z,20,0.289437,0.8015,0.3057,28.9437,11.9997,ASIA,1
scalp_fade_3m_lim,BTCUSDT,3m,-1,TIME,2025-11-10T04:00:00.000Z,2025-11-10T05:02:59.999Z,20,-0.923399,0.4643,0.6821,-92.3399,18.1099,ASIA,1
scalp_fade_3m_lim,BTCUSDT,3m,-1,STOP,2025-11-10T07:06:00.000Z,2025-11-10T07:11:59.999Z,1,-1.109235,0.0003,0.7452,-110.9235,25.2364,LONDON,1
scalp_fade_3m_lim,BTCUSDT,3m,-1,TARGET,2025-11-10T08:09:00.000Z,2025-11-10T08:32:59.999Z,7,0.833985,1.2312,0.1072,83.3985,13.9692,LONDON,-1
scalp_fade_3m_lim,BTCUSDT,3m,-1,STOP,2025-11-10T09:18:00.000Z,2025-11-10T09:29:59.999Z,3,-1.092905,0.0000,1.0155,-109.2905,21.3444,LONDON,1
scalp_fade_3m_lim,BTCUSDT,3m,-1,STOP,2025-11-10T13:06:00.000Z,2025-11-10T13:08:59.999Z,0,-1.093437,0.1382,0.8036,-109.3437,21.6018,NY,-1
scalp_fade_3m_lim,BTCUSDT,3m,1,TARGET,2025-11-10T22:12:00.000Z,2025-11-10T22:50:59.999Z,12,0.972762,1.1139,0.3965,97.2762,11.0696,LATE,-1
scalp_fade_3m_lim,BTCUSDT,3m,1,TIME,2025-11-11T09:45:00.000Z,2025-11-11T10:47:59.999Z,20,-0.149380,0.4821,0.4784,-14.9380,21.0122,LONDON,1
scalp_fade_3m_lim,BTCUSDT,3m,1,STOP,2025-11-11T12:15:00.000Z,2025-11-11T12:26:59.999Z,3,-1.087520,0.0897,0.8132,-108.7520,20.4089,LONDON,-1
scalp_fade_3m_lim,BTCUSDT,3m,1,STOP,2025-11-11T14:33:00.000Z,2025-11-11T14:50:59.999Z,5,-1.079130,0.4589,0.9456,-107.9130,18.3959,NY,1
scalp_fade_3m_lim,BTCUSDT,3m,1,STOP,2025-11-11T15:15:00.000Z,2025-11-11T15:35:59.999Z,6,-1.049945,0.4643,0.9533,-104.9945,11.6619,NY,1
scalp_fade_3m_lim,BTCUSDT,3m,1,TIME,2025-11-11T19:03:00.000Z,2025-11-11T20:05:59.999Z,20,-0.701576,0.7035,0.7181,-70.1576,16.6974,NY,1
scalp_fade_3m_lim,BTCUSDT,3m,1,TARGET,2025-11-11T23:03:00.000Z,2025-11-11T23:20:59.999Z,5,0.925725,1.0490,0.0511,92.5725,12.0827,LATE,1
scalp_fade_3m_lim,BTCUSDT,3m,1,STOP,2025-11-12T02:21:00.000Z,2025-11-12T02:32:59.999Z,3,-1.093379,0.4193,0.7644,-109.3379,21.7614,ASIA,1
scalp_fade_3m_lim,BTCUSDT,3m,1,TIME,2025-11-12T02:33:00.000Z,2025-11-12T03:35:59.999Z,20,0.427003,0.9676,0.2017,42.7003,18.5934,ASIA,1
scalp_fade_3m_lim,BTCUSDT,3m,-1,TARGET,2025-11-12T07:33:00.000Z,2025-11-12T07:53:59.999Z,6,0.645227,1.2312,0.2739,64.5227,17.9408,LONDON,1
scalp_fade_3m_lim,BTCUSDT,3m,-1,STOP,2025-11-12T08:18:00.000Z,2025-11-12T08:20:59.999Z,0,-1.103359,0.0003,0.6685,-110.3359,23.9174,LONDON,-1
scalp_fade_3m_lim,BTCUSDT,3m,-1,STOP,2025-11-12T11:24:00.000Z,2025-11-12T12:20:59.999Z,18,-1.086355,0.5677,0.9692,-108.6355,19.2292,LONDON,1
scalp_fade_3m_lim,BTCUSDT,3m,1,STOP,2025-11-12T18:45:00.000Z,2025-11-12T19:08:59.999Z,7,-1.075103,0.2692,1.1058,-107.5103,17.3983,NY,-1
scalp_fade_3m_lim,BTCUSDT,3m,-1,TIME,2025-11-13T10:21:00.000Z,2025-11-13T11:23:59.999Z,20,0.320194,0.7954,0.1633,32.0194,15.9396,LONDON,-1
scalp_fade_3m_lim,BTCUSDT,3m,-1,TIME,2025-11-13T12:03:00.000Z,2025-11-13T13:05:59.999Z,20,-0.142014,0.8896,0.6162,-14.2014,19.4603,LONDON,1
scalp_fade_3m_lim,BTCUSDT,3m,1,TARGET,2025-11-13T14:36:00.000Z,2025-11-13T14:53:59.999Z,5,1.184926,2.1930,0.6689,118.4926,6.6399,NY,-1
scalp_fade_3m_lim,BTCUSDT,3m,1,STOP,2025-11-13T15:03:00.000Z,2025-11-13T15:38:59.999Z,11,-1.030779,0.5569,0.9128,-103.0779,7.1901,NY,1
scalp_fade_3m_lim,BTCUSDT,3m,1,STOP,2025-11-13T16:36:00.000Z,2025-11-13T16:56:59.999Z,6,-1.046068,0.1447,1.0844,-104.6068,10.7723,NY,-1
scalp_fade_3m_lim,BTCUSDT,3m,1,STOP,2025-11-13T19:57:00.000Z,2025-11-13T20:23:59.999Z,8,-1.040787,0.1030,0.9190,-104.0787,9.5214,NY,1
scalp_fade_3m_lim,BTCUSDT,3m,1,STOP,2025-11-13T23:54:00.000Z,2025-11-14T00:08:59.999Z,4,-1.051667,0.2213,1.1680,-105.1667,12.1066,LATE,1
scalp_fade_3m_lim,BTCUSDT,3m,1,STOP,2025-11-14T02:48:00.000Z,2025-11-14T03:17:59.999Z,9,-1.068910,0.3965,1.1967,-106.8910,15.9151,ASIA,1
scalp_fade_3m_lim,BTCUSDT,3m,1,STOP,2025-11-14T04:33:00.000Z,2025-11-14T04:35:59.999Z,0,-1.054104,0.3310,1.0289,-105.4104,12.7737,ASIA,1
scalp_fade_3m_lim,BTCUSDT,3m,1,TIME,2025-11-14T09:48:00.000Z,2025-11-14T10:50:59.999Z,20,0.190382,0.7239,0.3091,19.0382,12.3814,LONDON,-1
scalp_fade_3m_lim,BTCUSDT,3m,1,STOP,2025-11-14T10:57:00.000Z,2025-11-14T11:20:59.999Z,7,-1.077419,0.2182,1.2259,-107.7419,17.9287,LONDON,1
scalp_fade_3m_lim,BTCUSDT,3m,1,STOP,2025-11-14T12:51:00.000Z,2025-11-14T13:44:59.999Z,17,-1.034977,0.4609,0.9386,-103.4977,8.0452,LONDON,-1
scalp_fade_3m_lim,BTCUSDT,3m,1,TARGET,2025-11-14T14:33:00.000Z,2025-11-14T14:38:59.999Z,1,1.256253,1.7615,0.3563,125.6253,5.1488,NY,1
scalp_fade_3m_lim,BTCUSDT,3m,1,TARGET,2025-11-14T22:15:00.000Z,2025-11-14T22:29:59.999Z,4,1.109174,1.2726,0.1019,110.9174,8.2332,LATE,1
scalp_fade_3m_lim,BTCUSDT,3m,-1,TARGET,2025-11-15T07:27:00.000Z,2025-11-15T08:23:59.999Z,18,0.981351,1.4023,0.0471,98.1351,10.8338,LONDON,-1
scalp_fade_3m_lim,BTCUSDT,3m,-1,TARGET,2025-11-15T08:39:00.000Z,2025-11-15T08:53:59.999Z,4,1.023063,1.1541,0.3363,102.3063,10.0065,LONDON,-1
scalp_fade_3m_lim,BTCUSDT,3m,1,STOP,2025-11-15T11:15:00.000Z,2025-11-15T11:47:59.999Z,10,-1.112659,0.1860,0.8490,-111.2659,25.8389,LONDON,1
scalp_fade_3m_lim,BTCUSDT,3m,-1,TIME,2025-11-15T14:24:00.000Z,2025-11-15T15:26:59.999Z,20,-0.665095,0.7874,0.3410,-66.5095,18.8394,NY,1
scalp_fade_3m_lim,BTCUSDT,3m,-1,TARGET,2025-11-15T15:27:00.000Z,2025-11-15T16:08:59.999Z,13,0.961026,1.9650,0.1088,96.1026,11.2778,NY,1
scalp_fade_3m_lim,BTCUSDT,3m,-1,TIME,2025-11-15T17:24:00.000Z,2025-11-15T18:26:59.999Z,20,0.119065,0.9402,0.4835,11.9065,18.2221,NY,1
scalp_fade_3m_lim,BTCUSDT,3m,1,STOP,2025-11-15T21:09:00.000Z,2025-11-15T21:41:59.999Z,10,-1.073970,0.4826,0.7962,-107.3970,17.0341,LATE,1
scalp_fade_3m_lim,BTCUSDT,3m,1,TIME,2025-11-15T22:48:00.000Z,2025-11-15T23:50:59.999Z,20,-0.147868,0.7345,0.2554,-14.7868,22.7217,LATE,1
scalp_fade_3m_lim,BTCUSDT,3m,1,STOP,2025-11-16T00:06:00.000Z,2025-11-16T00:20:59.999Z,4,-1.104897,0.1542,0.7062,-110.4897,24.3701,ASIA,1
scalp_fade_3m_lim,BTCUSDT,3m,1,STOP,2025-11-16T01:00:00.000Z,2025-11-16T01:02:59.999Z,0,-1.095260,0.0003,1.0731,-109.5260,22.3341,ASIA,-1
scalp_fade_3m_lim,BTCUSDT,3m,-1,TIME,2025-11-16T04:00:00.000Z,2025-11-16T05:02:59.999Z,20,-0.558907,0.6140,0.3732,-55.8907,22.8876,ASIA,-1
scalp_fade_3m_lim,BTCUSDT,3m,-1,TARGET,2025-11-16T06:39:00.000Z,2025-11-16T06:59:59.999Z,6,0.646054,0.9646,0.1529,64.6054,17.9234,ASIA,1
scalp_fade_3m_lim,BTCUSDT,3m,-1,STOP,2025-11-16T08:12:00.000Z,2025-11-16T08:56:59.999Z,14,-1.110528,0.4085,0.6503,-111.0528,24.8666,LONDON,-1
scalp_fade_3m_lim,BTCUSDT,3m,-1,STOP,2025-11-16T09:30:00.000Z,2025-11-16T09:50:59.999Z,6,-1.115706,0.2079,0.8220,-111.5706,26.4690,LONDON,1
scalp_fade_3m_lim,BTCUSDT,3m,1,STOP,2025-11-16T15:03:00.000Z,2025-11-16T15:53:59.999Z,16,-1.097593,0.6716,2.6525,-109.7593,22.1397,NY,1
scalp_fade_3m_lim,BTCUSDT,3m,1,STOP,2025-11-16T17:18:00.000Z,2025-11-16T17:56:59.999Z,12,-1.060422,0.7562,0.9437,-106.0422,13.8945,NY,1
scalp_fade_3m_lim,BTCUSDT,3m,1,TARGET,2025-11-16T19:54:00.000Z,2025-11-16T20:29:59.999Z,11,1.133505,1.3969,0.2042,113.3505,7.7045,NY,1
scalp_fade_3m_lim,BTCUSDT,3m,1,TARGET,2025-11-16T22:15:00.000Z,2025-11-16T22:50:59.999Z,11,1.133814,1.9485,0.3482,113.3814,7.6980,LATE,-1
scalp_fade_3m_lim,BTCUSDT,3m,1,TARGET,2025-11-16T23:03:00.000Z,2025-11-16T23:26:59.999Z,7,1.293021,1.4653,0.2098,129.3021,4.3672,LATE,1
scalp_fade_3m_lim,BTCUSDT,3m,1,TARGET,2025-11-17T00:18:00.000Z,2025-11-17T00:29:59.999Z,3,1.168503,1.4256,0.3705,116.8503,6.9893,ASIA,1
scalp_fade_3m_lim,BTCUSDT,3m,-1,TIME,2025-11-17T02:12:00.000Z,2025-11-17T03:14:59.999Z,20,-0.409944,0.7741,0.2686,-40.9944,13.1739,ASIA,-1
scalp_fade_3m_lim,BTCUSDT,3m,-1,TIME,2025-11-17T04:27:00.000Z,2025-11-17T05:29:59.999Z,20,0.218979,1.0432,0.2940,21.8979,14.8131,ASIA,1
scalp_fade_3m_lim,BTCUSDT,3m,-1,STOP,2025-11-17T06:54:00.000Z,2025-11-17T07:08:59.999Z,4,-1.096552,0.2981,0.7082,-109.6552,22.1445,ASIA,-1
scalp_fade_3m_lim,BTCUSDT,3m,-1,TIME,2025-11-17T10:12:00.000Z,2025-11-17T11:14:59.999Z,20,-0.395493,0.7270,0.5080,-39.5493,23.9888,LONDON,-1
scalp_fade_3m_lim,BTCUSDT,3m,-1,TARGET,2025-11-17T11:33:00.000Z,2025-11-17T11:47:59.999Z,4,0.788891,1.5675,0.6030,78.8891,14.9313,LONDON,1
scalp_fade_3m_lim,BTCUSDT,3m,1,STOP,2025-11-17T18:09:00.000Z,2025-11-17T18:29:59.999Z,6,-1.043677,0.1973,0.9806,-104.3677,10.2237,NY,1
scalp_fade_3m_lim,BTCUSDT,3m,1,STOP,2025-11-17T18:57:00.000Z,2025-11-17T19:32:59.999Z,11,-1.046783,0.1301,0.8502,-104.6783,10.8250,NY,-1
scalp_fade_3m_lim,BTCUSDT,3m,1,STOP,2025-11-17T19:36:00.000Z,2025-11-17T19:41:59.999Z,1,-1.046696,0.0439,0.9348,-104.6696,11.0298,NY,-1
scalp_fade_3m_lim,BTCUSDT,3m,1,TIME,2025-11-17T21:18:00.000Z,2025-11-17T22:20:59.999Z,20,-0.108090,0.6511,0.6238,-10.8090,11.3120,LATE,1
scalp_fade_3m_lim,BTCUSDT,3m,1,STOP,2025-11-17T23:09:00.000Z,2025-11-17T23:32:59.999Z,7,-1.082135,0.2657,0.7585,-108.2135,19.0087,LATE,1
scalp_fade_3m_lim,BTCUSDT,3m,1,STOP,2025-11-18T00:21:00.000Z,2025-11-18T00:32:59.999Z,3,-1.081198,0.5774,0.7330,-108.1198,18.9493,ASIA,1
scalp_fade_3m_lim,BTCUSDT,3m,-1,TIME,2025-11-18T10:57:00.000Z,2025-11-18T11:59:59.999Z,20,-0.215223,0.8091,0.1439,-21.5223,16.1739,LONDON,1
scalp_fade_3m_lim,BTCUSDT,3m,-1,STOP,2025-11-18T12:18:00.000Z,2025-11-18T12:41:59.999Z,7,-1.065502,0.6353,0.9018,-106.5502,14.8653,LONDON,1
scalp_fade_3m_lim,BTCUSDT,3m,-1,STOP,2025-11-18T14:06:00.000Z,2025-11-18T14:29:59.999Z,7,-1.061528,0.4609,1.1300,-106.1528,13.9513,NY,-1
scalp_fade_3m_lim,BTCUSDT,3m,-1,TARGET,2025-11-18T14:33:00.000Z,2025-11-18T15:02:59.999Z,9,1.212930,1.4941,0.5469,121.2930,6.0036,NY,1
scalp_fade_3m_lim,BTCUSDT,3m,-1,STOP,2025-11-18T15:09:00.000Z,2025-11-18T15:20:59.999Z,3,-1.034587,0.2075,1.0931,-103.4587,7.8173,NY,1
scalp_fade_3m_lim,BTCUSDT,3m,-1,TARGET,2025-11-18T18:48:00.000Z,2025-11-18T19:50:59.999Z,20,1.100440,1.1916,0.2738,110.0440,8.3353,NY,1
scalp_fade_3m_lim,BTCUSDT,3m,-1,TARGET,2025-11-18T21:27:00.000Z,2025-11-18T21:47:59.999Z,6,0.967381,1.1322,0.1325,96.7381,11.1702,LATE,1
scalp_fade_3m_lim,BTCUSDT,3m,-1,TARGET,2025-11-18T23:39:00.000Z,2025-11-19T00:02:59.999Z,7,0.893216,1.0548,0.1947,89.3216,12.7247,LATE,-1
scalp_fade_3m_lim,BTCUSDT,3m,1,STOP,2025-11-19T03:00:00.000Z,2025-11-19T03:17:59.999Z,5,-1.075158,0.2043,0.9536,-107.5158,17.4827,ASIA,1
scalp_fade_3m_lim,BTCUSDT,3m,1,STOP,2025-11-19T08:42:00.000Z,2025-11-19T08:50:59.999Z,2,-1.075163,0.1357,0.8069,-107.5163,17.5924,LONDON,1
scalp_fade_3m_lim,BTCUSDT,3m,1,TARGET,2025-11-19T12:27:00.000Z,2025-11-19T12:53:59.999Z,8,0.982721,1.1022,0.2640,98.2721,10.8752,LONDON,-1
scalp_fade_3m_lim,BTCUSDT,3m,1,STOP,2025-11-19T13:36:00.000Z,2025-11-19T13:50:59.999Z,4,-1.073294,0.0003,0.7712,-107.3294,17.0893,NY,1
scalp_fade_3m_lim,BTCUSDT,3m,1,STOP,2025-11-19T14:18:00.000Z,2025-11-19T14:26:59.999Z,2,-1.066406,0.0266,0.9109,-106.6406,15.5666,NY,-1
scalp_fade_3m_lim,BTCUSDT,3m,1,TIME,2025-11-19T17:45:00.000Z,2025-11-19T18:47:59.999Z,20,-0.860496,0.6590,0.7966,-86.0496,10.1144,NY,-1
scalp_fade_3m_lim,BTCUSDT,3m,-1,TIME,2025-11-20T02:12:00.000Z,2025-11-20T03:14:59.999Z,20,-0.227721,0.2998,0.6323,-22.7721,14.8455,ASIA,-1
scalp_fade_3m_lim,BTCUSDT,3m,-1,TARGET,2025-11-20T04:12:00.000Z,2025-11-20T04:20:59.999Z,2,0.964665,1.1383,0.1715,96.4665,11.2421,ASIA,-1
scalp_fade_3m_lim,BTCUSDT,3m,-1,STOP,2025-11-20T04:48:00.000Z,2025-11-20T04:53:59.999Z,1,-1.084343,0.0003,0.7613,-108.4343,19.4386,ASIA,-1
scalp_fade_3m_lim,BTCUSDT,3m,1,TARGET,2025-11-20T13:00:00.000Z,2025-11-20T13:29:59.999Z,9,0.906498,1.0877,0.4147,90.6498,12.4701,NY,1
scalp_fade_3m_lim,BTCUSDT,3m,1,STOP,2025-11-20T13:36:00.000Z,2025-11-20T14:02:59.999Z,8,-1.043479,0.4894,1.0304,-104.3479,10.1365,NY,1
scalp_fade_3m_lim,BTCUSDT,3m,1,STOP,2025-11-20T14:21:00.000Z,2025-11-20T14:50:59.999Z,9,-1.035470,0.4367,0.9106,-103.5470,8.2895,NY,-1
scalp_fade_3m_lim,BTCUSDT,3m,1,TARGET,2025-11-20T20:36:00.000Z,2025-11-20T21:23:59.999Z,15,1.227107,1.3364,0.4987,122.7107,5.7354,NY,1
scalp_fade_3m_lim,BTCUSDT,3m,1,STOP,2025-11-20T23:03:00.000Z,2025-11-20T23:11:59.999Z,2,-1.051456,0.3551,0.9138,-105.1456,12.1082,LATE,1
scalp_fade_3m_lim,BTCUSDT,3m,1,STOP,2025-11-20T23:21:00.000Z,2025-11-20T23:38:59.999Z,5,-1.041053,0.2176,0.9004,-104.1053,9.6415,LATE,-1
scalp_fade_3m_lim,BTCUSDT,3m,1,STOP,2025-11-21T01:18:00.000Z,2025-11-21T02:08:59.999Z,16,-1.055063,0.8163,0.8702,-105.5063,12.5776,ASIA,-1
scalp_fade_3m_lim,BTCUSDT,3m,1,TARGET,2025-11-21T04:33:00.000Z,2025-11-21T04:56:59.999Z,7,1.182157,1.2944,0.1616,118.2157,6.6936,ASIA,1
scalp_fade_3m_lim,BTCUSDT,3m,1,STOP,2025-11-21T05:39:00.000Z,2025-11-21T06:38:59.999Z,19,-1.063392,0.8434,0.8613,-106.3392,14.3633,ASIA,1
scalp_fade_3m_lim,BTCUSDT,3m,1,STOP,2025-11-21T07:06:00.000Z,2025-11-21T07:20:59.999Z,4,-1.061225,0.0002,1.1030,-106.1225,14.3089,LONDON,-1
scalp_fade_3m_lim,BTCUSDT,3m,-1,STOP,2025-11-21T20:45:00.000Z,2025-11-21T21:23:59.999Z,12,-1.040645,0.0316,0.9844,-104.0645,9.0546,NY,-1
scalp_fade_3m_lim,BTCUSDT,3m,-1,TIME,2025-11-22T00:33:00.000Z,2025-11-22T01:35:59.999Z,20,-0.385872,1.2105,0.3585,-38.5872,12.6308,ASIA,1
scalp_fade_3m_lim,BTCUSDT,3m,1,STOP,2025-11-22T04:06:00.000Z,2025-11-22T04:14:59.999Z,2,-1.073258,0.0000,0.8680,-107.3258,17.1517,ASIA,-1
scalp_fade_3m_lim,BTCUSDT,3m,1,TIME,2025-11-22T04:27:00.000Z,2025-11-22T05:29:59.999Z,20,-0.323647,0.4626,0.6402,-32.3647,13.0873,ASIA,-1
scalp_fade_3m_lim,BTCUSDT,3m,1,STOP,2025-11-22T08:18:00.000Z,2025-11-22T08:20:59.999Z,0,-1.092489,0.0004,0.7882,-109.2489,21.6904,LONDON,1
scalp_fade_3m_lim,BTCUSDT,3m,1,STOP,2025-11-22T09:42:00.000Z,2025-11-22T10:26:59.999Z,14,-1.069932,0.5563,1.1493,-106.9932,15.9850,LONDON,1
scalp_fade_3m_lim,BTCUSDT,3m,-1,TIME,2025-11-22T19:09:00.000Z,2025-11-22T20:11:59.999Z,20,-0.262729,0.9196,0.2403,-26.2729,21.7548,NY,-1
scalp_fade_3m_lim,BTCUSDT,3m,-1,STOP,2025-11-22T22:15:00.000Z,2025-11-22T22:47:59.999Z,10,-1.089443,0.2103,0.7364,-108.9443,20.2485,LATE,1
scalp_fade_3m_lim,BTCUSDT,3m,-1,STOP,2025-11-23T00:03:00.000Z,2025-11-23T00:11:59.999Z,2,-1.082656,0.0747,0.7319,-108.2656,19.0063,ASIA,-1
scalp_fade_3m_lim,BTCUSDT,3m,-1,STOP,2025-11-23T08:48:00.000Z,2025-11-23T09:38:59.999Z,16,-1.081387,0.2636,0.7528,-108.1387,18.1844,LONDON,1
scalp_fade_3m_lim,BTCUSDT,3m,-1,TIME,2025-11-23T09:39:00.000Z,2025-11-23T10:41:59.999Z,20,-0.297036,0.6355,0.6732,-29.7036,20.3253,LONDON,1
scalp_fade_3m_lim,BTCUSDT,3m,-1,STOP,2025-11-23T18:18:00.000Z,2025-11-23T19:17:59.999Z,19,-1.075448,0.5283,0.8272,-107.5448,16.7420,NY,1
scalp_fade_3m_lim,BTCUSDT,3m,1,TARGET,2025-11-24T12:09:00.000Z,2025-11-24T13:11:59.999Z,20,1.009811,1.3114,0.5573,100.9811,10.2666,LONDON,1
scalp_fade_3m_lim,BTCUSDT,3m,1,STOP,2025-11-24T14:00:00.000Z,2025-11-24T14:02:59.999Z,0,-1.070109,0.0000,0.7983,-107.0109,16.4916,NY,1
scalp_fade_3m_lim,BTCUSDT,3m,1,STOP,2025-11-24T14:39:00.000Z,2025-11-24T14:44:59.999Z,1,-1.041972,0.1498,1.1574,-104.1972,9.9348,NY,1
scalp_fade_3m_lim,BTCUSDT,3m,1,TARGET,2025-11-24T14:45:00.000Z,2025-11-24T15:08:59.999Z,7,1.291268,1.4880,0.3934,129.1268,4.4039,NY,1
scalp_fade_3m_lim,BTCUSDT,3m,-1,STOP,2025-11-24T20:03:00.000Z,2025-11-24T20:29:59.999Z,8,-1.063693,0.3620,0.8181,-106.3693,14.4197,NY,-1
scalp_fade_3m_lim,BTCUSDT,3m,-1,TARGET,2025-11-25T01:27:00.000Z,2025-11-25T01:59:59.999Z,10,1.033959,1.2139,0.1585,103.3959,9.7581,ASIA,1
scalp_fade_3m_lim,BTCUSDT,3m,1,TARGET,2025-11-25T11:57:00.000Z,2025-11-25T12:14:59.999Z,5,0.876064,1.2575,0.0867,87.6064,13.1256,LONDON,1
scalp_fade_3m_lim,BTCUSDT,3m,1,TARGET,2025-11-25T12:36:00.000Z,2025-11-25T12:44:59.999Z,2,0.948685,1.0781,0.2314,94.8685,11.6120,LONDON,1
scalp_fade_3m_lim,BTCUSDT,3m,1,STOP,2025-11-25T13:36:00.000Z,2025-11-25T13:41:59.999Z,1,-1.070207,0.0368,0.9817,-107.0207,16.4800,NY,1
scalp_fade_3m_lim,BTCUSDT,3m,1,STOP,2025-11-25T14:33:00.000Z,2025-11-25T14:44:59.999Z,3,-1.061968,0.4915,1.1739,-106.1968,14.5100,NY,-1
scalp_fade_3m_lim,BTCUSDT,3m,1,STOP,2025-11-25T21:09:00.000Z,2025-11-25T22:02:59.999Z,17,-1.071776,0.7374,1.0780,-107.1776,16.3023,LATE,1
scalp_fade_3m_lim,BTCUSDT,3m,-1,TIME,2025-11-26T00:21:00.000Z,2025-11-26T01:23:59.999Z,20,0.081172,0.8520,0.4590,8.1172,18.1296,ASIA,1
scalp_fade_3m_lim,BTCUSDT,3m,-1,STOP,2025-11-26T01:33:00.000Z,2025-11-26T01:44:59.999Z,3,-1.069266,0.1291,0.9521,-106.9266,15.8613,ASIA,-1
scalp_fade_3m_lim,BTCUSDT,3m,1,TARGET,2025-11-26T04:51:00.000Z,2025-11-26T05:17:59.999Z,8,0.868685,1.3186,0.1633,86.8685,13.2675,ASIA,-1
scalp_fade_3m_lim,BTCUSDT,3m,1,STOP,2025-11-26T12:06:00.000Z,2025-11-26T12:14:59.999Z,2,-1.080470,0.1767,0.8128,-108.0470,18.8201,LONDON,1
scalp_fade_3m_lim,BTCUSDT,3m,1,TARGET,2025-11-26T13:33:00.000Z,2025-11-26T13:41:59.999Z,2,0.971544,1.5285,0.1273,97.1544,11.1315,NY,1
scalp_fade_3m_lim,BTCUSDT,3m,1,STOP,2025-11-26T14:57:00.000Z,2025-11-26T15:47:59.999Z,16,-1.053496,0.5036,0.9489,-105.3496,12.2251,NY,1
scalp_fade_3m_lim,BTCUSDT,3m,-1,STOP,2025-11-26T16:45:00.000Z,2025-11-26T17:14:59.999Z,9,-1.061798,0.2818,0.8368,-106.1798,13.9562,NY,1
scalp_fade_3m_lim,BTCUSDT,3m,-1,TIME,2025-11-26T20:15:00.000Z,2025-11-26T21:17:59.999Z,20,-0.117071,0.7756,0.3166,-11.7071,14.6662,NY,1
scalp_fade_3m_lim,BTCUSDT,3m,-1,TIME,2025-11-26T22:27:00.000Z,2025-11-26T23:29:59.999Z,20,-0.347500,0.2995,0.6965,-34.7500,14.8265,LATE,1
scalp_fade_3m_lim,BTCUSDT,3m,-1,TARGET,2025-11-27T00:03:00.000Z,2025-11-27T00:14:59.999Z,3,0.846530,1.3265,0.1152,84.6530,13.7236,ASIA,1
scalp_fade_3m_lim,BTCUSDT,3m,-1,TIME,2025-11-27T04:12:00.000Z,2025-11-27T05:14:59.999Z,20,-0.252344,0.8198,0.0480,-25.2344,19.2997,ASIA,-1
scalp_fade_3m_lim,BTCUSDT,3m,-1,TARGET,2025-11-27T05:24:00.000Z,2025-11-27T05:41:59.999Z,5,0.937066,1.6208,0.3858,93.7066,11.8112,ASIA,1
scalp_fade_3m_lim,BTCUSDT,3m,-1,STOP,2025-11-27T08:24:00.000Z,2025-11-27T08:56:59.999Z,10,-1.111561,0.2885,0.6604,-111.1561,25.3054,LONDON,1
scalp_fade_3m_lim,BTCUSDT,3m,1,TIME,2025-11-27T15:09:00.000Z,2025-11-27T16:11:59.999Z,20,0.389525,1.0870,0.1549,38.9525,17.5425,NY,-1
scalp_fade_3m_lim,BTCUSDT,3m,-1,STOP,2025-11-27T18:18:00.000Z,2025-11-27T18:41:59.999Z,7,-1.112344,0.3961,1.2156,-111.2344,25.6413,NY,-1
scalp_fade_3m_lim,BTCUSDT,3m,-1,TARGET,2025-11-27T22:15:00.000Z,2025-11-27T22:44:59.999Z,9,0.749688,1.1070,0.4861,74.9688,15.7299,LATE,1
scalp_fade_3m_lim,BTCUSDT,3m,-1,TIME,2025-11-27T23:03:00.000Z,2025-11-28T00:05:59.999Z,20,0.485446,0.8888,0.3885,48.5446,20.0093,LATE,-1
scalp_fade_3m_lim,BTCUSDT,3m,1,TARGET,2025-11-28T02:18:00.000Z,2025-11-28T03:20:59.999Z,20,0.958164,1.2969,0.5551,95.8164,11.3458,ASIA,-1
scalp_fade_3m_lim,BTCUSDT,3m,-1,STOP,2025-11-28T10:54:00.000Z,2025-11-28T11:02:59.999Z,2,-1.108468,0.1749,0.8685,-110.8468,25.0060,LONDON,1
scalp_fade_3m_lim,BTCUSDT,3m,-1,STOP,2025-11-28T12:48:00.000Z,2025-11-28T13:35:59.999Z,15,-1.102650,0.5189,0.6959,-110.2650,23.0334,LONDON,1
scalp_fade_3m_lim,BTCUSDT,3m,1,TIME,2025-11-28T18:03:00.000Z,2025-11-28T19:05:59.999Z,20,0.378042,0.6751,0.4066,37.8042,12.1416,NY,-1
scalp_fade_3m_lim,BTCUSDT,3m,1,TIME,2025-11-28T20:03:00.000Z,2025-11-28T21:05:59.999Z,20,0.471500,0.9166,0.4125,47.1500,22.7464,NY,1
scalp_fade_3m_lim,BTCUSDT,3m,1,STOP,2025-11-28T21:54:00.000Z,2025-11-28T22:05:59.999Z,3,-1.110436,0.1909,0.9302,-111.0436,25.6992,LATE,-1
scalp_fade_3m_lim,BTCUSDT,3m,1,TARGET,2025-11-29T00:27:00.000Z,2025-11-29T01:14:59.999Z,15,0.770902,0.9312,0.1097,77.0902,15.2837,ASIA,-1
scalp_fade_3m_lim,BTCUSDT,3m,1,STOP,2025-11-29T06:21:00.000Z,2025-11-29T06:23:59.999Z,0,-1.125742,0.0000,1.3721,-112.5742,29.4149,ASIA,-1
scalp_fade_3m_lim,BTCUSDT,3m,1,TIME,2025-11-29T12:18:00.000Z,2025-11-29T13:20:59.999Z,20,-0.066376,0.5039,0.4796,-6.6376,30.2097,LONDON,1
scalp_fade_3m_lim,BTCUSDT,3m,-1,STOP,2025-11-30T00:06:00.000Z,2025-11-30T01:05:59.999Z,19,-1.134821,0.2253,0.7936,-113.4821,30.0718,ASIA,1
scalp_fade_3m_lim,BTCUSDT,3m,-1,STOP,2025-11-30T07:03:00.000Z,2025-11-30T07:14:59.999Z,3,-1.169561,0.0504,0.5446,-116.9561,39.1250,LONDON,1
scalp_fade_3m_lim,BTCUSDT,3m,-1,STOP,2025-11-30T07:48:00.000Z,2025-11-30T08:23:59.999Z,11,-1.154425,0.5297,2.5014,-115.4425,35.0343,LONDON,1
scalp_fade_3m_lim,BTCUSDT,3m,-1,STOP,2025-11-30T08:33:00.000Z,2025-11-30T09:11:59.999Z,12,-1.079790,0.5906,1.1525,-107.9790,17.9682,LONDON,1
scalp_fade_3m_lim,BTCUSDT,3m,-1,TARGET,2025-11-30T11:09:00.000Z,2025-11-30T11:32:59.999Z,7,0.685717,0.9233,0.0758,68.5717,17.0842,LONDON,-1
scalp_fade_3m_lim,BTCUSDT,3m,1,TIME,2025-11-30T21:36:00.000Z,2025-11-30T22:38:59.999Z,20,-0.827012,0.5640,0.4498,-82.7012,21.5913,LATE,-1
scalp_fade_3m_lim,BTCUSDT,3m,1,STOP,2025-11-30T22:45:00.000Z,2025-11-30T23:08:59.999Z,7,-1.107856,0.8195,0.8649,-110.7856,24.8980,LATE,-1
scalp_fade_3m_lim,BTCUSDT,3m,1,TIME,2025-12-01T09:12:00.000Z,2025-12-01T10:14:59.999Z,20,-0.321781,0.7525,0.4902,-32.1781,19.2676,LONDON,1
scalp_fade_3m_lim,BTCUSDT,3m,1,STOP,2025-12-01T11:06:00.000Z,2025-12-01T11:32:59.999Z,8,-1.118061,0.0598,0.7680,-111.8061,27.1790,LONDON,1
scalp_fade_3m_lim,BTCUSDT,3m,1,STOP,2025-12-01T14:51:00.000Z,2025-12-01T15:23:59.999Z,10,-1.039877,0.5671,1.0639,-103.9877,9.2754,NY,1
scalp_fade_3m_lim,BTCUSDT,3m,-1,STOP,2025-12-02T00:09:00.000Z,2025-12-02T01:05:59.999Z,18,-1.086520,0.9185,1.3369,-108.6520,19.2662,ASIA,1
scalp_fade_3m_lim,BTCUSDT,3m,-1,TIME,2025-12-02T03:45:00.000Z,2025-12-02T04:47:59.999Z,20,-0.362372,0.5049,0.7593,-36.2372,14.7688,ASIA,-1
scalp_fade_3m_lim,BTCUSDT,3m,-1,TIME,2025-12-02T05:18:00.000Z,2025-12-02T06:20:59.999Z,20,-0.275956,0.3859,0.3059,-27.5956,20.3711,ASIA,-1
scalp_fade_3m_lim,BTCUSDT,3m,-1,STOP,2025-12-02T06:33:00.000Z,2025-12-02T06:44:59.999Z,3,-1.110198,0.0212,0.7134,-111.0198,25.3555,ASIA,-1
scalp_fade_3m_lim,BTCUSDT,3m,-1,STOP,2025-12-02T09:51:00.000Z,2025-12-02T10:44:59.999Z,17,-1.088261,0.3807,1.0440,-108.8261,19.6973,LONDON,1
scalp_fade_3m_lim,BTCUSDT,3m,-1,STOP,2025-12-02T13:18:00.000Z,2025-12-02T13:53:59.999Z,11,-1.074024,0.3081,1.1153,-107.4024,16.6891,NY,-1
scalp_fade_3m_lim,BTCUSDT,3m,-1,STOP,2025-12-02T18:03:00.000Z,2025-12-02T18:11:59.999Z,2,-1.056475,0.2416,0.8177,-105.6475,12.9210,NY,1
scalp_fade_3m_lim,BTCUSDT,3m,-1,STOP,2025-12-02T18:54:00.000Z,2025-12-02T19:41:59.999Z,15,-1.061174,0.2641,0.9777,-106.1174,13.6462,NY,-1
scalp_fade_3m_lim,BTCUSDT,3m,-1,STOP,2025-12-02T22:33:00.000Z,2025-12-02T22:44:59.999Z,3,-1.077659,0.0072,0.8554,-107.7659,17.8081,LATE,1
scalp_fade_3m_lim,BTCUSDT,3m,-1,STOP,2025-12-03T00:45:00.000Z,2025-12-03T01:11:59.999Z,8,-1.067800,0.1960,0.8832,-106.7800,15.3626,ASIA,-1
scalp_fade_3m_lim,BTCUSDT,3m,-1,STOP,2025-12-03T04:30:00.000Z,2025-12-03T04:56:59.999Z,8,-1.058298,0.0307,0.8254,-105.8298,13.1813,ASIA,1
scalp_fade_3m_lim,BTCUSDT,3m,-1,STOP,2025-12-03T05:21:00.000Z,2025-12-03T05:38:59.999Z,5,-1.062266,0.1804,0.9350,-106.2266,14.1789,ASIA,1
scalp_fade_3m_lim,BTCUSDT,3m,-1,TARGET,2025-12-03T10:33:00.000Z,2025-12-03T11:11:59.999Z,12,1.024708,1.1270,0.1796,102.4708,9.9457,LONDON,1
scalp_fade_3m_lim,BTCUSDT,3m,-1,STOP,2025-12-03T12:36:00.000Z,2025-12-03T13:17:59.999Z,13,-1.089107,0.4067,0.8001,-108.9107,20.0492,LONDON,-1
scalp_fade_3m_lim,BTCUSDT,3m,-1,TARGET,2025-12-03T13:18:00.000Z,2025-12-03T14:02:59.999Z,14,0.989778,2.8662,0.5920,98.9778,10.6714,NY,1
scalp_fade_3m_lim,BTCUSDT,3m,-1,TARGET,2025-12-03T18:21:00.000Z,2025-12-03T18:56:59.999Z,11,1.155383,1.3278,0.3387,115.5383,7.2071,NY,1
scalp_fade_3m_lim,BTCUSDT,3m,-1,STOP,2025-12-03T20:21:00.000Z,2025-12-03T20:53:59.999Z,10,-1.069135,0.2077,0.8251,-106.9135,15.6052,NY,1
scalp_fade_3m_lim,BTCUSDT,3m,-1,STOP,2025-12-03T21:09:00.000Z,2025-12-03T21:35:59.999Z,8,-1.069565,0.2342,0.8564,-106.9565,15.7678,LATE,1
scalp_fade_3m_lim,BTCUSDT,3m,-1,STOP,2025-12-03T22:45:00.000Z,2025-12-03T22:47:59.999Z,0,-1.065595,0.0000,0.8004,-106.5595,15.1034,LATE,-1
scalp_fade_3m_lim,BTCUSDT,3m,-1,TARGET,2025-12-03T23:15:00.000Z,2025-12-04T00:14:59.999Z,19,1.163542,1.5379,0.0473,116.3542,7.0175,LATE,1
scalp_fade_3m_lim,BTCUSDT,3m,-1,STOP,2025-12-04T00:57:00.000Z,2025-12-04T01:11:59.999Z,4,-1.074053,0.3777,0.8949,-107.4053,16.9366,ASIA,-1
scalp_fade_3m_lim,BTCUSDT,3m,-1,STOP,2025-12-04T01:21:00.000Z,2025-12-04T02:20:59.999Z,19,-1.057415,0.4400,1.2781,-105.7415,12.6933,ASIA,1
scalp_fade_3m_lim,BTCUSDT,3m,1,STOP,2025-12-04T06:45:00.000Z,2025-12-04T07:14:59.999Z,9,-1.089283,0.2112,0.7671,-108.9283,20.5611,ASIA,1
scalp_fade_3m_lim,BTCUSDT,3m,1,TARGET,2025-12-04T08:12:00.000Z,2025-12-04T09:08:59.999Z,18,0.999246,1.4657,0.2149,99.9246,10.4942,LONDON,1
scalp_fade_3m_lim,BTCUSDT,3m,1,STOP,2025-12-04T14:36:00.000Z,2025-12-04T14:53:59.999Z,5,-1.061348,0.3183,1.2789,-106.1348,14.3076,NY,1
scalp_fade_3m_lim,BTCUSDT,3m,1,STOP,2025-12-04T16:39:00.000Z,2025-12-04T17:11:59.999Z,10,-1.053427,0.2867,0.9914,-105.3427,12.3591,NY,-1
scalp_fade_3m_lim,BTCUSDT,3m,1,STOP,2025-12-04T18:42:00.000Z,2025-12-04T19:14:59.999Z,10,-1.061406,0.4058,1.7038,-106.1406,14.1749,NY,-1
scalp_fade_3m_lim,BTCUSDT,3m,1,TARGET,2025-12-05T00:03:00.000Z,2025-12-05T00:26:59.999Z,7,0.857205,1.0410,0.5293,85.7205,13.5127,ASIA,-1
scalp_fade_3m_lim,BTCUSDT,3m,1,STOP,2025-12-05T11:27:00.000Z,2025-12-05T11:35:59.999Z,2,-1.091739,0.0608,0.9675,-109.1739,21.4271,LONDON,1
scalp_fade_3m_lim,BTCUSDT,3m,1,STOP,2025-12-05T11:51:00.000Z,2025-12-05T12:23:59.999Z,10,-1.084014,0.3455,0.7850,-108.4014,19.3200,LONDON,1
scalp_fade_3m_lim,BTCUSDT,3m,1,STOP,2025-12-05T13:06:00.000Z,2025-12-05T13:23:59.999Z,5,-1.096710,0.8548,0.7127,-109.6710,22.4378,NY,-1
scalp_fade_3m_lim,BTCUSDT,3m,1,TARGET,2025-12-05T14:48:00.000Z,2025-12-05T15:05:59.999Z,5,1.216207,2.1985,0.3058,121.6207,5.9830,NY,-1
scalp_fade_3m_lim,BTCUSDT,3m,1,STOP,2025-12-05T15:54:00.000Z,2025-12-05T16:05:59.999Z,3,-1.040632,0.1109,1.0509,-104.0632,9.5842,NY,1
scalp_fade_3m_lim,BTCUSDT,3m,1,TARGET,2025-12-06T00:12:00.000Z,2025-12-06T00:35:59.999Z,7,0.840913,1.1578,0.2451,84.0913,13.8546,ASIA,1
scalp_fade_3m_lim,BTCUSDT,3m,1,TARGET,2025-12-06T02:12:00.000Z,2025-12-06T03:05:59.999Z,17,0.875853,1.1061,0.3482,87.5853,13.0786,ASIA,-1
scalp_fade_3m_lim,BTCUSDT,3m,-1,TIME,2025-12-06T04:27:00.000Z,2025-12-06T05:29:59.999Z,20,-0.347181,0.4304,0.4063,-34.7181,27.5521,ASIA,-1
scalp_fade_3m_lim,BTCUSDT,3m,-1,STOP,2025-12-06T13:15:00.000Z,2025-12-06T13:26:59.999Z,3,-1.172281,0.1140,0.4447,-117.2281,39.7559,NY,1
scalp_fade_3m_lim,BTCUSDT,3m,-1,TARGET,2025-12-06T14:18:00.000Z,2025-12-06T15:08:59.999Z,16,0.906656,1.2629,0.4384,90.6656,12.4056,NY,1
scalp_fade_3m_lim,BTCUSDT,3m,-1,TIME,2025-12-06T15:42:00.000Z,2025-12-06T16:44:59.999Z,20,-0.440092,0.2672,0.5700,-44.0092,18.8709,NY,-1
scalp_fade_3m_lim,BTCUSDT,3m,-1,TARGET,2025-12-06T18:15:00.000Z,2025-12-06T18:53:59.999Z,12,0.689728,1.1943,0.1146,68.9728,16.9721,NY,-1
scalp_fade_3m_lim,BTCUSDT,3m,1,TIME,2025-12-06T19:33:00.000Z,2025-12-06T20:35:59.999Z,20,0.125924,0.5256,0.2533,12.5924,18.5328,NY,-1
scalp_fade_3m_lim,BTCUSDT,3m,1,STOP,2025-12-06T21:09:00.000Z,2025-12-06T22:08:59.999Z,19,-1.136598,0.4157,0.5877,-113.6598,30.7243,LATE,1
scalp_fade_3m_lim,BTCUSDT,3m,1,STOP,2025-12-06T22:27:00.000Z,2025-12-06T22:53:59.999Z,8,-1.122520,0.1011,0.7141,-112.2520,28.1979,LATE,-1
scalp_fade_3m_lim,BTCUSDT,3m,-1,STOP,2025-12-07T05:57:00.000Z,2025-12-07T06:11:59.999Z,4,-1.163704,0.2374,0.6167,-116.3704,37.6884,ASIA,-1
scalp_fade_3m_lim,BTCUSDT,3m,-1,STOP,2025-12-07T06:18:00.000Z,2025-12-07T07:02:59.999Z,14,-1.147091,0.1997,0.6756,-114.7091,33.1585,ASIA,-1
scalp_fade_3m_lim,BTCUSDT,3m,1,STOP,2025-12-07T08:57:00.000Z,2025-12-07T09:26:59.999Z,9,-1.120344,0.3828,0.9680,-112.0344,27.6442,LONDON,-1
scalp_fade_3m_lim,BTCUSDT,3m,-1,TARGET,2025-12-07T20:24:00.000Z,2025-12-07T21:20:59.999Z,18,0.851297,1.3202,0.1853,85.1297,13.5564,NY,1
scalp_fade_3m_lim,BTCUSDT,3m,1,TARGET,2025-12-08T00:21:00.000Z,2025-12-08T00:35:59.999Z,4,1.091832,1.3693,0.0888,109.1832,8.5975,ASIA,1
scalp_fade_3m_lim,BTCUSDT,3m,-1,STOP,2025-12-08T02:39:00.000Z,2025-12-08T02:56:59.999Z,5,-1.068331,0.1345,0.7810,-106.8331,15.5801,ASIA,1
scalp_fade_3m_lim,BTCUSDT,3m,-1,STOP,2025-12-08T04:42:00.000Z,2025-12-08T05:35:59.999Z,17,-1.087961,0.4898,0.7491,-108.7961,19.6297,ASIA,1
scalp_fade_3m_lim,BTCUSDT,3m,-1,STOP,2025-12-08T06:06:00.000Z,2025-12-08T06:32:59.999Z,8,-1.112456,0.0004,0.8678,-111.2456,25.6145,ASIA,1
scalp_fade_3m_lim,BTCUSDT,3m,-1,TARGET,2025-12-08T10:36:00.000Z,2025-12-08T11:32:59.999Z,18,0.875244,1.0353,0.2914,87.5244,13.0551,LONDON,-1
scalp_fade_3m_lim,BTCUSDT,3m,-1,STOP,2025-12-08T13:09:00.000Z,2025-12-08T13:11:59.999Z,0,-1.106563,0.1823,0.9397,-110.6563,24.6653,NY,-1
scalp_fade_3m_lim,BTCUSDT,3m,-1,TARGET,2025-12-08T14:33:00.000Z,2025-12-08T14:38:59.999Z,1,1.129778,1.7990,0.3928,112.9778,7.7699,NY,-1
scalp_fade_3m_lim,BTCUSDT,3m,1,STOP,2025-12-08T15:57:00.000Z,2025-12-08T16:02:59.999Z,1,-1.045110,0.1257,0.9029,-104.5110,10.6622,NY,-1
scalp_fade_3m_lim,BTCUSDT,3m,1,TARGET,2025-12-08T17:33:00.000Z,2025-12-08T18:20:59.999Z,15,1.105930,1.2538,0.6441,110.5930,8.2716,NY,1
scalp_fade_3m_lim,BTCUSDT,3m,-1,TARGET,2025-12-08T23:06:00.000Z,2025-12-08T23:26:59.999Z,6,0.985163,1.3444,0.2497,98.5163,10.7965,LATE,-1
scalp_fade_3m_lim,BTCUSDT,3m,1,TIME,2025-12-09T01:30:00.000Z,2025-12-09T02:32:59.999Z,20,-0.166260,0.4291,0.6840,-16.6260,16.8870,ASIA,-1
scalp_fade_3m_lim,BTCUSDT,3m,1,TARGET,2025-12-09T03:27:00.000Z,2025-12-09T03:41:59.999Z,4,0.973755,1.1290,0.2441,97.3755,11.0778,ASIA,-1
scalp_fade_3m_lim,BTCUSDT,3m,1,STOP,2025-12-09T04:33:00.000Z,2025-12-09T04:35:59.999Z,0,-1.107397,0.0000,1.3535,-110.7397,25.1536,ASIA,1
scalp_fade_3m_lim,BTCUSDT,3m,-1,TIME,2025-12-09T08:33:00.000Z,2025-12-09T09:35:59.999Z,20,0.181097,0.9002,0.6062,18.1097,27.3510,LONDON,1
scalp_fade_3m_lim,BTCUSDT,3m,-1,STOP,2025-12-09T13:24:00.000Z,2025-12-09T13:32:59.999Z,2,-1.117116,0.0187,1.0504,-111.7116,27.0160,NY,1
scalp_fade_3m_lim,BTCUSDT,3m,-1,STOP,2025-12-09T14:36:00.000Z,2025-12-09T15:02:59.999Z,8,-1.058462,0.8021,1.7159,-105.8462,13.2188,NY,-1
scalp_fade_3m_lim,BTCUSDT,3m,-1,STOP,2025-12-09T15:03:00.000Z,2025-12-09T15:41:59.999Z,12,-1.041162,1.0201,1.0908,-104.1162,9.1723,NY,1
scalp_fade_3m_lim,BTCUSDT,3m,-1,TIME,2025-12-09T17:21:00.000Z,2025-12-09T18:23:59.999Z,20,-0.172058,0.8563,0.2576,-17.2058,11.7556,NY,1
scalp_fade_3m_lim,BTCUSDT,3m,-1,TARGET,2025-12-09T19:36:00.000Z,2025-12-09T20:17:59.999Z,13,1.075825,1.3698,0.0627,107.5825,8.8706,NY,1
scalp_fade_3m_lim,BTCUSDT,3m,-1,TARGET,2025-12-09T23:21:00.000Z,2025-12-10T00:20:59.999Z,19,1.032819,1.3518,0.4862,103.2819,9.7532,LATE,1
scalp_fade_3m_lim,BTCUSDT,3m,1,TARGET,2025-12-10T02:03:00.000Z,2025-12-10T02:23:59.999Z,6,0.957838,1.2874,0.4233,95.7838,11.4047,ASIA,1
scalp_fade_3m_lim,BTCUSDT,3m,-1,TIME,2025-12-10T06:33:00.000Z,2025-12-10T07:35:59.999Z,20,-0.396456,0.7209,0.4539,-39.6456,29.9963,ASIA,-1
scalp_fade_3m_lim,BTCUSDT,3m,-1,STOP,2025-12-10T07:48:00.000Z,2025-12-10T07:59:59.999Z,3,-1.127474,0.0005,0.7587,-112.7474,29.3628,LONDON,1
scalp_fade_3m_lim,BTCUSDT,3m,-1,TIME,2025-12-10T08:03:00.000Z,2025-12-10T09:05:59.999Z,20,-0.002128,0.8181,0.0721,-0.2128,26.4245,LONDON,1
scalp_fade_3m_lim,BTCUSDT,3m,-1,STOP,2025-12-10T09:48:00.000Z,2025-12-10T09:50:59.999Z,0,-1.117315,0.0004,0.7522,-111.7315,27.1749,LONDON,1
scalp_fade_3m_lim,BTCUSDT,3m,1,TIME,2025-12-10T12:57:00.000Z,2025-12-10T13:59:59.999Z,20,-0.097381,0.7296,0.1933,-9.7381,20.2067,LONDON,-1
scalp_fade_3m_lim,BTCUSDT,3m,1,STOP,2025-12-10T14:03:00.000Z,2025-12-10T14:26:59.999Z,7,-1.108945,0.1905,0.6505,-110.8945,25.1473,NY,1
scalp_fade_3m_lim,BTCUSDT,3m,1,TIME,2025-12-10T14:39:00.000Z,2025-12-10T15:41:59.999Z,20,-0.150335,0.8738,0.6905,-15.0335,16.6350,NY,-1
scalp_fade_3m_lim,BTCUSDT,3m,1,TARGET,2025-12-10T16:03:00.000Z,2025-12-10T16:20:59.999Z,5,1.079934,1.4143,0.0240,107.9934,8.8445,NY,-1
scalp_fade_3m_lim,BTCUSDT,3m,-1,STOP,2025-12-10T18:33:00.000Z,2025-12-10T18:38:59.999Z,1,-1.067003,0.1571,1.3054,-106.7003,15.3999,NY,1
scalp_fade_3m_lim,BTCUSDT,3m,-1,STOP,2025-12-10T18:42:00.000Z,2025-12-10T19:02:59.999Z,6,-1.045504,0.7493,1.1605,-104.5504,10.2860,NY,1
scalp_fade_3m_lim,BTCUSDT,3m,-1,STOP,2025-12-10T19:09:00.000Z,2025-12-10T20:11:59.999Z,20,-1.029949,0.3141,1.2030,-102.9949,6.5138,NY,1
scalp_fade_3m_lim,BTCUSDT,3m,-1,TARGET,2025-12-10T20:24:00.000Z,2025-12-10T21:08:59.999Z,14,1.333447,1.4262,0.4005,133.3447,3.4675,NY,1
scalp_fade_3m_lim,BTCUSDT,3m,1,TARGET,2025-12-11T06:21:00.000Z,2025-12-11T06:35:59.999Z,4,0.766231,1.0344,0.4890,76.6231,15.4370,ASIA,1
scalp_fade_3m_lim,BTCUSDT,3m,1,TIME,2025-12-11T08:12:00.000Z,2025-12-11T09:14:59.999Z,20,0.499723,0.9729,0.1999,49.9723,23.6173,LONDON,1
scalp_fade_3m_lim,BTCUSDT,3m,1,TIME,2025-12-11T09:57:00.000Z,2025-12-11T10:59:59.999Z,20,0.035245,0.5744,0.1452,3.5245,22.9273,LONDON,1
scalp_fade_3m_lim,BTCUSDT,3m,1,STOP,2025-12-11T12:06:00.000Z,2025-12-11T12:11:59.999Z,1,-1.145809,0.1137,0.7089,-114.5809,34.0058,LONDON,-1
scalp_fade_3m_lim,BTCUSDT,3m,1,STOP,2025-12-11T13:30:00.000Z,2025-12-11T13:35:59.999Z,1,-1.111063,0.0887,0.7476,-111.1063,25.9511,NY,-1
scalp_fade_3m_lim,BTCUSDT,3m,1,STOP,2025-12-11T14:48:00.000Z,2025-12-11T14:50:59.999Z,0,-1.057316,0.0000,1.2763,-105.7316,13.5198,NY,1
scalp_fade_3m_lim,BTCUSDT,3m,1,TARGET,2025-12-11T14:51:00.000Z,2025-12-11T15:20:59.999Z,9,1.201539,1.3493,0.7606,120.1539,6.2828,NY,1
scalp_fade_3m_lim,BTCUSDT,3m,-1,STOP,2025-12-11T18:54:00.000Z,2025-12-11T19:32:59.999Z,12,-1.046654,0.2775,1.0480,-104.6654,10.4229,NY,1
scalp_fade_3m_lim,BTCUSDT,3m,-1,TIME,2025-12-11T23:03:00.000Z,2025-12-12T00:05:59.999Z,20,-0.089778,0.3745,0.5384,-8.9778,12.3935,LATE,-1
scalp_fade_3m_lim,BTCUSDT,3m,-1,STOP,2025-12-12T04:54:00.000Z,2025-12-12T05:02:59.999Z,2,-1.135915,0.1828,0.5936,-113.5915,31.3856,ASIA,-1
scalp_fade_3m_lim,BTCUSDT,3m,-1,TARGET,2025-12-12T05:12:00.000Z,2025-12-12T05:23:59.999Z,3,0.787923,1.1688,0.0620,78.7923,14.9566,ASIA,-1
scalp_fade_3m_lim,BTCUSDT,3m,-1,STOP,2025-12-12T08:57:00.000Z,2025-12-12T09:59:59.999Z,20,-1.115462,0.8228,1.0331,-111.5462,25.6740,LONDON,-1
scalp_fade_3m_lim,BTCUSDT,3m,-1,STOP,2025-12-12T12:51:00.000Z,2025-12-12T13:20:59.999Z,9,-1.121418,0.2953,0.6746,-112.1418,27.6155,LONDON,-1
scalp_fade_3m_lim,BTCUSDT,3m,-1,STOP,2025-12-12T14:33:00.000Z,2025-12-12T14:47:59.999Z,4,-1.078197,0.4070,0.7632,-107.8197,17.8959,NY,-1
scalp_fade_3m_lim,BTCUSDT,3m,1,TIME,2025-12-12T19:03:00.000Z,2025-12-12T20:05:59.999Z,20,-0.018985,0.6124,0.2163,-1.8985,13.8481,NY,1
scalp_fade_3m_lim,BTCUSDT,3m,1,TIME,2025-12-12T20:12:00.000Z,2025-12-12T21:14:59.999Z,20,0.257208,0.8250,0.5647,25.7208,18.6176,NY,-1
scalp_fade_3m_lim,BTCUSDT,3m,1,STOP,2025-12-12T23:27:00.000Z,2025-12-12T23:56:59.999Z,9,-1.165514,0.3258,0.4742,-116.5514,37.9449,LATE,1
scalp_fade_3m_lim,BTCUSDT,3m,1,STOP,2025-12-13T01:39:00.000Z,2025-12-13T01:44:59.999Z,1,-1.181932,0.1082,0.7008,-118.1932,42.3796,ASIA,1
scalp_fade_3m_lim,BTCUSDT,3m,1,STOP,2025-12-13T04:03:00.000Z,2025-12-13T04:20:59.999Z,5,-1.177392,0.0013,0.4271,-117.7392,40.9877,ASIA,-1
scalp_fade_3m_lim,BTCUSDT,3m,-1,TARGET,2025-12-13T10:57:00.000Z,2025-12-13T11:32:59.999Z,11,0.472877,0.8574,0.2915,47.2877,21.5277,LONDON,1
scalp_fade_3m_lim,BTCUSDT,3m,1,STOP,2025-12-13T13:09:00.000Z,2025-12-13T13:29:59.999Z,6,-1.151867,0.5722,0.8325,-115.1867,35.0470,NY,-1
scalp_fade_3m_lim,BTCUSDT,3m,1,STOP,2025-12-13T14:03:00.000Z,2025-12-13T14:23:59.999Z,6,-1.141894,0.2031,0.8325,-114.1894,32.7588,NY,-1
scalp_fade_3m_lim,BTCUSDT,3m,1,TARGET,2025-12-13T17:15:00.000Z,2025-12-13T18:14:59.999Z,19,0.487291,0.7657,0.4387,48.7291,21.1920,NY,1
scalp_fade_3m_lim,BTCUSDT,3m,1,STOP,2025-12-13T20:51:00.000Z,2025-12-13T20:56:59.999Z,1,-1.194730,0.0007,0.4446,-119.4730,45.3466,NY,-1
scalp_fade_3m_lim,BTCUSDT,3m,1,TIME,2025-12-13T21:36:00.000Z,2025-12-13T22:38:59.999Z,20,0.110963,0.9579,0.0906,11.0963,24.1902,LATE,-1
scalp_fade_3m_lim,BTCUSDT,3m,1,TIME,2025-12-13T23:00:00.000Z,2025-12-14T00:02:59.999Z,20,-0.257490,0.6380,0.3036,-25.7490,25.8428,LATE,1
scalp_fade_3m_lim,BTCUSDT,3m,-1,STOP,2025-12-14T00:24:00.000Z,2025-12-14T00:32:59.999Z,2,-1.129815,0.1745,0.7727,-112.9815,29.9677,ASIA,-1
scalp_fade_3m_lim,BTCUSDT,3m,1,STOP,2025-12-14T09:36:00.000Z,2025-12-14T10:14:59.999Z,12,-1.153833,0.0613,1.4538,-115.3833,35.0666,LONDON,-1
scalp_fade_3m_lim,BTCUSDT,3m,1,STOP,2025-12-14T10:30:00.000Z,2025-12-14T10:50:59.999Z,6,-1.110074,0.0563,0.6431,-111.0074,25.4580,LONDON,1
scalp_fade_3m_lim,BTCUSDT,3m,1,STOP,2025-12-14T16:33:00.000Z,2025-12-14T16:44:59.999Z,3,-1.078790,0.1841,0.8489,-107.8790,18.3934,NY,1
scalp_fade_3m_lim,BTCUSDT,3m,1,STOP,2025-12-14T17:06:00.000Z,2025-12-14T17:14:59.999Z,2,-1.062530,0.1464,0.7973,-106.2530,14.6699,NY,-1
scalp_fade_3m_lim,BTCUSDT,3m,1,STOP,2025-12-14T18:27:00.000Z,2025-12-14T19:20:59.999Z,17,-1.084706,0.7801,0.8991,-108.4706,19.2038,NY,1
scalp_fade_3m_lim,BTCUSDT,3m,1,STOP,2025-12-14T21:39:00.000Z,2025-12-14T21:59:59.999Z,6,-1.111320,0.1615,0.9521,-111.1320,25.7438,LATE,-1
scalp_fade_3m_lim,BTCUSDT,3m,1,STOP,2025-12-14T23:06:00.000Z,2025-12-14T23:32:59.999Z,8,-1.066836,0.1338,1.6472,-106.6836,15.4738,LATE,-1
scalp_fade_3m_lim,BTCUSDT,3m,1,TIME,2025-12-14T23:42:00.000Z,2025-12-15T00:44:59.999Z,20,0.158918,1.1527,0.2313,15.8918,11.0101,LATE,-1
scalp_fade_3m_lim,BTCUSDT,3m,-1,STOP,2025-12-15T04:33:00.000Z,2025-12-15T04:53:59.999Z,6,-1.087911,0.2054,0.7853,-108.7911,20.0616,ASIA,1
scalp_fade_3m_lim,BTCUSDT,3m,-1,TIME,2025-12-15T05:03:00.000Z,2025-12-15T06:05:59.999Z,20,-0.569464,0.2326,0.6686,-56.9464,21.9063,ASIA,1
scalp_fade_3m_lim,BTCUSDT,3m,-1,TIME,2025-12-15T08:06:00.000Z,2025-12-15T09:08:59.999Z,20,-0.820033,0.4158,0.6379,-82.0033,24.0336,LONDON,1
scalp_fade_3m_lim,BTCUSDT,3m,-1,TIME,2025-12-15T10:30:00.000Z,2025-12-15T11:32:59.999Z,20,-0.190979,0.4779,0.4918,-19.0979,24.8102,LONDON,-1
scalp_fade_3m_lim,BTCUSDT,3m,-1,TARGET,2025-12-15T12:33:00.000Z,2025-12-15T13:23:59.999Z,16,0.779831,1.1544,0.4720,77.9831,15.0624,LONDON,-1
scalp_fade_3m_lim,BTCUSDT,3m,1,STOP,2025-12-15T14:42:00.000Z,2025-12-15T14:50:59.999Z,2,-1.048932,0.1646,1.2985,-104.8932,11.5242,NY,1
scalp_fade_3m_lim,BTCUSDT,3m,1,TIME,2025-12-15T23:21:00.000Z,2025-12-16T00:23:59.999Z,20,0.154975,1.0642,0.2976,15.4975,20.0696,LATE,1
scalp_fade_3m_lim,BTCUSDT,3m,1,TARGET,2025-12-16T01:36:00.000Z,2025-12-16T02:26:59.999Z,16,1.089883,1.1954,0.0629,108.9883,8.6047,ASIA,-1
scalp_fade_3m_lim,BTCUSDT,3m,1,STOP,2025-12-16T02:54:00.000Z,2025-12-16T03:14:59.999Z,6,-1.085821,0.2656,0.8555,-108.5821,19.8933,ASIA,1
scalp_fade_3m_lim,BTCUSDT,3m,1,STOP,2025-12-16T04:48:00.000Z,2025-12-16T04:50:59.999Z,0,-1.093370,0.3963,0.9645,-109.3370,21.8951,ASIA,-1
scalp_fade_3m_lim,BTCUSDT,3m,-1,STOP,2025-12-16T09:18:00.000Z,2025-12-16T09:20:59.999Z,0,-1.114445,0.0000,0.6563,-111.4445,26.5050,LONDON,1
scalp_fade_3m_lim,BTCUSDT,3m,-1,STOP,2025-12-16T13:30:00.000Z,2025-12-16T13:32:59.999Z,0,-1.067410,0.4209,1.1389,-106.7410,15.5269,NY,-1
scalp_fade_3m_lim,BTCUSDT,3m,-1,STOP,2025-12-16T14:33:00.000Z,2025-12-16T14:50:59.999Z,5,-1.039085,0.3684,0.9743,-103.9085,8.8243,NY,1
scalp_fade_3m_lim,BTCUSDT,3m,-1,STOP,2025-12-16T18:06:00.000Z,2025-12-16T18:32:59.999Z,8,-1.066481,0.3018,0.8538,-106.6481,15.0599,NY,-1
scalp_fade_3m_lim,BTCUSDT,3m,-1,STOP,2025-12-16T18:33:00.000Z,2025-12-16T18:53:59.999Z,6,-1.068183,0.2924,0.8031,-106.8183,15.5139,NY,1
scalp_fade_3m_lim,BTCUSDT,3m,-1,STOP,2025-12-16T20:51:00.000Z,2025-12-16T21:38:59.999Z,15,-1.085098,0.3880,0.9306,-108.5098,19.0610,NY,-1
scalp_fade_3m_lim,BTCUSDT,3m,-1,TIME,2025-12-16T21:57:00.000Z,2025-12-16T22:59:59.999Z,20,-0.496011,0.5381,0.6159,-49.6011,23.6548,LATE,1
scalp_fade_3m_lim,BTCUSDT,3m,-1,STOP,2025-12-17T01:18:00.000Z,2025-12-17T01:20:59.999Z,0,-1.099421,0.0004,0.6896,-109.9421,22.9983,ASIA,1
scalp_fade_3m_lim,BTCUSDT,3m,1,STOP,2025-12-17T04:18:00.000Z,2025-12-17T04:20:59.999Z,0,-1.107651,0.0290,0.7196,-110.7651,25.2125,ASIA,-1
scalp_fade_3m_lim,BTCUSDT,3m,-1,STOP,2025-12-17T13:09:00.000Z,2025-12-17T13:44:59.999Z,11,-1.072845,0.5935,1.0068,-107.2845,16.4200,NY,-1
scalp_fade_3m_lim,BTCUSDT,3m,-1,STOP,2025-12-17T14:51:00.000Z,2025-12-17T14:53:59.999Z,0,-1.045845,0.0179,2.4190,-104.5845,10.4935,NY,1
scalp_fade_3m_lim,BTCUSDT,3m,-1,STOP,2025-12-17T14:54:00.000Z,2025-12-17T14:59:59.999Z,1,-1.030659,0.0589,1.0050,-103.0659,6.9347,NY,1
scalp_fade_3m_lim,BTCUSDT,3m,1,STOP,2025-12-17T19:24:00.000Z,2025-12-17T19:35:59.999Z,3,-1.048888,0.0002,0.8906,-104.8888,11.4903,NY,-1
scalp_fade_3m_lim,BTCUSDT,3m,-1,STOP,2025-12-18T07:42:00.000Z,2025-12-18T08:02:59.999Z,6,-1.120712,0.1749,1.0579,-112.0712,27.6229,LONDON,1
scalp_fade_3m_lim,BTCUSDT,3m,-1,STOP,2025-12-18T11:33:00.000Z,2025-12-18T12:32:59.999Z,19,-1.113036,0.4494,0.7176,-111.3036,25.1808,LONDON,-1
scalp_fade_3m_lim,BTCUSDT,3m,-1,STOP,2025-12-18T13:03:00.000Z,2025-12-18T13:14:59.999Z,3,-1.073959,0.1901,1.2047,-107.3959,16.9499,NY,1
scalp_fade_3m_lim,BTCUSDT,3m,-1,TIME,2025-12-18T14:33:00.000Z,2025-12-18T15:35:59.999Z,20,-0.373292,1.2250,0.3255,-37.3292,7.9894,NY,-1
scalp_fade_3m_lim,BTCUSDT,3m,-1,TIME,2025-12-18T15:36:00.000Z,2025-12-18T16:38:59.999Z,20,0.617538,1.3143,0.6974,61.7538,8.1096,NY,-1
scalp_fade_3m_lim,BTCUSDT,3m,1,TIME,2025-12-19T00:06:00.000Z,2025-12-19T01:08:59.999Z,20,-0.125846,0.6055,0.4814,-12.5846,20.5600,ASIA,-1
scalp_fade_3m_lim,BTCUSDT,3m,-1,TIME,2025-12-19T08:36:00.000Z,2025-12-19T09:38:59.999Z,20,0.087622,0.5162,0.2945,8.7622,15.3746,LONDON,1
scalp_fade_3m_lim,BTCUSDT,3m,-1,STOP,2025-12-19T10:09:00.000Z,2025-12-19T10:47:59.999Z,12,-1.089734,0.5660,0.7919,-108.9734,20.2325,LONDON,1
scalp_fade_3m_lim,BTCUSDT,3m,-1,TIME,2025-12-19T12:12:00.000Z,2025-12-19T13:14:59.999Z,20,0.279715,1.0128,0.1471,27.9715,16.3751,LONDON,-1
scalp_fade_3m_lim,BTCUSDT,3m,-1,TARGET,2025-12-19T13:39:00.000Z,2025-12-19T14:35:59.999Z,18,1.024315,1.1815,0.7073,102.4315,9.9344,NY,1
scalp_fade_3m_lim,BTCUSDT,3m,-1,STOP,2025-12-19T14:45:00.000Z,2025-12-19T15:17:59.999Z,10,-1.037703,0.8238,1.2103,-103.7703,8.4187,NY,-1
scalp_fade_3m_lim,BTCUSDT,3m,-1,TIME,2025-12-19T15:24:00.000Z,2025-12-19T16:26:59.999Z,20,-0.048950,0.8099,0.1840,-4.8950,6.5061,NY,1
scalp_fade_3m_lim,BTCUSDT,3m,-1,STOP,2025-12-20T04:30:00.000Z,2025-12-20T04:35:59.999Z,1,-1.161610,0.0145,0.5883,-116.1610,37.4356,ASIA,-1
scalp_fade_3m_lim,BTCUSDT,3m,-1,STOP,2025-12-20T04:54:00.000Z,2025-12-20T05:05:59.999Z,3,-1.157964,0.1002,0.5846,-115.7964,36.4350,ASIA,1
scalp_fade_3m_lim,BTCUSDT,3m,-1,TIME,2025-12-20T05:48:00.000Z,2025-12-20T06:50:59.999Z,20,-0.292567,0.4622,0.2571,-29.2567,25.5255,ASIA,1
scalp_fade_3m_lim,BTCUSDT,3m,1,TIME,2025-12-20T15:21:00.000Z,2025-12-20T16:23:59.999Z,20,0.038237,0.8134,0.1838,3.8237,28.7549,NY,1
scalp_fade_3m_lim,BTCUSDT,3m,1,TARGET,2025-12-20T16:33:00.000Z,2025-12-20T17:08:59.999Z,11,0.324490,0.6602,0.1105,32.4490,24.6594,NY,1
scalp_fade_3m_lim,BTCUSDT,3m,1,TIME,2025-12-20T17:12:00.000Z,2025-12-20T18:14:59.999Z,20,-0.633729,0.6170,0.0726,-63.3729,36.9713,NY,-1
scalp_fade_3m_lim,BTCUSDT,3m,-1,STOP,2025-12-20T20:12:00.000Z,2025-12-20T20:38:59.999Z,8,-1.201441,0.0030,0.5290,-120.1441,46.0432,NY,-1
scalp_fade_3m_lim,BTCUSDT,3m,-1,STOP,2025-12-20T23:06:00.000Z,2025-12-20T23:56:59.999Z,16,-1.150728,0.2369,0.7058,-115.0728,33.8463,LATE,1
scalp_fade_3m_lim,BTCUSDT,3m,1,TARGET,2025-12-21T02:54:00.000Z,2025-12-21T03:20:59.999Z,8,0.738423,0.9899,0.1673,73.8423,16.0001,ASIA,-1
scalp_fade_3m_lim,BTCUSDT,3m,1,STOP,2025-12-21T06:42:00.000Z,2025-12-21T07:44:59.999Z,20,-1.191666,0.2928,0.4699,-119.1666,42.9459,ASIA,1
scalp_fade_3m_lim,BTCUSDT,3m,-1,STOP,2025-12-21T12:06:00.000Z,2025-12-21T12:17:59.999Z,3,-1.146504,0.0359,0.7441,-114.6504,33.7768,LONDON,-1
scalp_fade_3m_lim,BTCUSDT,3m,1,TARGET,2025-12-21T15:24:00.000Z,2025-12-21T15:56:59.999Z,10,0.885106,1.4832,0.1493,88.5106,12.9145,NY,-1
scalp_fade_3m_lim,BTCUSDT,3m,-1,STOP,2025-12-21T19:42:00.000Z,2025-12-21T19:53:59.999Z,3,-1.117249,0.2313,0.7035,-111.7249,26.9909,NY,1
scalp_fade_3m_lim,BTCUSDT,3m,-1,TARGET,2025-12-21T21:18:00.000Z,2025-12-21T21:47:59.999Z,9,0.488384,1.0058,0.3373,48.8384,21.2162,LATE,-1
scalp_fade_3m_lim,BTCUSDT,3m,-1,STOP,2025-12-22T03:09:00.000Z,2025-12-22T03:26:59.999Z,5,-1.075803,0.1869,0.8052,-107.5803,17.3061,ASIA,1
scalp_fade_3m_lim,BTCUSDT,3m,-1,STOP,2025-12-22T04:36:00.000Z,2025-12-22T04:44:59.999Z,2,-1.099372,0.0000,0.6988,-109.9372,22.8918,ASIA,1
scalp_fade_3m_lim,BTCUSDT,3m,-1,STOP,2025-12-22T06:24:00.000Z,2025-12-22T07:05:59.999Z,13,-1.117697,0.3256,0.6362,-111.7697,26.5460,ASIA,1
scalp_fade_3m_lim,BTCUSDT,3m,-1,STOP,2025-12-22T08:00:00.000Z,2025-12-22T08:17:59.999Z,5,-1.118741,0.3385,0.7503,-111.8741,27.2245,LONDON,-1
scalp_fade_3m_lim,BTCUSDT,3m,-1,TIME,2025-12-22T10:06:00.000Z,2025-12-22T11:08:59.999Z,20,-0.729018,0.1779,0.6345,-72.9018,18.1224,LONDON,1
scalp_fade_3m_lim,BTCUSDT,3m,-1,STOP,2025-12-22T11:39:00.000Z,2025-12-22T11:53:59.999Z,4,-1.080785,0.2670,0.7429,-108.0785,18.4949,LONDON,-1
scalp_fade_3m_lim,BTCUSDT,3m,-1,TARGET,2025-12-22T14:18:00.000Z,2025-12-22T14:35:59.999Z,5,0.985046,1.4927,0.2012,98.5046,10.8025,NY,1
scalp_fade_3m_lim,BTCUSDT,3m,-1,TARGET,2025-12-22T14:48:00.000Z,2025-12-22T15:23:59.999Z,11,1.240364,1.4389,0.5926,124.0364,5.4240,NY,1
scalp_fade_3m_lim,BTCUSDT,3m,-1,TIME,2025-12-22T15:57:00.000Z,2025-12-22T16:59:59.999Z,20,0.206667,0.4534,0.5364,20.6667,10.0904,NY,1
scalp_fade_3m_lim,BTCUSDT,3m,1,STOP,2025-12-22T18:18:00.000Z,2025-12-22T19:02:59.999Z,14,-1.075230,0.4571,1.3049,-107.5230,17.1809,NY,-1
scalp_fade_3m_lim,BTCUSDT,3m,1,STOP,2025-12-22T21:48:00.000Z,2025-12-22T22:11:59.999Z,7,-1.093996,0.0106,0.7563,-109.3996,21.7243,LATE,1
scalp_fade_3m_lim,BTCUSDT,3m,1,TARGET,2025-12-23T00:06:00.000Z,2025-12-23T00:35:59.999Z,9,0.843526,1.2721,0.0436,84.3526,13.7907,ASIA,-1
scalp_fade_3m_lim,BTCUSDT,3m,1,STOP,2025-12-23T02:39:00.000Z,2025-12-23T02:41:59.999Z,0,-1.095439,0.0004,0.9284,-109.5439,22.3757,ASIA,-1
scalp_fade_3m_lim,BTCUSDT,3m,1,STOP,2025-12-23T08:48:00.000Z,2025-12-23T09:23:59.999Z,11,-1.115418,0.4479,0.6847,-111.5418,26.4131,LONDON,1
scalp_fade_3m_lim,BTCUSDT,3m,1,STOP,2025-12-23T13:45:00.000Z,2025-12-23T14:38:59.999Z,17,-1.071164,0.3246,1.0381,-107.1164,16.1650,NY,-1
scalp_fade_3m_lim,BTCUSDT,3m,1,STOP,2025-12-23T14:45:00.000Z,2025-12-23T14:56:59.999Z,3,-1.054853,0.0184,1.7577,-105.4853,12.8673,NY,1
scalp_fade_3m_lim,BTCUSDT,3m,1,STOP,2025-12-24T01:39:00.000Z,2025-12-24T02:08:59.999Z,9,-1.103844,0.3583,0.7276,-110.3844,23.8815,ASIA,1
scalp_fade_3m_lim,BTCUSDT,3m,1,STOP,2025-12-24T04:30:00.000Z,2025-12-24T04:53:59.999Z,7,-1.122211,0.1252,0.7240,-112.2211,28.1849,ASIA,1
scalp_fade_3m_lim,BTCUSDT,3m,1,STOP,2025-12-24T07:57:00.000Z,2025-12-24T07:59:59.999Z,0,-1.133970,0.0005,0.6594,-113.3970,31.3262,LONDON,1
scalp_fade_3m_lim,BTCUSDT,3m,1,TIME,2025-12-24T08:24:00.000Z,2025-12-24T09:26:59.999Z,20,-0.824451,0.3458,0.5873,-82.4451,25.0303,LONDON,-1
scalp_fade_3m_lim,BTCUSDT,3m,1,TIME,2025-12-24T14:54:00.000Z,2025-12-24T15:56:59.999Z,20,-0.235712,0.3903,0.8354,-23.5712,11.1561,NY,-1
scalp_fade_3m_lim,BTCUSDT,3m,-1,TIME,2025-12-24T18:18:00.000Z,2025-12-24T19:20:59.999Z,20,-0.340021,0.4693,0.1622,-34.0021,19.1645,NY,-1
scalp_fade_3m_lim,BTCUSDT,3m,-1,STOP,2025-12-24T21:03:00.000Z,2025-12-24T21:29:59.999Z,8,-1.157887,0.0170,1.0015,-115.7887,36.0443,LATE,-1
scalp_fade_3m_lim,BTCUSDT,3m,-1,STOP,2025-12-24T22:00:00.000Z,2025-12-24T22:11:59.999Z,3,-1.162204,0.0006,0.9899,-116.2204,37.4184,LATE,1
scalp_fade_3m_lim,BTCUSDT,3m,-1,STOP,2025-12-24T22:33:00.000Z,2025-12-24T22:38:59.999Z,1,-1.131952,0.0005,0.8366,-113.1952,30.5276,LATE,1
scalp_fade_3m_lim,BTCUSDT,3m,-1,TIME,2025-12-25T00:18:00.000Z,2025-12-25T01:20:59.999Z,20,-0.257047,0.8728,0.1012,-25.7047,25.5695,ASIA,1
scalp_fade_3m_lim,BTCUSDT,3m,-1,TIME,2025-12-25T03:12:00.000Z,2025-12-25T04:14:59.999Z,20,-0.305798,0.5926,0.3317,-30.5798,32.2595,ASIA,1
scalp_fade_3m_lim,BTCUSDT,3m,-1,STOP,2025-12-25T07:54:00.000Z,2025-12-25T07:56:59.999Z,0,-1.186268,0.0007,0.5342,-118.6268,43.2688,LONDON,1
scalp_fade_3m_lim,BTCUSDT,3m,1,STOP,2025-12-25T10:03:00.000Z,2025-12-25T10:11:59.999Z,2,-1.173326,0.0007,0.7774,-117.3326,40.3013,LONDON,-1
scalp_fade_3m_lim,BTCUSDT,3m,-1,TIME,2025-12-25T18:03:00.000Z,2025-12-25T19:05:59.999Z,20,-0.214325,0.5936,0.2007,-21.4325,27.8557,NY,1
scalp_fade_3m_lim,BTCUSDT,3m,-1,TIME,2025-12-26T10:12:00.000Z,2025-12-26T11:14:59.999Z,20,0.223322,0.8432,0.2400,22.3322,29.1736,LONDON,1
scalp_fade_3m_lim,BTCUSDT,3m,-1,STOP,2025-12-26T13:06:00.000Z,2025-12-26T13:14:59.999Z,2,-1.139585,0.0005,0.7278,-113.9585,32.2386,NY,1
scalp_fade_3m_lim,BTCUSDT,3m,1,TARGET,2025-12-26T16:57:00.000Z,2025-12-26T17:32:59.999Z,11,1.025921,1.2632,0.5773,102.5921,9.9592,NY,1
scalp_fade_3m_lim,BTCUSDT,3m,1,TARGET,2025-12-26T18:45:00.000Z,2025-12-26T19:47:59.999Z,20,0.853646,1.4567,0.3448,85.3646,13.5298,NY,1
scalp_fade_3m_lim,BTCUSDT,3m,1,STOP,2025-12-26T22:24:00.000Z,2025-12-26T22:44:59.999Z,6,-1.139052,0.3199,0.8074,-113.9052,32.1067,LATE,-1
scalp_fade_3m_lim,BTCUSDT,3m,1,STOP,2025-12-26T23:39:00.000Z,2025-12-27T00:14:59.999Z,11,-1.140198,0.0981,0.6343,-114.0198,32.0412,LATE,-1
scalp_fade_3m_lim,BTCUSDT,3m,1,TARGET,2025-12-27T01:21:00.000Z,2025-12-27T01:38:59.999Z,5,0.357246,0.8048,0.0907,35.7246,24.0201,ASIA,1
scalp_fade_3m_lim,BTCUSDT,3m,1,STOP,2025-12-27T13:03:00.000Z,2025-12-27T13:05:59.999Z,0,-1.202410,0.0564,0.4102,-120.2410,47.2248,NY,-1
scalp_fade_3m_lim,BTCUSDT,3m,1,STOP,2025-12-27T13:15:00.000Z,2025-12-27T13:35:59.999Z,6,-1.187246,0.0975,0.9399,-118.7246,43.1644,NY,-1
scalp_fade_3m_lim,BTCUSDT,3m,-1,TIME,2025-12-28T01:42:00.000Z,2025-12-28T02:44:59.999Z,20,-0.609346,0.4516,0.2530,-60.9346,32.2101,ASIA,1
scalp_fade_3m_lim,BTCUSDT,3m,-1,STOP,2025-12-28T04:09:00.000Z,2025-12-28T04:14:59.999Z,1,-1.192721,0.0007,0.5445,-119.2721,44.6818,ASIA,-1
scalp_fade_3m_lim,BTCUSDT,3m,-1,TIME,2025-12-28T08:54:00.000Z,2025-12-28T09:56:59.999Z,20,-0.463034,0.5873,0.4926,-46.3034,34.6366,LONDON,1
scalp_fade_3m_lim,BTCUSDT,3m,-1,TARGET,2025-12-28T12:00:00.000Z,2025-12-28T12:44:59.999Z,14,0.337682,0.6147,0.0922,33.7682,24.3404,LONDON,-1
scalp_fade_3m_lim,BTCUSDT,3m,-1,TIME,2025-12-28T14:45:00.000Z,2025-12-28T15:47:59.999Z,20,-0.252367,0.7190,0.1756,-25.2367,30.5488,NY,1
scalp_fade_3m_lim,BTCUSDT,3m,1,STOP,2025-12-28T20:57:00.000Z,2025-12-28T21:05:59.999Z,2,-1.152604,0.0006,0.6227,-115.2604,35.5075,NY,1
scalp_fade_3m_lim,BTCUSDT,3m,-1,STOP,2025-12-29T00:24:00.000Z,2025-12-29T00:32:59.999Z,2,-1.109109,0.1077,1.6061,-110.9109,25.1550,ASIA,1
scalp_fade_3m_lim,BTCUSDT,3m,-1,TARGET,2025-12-29T08:18:00.000Z,2025-12-29T08:56:59.999Z,12,0.766054,1.0773,0.5037,76.6054,15.3711,LONDON,-1
scalp_fade_3m_lim,BTCUSDT,3m,1,TIME,2025-12-29T12:30:00.000Z,2025-12-29T13:32:59.999Z,20,-0.075262,0.5740,0.1868,-7.5262,13.2808,LONDON,-1
scalp_fade_3m_lim,BTCUSDT,3m,1,STOP,2025-12-29T14:57:00.000Z,2025-12-29T15:08:59.999Z,3,-1.051516,0.0362,0.8569,-105.1516,12.0969,NY,1
scalp_fade_3m_lim,BTCUSDT,3m,1,TIME,2025-12-29T16:27:00.000Z,2025-12-29T17:29:59.999Z,20,-0.346272,0.8584,0.3067,-34.6272,16.5129,NY,1
scalp_fade_3m_lim,BTCUSDT,3m,1,STOP,2025-12-30T00:06:00.000Z,2025-12-30T00:35:59.999Z,9,-1.148116,0.6542,0.7372,-114.8116,33.9774,ASIA,-1
scalp_fade_3m_lim,BTCUSDT,3m,1,STOP,2025-12-30T02:33:00.000Z,2025-12-30T03:11:59.999Z,12,-1.108749,0.2462,0.8130,-110.8749,24.8480,ASIA,-1
scalp_fade_3m_lim,BTCUSDT,3m,1,TARGET,2025-12-30T03:21:00.000Z,2025-12-30T03:53:59.999Z,10,0.955547,1.1275,0.0863,95.5547,11.4378,ASIA,-1
scalp_fade_3m_lim,BTCUSDT,3m,-1,STOP,2025-12-30T10:33:00.000Z,2025-12-30T10:47:59.999Z,4,-1.112650,0.1241,0.7083,-111.2650,25.8707,LONDON,-1
scalp_fade_3m_lim,BTCUSDT,3m,-1,TIME,2025-12-30T12:12:00.000Z,2025-12-30T13:14:59.999Z,20,-0.308688,0.3482,0.4272,-30.8688,26.4077,LONDON,-1
scalp_fade_3m_lim,BTCUSDT,3m,-1,STOP,2025-12-30T14:48:00.000Z,2025-12-30T14:53:59.999Z,1,-1.063961,0.0845,1.7547,-106.3961,14.6914,NY,-1
scalp_fade_3m_lim,BTCUSDT,3m,-1,STOP,2025-12-30T15:06:00.000Z,2025-12-30T15:50:59.999Z,14,-1.041349,0.2936,0.8758,-104.1349,9.1778,NY,-1
scalp_fade_3m_lim,BTCUSDT,3m,-1,STOP,2025-12-30T23:06:00.000Z,2025-12-30T23:29:59.999Z,7,-1.117144,0.0643,0.6249,-111.7144,26.7455,LATE,-1
scalp_fade_3m_lim,BTCUSDT,3m,-1,STOP,2025-12-31T01:15:00.000Z,2025-12-31T01:17:59.999Z,0,-1.127573,0.0535,0.5911,-112.7573,29.5691,ASIA,-1
scalp_fade_3m_lim,BTCUSDT,3m,-1,STOP,2025-12-31T01:18:00.000Z,2025-12-31T01:20:59.999Z,0,-1.116716,0.0611,1.1150,-111.6716,27.0351,ASIA,-1
scalp_fade_3m_lim,BTCUSDT,3m,-1,TIME,2025-12-31T02:03:00.000Z,2025-12-31T03:05:59.999Z,20,-0.963328,0.3273,0.6143,-96.3328,22.9374,ASIA,1
scalp_fade_3m_lim,BTCUSDT,3m,-1,TARGET,2025-12-31T04:18:00.000Z,2025-12-31T04:47:59.999Z,9,0.571314,1.0288,0.2308,57.1314,19.4750,ASIA,-1
scalp_fade_3m_lim,BTCUSDT,3m,-1,TIME,2025-12-31T05:30:00.000Z,2025-12-31T06:32:59.999Z,20,-1.078762,0.1271,0.4854,-107.8762,31.6321,ASIA,-1
scalp_fade_3m_lim,BTCUSDT,3m,-1,STOP,2025-12-31T07:27:00.000Z,2025-12-31T08:02:59.999Z,11,-1.157879,0.3106,0.6311,-115.7879,35.8224,LONDON,-1
scalp_fade_3m_lim,BTCUSDT,3m,-1,STOP,2025-12-31T09:12:00.000Z,2025-12-31T09:41:59.999Z,9,-1.139031,0.1367,0.6678,-113.9031,31.6507,LONDON,-1
scalp_fade_3m_lim,BTCUSDT,3m,-1,STOP,2025-12-31T10:24:00.000Z,2025-12-31T11:08:59.999Z,14,-1.120622,0.5360,0.6246,-112.0622,27.1558,LONDON,1
scalp_fade_3m_lim,BTCUSDT,3m,-1,STOP,2025-12-31T13:21:00.000Z,2025-12-31T13:53:59.999Z,10,-1.136223,0.7190,0.8700,-113.6223,30.9441,NY,-1
scalp_fade_3m_lim,BTCUSDT,3m,1,STOP,2025-12-31T16:18:00.000Z,2025-12-31T16:26:59.999Z,2,-1.076536,0.1055,0.9970,-107.6536,17.9101,NY,-1
scalp_fade_3m_lim,BTCUSDT,3m,1,STOP,2025-12-31T23:51:00.000Z,2025-12-31T23:53:59.999Z,0,-1.186002,0.0000,0.4107,-118.6002,43.4132,LATE,-1
scalp_fade_3m_lim,BTCUSDT,3m,-1,TIME,2026-01-01T02:33:00.000Z,2026-01-01T03:35:59.999Z,20,-0.088986,0.7470,0.1410,-8.8986,31.3559,ASIA,1
scalp_fade_3m_lim,BTCUSDT,3m,1,TARGET,2026-01-01T07:27:00.000Z,2026-01-01T08:02:59.999Z,11,0.223572,0.5973,0.2368,22.3572,26.7744,LONDON,-1
scalp_fade_3m_lim,BTCUSDT,3m,-1,TARGET,2026-01-01T12:27:00.000Z,2026-01-01T13:02:59.999Z,11,0.495634,0.7262,0.0940,49.5634,21.0502,LONDON,1
scalp_fade_3m_lim,BTCUSDT,3m,-1,TARGET,2026-01-01T13:39:00.000Z,2026-01-01T13:50:59.999Z,3,0.330603,0.8522,0.1307,33.0603,24.5774,NY,1
scalp_fade_3m_lim,BTCUSDT,3m,-1,STOP,2026-01-01T15:39:00.000Z,2026-01-01T15:44:59.999Z,1,-1.144553,0.0005,0.8265,-114.4553,33.4626,NY,1
scalp_fade_3m_lim,BTCUSDT,3m,-1,STOP,2026-01-01T19:39:00.000Z,2026-01-01T19:41:59.999Z,0,-1.169405,0.0006,0.5938,-116.9405,39.3327,NY,-1
scalp_fade_3m_lim,BTCUSDT,3m,-1,TARGET,2026-01-02T00:33:00.000Z,2026-01-02T01:35:59.999Z,20,0.825690,1.1667,0.1338,82.5690,14.0832,ASIA,-1
scalp_fade_3m_lim,BTCUSDT,3m,-1,TIME,2026-01-02T04:00:00.000Z,2026-01-02T05:02:59.999Z,20,0.588005,1.0406,0.1629,58.8005,19.9593,ASIA,1
scalp_fade_3m_lim,BTCUSDT,3m,-1,STOP,2026-01-02T05:48:00.000Z,2026-01-02T06:05:59.999Z,5,-1.146184,0.2840,0.6079,-114.6184,33.5636,ASIA,-1
scalp_fade_3m_lim,BTCUSDT,3m,-1,STOP,2026-01-02T08:09:00.000Z,2026-01-02T08:14:59.999Z,1,-1.125219,0.0339,0.6132,-112.5219,28.9594,LONDON,-1
scalp_fade_3m_lim,BTCUSDT,3m,-1,STOP,2026-01-02T09:45:00.000Z,2026-01-02T09:50:59.999Z,1,-1.118115,0.1519,1.1132,-111.8115,27.3048,LONDON,1
scalp_fade_3m_lim,BTCUSDT,3m,-1,TIME,2026-01-02T11:48:00.000Z,2026-01-02T12:50:59.999Z,20,-0.384762,0.6079,0.2174,-38.4762,24.4967,LONDON,-1
scalp_fade_3m_lim,BTCUSDT,3m,-1,STOP,2026-01-02T13:18:00.000Z,2026-01-02T13:20:59.999Z,0,-1.113601,0.0004,0.7135,-111.3601,26.3080,NY,-1
scalp_fade_3m_lim,BTCUSDT,3m,-1,STOP,2026-01-02T14:42:00.000Z,2026-01-02T14:50:59.999Z,2,-1.049925,0.1491,1.7395,-104.9925,11.3984,NY,-1
scalp_fade_3m_lim,BTCUSDT,3m,-1,STOP,2026-01-02T21:42:00.000Z,2026-01-02T21:53:59.999Z,3,-1.128415,0.0235,1.3685,-112.8415,29.5809,LATE,1
scalp_fade_3m_lim,BTCUSDT,3m,-1,STOP,2026-01-02T22:36:00.000Z,2026-01-02T22:44:59.999Z,2,-1.100935,0.0556,0.9180,-110.0935,23.2551,LATE,1
scalp_fade_3m_lim,BTCUSDT,3m,-1,STOP,2026-01-03T00:03:00.000Z,2026-01-03T00:11:59.999Z,2,-1.147481,0.0005,0.6154,-114.7481,34.0738,ASIA,1
scalp_fade_3m_lim,BTCUSDT,3m,1,TIME,2026-01-03T10:00:00.000Z,2026-01-03T11:02:59.999Z,20,-0.760479,0.3560,0.4245,-76.0479,29.0610,LONDON,-1
scalp_fade_3m_lim,BTCUSDT,3m,1,STOP,2026-01-03T11:51:00.000Z,2026-01-03T12:11:59.999Z,6,-1.174819,0.4152,0.4518,-117.4819,40.3133,LONDON,-1
scalp_fade_3m_lim,BTCUSDT,3m,-1,STOP,2026-01-03T14:09:00.000Z,2026-01-03T14:17:59.999Z,2,-1.157747,0.0000,0.4801,-115.7747,36.4601,NY,1
scalp_fade_3m_lim,BTCUSDT,3m,-1,STOP,2026-01-03T16:27:00.000Z,2026-01-03T16:35:59.999Z,2,-1.129535,0.0175,0.6780,-112.9535,29.9025,NY,-1
scalp_fade_3m_lim,BTCUSDT,3m,-1,TARGET,2026-01-03T19:39:00.000Z,2026-01-03T20:05:59.999Z,8,0.312822,0.7281,0.0927,31.2822,24.9105,NY,-1
scalp_fade_3m_lim,BTCUSDT,3m,-1,STOP,2026-01-03T23:00:00.000Z,2026-01-04T00:02:59.999Z,20,-1.127738,0.5852,0.9389,-112.7738,28.4247,LATE,-1
scalp_fade_3m_lim,BTCUSDT,3m,-1,STOP,2026-01-04T00:03:00.000Z,2026-01-04T00:05:59.999Z,0,-1.138725,0.0000,4.4409,-113.8725,32.1721,ASIA,1
scalp_fade_3m_lim,BTCUSDT,3m,-1,TIME,2026-01-04T01:57:00.000Z,2026-01-04T02:59:59.999Z,20,-0.110852,0.5421,0.2749,-11.0852,22.5496,ASIA,-1
scalp_fade_3m_lim,BTCUSDT,3m,-1,TARGET,2026-01-04T03:12:00.000Z,2026-01-04T03:35:59.999Z,7,0.698556,0.8916,0.4340,69.8556,16.8145,ASIA,1
scalp_fade_3m_lim,BTCUSDT,3m,-1,TIME,2026-01-04T08:42:00.000Z,2026-01-04T09:44:59.999Z,20,-0.671672,0.5227,0.2369,-67.1672,24.6133,LONDON,-1
scalp_fade_3m_lim,BTCUSDT,3m,-1,STOP,2026-01-04T09:57:00.000Z,2026-01-04T10:11:59.999Z,4,-1.136613,0.0574,0.5567,-113.6613,31.4175,LONDON,-1
scalp_fade_3m_lim,BTCUSDT,3m,-1,TARGET,2026-01-04T17:03:00.000Z,2026-01-04T18:05:59.999Z,20,0.616318,0.8554,0.1102,61.6318,18.4634,NY,1
scalp_fade_3m_lim,BTCUSDT,3m,-1,STOP,2026-01-04T22:33:00.000Z,2026-01-04T23:02:59.999Z,9,-1.144669,0.5908,1.3191,-114.4669,32.9424,LATE,1
scalp_fade_3m_lim,BTCUSDT,3m,-1,STOP,2026-01-04T23:03:00.000Z,2026-01-05T00:02:59.999Z,19,-1.108980,0.7881,2.5372,-110.8980,24.2703,LATE,-1
scalp_fade_3m_lim,BTCUSDT,3m,-1,TARGET,2026-01-05T03:36:00.000Z,2026-01-05T04:20:59.999Z,14,0.868051,1.1689,0.1175,86.8051,13.2230,ASIA,1
scalp_fade_3m_lim,BTCUSDT,3m,-1,STOP,2026-01-05T08:03:00.000Z,2026-01-05T08:11:59.999Z,2,-1.170354,0.2376,0.4860,-117.0354,39.3903,LONDON,1
scalp_fade_3m_lim,BTCUSDT,3m,-1,TIME,2026-01-05T10:39:00.000Z,2026-01-05T11:41:59.999Z,20,-0.208148,0.4317,0.5859,-20.8148,20.9904,LONDON,1
scalp_fade_3m_lim,BTCUSDT,3m,-1,STOP,2026-01-05T11:45:00.000Z,2026-01-05T12:02:59.999Z,5,-1.108677,0.0810,0.6500,-110.8677,24.8997,LONDON,1
scalp_fade_3m_lim,BTCUSDT,3m,-1,TARGET,2026-01-05T14:06:00.000Z,2026-01-05T14:35:59.999Z,9,0.834351,1.1242,0.3604,83.4351,13.9523,NY,-1
scalp_fade_3m_lim,BTCUSDT,3m,-1,STOP,2026-01-05T14:39:00.000Z,2026-01-05T14:44:59.999Z,1,-1.061379,0.0902,1.1241,-106.1379,14.0901,NY,1
scalp_fade_3m_lim,BTCUSDT,3m,-1,STOP,2026-01-05T17:42:00.000Z,2026-01-05T17:56:59.999Z,4,-1.068032,0.0777,1.0427,-106.8032,15.5430,NY,-1
scalp_fade_3m_lim,BTCUSDT,3m,-1,STOP,2026-01-05T20:00:00.000Z,2026-01-05T20:08:59.999Z,2,-1.089660,0.3283,0.7475,-108.9660,20.6343,NY,1
scalp_fade_3m_lim,BTCUSDT,3m,-1,STOP,2026-01-05T20:12:00.000Z,2026-01-05T20:29:59.999Z,5,-1.078837,0.1810,1.2506,-107.8837,18.0068,NY,1
scalp_fade_3m_lim,BTCUSDT,3m,-1,STOP,2026-01-05T21:42:00.000Z,2026-01-05T22:23:59.999Z,13,-1.091685,0.3284,0.8122,-109.1685,20.6349,LATE,-1
scalp_fade_3m_lim,BTCUSDT,3m,1,TARGET,2026-01-06T03:00:00.000Z,2026-01-06T03:32:59.999Z,10,0.764178,1.1501,0.0989,76.4178,15.4497,ASIA,-1
scalp_fade_3m_lim,BTCUSDT,3m,1,STOP,2026-01-06T07:03:00.000Z,2026-01-06T07:14:59.999Z,3,-1.118970,0.0617,0.6379,-111.8970,27.6694,LONDON,1
scalp_fade_3m_lim,BTCUSDT,3m,-1,STOP,2026-01-06T14:33:00.000Z,2026-01-06T14:41:59.999Z,2,-1.071723,0.0836,0.7903,-107.1723,16.4651,NY,-1
scalp_fade_3m_lim,BTCUSDT,3m,1,STOP,2026-01-06T17:42:00.000Z,2026-01-06T17:56:59.999Z,4,-1.050170,0.1375,1.2351,-105.0170,11.7618,NY,-1
scalp_fade_3m_lim,BTCUSDT,3m,-1,STOP,2026-01-06T22:51:00.000Z,2026-01-06T23:11:59.999Z,6,-1.079831,0.3030,0.7937,-107.9831,18.1991,LATE,-1
scalp_fade_3m_lim,BTCUSDT,3m,1,TARGET,2026-01-07T02:09:00.000Z,2026-01-07T02:56:59.999Z,15,1.075428,1.1723,0.1741,107.5428,8.9100,ASIA,-1
scalp_fade_3m_lim,BTCUSDT,3m,1,TIME,2026-01-07T03:33:00.000Z,2026-01-07T04:35:59.999Z,20,-0.911022,0.3150,0.5993,-91.1022,23.7641,ASIA,1
scalp_fade_3m_lim,BTCUSDT,3m,1,STOP,2026-01-07T04:45:00.000Z,2026-01-07T05:47:59.999Z,20,-1.109344,0.3111,0.6719,-110.9344,24.5842,ASIA,-1
scalp_fade_3m_lim,BTCUSDT,3m,1,TARGET,2026-01-07T05:48:00.000Z,2026-01-07T06:32:59.999Z,14,0.791004,1.0289,0.6205,79.1004,14.8679,ASIA,1
scalp_fade_3m_lim,BTCUSDT,3m,1,TARGET,2026-01-07T06:54:00.000Z,2026-01-07T07:20:59.999Z,8,0.664633,0.9223,0.2248,66.4633,17.5481,ASIA,1
scalp_fade_3m_lim,BTCUSDT,3m,1,STOP,2026-01-07T08:24:00.000Z,2026-01-07T08:50:59.999Z,8,-1.128428,0.5275,0.6132,-112.8428,29.5478,LONDON,1
scalp_fade_3m_lim,BTCUSDT,3m,1,STOP,2026-01-07T14:39:00.000Z,2026-01-07T15:17:59.999Z,12,-1.058791,0.8148,1.2927,-105.8791,13.5247,NY,-1
scalp_fade_3m_lim,BTCUSDT,3m,1,STOP,2026-01-07T18:45:00.000Z,2026-01-07T18:56:59.999Z,3,-1.078297,0.2511,1.1567,-107.8297,18.2797,NY,-1
scalp_fade_3m_lim,BTCUSDT,3m,1,TIME,2026-01-07T20:45:00.000Z,2026-01-07T21:47:59.999Z,20,-0.074800,0.6061,0.1331,-7.4800,18.3556,NY,1
scalp_fade_3m_lim,BTCUSDT,3m,1,STOP,2026-01-07T22:00:00.000Z,2026-01-07T22:02:59.999Z,0,-1.133931,0.0005,0.9776,-113.3931,31.3172,LATE,-1
scalp_fade_3m_lim,BTCUSDT,3m,1,TARGET,2026-01-07T22:09:00.000Z,2026-01-07T22:35:59.999Z,8,0.844789,1.2021,0.4183,84.4789,13.7688,LATE,-1
scalp_fade_3m_lim,BTCUSDT,3m,1,TIME,2026-01-08T00:06:00.000Z,2026-01-08T01:08:59.999Z,20,-0.066653,0.4696,0.5655,-6.6653,18.6115,ASIA,1
scalp_fade_3m_lim,BTCUSDT,3m,1,STOP,2026-01-08T03:06:00.000Z,2026-01-08T03:44:59.999Z,12,-1.088781,0.0594,1.1073,-108.8781,20.3222,ASIA,-1
scalp_fade_3m_lim,BTCUSDT,3m,1,STOP,2026-01-08T05:30:00.000Z,2026-01-08T05:47:59.999Z,5,-1.118400,0.2808,0.6737,-111.8400,27.4246,ASIA,1
scalp_fade_3m_lim,BTCUSDT,3m,1,STOP,2026-01-08T08:36:00.000Z,2026-01-08T08:50:59.999Z,4,-1.088626,0.0163,0.7252,-108.8626,20.6216,LONDON,1
scalp_fade_3m_lim,BTCUSDT,3m,1,TIME,2026-01-08T12:09:00.000Z,2026-01-08T13:11:59.999Z,20,-0.170880,0.4082,0.5396,-17.0880,19.8756,LONDON,-1
scalp_fade_3m_lim,BTCUSDT,3m,1,STOP,2026-01-08T13:33:00.000Z,2026-01-08T14:05:59.999Z,10,-1.111786,0.4027,1.0049,-111.1786,25.6402,NY,-1
scalp_fade_3m_lim,BTCUSDT,3m,1,STOP,2026-01-08T14:36:00.000Z,2026-01-08T14:44:59.999Z,2,-1.060905,0.3118,1.0091,-106.0905,14.2940,NY,-1
scalp_fade_3m_lim,BTCUSDT,3m,-1,STOP,2026-01-08T22:09:00.000Z,2026-01-08T22:14:59.999Z,1,-1.119335,0.1697,1.2865,-111.9335,27.5890,LATE,1
scalp_fade_3m_lim,BTCUSDT,3m,-1,STOP,2026-01-09T00:39:00.000Z,2026-01-09T01:05:59.999Z,8,-1.131110,0.1759,0.5960,-113.1110,29.8969,ASIA,-1
scalp_fade_3m_lim,BTCUSDT,3m,-1,TARGET,2026-01-09T01:30:00.000Z,2026-01-09T01:35:59.999Z,1,0.984870,1.3095,0.4378,98.4870,10.8204,ASIA,1
scalp_fade_3m_lim,BTCUSDT,3m,-1,TIME,2026-01-09T03:36:00.000Z,2026-01-09T04:38:59.999Z,20,0.101193,0.8200,0.4911,10.1193,24.1483,ASIA,-1
scalp_fade_3m_lim,BTCUSDT,3m,1,STOP,2026-01-09T11:48:00.000Z,2026-01-09T12:17:59.999Z,9,-1.124646,0.6218,0.7650,-112.4646,28.6252,LONDON,1
scalp_fade_3m_lim,BTCUSDT,3m,1,TARGET,2026-01-09T12:36:00.000Z,2026-01-09T13:17:59.999Z,13,0.866762,1.0315,0.0778,86.6762,13.2861,LONDON,-1
scalp_fade_3m_lim,BTCUSDT,3m,1,STOP,2026-01-09T14:33:00.000Z,2026-01-09T14:50:59.999Z,5,-1.072832,0.9703,1.0257,-107.2832,16.9479,NY,-1
scalp_fade_3m_lim,BTCUSDT,3m,1,TARGET,2026-01-09T15:06:00.000Z,2026-01-09T15:23:59.999Z,5,1.208193,1.3905,0.1766,120.8193,6.1513,NY,-1
scalp_fade_3m_lim,BTCUSDT,3m,1,TIME,2026-01-09T19:57:00.000Z,2026-01-09T20:59:59.999Z,20,-0.440403,0.6496,0.3368,-44.0403,17.2566,NY,1
scalp_fade_3m_lim,BTCUSDT,3m,1,TARGET,2026-01-09T22:15:00.000Z,2026-01-09T22:32:59.999Z,5,0.773692,1.0300,0.1587,77.3692,15.2752,LATE,1
scalp_fade_3m_lim,BTCUSDT,3m,1,STOP,2026-01-10T04:06:00.000Z,2026-01-10T04:38:59.999Z,10,-1.179140,0.0285,0.7254,-117.9140,40.9686,ASIA,1
scalp_fade_3m_lim,BTCUSDT,3m,-1,STOP,2026-01-10T09:39:00.000Z,2026-01-10T10:17:59.999Z,12,-1.181901,0.3996,0.5521,-118.1901,41.2197,LONDON,1
scalp_fade_3m_lim,BTCUSDT,3m,-1,TARGET,2026-01-10T12:06:00.000Z,2026-01-10T12:35:59.999Z,9,0.303333,0.6796,0.2560,30.3333,25.1016,LONDON,-1
scalp_fade_3m_lim,BTCUSDT,3m,-1,TARGET,2026-01-10T13:09:00.000Z,2026-01-10T13:53:59.999Z,14,0.245168,0.5464,0.1638,24.5168,26.2797,NY,1
scalp_fade_3m_lim,BTCUSDT,3m,1,TARGET,2026-01-10T15:21:00.000Z,2026-01-10T15:53:59.999Z,10,0.240503,0.5930,0.0934,24.0503,26.4282,NY,1
scalp_fade_3m_lim,BTCUSDT,3m,1,TARGET,2026-01-11T00:03:00.000Z,2026-01-11T00:17:59.999Z,4,0.356117,0.8285,0.2824,35.6117,24.0517,ASIA,-1
scalp_fade_3m_lim,BTCUSDT,3m,-1,STOP,2026-01-11T03:21:00.000Z,2026-01-11T03:23:59.999Z,0,-1.197647,0.0007,0.3927,-119.7647,45.9246,ASIA,1
scalp_fade_3m_lim,BTCUSDT,3m,-1,STOP,2026-01-11T04:15:00.000Z,2026-01-11T04:38:59.999Z,7,-1.201440,0.1540,0.3951,-120.1440,46.1374,ASIA,-1
scalp_fade_3m_lim,BTCUSDT,3m,-1,STOP,2026-01-11T08:24:00.000Z,2026-01-11T08:32:59.999Z,2,-1.199348,0.0196,0.5359,-119.9348,46.1295,LONDON,-1
scalp_fade_3m_lim,BTCUSDT,3m,-1,TIME,2026-01-11T09:45:00.000Z,2026-01-11T10:47:59.999Z,20,-0.418099,0.3958,0.2397,-41.8099,37.4006,LONDON,1
scalp_fade_3m_lim,BTCUSDT,3m,-1,STOP,2026-01-11T12:03:00.000Z,2026-01-11T12:11:59.999Z,2,-1.201967,0.0007,0.3929,-120.1967,46.7382,LONDON,1
scalp_fade_3m_lim,BTCUSDT,3m,1,STOP,2026-01-11T22:03:00.000Z,2026-01-11T22:05:59.999Z,0,-1.130713,0.0212,0.7364,-113.0713,30.5696,LATE,1
scalp_fade_3m_lim,BTCUSDT,3m,-1,TARGET,2026-01-12T03:33:00.000Z,2026-01-12T03:59:59.999Z,8,1.037742,1.1750,0.0555,103.7742,9.6851,ASIA,1
scalp_fade_3m_lim,BTCUSDT,3m,-1,TARGET,2026-01-12T06:09:00.000Z,2026-01-12T06:26:59.999Z,5,0.647004,0.9987,0.2009,64.7004,17.9094,ASIA,-1
scalp_fade_3m_lim,BTCUSDT,3m,-1,TARGET,2026-01-12T07:09:00.000Z,2026-01-12T07:35:59.999Z,8,0.708701,1.2407,0.0429,70.8701,16.5959,LONDON,-1
scalp_fade_3m_lim,BTCUSDT,3m,1,TARGET,2026-01-12T11:42:00.000Z,2026-01-12T12:17:59.999Z,11,0.831545,1.0080,0.0832,83.1545,14.0328,LONDON,-1
scalp_fade_3m_lim,BTCUSDT,3m,1,STOP,2026-01-12T13:06:00.000Z,2026-01-12T13:08:59.999Z,0,-1.123633,0.0005,0.7674,-112.3633,28.9251,NY,1
scalp_fade_3m_lim,BTCUSDT,3m,1,TIME,2026-01-12T13:09:00.000Z,2026-01-12T14:11:59.999Z,20,-0.265638,0.7439,0.3201,-26.5638,25.6875,NY,1
scalp_fade_3m_lim,BTCUSDT,3m,1,STOP,2026-01-12T14:18:00.000Z,2026-01-12T14:26:59.999Z,2,-1.110167,0.3208,1.3987,-111.0167,25.6902,NY,1
scalp_fade_3m_lim,BTCUSDT,3m,1,STOP,2026-01-13T00:42:00.000Z,2026-01-13T01:38:59.999Z,18,-1.105225,0.7978,0.9308,-110.5225,23.7603,ASIA,1
scalp_fade_3m_lim,BTCUSDT,3m,1,STOP,2026-01-13T02:36:00.000Z,2026-01-13T02:44:59.999Z,2,-1.137871,0.0005,0.7132,-113.7871,32.0992,ASIA,-1
scalp_fade_3m_lim,BTCUSDT,3m,1,TARGET,2026-01-13T03:00:00.000Z,2026-01-13T03:23:59.999Z,7,0.729714,1.5324,0.0772,72.9714,16.1881,ASIA,-1
scalp_fade_3m_lim,BTCUSDT,3m,-1,TARGET,2026-01-13T09:39:00.000Z,2026-01-13T09:44:59.999Z,1,0.962357,1.4603,0.0597,96.2357,11.2944,LONDON,1
scalp_fade_3m_lim,BTCUSDT,3m,-1,TARGET,2026-01-13T11:12:00.000Z,2026-01-13T11:50:59.999Z,12,0.756188,1.0694,0.0791,75.6188,15.5781,LONDON,-1
scalp_fade_3m_lim,BTCUSDT,3m,-1,TIME,2026-01-13T12:21:00.000Z,2026-01-13T13:23:59.999Z,20,-0.260461,0.3741,0.3580,-26.0461,25.8869,LONDON,-1
scalp_fade_3m_lim,BTCUSDT,3m,-1,STOP,2026-01-13T13:27:00.000Z,2026-01-13T13:32:59.999Z,1,-1.126744,0.0105,2.4313,-112.6744,29.3145,NY,1
scalp_fade_3m_lim,BTCUSDT,3m,-1,TARGET,2026-01-13T13:36:00.000Z,2026-01-13T14:02:59.999Z,8,1.135596,1.3318,0.1782,113.5596,7.6299,NY,1
scalp_fade_3m_lim,BTCUSDT,3m,-1,STOP,2026-01-13T18:06:00.000Z,2026-01-13T18:47:59.999Z,13,-1.071478,0.1811,0.8810,-107.1478,16.0430,NY,-1
scalp_fade_3m_lim,BTCUSDT,3m,-1,STOP,2026-01-13T19:21:00.000Z,2026-01-13T19:35:59.999Z,4,-1.078226,0.2029,1.2742,-107.8226,17.9025,NY,-1
scalp_fade_3m_lim,BTCUSDT,3m,-1,STOP,2026-01-13T20:39:00.000Z,2026-01-13T21:17:59.999Z,12,-1.078152,0.3176,0.7854,-107.8152,17.5953,NY,1
scalp_fade_3m_lim,BTCUSDT,3m,-1,STOP,2026-01-13T22:09:00.000Z,2026-01-13T22:11:59.999Z,0,-1.089399,0.2217,7.4714,-108.9399,20.6592,LATE,1
scalp_fade_3m_lim,BTCUSDT,3m,-1,TIME,2026-01-14T00:09:00.000Z,2026-01-14T01:11:59.999Z,20,-0.020809,1.1324,0.1953,-2.0809,16.8240,ASIA,1
scalp_fade_3m_lim,BTCUSDT,3m,-1,TIME,2026-01-14T02:33:00.000Z,2026-01-14T03:35:59.999Z,20,-0.674488,0.4142,0.3855,-67.4488,19.1853,ASIA,-1
scalp_fade_3m_lim,BTCUSDT,3m,-1,STOP,2026-01-14T07:36:00.000Z,2026-01-14T07:47:59.999Z,3,-1.097175,0.3217,0.7087,-109.7175,22.3348,LONDON,1
scalp_fade_3m_lim,BTCUSDT,3m,-1,TIME,2026-01-14T09:12:00.000Z,2026-01-14T10:14:59.999Z,20,-1.077597,0.3783,0.5668,-107.7597,28.6020,LONDON,-1
scalp_fade_3m_lim,BTCUSDT,3m,-1,STOP,2026-01-14T13:33:00.000Z,2026-01-14T14:05:59.999Z,10,-1.108966,0.7904,0.6506,-110.8966,24.7122,NY,-1
scalp_fade_3m_lim,BTCUSDT,3m,-1,STOP,2026-01-14T14:33:00.000Z,2026-01-14T14:38:59.999Z,1,-1.066149,0.0606,1.1819,-106.6149,15.2010,NY,1
scalp_fade_3m_lim,BTCUSDT,3m,-1,STOP,2026-01-14T14:39:00.000Z,2026-01-14T14:47:59.999Z,2,-1.053651,0.1436,1.2717,-105.3651,12.2646,NY,1
scalp_fade_3m_lim,BTCUSDT,3m,-1,STOP,2026-01-14T16:36:00.000Z,2026-01-14T16:44:59.999Z,2,-1.050698,0.0105,0.8929,-105.0698,11.5781,NY,1
scalp_fade_3m_lim,BTCUSDT,3m,-1,STOP,2026-01-14T17:00:00.000Z,2026-01-14T17:17:59.999Z,5,-1.055250,0.1822,0.9223,-105.5250,12.5584,NY,1
scalp_fade_3m_lim,BTCUSDT,3m,-1,TARGET,2026-01-14T22:00:00.000Z,2026-01-14T22:35:59.999Z,11,0.922749,1.3973,0.0649,92.2749,12.0883,LATE,1
scalp_fade_3m_lim,BTCUSDT,3m,-1,TARGET,2026-01-15T01:03:00.000Z,2026-01-15T01:23:59.999Z,6,0.950969,1.0700,0.3482,95.0969,11.5151,ASIA,-1
scalp_fade_3m_lim,BTCUSDT,3m,1,STOP,2026-01-15T02:36:00.000Z,2026-01-15T03:29:59.999Z,17,-1.086020,0.3269,1.1384,-108.6020,19.4985,ASIA,-1
scalp_fade_3m_lim,BTCUSDT,3m,1,TARGET,2026-01-15T06:36:00.000Z,2026-01-15T07:32:59.999Z,18,0.913434,1.0482,0.2417,91.3434,12.2885,ASIA,-1
scalp_fade_3m_lim,BTCUSDT,3m,1,TIME,2026-01-15T23:03:00.000Z,2026-01-16T00:05:59.999Z,20,0.026821,0.6632,0.5078,2.6821,24.0056,LATE,1
scalp_fade_3m_lim,BTCUSDT,3m,1,STOP,2026-01-16T04:30:00.000Z,2026-01-16T04:38:59.999Z,2,-1.114034,0.2058,0.6350,-111.4034,26.5848,ASIA,-1
scalp_fade_3m_lim,BTCUSDT,3m,-1,TARGET,2026-01-16T09:30:00.000Z,2026-01-16T10:05:59.999Z,11,0.616054,0.8763,0.0523,61.6054,18.5235,LONDON,-1
scalp_fade_3m_lim,BTCUSDT,3m,1,TARGET,2026-01-16T11:15:00.000Z,2026-01-16T11:53:59.999Z,12,0.613133,0.8205,0.2683,61.3133,18.6041,LONDON,-1
scalp_fade_3m_lim,BTCUSDT,3m,1,STOP,2026-01-16T13:36:00.000Z,2026-01-16T13:41:59.999Z,1,-1.137009,0.0350,0.8774,-113.7009,31.9659,NY,1
scalp_fade_3m_lim,BTCUSDT,3m,1,STOP,2026-01-16T14:33:00.000Z,2026-01-16T14:44:59.999Z,3,-1.082912,0.5167,0.7602,-108.2912,19.3451,NY,1
scalp_fade_3m_lim,BTCUSDT,3m,1,STOP,2026-01-16T14:48:00.000Z,2026-01-16T15:02:59.999Z,4,-1.062270,0.0470,0.7949,-106.2270,14.5495,NY,1
scalp_fade_3m_lim,BTCUSDT,3m,1,STOP,2026-01-16T15:21:00.000Z,2026-01-16T15:35:59.999Z,4,-1.048463,0.1940,1.1040,-104.8463,11.3686,NY,-1
scalp_fade_3m_lim,BTCUSDT,3m,1,TARGET,2026-01-16T17:39:00.000Z,2026-01-16T18:02:59.999Z,7,0.940065,1.1066,0.0502,94.0065,11.7739,NY,-1
scalp_fade_3m_lim,BTCUSDT,3m,-1,TIME,2026-01-17T00:48:00.000Z,2026-01-17T01:50:59.999Z,20,-0.151675,0.6274,0.1713,-15.1675,36.0979,ASIA,-1
scalp_fade_3m_lim,BTCUSDT,3m,-1,TARGET,2026-01-17T03:51:00.000Z,2026-01-17T04:20:59.999Z,9,0.424347,0.6548,0.1445,42.4347,22.5608,ASIA,1
scalp_fade_3m_lim,BTCUSDT,3m,1,STOP,2026-01-17T06:03:00.000Z,2026-01-17T06:05:59.999Z,0,-1.199810,0.0007,0.6237,-119.9810,46.6206,ASIA,1
scalp_fade_3m_lim,BTCUSDT,3m,1,STOP,2026-01-17T06:45:00.000Z,2026-01-17T07:02:59.999Z,5,-1.181765,0.0006,1.0631,-118.1765,41.9929,ASIA,-1
scalp_fade_3m_lim,BTCUSDT,3m,1,TARGET,2026-01-17T13:15:00.000Z,2026-01-17T13:17:59.999Z,0,0.243094,0.7648,0.0729,24.3094,26.4605,NY,-1
scalp_fade_3m_lim,BTCUSDT,3m,-1,STOP,2026-01-17T14:30:00.000Z,2026-01-17T15:08:59.999Z,12,-1.156587,0.3637,1.0907,-115.6587,35.4555,NY,1
scalp_fade_3m_lim,BTCUSDT,3m,1,TARGET,2026-01-18T00:00:00.000Z,2026-01-18T00:20:59.999Z,6,0.316205,0.6078,0.3712,31.6205,24.8737,ASIA,-1
scalp_fade_3m_lim,BTCUSDT,3m,1,TARGET,2026-01-18T02:51:00.000Z,2026-01-18T03:29:59.999Z,12,0.537042,0.8573,0.1004,53.7042,20.1982,ASIA,-1
scalp_fade_3m_lim,BTCUSDT,3m,1,TARGET,2026-01-18T05:33:00.000Z,2026-01-18T05:44:59.999Z,3,0.248644,0.6656,0.2595,24.8644,26.3178,ASIA,-1
scalp_fade_3m_lim,BTCUSDT,3m,1,TIME,2026-01-18T11:45:00.000Z,2026-01-18T12:47:59.999Z,20,-0.542633,0.4132,0.1528,-54.2633,45.6100,LONDON,1
scalp_fade_3m_lim,BTCUSDT,3m,1,STOP,2026-01-18T12:54:00.000Z,2026-01-18T13:08:59.999Z,4,-1.203616,0.1197,0.8792,-120.3616,47.1136,LONDON,-1
scalp_fade_3m_lim,BTCUSDT,3m,-1,TIME,2026-01-18T17:18:00.000Z,2026-01-18T18:20:59.999Z,20,-0.431778,0.2862,0.2677,-43.1778,34.3037,NY,1
scalp_fade_3m_lim,BTCUSDT,3m,-1,STOP,2026-01-18T18:30:00.000Z,2026-01-18T18:56:59.999Z,8,-1.145597,0.3749,0.7653,-114.5597,33.2227,NY,-1
scalp_fade_3m_lim,BTCUSDT,3m,1,TIME,2026-01-19T03:24:00.000Z,2026-01-19T04:26:59.999Z,20,-0.335246,0.7909,0.1257,-33.5246,22.9263,ASIA,1
scalp_fade_3m_lim,BTCUSDT,3m,1,TIME,2026-01-19T06:30:00.000Z,2026-01-19T07:32:59.999Z,20,-0.184371,0.5028,0.2531,-18.4371,25.0259,ASIA,-1
scalp_fade_3m_lim,BTCUSDT,3m,1,TIME,2026-01-19T12:03:00.000Z,2026-01-19T13:05:59.999Z,20,-1.131762,0.7959,0.5314,-113.1762,32.2118,LONDON,1
scalp_fade_3m_lim,BTCUSDT,3m,1,STOP,2026-01-19T14:33:00.000Z,2026-01-19T14:38:59.999Z,1,-1.113667,0.1276,0.9951,-111.3667,26.5547,NY,1
scalp_fade_3m_lim,BTCUSDT,3m,-1,TIME,2026-01-19T17:06:00.000Z,2026-01-19T18:08:59.999Z,20,-0.173482,0.4082,0.6550,-17.3482,24.0223,NY,1
scalp_fade_3m_lim,BTCUSDT,3m,-1,TIME,2026-01-19T19:18:00.000Z,2026-01-19T20:20:59.999Z,20,-0.916297,0.3976,0.5293,-91.6297,30.4695,NY,-1
scalp_fade_3m_lim,BTCUSDT,3m,-1,TARGET,2026-01-19T21:03:00.000Z,2026-01-19T21:14:59.999Z,3,0.644739,0.9787,0.4660,64.4739,17.9688,LATE,1
scalp_fade_3m_lim,BTCUSDT,3m,1,STOP,2026-01-20T02:00:00.000Z,2026-01-20T02:05:59.999Z,1,-1.107224,0.0182,0.6578,-110.7224,25.0611,ASIA,1
scalp_fade_3m_lim,BTCUSDT,3m,1,STOP,2026-01-20T02:33:00.000Z,2026-01-20T03:29:59.999Z,18,-1.098345,0.4661,0.6919,-109.8345,22.2195,ASIA,-1
scalp_fade_3m_lim,BTCUSDT,3m,1,STOP,2026-01-20T08:21:00.000Z,2026-01-20T08:35:59.999Z,4,-1.085400,0.5051,0.8448,-108.5400,19.8784,LONDON,1
scalp_fade_3m_lim,BTCUSDT,3m,1,STOP,2026-01-20T12:15:00.000Z,2026-01-20T12:20:59.999Z,1,-1.134005,0.1319,0.9167,-113.4005,31.2695,LONDON,-1
scalp_fade_3m_lim,BTCUSDT,3m,1,STOP,2026-01-20T12:21:00.000Z,2026-01-20T13:11:59.999Z,16,-1.119690,0.7666,0.7164,-111.9690,27.1081,LONDON,-1
scalp_fade_3m_lim,BTCUSDT,3m,1,STOP,2026-01-20T14:18:00.000Z,2026-01-20T14:35:59.999Z,5,-1.093652,0.7367,0.7137,-109.3652,21.7347,NY,-1
scalp_fade_3m_lim,BTCUSDT,3m,1,TIME,2026-01-20T14:48:00.000Z,2026-01-20T15:50:59.999Z,20,-0.017754,0.4718,0.8529,-1.7754,8.8273,NY,-1
scalp_fade_3m_lim,BTCUSDT,3m,-1,TARGET,2026-01-21T07:06:00.000Z,2026-01-21T07:32:59.999Z,8,0.866006,1.2282,0.0694,86.6006,13.2920,LONDON,1
scalp_fade_3m_lim,BTCUSDT,3m,1,STOP,2026-01-21T11:48:00.000Z,2026-01-21T11:53:59.999Z,1,-1.131967,0.1102,1.1129,-113.1967,30.7971,LONDON,-1
scalp_fade_3m_lim,BTCUSDT,3m,1,TARGET,2026-01-21T13:39:00.000Z,2026-01-21T14:05:59.999Z,8,1.033530,1.4568,0.6259,103.3530,9.8093,NY,1
scalp_fade_3m_lim,BTCUSDT,3m,-1,TIME,2026-01-22T01:03:00.000Z,2026-01-22T02:05:59.999Z,20,-0.458910,0.4330,0.5710,-45.8910,20.6141,ASIA,-1
scalp_fade_3m_lim,BTCUSDT,3m,-1,TARGET,2026-01-22T02:15:00.000Z,2026-01-22T02:56:59.999Z,13,0.935395,1.0889,0.6251,93.5395,11.8152,ASIA,1
scalp_fade_3m_lim,BTCUSDT,3m,-1,STOP,2026-01-22T05:42:00.000Z,2026-01-22T06:05:59.999Z,7,-1.138573,0.4315,0.6198,-113.8573,31.6751,ASIA,-1
scalp_fade_3m_lim,BTCUSDT,3m,-1,STOP,2026-01-22T06:15:00.000Z,2026-01-22T06:47:59.999Z,10,-1.107288,0.2244,0.6742,-110.7288,24.3285,ASIA,1
scalp_fade_3m_lim,BTCUSDT,3m,-1,TIME,2026-01-22T09:36:00.000Z,2026-01-22T10:38:59.999Z,20,-0.420252,0.6470,0.1788,-42.0252,28.1146,LONDON,1
scalp_fade_3m_lim,BTCUSDT,3m,1,STOP,2026-01-22T14:42:00.000Z,2026-01-22T14:50:59.999Z,2,-1.049135,0.0920,0.8920,-104.9135,11.5713,NY,-1
scalp_fade_3m_lim,BTCUSDT,3m,-1,STOP,2026-01-23T01:03:00.000Z,2026-01-23T01:32:59.999Z,9,-1.128620,0.0457,0.6000,-112.8620,29.2654,ASIA,-1
scalp_fade_3m_lim,BTCUSDT,3m,-1,TIME,2026-01-23T02:39:00.000Z,2026-01-23T03:41:59.999Z,20,-0.856507,0.8455,0.5303,-85.6507,29.1560,ASIA,-1
scalp_fade_3m_lim,BTCUSDT,3m,-1,TARGET,2026-01-23T04:33:00.000Z,2026-01-23T05:23:59.999Z,16,0.650370,1.2911,0.4239,65.0370,17.7743,ASIA,1
scalp_fade_3m_lim,BTCUSDT,3m,1,STOP,2026-01-23T07:39:00.000Z,2026-01-23T07:47:59.999Z,2,-1.133649,0.1243,0.8340,-113.3649,31.1225,LONDON,1
scalp_fade_3m_lim,BTCUSDT,3m,1,STOP,2026-01-23T08:00:00.000Z,2026-01-23T08:29:59.999Z,9,-1.122347,0.4209,0.9510,-112.2347,28.1010,LONDON,-1
scalp_fade_3m_lim,BTCUSDT,3m,1,TARGET,2026-01-23T10:48:00.000Z,2026-01-23T11:32:59.999Z,14,0.820074,1.1002,0.1932,82.0074,14.2592,LONDON,1
scalp_fade_3m_lim,BTCUSDT,3m,1,STOP,2026-01-23T12:00:00.000Z,2026-01-23T12:35:59.999Z,11,-1.143278,0.2274,0.5630,-114.3278,32.7405,LONDON,1
scalp_fade_3m_lim,BTCUSDT,3m,1,STOP,2026-01-23T14:33:00.000Z,2026-01-23T14:38:59.999Z,1,-1.070847,0.2643,1.4340,-107.0847,16.6283,NY,1
scalp_fade_3m_lim,BTCUSDT,3m,-1,STOP,2026-01-23T16:36:00.000Z,2026-01-23T16:41:59.999Z,1,-1.057196,0.0143,0.9841,-105.7196,13.1157,NY,1
scalp_fade_3m_lim,BTCUSDT,3m,1,TIME,2026-01-23T22:45:00.000Z,2026-01-23T23:47:59.999Z,20,-0.762350,0.2647,0.4156,-76.2350,22.8855,LATE,-1
scalp_fade_3m_lim,BTCUSDT,3m,1,STOP,2026-01-24T00:06:00.000Z,2026-01-24T00:29:59.999Z,7,-1.145818,0.0671,0.5367,-114.5818,33.5903,ASIA,-1
scalp_fade_3m_lim,BTCUSDT,3m,1,STOP,2026-01-24T00:36:00.000Z,2026-01-24T00:47:59.999Z,3,-1.151184,0.1100,0.6244,-115.1184,35.1064,ASIA,-1
scalp_fade_3m_lim,BTCUSDT,3m,1,TARGET,2026-01-24T01:33:00.000Z,2026-01-24T02:08:59.999Z,11,0.484460,0.8027,0.1732,48.4460,21.3068,ASIA,-1
scalp_fade_3m_lim,BTCUSDT,3m,-1,TARGET,2026-01-24T05:12:00.000Z,2026-01-24T06:08:59.999Z,18,0.329835,0.7205,0.1670,32.9835,24.4728,ASIA,-1
scalp_fade_3m_lim,BTCUSDT,3m,1,TIME,2026-01-24T12:36:00.000Z,2026-01-24T13:38:59.999Z,20,-0.697899,0.3109,0.1835,-69.7899,45.0574,LONDON,-1
scalp_fade_3m_lim,BTCUSDT,3m,1,STOP,2026-01-24T14:00:00.000Z,2026-01-24T14:02:59.999Z,0,-1.178950,0.1418,1.2739,-117.8950,41.7749,NY,-1
scalp_fade_3m_lim,BTCUSDT,3m,1,TIME,2026-01-24T14:09:00.000Z,2026-01-24T15:11:59.999Z,20,-0.663370,0.1887,0.3433,-66.3370,28.3716,NY,-1
scalp_fade_3m_lim,BTCUSDT,3m,1,STOP,2026-01-24T15:12:00.000Z,2026-01-24T15:29:59.999Z,5,-1.186570,0.1516,0.4039,-118.6570,43.0977,NY,-1
scalp_fade_3m_lim,BTCUSDT,3m,1,STOP,2026-01-24T16:12:00.000Z,2026-01-24T16:14:59.999Z,0,-1.146453,0.0005,0.7704,-114.6453,34.2260,NY,-1
scalp_fade_3m_lim,BTCUSDT,3m,1,TARGET,2026-01-24T17:45:00.000Z,2026-01-24T18:17:59.999Z,10,0.420363,0.7247,0.0831,42.0363,22.6575,NY,1
scalp_fade_3m_lim,BTCUSDT,3m,1,STOP,2026-01-25T00:24:00.000Z,2026-01-25T00:29:59.999Z,1,-1.180388,0.0007,0.4661,-118.0388,42.0217,ASIA,-1
scalp_fade_3m_lim,BTCUSDT,3m,1,STOP,2026-01-25T01:15:00.000Z,2026-01-25T01:17:59.999Z,0,-1.185273,0.0693,0.4165,-118.5273,43.2437,ASIA,1
scalp_fade_3m_lim,BTCUSDT,3m,1,STOP,2026-01-25T02:33:00.000Z,2026-01-25T03:08:59.999Z,11,-1.175918,0.0019,0.4296,-117.5918,40.1537,ASIA,1
scalp_fade_3m_lim,BTCUSDT,3m,1,TIME,2026-01-25T06:36:00.000Z,2026-01-25T07:38:59.999Z,20,-0.681717,0.4907,0.4935,-68.1717,29.1527,ASIA,-1
scalp_fade_3m_lim,BTCUSDT,3m,1,STOP,2026-01-25T08:06:00.000Z,2026-01-25T08:32:59.999Z,8,-1.158448,0.0000,0.5359,-115.8448,36.4076,LONDON,-1
scalp_fade_3m_lim,BTCUSDT,3m,1,TARGET,2026-01-25T13:30:00.000Z,2026-01-25T13:47:59.999Z,5,0.643697,0.9775,0.2080,64.3697,18.0050,NY,1
scalp_fade_3m_lim,BTCUSDT,3m,1,STOP,2026-01-25T18:18:00.000Z,2026-01-25T18:26:59.999Z,2,-1.067148,0.1028,0.8923,-106.7148,15.7383,NY,-1
scalp_fade_3m_lim,BTCUSDT,3m,1,TARGET,2026-01-25T20:51:00.000Z,2026-01-25T21:05:59.999Z,4,1.039944,1.3980,0.0526,103.9944,9.6874,NY,-1
scalp_fade_3m_lim,BTCUSDT,3m,1,STOP,2026-01-25T21:54:00.000Z,2026-01-25T22:02:59.999Z,2,-1.078781,0.0527,0.7787,-107.8781,18.4293,LATE,1
scalp_fade_3m_lim,BTCUSDT,3m,1,TARGET,2026-01-25T23:06:00.000Z,2026-01-26T00:08:59.999Z,20,1.173505,1.3250,0.1603,117.3505,6.8461,LATE,-1
scalp_fade_3m_lim,BTCUSDT,3m,-1,STOP,2026-01-26T06:00:00.000Z,2026-01-26T06:26:59.999Z,8,-1.110969,0.2903,0.7014,-111.0969,25.2732,ASIA,1
scalp_fade_3m_lim,BTCUSDT,3m,-1,STOP,2026-01-26T06:39:00.000Z,2026-01-26T06:53:59.999Z,4,-1.110550,0.3458,0.6599,-111.0550,25.3847,ASIA,-1
scalp_fade_3m_lim,BTCUSDT,3m,-1,TARGET,2026-01-26T08:24:00.000Z,2026-01-26T09:05:59.999Z,13,1.064854,1.1977,0.1213,106.4854,9.1007,LONDON,1
scalp_fade_3m_lim,BTCUSDT,3m,-1,TARGET,2026-01-26T12:03:00.000Z,2026-01-26T12:08:59.999Z,1,0.563007,0.9620,0.0611,56.3007,19.7012,LONDON,-1
scalp_fade_3m_lim,BTCUSDT,3m,-1,STOP,2026-01-26T13:15:00.000Z,2026-01-26T13:32:59.999Z,5,-1.122218,0.1521,0.8383,-112.2218,28.0277,NY,-1
scalp_fade_3m_lim,BTCUSDT,3m,-1,TARGET,2026-01-26T13:39:00.000Z,2026-01-26T14:11:59.999Z,10,0.793312,1.1048,0.2990,79.3312,14.8091,NY,1
scalp_fade_3m_lim,BTCUSDT,3m,-1,STOP,2026-01-26T14:36:00.000Z,2026-01-26T15:11:59.999Z,11,-1.056856,0.6965,1.4282,-105.6856,12.7719,NY,-1
scalp_fade_3m_lim,BTCUSDT,3m,-1,TIME,2026-01-26T16:24:00.000Z,2026-01-26T17:26:59.999Z,20,0.597221,1.2425,0.0454,59.7221,10.3169,NY,-1
scalp_fade_3m_lim,BTCUSDT,3m,-1,STOP,2026-01-26T18:48:00.000Z,2026-01-26T18:59:59.999Z,3,-1.067962,0.0355,0.9856,-106.7962,15.5587,NY,1
scalp_fade_3m_lim,BTCUSDT,3m,-1,STOP,2026-01-27T00:54:00.000Z,2026-01-27T01:32:59.999Z,12,-1.133855,0.7708,0.6838,-113.3855,30.2792,ASIA,1
scalp_fade_3m_lim,BTCUSDT,3m,-1,STOP,2026-01-27T04:03:00.000Z,2026-01-27T04:11:59.999Z,2,-1.134385,0.5150,0.9516,-113.4385,31.0299,ASIA,1
scalp_fade_3m_lim,BTCUSDT,3m,1,TARGET,2026-01-27T13:51:00.000Z,2026-01-27T14:11:59.999Z,6,0.740598,0.9765,0.1116,74.0598,15.9649,NY,-1
scalp_fade_3m_lim,BTCUSDT,3m,1,STOP,2026-01-27T14:36:00.000Z,2026-01-27T14:38:59.999Z,0,-1.073038,0.1302,0.9450,-107.3038,17.1719,NY,1
scalp_fade_3m_lim,BTCUSDT,3m,1,TIME,2026-01-27T14:39:00.000Z,2026-01-27T15:41:59.999Z,20,-0.376002,0.9829,0.5185,-37.6002,14.4641,NY,1
scalp_fade_3m_lim,BTCUSDT,3m,1,TARGET,2026-01-27T18:06:00.000Z,2026-01-27T18:56:59.999Z,16,1.116618,1.3999,0.3785,111.6618,8.0453,NY,-1
scalp_fade_3m_lim,BTCUSDT,3m,-1,STOP,2026-01-27T23:09:00.000Z,2026-01-27T23:29:59.999Z,6,-1.098958,0.1044,0.9273,-109.8958,22.6082,LATE,-1
scalp_fade_3m_lim,BTCUSDT,3m,-1,TIME,2026-01-28T00:51:00.000Z,2026-01-28T01:53:59.999Z,20,-0.475737,0.8181,0.3313,-47.5737,23.8612,ASIA,1
scalp_fade_3m_lim,BTCUSDT,3m,-1,STOP,2026-01-28T11:42:00.000Z,2026-01-28T11:47:59.999Z,1,-1.109620,0.1335,0.8247,-110.9620,25.3261,LONDON,1
scalp_fade_3m_lim,BTCUSDT,3m,-1,STOP,2026-01-28T12:54:00.000Z,2026-01-28T13:11:59.999Z,5,-1.077145,0.0888,1.0439,-107.7145,17.6160,LONDON,1
scalp_fade_3m_lim,BTCUSDT,3m,-1,STOP,2026-01-28T17:42:00.000Z,2026-01-28T17:44:59.999Z,0,-1.076058,0.0000,0.9830,-107.6058,17.5455,NY,1
scalp_fade_3m_lim,BTCUSDT,3m,1,STOP,2026-01-28T23:57:00.000Z,2026-01-29T00:05:59.999Z,2,-1.114301,0.1653,0.8157,-111.4301,26.6466,LATE,-1
scalp_fade_3m_lim,BTCUSDT,3m,1,STOP,2026-01-29T00:51:00.000Z,2026-01-29T01:26:59.999Z,11,-1.088642,0.2118,1.1936,-108.8642,20.3318,ASIA,-1
scalp_fade_3m_lim,BTCUSDT,3m,1,STOP,2026-01-29T01:27:00.000Z,2026-01-29T02:02:59.999Z,11,-1.086158,0.4527,1.1006,-108.6158,19.7676,ASIA,-1
scalp_fade_3m_lim,BTCUSDT,3m,1,TIME,2026-01-29T03:15:00.000Z,2026-01-29T04:17:59.999Z,20,-0.299248,0.2668,0.2849,-29.9248,14.1062,ASIA,-1
scalp_fade_3m_lim,BTCUSDT,3m,1,STOP,2026-01-29T07:18:00.000Z,2026-01-29T08:05:59.999Z,15,-1.146793,0.7840,0.6077,-114.6793,33.2686,LONDON,-1
scalp_fade_3m_lim,BTCUSDT,3m,1,TIME,2026-01-29T08:48:00.000Z,2026-01-29T09:50:59.999Z,20,-0.807229,0.1463,0.5352,-80.7229,18.1481,LONDON,1
scalp_fade_3m_lim,BTCUSDT,3m,1,STOP,2026-01-29T10:12:00.000Z,2026-01-29T10:50:59.999Z,12,-1.128748,0.3935,0.6388,-112.8748,29.3809,LONDON,1
scalp_fade_3m_lim,BTCUSDT,3m,1,STOP,2026-01-29T11:18:00.000Z,2026-01-29T11:29:59.999Z,3,-1.115980,0.2890,0.7264,-111.5980,26.9791,LONDON,1
scalp_fade_3m_lim,BTCUSDT,3m,1,STOP,2026-01-29T14:18:00.000Z,2026-01-29T14:26:59.999Z,2,-1.126854,0.0946,0.7312,-112.6854,29.5505,NY,-1
scalp_fade_3m_lim,BTCUSDT,3m,1,STOP,2026-01-29T14:27:00.000Z,2026-01-29T14:35:59.999Z,2,-1.119718,0.2831,1.3563,-111.9718,27.8998,NY,-1
scalp_fade_3m_lim,BTCUSDT,3m,1,STOP,2026-01-29T14:42:00.000Z,2026-01-29T14:56:59.999Z,4,-1.062747,0.3644,1.0141,-106.2747,14.6595,NY,-1
scalp_fade_3m_lim,BTCUSDT,3m,1,STOP,2026-01-29T17:27:00.000Z,2026-01-29T17:47:59.999Z,6,-1.041675,0.2549,0.8610,-104.1675,9.7644,NY,1
scalp_fade_3m_lim,BTCUSDT,3m,1,STOP,2026-01-30T00:48:00.000Z,2026-01-30T00:53:59.999Z,1,-1.104353,0.1641,1.4494,-110.4353,24.3956,ASIA,-1
scalp_fade_3m_lim,BTCUSDT,3m,1,STOP,2026-01-30T06:00:00.000Z,2026-01-30T06:17:59.999Z,5,-1.085956,0.0304,0.8385,-108.5956,19.9653,ASIA,1
scalp_fade_3m_lim,BTCUSDT,3m,1,STOP,2026-01-30T09:18:00.000Z,2026-01-30T09:26:59.999Z,2,-1.078508,0.2298,1.2192,-107.8508,18.3663,LONDON,1
scalp_fade_3m_lim,BTCUSDT,3m,1,STOP,2026-01-30T12:15:00.000Z,2026-01-30T12:26:59.999Z,3,-1.071714,0.0736,0.8457,-107.1714,16.7598,LONDON,1
scalp_fade_3m_lim,BTCUSDT,3m,1,STOP,2026-01-30T13:12:00.000Z,2026-01-30T13:32:59.999Z,6,-1.070626,0.1727,1.0725,-107.0626,16.4069,NY,-1
scalp_fade_3m_lim,BTCUSDT,3m,-1,TIME,2026-01-30T15:36:00.000Z,2026-01-30T16:38:59.999Z,20,-0.326355,0.7807,0.3529,-32.6355,6.8273,NY,-1
scalp_fade_3m_lim,BTCUSDT,3m,-1,TARGET,2026-01-30T17:21:00.000Z,2026-01-30T18:20:59.999Z,19,1.206716,1.7991,0.8182,120.6716,6.1140,NY,-1
scalp_fade_3m_lim,BTCUSDT,3m,-1,TIME,2026-01-30T20:33:00.000Z,2026-01-30T21:35:59.999Z,20,-0.467966,0.8590,0.7640,-46.7966,9.9219,NY,-1
scalp_fade_3m_lim,BTCUSDT,3m,-1,TIME,2026-01-30T22:51:00.000Z,2026-01-30T23:53:59.999Z,20,-0.879763,0.4697,0.6800,-87.9763,18.5810,LATE,1
scalp_fade_3m_lim,BTCUSDT,3m,-1,TARGET,2026-01-31T04:24:00.000Z,2026-01-31T04:56:59.999Z,10,0.640175,0.8557,0.2715,64.0175,18.0233,ASIA,-1
scalp_fade_3m_lim,BTCUSDT,3m,1,STOP,2026-01-31T12:12:00.000Z,2026-01-31T13:02:59.999Z,16,-1.090640,0.6491,0.7174,-109.0640,20.5767,LONDON,1
scalp_fade_3m_lim,BTCUSDT,3m,1,STOP,2026-01-31T13:33:00.000Z,2026-01-31T14:11:59.999Z,12,-1.085872,0.9493,0.8236,-108.5872,19.6629,NY,-1
scalp_fade_3m_lim,BTCUSDT,3m,1,STOP,2026-01-31T16:09:00.000Z,2026-01-31T16:17:59.999Z,2,-1.053422,0.5375,1.1954,-105.3422,12.5629,NY,1
scalp_fade_3m_lim,BTCUSDT,3m,1,STOP,2026-01-31T16:30:00.000Z,2026-01-31T16:47:59.999Z,5,-1.027082,0.1925,1.0289,-102.7082,6.4295,NY,-1
scalp_fade_3m_lim,BTCUSDT,3m,1,TARGET,2026-01-31T22:45:00.000Z,2026-01-31T23:20:59.999Z,11,1.144447,1.3708,0.2895,114.4447,7.4752,LATE,-1
scalp_fade_3m_lim,BTCUSDT,3m,1,TARGET,2026-02-01T02:03:00.000Z,2026-02-01T02:14:59.999Z,3,1.068615,1.2209,0.1838,106.8615,9.0882,ASIA,-1
scalp_fade_3m_lim,BTCUSDT,3m,1,TARGET,2026-02-01T03:24:00.000Z,2026-02-01T04:17:59.999Z,17,1.044187,1.2382,0.0515,104.4187,9.5576,ASIA,1
scalp_fade_3m_lim,BTCUSDT,3m,1,STOP,2026-02-01T05:18:00.000Z,2026-02-01T05:44:59.999Z,8,-1.080260,0.6368,0.8374,-108.0260,18.5412,ASIA,-1
scalp_fade_3m_lim,BTCUSDT,3m,1,TARGET,2026-02-01T08:27:00.000Z,2026-02-01T08:38:59.999Z,3,1.060222,1.3525,0.1168,106.0222,9.2645,LONDON,-1
scalp_fade_3m_lim,BTCUSDT,3m,1,STOP,2026-02-01T12:03:00.000Z,2026-02-01T12:23:59.999Z,6,-1.084974,0.0599,1.0139,-108.4974,19.6990,LONDON,1
scalp_fade_3m_lim,BTCUSDT,3m,1,TARGET,2026-02-01T12:24:00.000Z,2026-02-01T13:11:59.999Z,15,1.038640,1.1622,0.3671,103.8640,9.6800,LONDON,1
scalp_fade_3m_lim,BTCUSDT,3m,1,STOP,2026-02-01T14:09:00.000Z,2026-02-01T14:20:59.999Z,3,-1.065226,0.0003,0.7849,-106.5226,15.2621,NY,1
scalp_fade_3m_lim,BTCUSDT,3m,1,STOP,2026-02-01T14:45:00.000Z,2026-02-01T15:17:59.999Z,10,-1.035006,0.9786,0.9056,-103.5006,8.1669,NY,-1
scalp_fade_3m_lim,BTCUSDT,3m,1,STOP,2026-02-01T18:48:00.000Z,2026-02-01T19:41:59.999Z,17,-1.057506,0.5307,0.9582,-105.7506,13.1003,NY,1
scalp_fade_3m_lim,BTCUSDT,3m,1,TARGET,2026-02-01T20:27:00.000Z,2026-02-01T20:41:59.999Z,4,1.203167,1.5181,0.8400,120.3167,6.2589,NY,-1
scalp_fade_3m_lim,BTCUSDT,3m,1,STOP,2026-02-01T22:24:00.000Z,2026-02-01T23:08:59.999Z,14,-1.033575,1.1452,1.4389,-103.3575,7.7777,LATE,-1
scalp_fade_3m_lim,BTCUSDT,3m,1,STOP,2026-02-02T02:18:00.000Z,2026-02-02T02:53:59.999Z,11,-1.038381,0.1204,0.9791,-103.8381,8.9168,ASIA,-1
scalp_fade_3m_lim,BTCUSDT,3m,1,TARGET,2026-02-02T06:27:00.000Z,2026-02-02T06:44:59.999Z,5,1.300502,1.8105,0.8231,130.0502,4.2129,ASIA,1
scalp_fade_3m_lim,BTCUSDT,3m,-1,STOP,2026-02-02T11:06:00.000Z,2026-02-02T11:35:59.999Z,9,-1.073618,0.4176,0.8508,-107.3618,16.6643,LONDON,-1
scalp_fade_3m_lim,BTCUSDT,3m,-1,STOP,2026-02-02T12:06:00.000Z,2026-02-02T12:23:59.999Z,5,-1.070965,0.0003,0.9039,-107.0965,16.1885,LONDON,-1
scalp_fade_3m_lim,BTCUSDT,3m,-1,TARGET,2026-02-02T13:57:00.000Z,2026-02-02T14:14:59.999Z,5,1.132277,1.2222,0.6903,113.2277,7.7072,NY,-1
scalp_fade_3m_lim,BTCUSDT,3m,-1,STOP,2026-02-02T14:24:00.000Z,2026-02-02T14:32:59.999Z,2,-1.050842,0.4317,0.9135,-105.0842,11.6118,NY,1
scalp_fade_3m_lim,BTCUSDT,3m,-1,TARGET,2026-02-02T17:21:00.000Z,2026-02-02T18:20:59.999Z,19,1.198059,1.2757,0.0903,119.8059,6.2951,NY,-1
scalp_fade_3m_lim,BTCUSDT,3m,-1,STOP,2026-02-02T21:45:00.000Z,2026-02-02T22:05:59.999Z,6,-1.070776,0.0413,0.9349,-107.0776,16.1116,LATE,1
scalp_fade_3m_lim,BTCUSDT,3m,-1,TIME,2026-02-02T23:00:00.000Z,2026-02-03T00:02:59.999Z,20,0.361978,0.8945,0.6677,36.1978,20.6993,LATE,1
scalp_fade_3m_lim,BTCUSDT,3m,-1,TARGET,2026-02-03T02:24:00.000Z,2026-02-03T02:44:59.999Z,6,1.066697,1.3293,0.0456,106.6697,9.0829,ASIA,1
scalp_fade_3m_lim,BTCUSDT,3m,1,STOP,2026-02-03T11:06:00.000Z,2026-02-03T11:32:59.999Z,8,-1.082821,0.2203,0.7794,-108.2821,19.1264,LONDON,-1
scalp_fade_3m_lim,BTCUSDT,3m,1,STOP,2026-02-03T14:00:00.000Z,2026-02-03T14:20:59.999Z,6,-1.084094,0.4891,0.7805,-108.4094,19.4971,NY,-1
scalp_fade_3m_lim,BTCUSDT,3m,1,STOP,2026-02-03T14:33:00.000Z,2026-02-03T14:38:59.999Z,1,-1.055748,0.3317,0.9562,-105.5748,13.1283,NY,-1
scalp_fade_3m_lim,BTCUSDT,3m,1,STOP,2026-02-03T14:39:00.000Z,2026-02-03T14:56:59.999Z,5,-1.041709,0.6091,0.9116,-104.1709,9.7923,NY,-1
scalp_fade_3m_lim,BTCUSDT,3m,1,STOP,2026-02-03T15:36:00.000Z,2026-02-03T16:26:59.999Z,16,-1.025675,0.5339,1.1927,-102.5675,5.9699,NY,-1
scalp_fade_3m_lim,BTCUSDT,3m,1,STOP,2026-02-03T21:39:00.000Z,2026-02-03T22:08:59.999Z,9,-1.042849,0.3717,0.9049,-104.2849,9.9722,LATE,1
scalp_fade_3m_lim,BTCUSDT,3m,-1,TIME,2026-02-04T06:57:00.000Z,2026-02-04T07:59:59.999Z,20,0.185063,1.1047,0.1145,18.5063,17.8958,ASIA,1
scalp_fade_3m_lim,BTCUSDT,3m,1,STOP,2026-02-04T12:30:00.000Z,2026-02-04T13:23:59.999Z,17,-1.073822,0.6375,1.0148,-107.3822,16.7615,LONDON,1
scalp_fade_3m_lim,BTCUSDT,3m,1,STOP,2026-02-04T14:24:00.000Z,2026-02-04T14:32:59.999Z,2,-1.046234,0.0349,1.1038,-104.6234,10.9002,NY,-1
scalp_fade_3m_lim,BTCUSDT,3m,1,TARGET,2026-02-04T14:33:00.000Z,2026-02-04T14:38:59.999Z,1,1.228112,1.7533,0.3739,122.8112,5.7405,NY,-1
scalp_fade_3m_lim,BTCUSDT,3m,1,STOP,2026-02-04T14:42:00.000Z,2026-02-04T14:59:59.999Z,5,-1.029594,0.5785,1.1648,-102.9594,7.0070,NY,-1
scalp_fade_3m_lim,BTCUSDT,3m,1,STOP,2026-02-04T15:09:00.000Z,2026-02-04T15:38:59.999Z,9,-1.019770,0.4518,0.9503,-101.9770,4.7092,NY,-1
scalp_fade_3m_lim,BTCUSDT,3m,1,TARGET,2026-02-04T19:24:00.000Z,2026-02-04T20:05:59.999Z,13,1.282621,1.5539,0.2145,128.2621,4.5764,NY,1
scalp_fade_3m_lim,BTCUSDT,3m,1,STOP,2026-02-04T21:00:00.000Z,2026-02-04T21:20:59.999Z,6,-1.058638,0.3812,0.8673,-105.8638,13.6563,LATE,-1
scalp_fade_3m_lim,BTCUSDT,3m,1,TARGET,2026-02-04T22:18:00.000Z,2026-02-04T22:29:59.999Z,3,1.291624,1.5380,0.1596,129.1624,4.4022,LATE,-1
scalp_fade_3m_lim,BTCUSDT,3m,1,STOP,2026-02-05T01:18:00.000Z,2026-02-05T01:23:59.999Z,1,-1.042577,0.0880,1.2975,-104.2577,10.0750,ASIA,-1
scalp_fade_3m_lim,BTCUSDT,3m,1,STOP,2026-02-05T01:33:00.000Z,2026-02-05T02:05:59.999Z,10,-1.027698,0.3151,0.9710,-102.7698,6.5039,ASIA,-1
scalp_fade_3m_lim,BTCUSDT,3m,1,TIME,2026-02-05T04:12:00.000Z,2026-02-05T05:14:59.999Z,20,-0.590557,0.3922,0.7542,-59.0557,7.4183,ASIA,-1
scalp_fade_3m_lim,BTCUSDT,3m,1,TARGET,2026-02-05T06:48:00.000Z,2026-02-05T07:02:59.999Z,4,1.234130,1.9478,0.1516,123.4130,5.6085,ASIA,-1
scalp_fade_3m_lim,BTCUSDT,3m,1,TIME,2026-02-05T07:42:00.000Z,2026-02-05T08:44:59.999Z,20,0.278720,1.1043,0.8419,27.8720,10.4911,LONDON,1
scalp_fade_3m_lim,BTCUSDT,3m,1,STOP,2026-02-05T14:54:00.000Z,2026-02-05T15:02:59.999Z,2,-1.023769,0.0942,1.1517,-102.3769,5.7030,NY,1
scalp_fade_3m_lim,BTCUSDT,3m,1,STOP,2026-02-05T17:06:00.000Z,2026-02-05T17:17:59.999Z,3,-1.022587,0.1719,1.1080,-102.2587,5.4183,NY,1
scalp_fade_3m_lim,BTCUSDT,3m,1,STOP,2026-02-05T17:27:00.000Z,2026-02-05T17:56:59.999Z,9,-1.019269,0.1278,1.0680,-101.9269,4.5949,NY,1
scalp_fade_3m_lim,BTCUSDT,3m,1,STOP,2026-02-05T23:36:00.000Z,2026-02-05T23:53:59.999Z,5,-1.022788,0.2743,0.9591,-102.2788,5.4422,LATE,1
scalp_fade_3m_lim,BTCUSDT,3m,-1,STOP,2026-02-06T12:57:00.000Z,2026-02-06T13:05:59.999Z,2,-1.051463,0.2647,0.8330,-105.1463,11.7561,LONDON,-1
scalp_fade_3m_lim,BTCUSDT,3m,-1,STOP,2026-02-06T14:33:00.000Z,2026-02-06T14:35:59.999Z,0,-1.032911,0.0120,0.9795,-103.2911,7.4747,NY,-1
scalp_fade_3m_lim,BTCUSDT,3m,-1,STOP,2026-02-06T20:09:00.000Z,2026-02-06T20:35:59.999Z,8,-1.039588,0.4472,0.9797,-103.9588,8.8858,NY,1
scalp_fade_3m_lim,BTCUSDT,3m,-1,STOP,2026-02-06T21:21:00.000Z,2026-02-06T22:05:59.999Z,14,-1.043329,0.2657,0.8670,-104.3329,9.6269,LATE,-1
scalp_fade_3m_lim,BTCUSDT,3m,-1,STOP,2026-02-06T22:06:00.000Z,2026-02-06T22:32:59.999Z,8,-1.052593,0.6875,0.9078,-105.2593,11.8715,LATE,-1
scalp_fade_3m_lim,BTCUSDT,3m,-1,STOP,2026-02-07T03:03:00.000Z,2026-02-07T03:11:59.999Z,2,-1.063532,0.3366,1.0579,-106.3532,14.5612,ASIA,-1
scalp_fade_3m_lim,BTCUSDT,3m,-1,STOP,2026-02-07T03:12:00.000Z,2026-02-07T04:02:59.999Z,16,-1.055586,0.3749,0.8663,-105.5586,12.3568,ASIA,-1
scalp_fade_3m_lim,BTCUSDT,3m,1,STOP,2026-02-07T10:06:00.000Z,2026-02-07T10:38:59.999Z,10,-1.050520,0.0002,1.0057,-105.0520,11.6976,LONDON,-1
scalp_fade_3m_lim,BTCUSDT,3m,1,TIME,2026-02-07T12:54:00.000Z,2026-02-07T13:56:59.999Z,20,0.061824,0.7073,0.1227,6.1824,7.0223,LONDON,-1
scalp_fade_3m_lim,BTCUSDT,3m,1,TARGET,2026-02-07T14:39:00.000Z,2026-02-07T15:05:59.999Z,8,1.184761,1.2618,0.6906,118.4761,6.6368,NY,1
scalp_fade_3m_lim,BTCUSDT,3m,-1,TARGET,2026-02-07T16:06:00.000Z,2026-02-07T17:08:59.999Z,20,1.301049,1.4111,0.3971,130.1049,4.1385,NY,1
scalp_fade_3m_lim,BTCUSDT,3m,-1,TIME,2026-02-07T19:48:00.000Z,2026-02-07T20:50:59.999Z,20,-0.848932,0.6428,0.6972,-84.8932,17.1733,NY,-1
scalp_fade_3m_lim,BTCUSDT,3m,-1,TARGET,2026-02-07T22:15:00.000Z,2026-02-07T23:05:59.999Z,16,1.024184,1.7167,0.0806,102.4184,9.9437,LATE,1
scalp_fade_3m_lim,BTCUSDT,3m,-1,STOP,2026-02-08T02:03:00.000Z,2026-02-08T02:20:59.999Z,5,-1.067968,0.1637,0.8448,-106.7968,15.4960,ASIA,1
scalp_fade_3m_lim,BTCUSDT,3m,-1,TARGET,2026-02-08T03:24:00.000Z,2026-02-08T04:14:59.999Z,16,1.010382,1.1539,0.2385,101.0382,10.2328,ASIA,1
scalp_fade_3m_lim,BTCUSDT,3m,1,STOP,2026-02-08T05:24:00.000Z,2026-02-08T06:05:59.999Z,13,-1.089802,0.1090,0.7525,-108.9802,20.5119,ASIA,1
scalp_fade_3m_lim,BTCUSDT,3m,-1,STOP,2026-02-08T07:12:00.000Z,2026-02-08T07:17:59.999Z,1,-1.100230,0.0014,0.7833,-110.0230,23.1390,LONDON,1
scalp_fade_3m_lim,BTCUSDT,3m,-1,STOP,2026-02-08T07:21:00.000Z,2026-02-08T07:35:59.999Z,4,-1.084558,0.2249,0.8821,-108.4558,19.3683,LONDON,-1
scalp_fade_3m_lim,BTCUSDT,3m,-1,STOP,2026-02-08T08:12:00.000Z,2026-02-08T08:23:59.999Z,3,-1.070175,0.5005,1.6831,-107.0175,16.0722,LONDON,1
scalp_fade_3m_lim,BTCUSDT,3m,-1,TIME,2026-02-08T10:03:00.000Z,2026-02-08T11:05:59.999Z,20,-0.705022,1.1576,0.5223,-70.5022,12.5830,LONDON,-1
scalp_fade_3m_lim,BTCUSDT,3m,-1,STOP,2026-02-08T12:48:00.000Z,2026-02-08T13:20:59.999Z,10,-1.049677,0.1420,0.9276,-104.9677,11.1564,LONDON,-1
scalp_fade_3m_lim,BTCUSDT,3m,-1,TARGET,2026-02-08T15:03:00.000Z,2026-02-08T15:26:59.999Z,7,1.074384,1.6329,0.2159,107.4384,8.9184,NY,-1
scalp_fade_3m_lim,BTCUSDT,3m,-1,TARGET,2026-02-08T21:15:00.000Z,2026-02-08T21:38:59.999Z,7,1.004313,1.3670,0.4798,100.4313,10.3906,LATE,-1
scalp_fade_3m_lim,BTCUSDT,3m,1,STOP,2026-02-09T01:39:00.000Z,2026-02-09T01:44:59.999Z,1,-1.045423,0.0265,0.9762,-104.5423,10.7347,ASIA,1
scalp_fade_3m_lim,BTCUSDT,3m,1,TIME,2026-02-09T01:54:00.000Z,2026-02-09T02:56:59.999Z,20,0.377382,1.2145,0.3547,37.7382,9.6280,ASIA,1
scalp_fade_3m_lim,BTCUSDT,3m,1,STOP,2026-02-09T07:33:00.000Z,2026-02-09T07:44:59.999Z,3,-1.061465,0.2407,0.8794,-106.1465,14.3937,LONDON,1
scalp_fade_3m_lim,BTCUSDT,3m,1,STOP,2026-02-09T10:12:00.000Z,2026-02-09T10:17:59.999Z,1,-1.052469,0.0912,1.3983,-105.2469,12.3680,LONDON,-1
scalp_fade_3m_lim,BTCUSDT,3m,1,STOP,2026-02-09T13:03:00.000Z,2026-02-09T13:53:59.999Z,16,-1.068970,0.9560,0.7854,-106.8970,15.7044,NY,1
scalp_fade_3m_lim,BTCUSDT,3m,1,TARGET,2026-02-09T14:36:00.000Z,2026-02-09T14:41:59.999Z,1,1.277311,1.7475,0.3097,127.7311,4.7060,NY,-1
scalp_fade_3m_lim,BTCUSDT,3m,-1,TIME,2026-02-09T20:03:00.000Z,2026-02-09T21:05:59.999Z,20,0.411987,0.8351,0.6684,41.1987,11.7085,NY,1
scalp_fade_3m_lim,BTCUSDT,3m,-1,TARGET,2026-02-09T23:06:00.000Z,2026-02-09T23:53:59.999Z,15,1.071126,1.5007,0.0949,107.1126,8.9633,LATE,1
scalp_fade_3m_lim,BTCUSDT,3m,1,STOP,2026-02-10T05:18:00.000Z,2026-02-10T05:44:59.999Z,8,-1.072159,0.2689,1.2414,-107.2159,16.6902,ASIA,1
scalp_fade_3m_lim,BTCUSDT,3m,1,STOP,2026-02-10T06:09:00.000Z,2026-02-10T06:23:59.999Z,4,-1.063038,0.0724,0.9883,-106.3038,14.7264,ASIA,-1
scalp_fade_3m_lim,BTCUSDT,3m,1,TARGET,2026-02-10T08:15:00.000Z,2026-02-10T08:50:59.999Z,11,1.033187,1.2081,0.3996,103.3187,9.8069,LONDON,-1
scalp_fade_3m_lim,BTCUSDT,3m,1,STOP,2026-02-10T11:24:00.000Z,2026-02-10T11:44:59.999Z,6,-1.090953,0.6172,2.1699,-109.0953,21.0709,LONDON,1
scalp_fade_3m_lim,BTCUSDT,3m,1,STOP,2026-02-10T14:39:00.000Z,2026-02-10T14:41:59.999Z,0,-1.034575,0.3081,0.8909,-103.4575,8.2372,NY,-1
scalp_fade_3m_lim,BTCUSDT,3m,1,STOP,2026-02-10T19:57:00.000Z,2026-02-10T20:14:59.999Z,5,-1.059364,0.2298,0.9691,-105.9364,13.8515,NY,1
scalp_fade_3m_lim,BTCUSDT,3m,1,TARGET,2026-02-10T23:21:00.000Z,2026-02-11T00:11:59.999Z,16,1.052423,1.2420,0.2199,105.2423,9.3884,LATE,-1
scalp_fade_3m_lim,BTCUSDT,3m,1,TIME,2026-02-11T08:09:00.000Z,2026-02-11T09:11:59.999Z,20,-0.280200,0.5363,0.4500,-28.0200,13.9791,LONDON,1
scalp_fade_3m_lim,BTCUSDT,3m,1,STOP,2026-02-11T10:03:00.000Z,2026-02-11T10:35:59.999Z,10,-1.076797,0.5415,0.7691,-107.6797,17.6775,LONDON,-1
scalp_fade_3m_lim,BTCUSDT,3m,1,TARGET,2026-02-11T10:54:00.000Z,2026-02-11T11:20:59.999Z,8,1.164191,1.4444,0.2259,116.4191,7.0683,LONDON,-1
scalp_fade_3m_lim,BTCUSDT,3m,1,TARGET,2026-02-11T12:42:00.000Z,2026-02-11T13:32:59.999Z,16,1.100464,1.2248,0.7747,110.0464,8.3833,LONDON,1
scalp_fade_3m_lim,BTCUSDT,3m,1,TARGET,2026-02-11T13:54:00.000Z,2026-02-11T14:05:59.999Z,3,1.242524,1.7220,0.0533,124.2524,5.4339,NY,1
scalp_fade_3m_lim,BTCUSDT,3m,-1,TARGET,2026-02-12T04:03:00.000Z,2026-02-12T04:20:59.999Z,5,0.949151,1.1198,0.6122,94.9151,11.5571,ASIA,-1
scalp_fade_3m_lim,BTCUSDT,3m,1,TIME,2026-02-12T07:03:00.000Z,2026-02-12T08:05:59.999Z,20,-0.081904,1.0657,0.4187,-8.1904,17.6695,LONDON,1
scalp_fade_3m_lim,BTCUSDT,3m,1,STOP,2026-02-12T08:06:00.000Z,2026-02-12T08:29:59.999Z,7,-1.081386,0.9405,0.8846,-108.1386,18.8370,LONDON,-1
scalp_fade_3m_lim,BTCUSDT,3m,-1,STOP,2026-02-12T11:12:00.000Z,2026-02-12T11:29:59.999Z,5,-1.058213,0.0253,1.1940,-105.8213,13.2427,LONDON,1
scalp_fade_3m_lim,BTCUSDT,3m,-1,TARGET,2026-02-12T13:18:00.000Z,2026-02-12T13:29:59.999Z,3,1.073749,1.2077,0.1114,107.3749,8.9435,NY,-1
scalp_fade_3m_lim,BTCUSDT,3m,-1,TARGET,2026-02-12T14:33:00.000Z,2026-02-12T14:44:59.999Z,3,1.186080,1.5758,0.0683,118.6080,6.5804,NY,-1
scalp_fade_3m_lim,BTCUSDT,3m,1,STOP,2026-02-12T20:12:00.000Z,2026-02-12T20:53:59.999Z,13,-1.045506,0.3790,1.0203,-104.5506,10.4922,NY,-1
scalp_fade_3m_lim,BTCUSDT,3m,1,TIME,2026-02-12T21:24:00.000Z,2026-02-12T22:26:59.999Z,20,0.480459,1.0981,0.1516,48.0459,13.3453,LATE,-1
scalp_fade_3m_lim,BTCUSDT,3m,1,STOP,2026-02-13T07:36:00.000Z,2026-02-13T07:44:59.999Z,2,-1.078051,0.0000,0.7877,-107.8051,18.2605,LONDON,1
scalp_fade_3m_lim,BTCUSDT,3m,-1,STOP,2026-02-13T13:00:00.000Z,2026-02-13T13:26:59.999Z,8,-1.082716,0.5874,1.2151,-108.2716,18.7869,NY,1
scalp_fade_3m_lim,BTCUSDT,3m,-1,TARGET,2026-02-13T14:33:00.000Z,2026-02-13T14:41:59.999Z,2,1.140086,1.5827,0.4613,114.0086,7.5505,NY,1
scalp_fade_3m_lim,BTCUSDT,3m,-1,STOP,2026-02-13T14:45:00.000Z,2026-02-13T14:50:59.999Z,1,-1.032981,0.0020,1.0871,-103.2981,7.4755,NY,1
scalp_fade_3m_lim,BTCUSDT,3m,-1,STOP,2026-02-13T15:48:00.000Z,2026-02-13T16:11:59.999Z,7,-1.030560,0.1963,0.9291,-103.0560,6.8272,NY,1
scalp_fade_3m_lim,BTCUSDT,3m,-1,TIME,2026-02-13T18:36:00.000Z,2026-02-13T19:38:59.999Z,20,0.037720,0.5986,0.7325,3.7720,14.2320,NY,1
scalp_fade_3m_lim,BTCUSDT,3m,-1,TIME,2026-02-13T21:03:00.000Z,2026-02-13T22:05:59.999Z,20,-0.458573,0.1922,0.7424,-45.8573,15.5786,LATE,-1
scalp_fade_3m_lim,BTCUSDT,3m,-1,TIME,2026-02-13T22:06:00.000Z,2026-02-13T23:08:59.999Z,20,-0.453438,0.8279,0.4396,-45.3438,19.6749,LATE,-1
scalp_fade_3m_lim,BTCUSDT,3m,-1,STOP,2026-02-14T00:30:00.000Z,2026-02-14T00:47:59.999Z,5,-1.101157,0.0959,0.7572,-110.1157,23.1626,ASIA,-1
scalp_fade_3m_lim,BTCUSDT,3m,-1,TIME,2026-02-14T01:18:00.000Z,2026-02-14T02:20:59.999Z,20,-0.123544,0.3620,0.4662,-12.3544,20.2003,ASIA,1
scalp_fade_3m_lim,BTCUSDT,3m,-1,STOP,2026-02-14T03:30:00.000Z,2026-02-14T03:56:59.999Z,8,-1.136274,0.2330,0.5702,-113.6274,31.0824,ASIA,-1
scalp_fade_3m_lim,BTCUSDT,3m,-1,STOP,2026-02-14T06:18:00.000Z,2026-02-14T06:53:59.999Z,11,-1.131007,0.1447,0.6169,-113.1007,29.6911,ASIA,-1
scalp_fade_3m_lim,BTCUSDT,3m,-1,STOP,2026-02-14T15:18:00.000Z,2026-02-14T15:26:59.999Z,2,-1.073113,0.1369,1.0138,-107.3113,16.7882,NY,1
scalp_fade_3m_lim,BTCUSDT,3m,-1,TIME,2026-02-14T16:54:00.000Z,2026-02-14T17:56:59.999Z,20,-0.189169,0.4861,0.4718,-18.9169,14.5522,NY,-1
scalp_fade_3m_lim,BTCUSDT,3m,-1,TIME,2026-02-14T18:06:00.000Z,2026-02-14T19:08:59.999Z,20,-0.553712,0.3890,0.4164,-55.3712,21.6180,NY,-1
scalp_fade_3m_lim,BTCUSDT,3m,-1,STOP,2026-02-14T20:00:00.000Z,2026-02-14T20:47:59.999Z,15,-1.106975,0.8187,0.7353,-110.6975,24.0123,NY,1
scalp_fade_3m_lim,BTCUSDT,3m,-1,TARGET,2026-02-14T21:24:00.000Z,2026-02-14T21:35:59.999Z,3,0.960135,1.2022,0.0340,96.0135,11.3337,LATE,-1
scalp_fade_3m_lim,BTCUSDT,3m,-1,TIME,2026-02-14T22:12:00.000Z,2026-02-14T23:14:59.999Z,20,-0.436503,0.8348,0.5680,-43.6503,20.9474,LATE,-1
scalp_fade_3m_lim,BTCUSDT,3m,-1,TARGET,2026-02-14T23:18:00.000Z,2026-02-14T23:23:59.999Z,1,0.924562,1.2808,0.0355,92.4562,12.0900,LATE,1
scalp_fade_3m_lim,BTCUSDT,3m,1,TIME,2026-02-15T01:45:00.000Z,2026-02-15T02:47:59.999Z,20,0.109529,1.0359,0.1486,10.9529,14.3577,ASIA,-1
scalp_fade_3m_lim,BTCUSDT,3m,1,TARGET,2026-02-15T03:36:00.000Z,2026-02-15T03:47:59.999Z,3,0.967658,2.6591,0.3826,96.7658,11.2095,ASIA,1
scalp_fade_3m_lim,BTCUSDT,3m,-1,TIME,2026-02-15T05:18:00.000Z,2026-02-15T06:20:59.999Z,20,0.106364,0.8634,0.0661,10.6364,15.4360,ASIA,-1
scalp_fade_3m_lim,BTCUSDT,3m,-1,STOP,2026-02-15T06:24:00.000Z,2026-02-15T06:26:59.999Z,0,-1.096701,0.1165,0.8451,-109.6701,22.3635,ASIA,1
scalp_fade_3m_lim,BTCUSDT,3m,-1,TIME,2026-02-15T10:24:00.000Z,2026-02-15T11:26:59.999Z,20,-0.161602,0.4714,0.5501,-16.1602,19.2855,LONDON,-1
scalp_fade_3m_lim,BTCUSDT,3m,1,STOP,2026-02-15T16:06:00.000Z,2026-02-15T16:08:59.999Z,0,-1.082160,0.1915,0.7800,-108.2160,19.2910,NY,1
scalp_fade_3m_lim,BTCUSDT,3m,1,TIME,2026-02-15T16:21:00.000Z,2026-02-15T17:23:59.999Z,20,-0.443037,0.4137,0.4202,-44.3037,17.2620,NY,-1
scalp_fade_3m_lim,BTCUSDT,3m,1,STOP,2026-02-15T18:48:00.000Z,2026-02-15T19:05:59.999Z,5,-1.053754,0.1811,0.8891,-105.3754,12.5617,NY,-1
scalp_fade_3m_lim,BTCUSDT,3m,1,STOP,2026-02-15T23:03:00.000Z,2026-02-15T23:08:59.999Z,1,-1.065040,0.1356,1.1026,-106.5040,15.2822,LATE,-1
scalp_fade_3m_lim,BTCUSDT,3m,1,TIME,2026-02-15T23:33:00.000Z,2026-02-16T00:35:59.999Z,20,0.554632,1.1555,0.3999,55.4632,14.3114,LATE,-1
scalp_fade_3m_lim,BTCUSDT,3m,1,STOP,2026-02-16T05:06:00.000Z,2026-02-16T05:14:59.999Z,2,-1.097212,0.0667,1.0145,-109.7212,22.6932,ASIA,1
scalp_fade_3m_lim,BTCUSDT,3m,1,TARGET,2026-02-16T07:42:00.000Z,2026-02-16T08:23:59.999Z,13,0.953003,1.1395,0.0410,95.3003,11.4799,LONDON,-1
scalp_fade_3m_lim,BTCUSDT,3m,1,TIME,2026-02-16T18:48:00.000Z,2026-02-16T19:50:59.999Z,20,-0.212348,0.7978,0.5570,-21.2348,19.9092,NY,1
scalp_fade_3m_lim,BTCUSDT,3m,-1,STOP,2026-02-16T23:48:00.000Z,2026-02-17T00:50:59.999Z,20,-1.086291,0.5356,0.9150,-108.6291,19.1381,LATE,-1
scalp_fade_3m_lim,BTCUSDT,3m,-1,TIME,2026-02-17T02:12:00.000Z,2026-02-17T03:14:59.999Z,20,0.470858,0.9553,0.7312,47.0858,13.1298,ASIA,-1
scalp_fade_3m_lim,BTCUSDT,3m,1,STOP,2026-02-17T08:18:00.000Z,2026-02-17T09:11:59.999Z,17,-1.091554,0.2950,0.9862,-109.1554,20.7402,LONDON,-1
scalp_fade_3m_lim,BTCUSDT,3m,1,TIME,2026-02-17T10:18:00.000Z,2026-02-17T11:20:59.999Z,20,-0.281444,0.3078,0.7258,-28.1444,17.3347,LONDON,1
scalp_fade_3m_lim,BTCUSDT,3m,1,STOP,2026-02-17T14:33:00.000Z,2026-02-17T14:38:59.999Z,1,-1.058175,0.5947,1.2715,-105.8175,13.6908,NY,1
scalp_fade_3m_lim,BTCUSDT,3m,1,STOP,2026-02-17T14:39:00.000Z,2026-02-17T14:44:59.999Z,1,-1.041050,0.2929,1.1267,-104.1050,9.7210,NY,1
scalp_fade_3m_lim,BTCUSDT,3m,1,TIME,2026-02-17T17:12:00.000Z,2026-02-17T18:14:59.999Z,20,0.129337,0.6063,0.6329,12.9337,8.8927,NY,-1
scalp_fade_3m_lim,BTCUSDT,3m,1,TIME,2026-02-17T21:03:00.000Z,2026-02-17T22:05:59.999Z,20,-0.513862,0.8437,0.5523,-51.3862,16.6108,LATE,1
scalp_fade_3m_lim,BTCUSDT,3m,1,TIME,2026-02-17T23:42:00.000Z,2026-02-18T00:44:59.999Z,20,-0.589901,0.5104,0.2856,-58.9901,20.3589,LATE,1
scalp_fade_3m_lim,BTCUSDT,3m,1,TIME,2026-02-18T01:45:00.000Z,2026-02-18T02:47:59.999Z,20,0.093827,0.8715,0.3632,9.3827,15.6864,ASIA,-1
scalp_fade_3m_lim,BTCUSDT,3m,1,TIME,2026-02-18T12:33:00.000Z,2026-02-18T13:35:59.999Z,20,-0.508508,0.5285,0.3736,-50.8508,16.3701,LONDON,1
scalp_fade_3m_lim,BTCUSDT,3m,1,STOP,2026-02-18T14:33:00.000Z,2026-02-18T14:50:59.999Z,5,-1.060094,0.3554,1.5077,-106.0094,14.0193,NY,-1
scalp_fade_3m_lim,BTCUSDT,3m,1,TIME,2026-02-18T17:15:00.000Z,2026-02-18T18:17:59.999Z,20,-0.025791,0.4082,0.0675,-2.5791,12.0936,NY,-1
scalp_fade_3m_lim,BTCUSDT,3m,1,STOP,2026-02-18T18:21:00.000Z,2026-02-18T18:44:59.999Z,7,-1.064351,0.3386,1.6940,-106.4351,14.9365,NY,1
scalp_fade_3m_lim,BTCUSDT,3m,1,TIME,2026-02-18T20:54:00.000Z,2026-02-18T21:56:59.999Z,20,-0.172546,0.5512,0.7729,-17.2546,12.9648,NY,1
scalp_fade_3m_lim,BTCUSDT,3m,1,TIME,2026-02-18T23:03:00.000Z,2026-02-19T00:05:59.999Z,20,-0.009588,0.6447,0.4786,-0.9588,22.4377,LATE,1
scalp_fade_3m_lim,BTCUSDT,3m,-1,STOP,2026-02-19T03:00:00.000Z,2026-02-19T03:59:59.999Z,19,-1.095784,0.5034,0.7921,-109.5784,21.3075,ASIA,1
scalp_fade_3m_lim,BTCUSDT,3m,-1,STOP,2026-02-19T07:15:00.000Z,2026-02-19T07:38:59.999Z,7,-1.097233,0.0000,0.8834,-109.7233,22.1649,LONDON,-1
scalp_fade_3m_lim,BTCUSDT,3m,-1,TARGET,2026-02-19T07:57:00.000Z,2026-02-19T08:23:59.999Z,8,0.888803,1.1417,0.1209,88.8803,12.8132,LONDON,1
scalp_fade_3m_lim,BTCUSDT,3m,1,STOP,2026-02-19T12:39:00.000Z,2026-02-19T13:05:59.999Z,8,-1.076968,0.5141,1.0542,-107.6968,17.7890,LONDON,-1
scalp_fade_3m_lim,BTCUSDT,3m,1,STOP,2026-02-19T14:15:00.000Z,2026-02-19T14:35:59.999Z,6,-1.064251,0.0886,1.2641,-106.4251,14.9442,NY,-1
scalp_fade_3m_lim,BTCUSDT,3m,1,TIME,2026-02-19T15:15:00.000Z,2026-02-19T16:17:59.999Z,20,0.143290,0.9525,0.3368,14.3290,8.4286,NY,-1
scalp_fade_3m_lim,BTCUSDT,3m,1,TARGET,2026-02-19T16:54:00.000Z,2026-02-19T17:17:59.999Z,7,1.166098,1.5484,0.1691,116.6098,7.0306,NY,1
scalp_fade_3m_lim,BTCUSDT,3m,-1,TIME,2026-02-19T19:51:00.000Z,2026-02-19T20:53:59.999Z,20,-0.512350,0.6435,0.3480,-51.2350,12.8156,NY,-1
scalp_fade_3m_lim,BTCUSDT,3m,-1,STOP,2026-02-19T22:45:00.000Z,2026-02-19T22:59:59.999Z,4,-1.092278,0.3958,0.7141,-109.2278,21.1552,LATE,-1
scalp_fade_3m_lim,BTCUSDT,3m,-1,STOP,2026-02-19T23:51:00.000Z,2026-02-20T00:14:59.999Z,7,-1.104020,0.2962,1.2166,-110.4020,23.7262,LATE,1
scalp_fade_3m_lim,BTCUSDT,3m,-1,STOP,2026-02-20T02:42:00.000Z,2026-02-20T03:23:59.999Z,13,-1.119605,0.3312,0.6539,-111.9605,26.9795,ASIA,-1
scalp_fade_3m_lim,BTCUSDT,3m,-1,STOP,2026-02-20T05:24:00.000Z,2026-02-20T05:26:59.999Z,0,-1.128609,0.0006,0.7216,-112.8609,29.8109,ASIA,-1
scalp_fade_3m_lim,BTCUSDT,3m,-1,TARGET,2026-02-20T10:27:00.000Z,2026-02-20T10:56:59.999Z,9,0.922834,1.9425,0.3808,92.2834,12.0945,LONDON,-1
scalp_fade_3m_lim,BTCUSDT,3m,1,STOP,2026-02-20T13:03:00.000Z,2026-02-20T13:26:59.999Z,7,-1.068564,0.2666,0.8157,-106.8564,15.9012,NY,-1
scalp_fade_3m_lim,BTCUSDT,3m,1,TIME,2026-02-20T16:30:00.000Z,2026-02-20T17:32:59.999Z,20,-0.689156,1.0626,0.5940,-68.9156,8.3337,NY,1
scalp_fade_3m_lim,BTCUSDT,3m,1,TARGET,2026-02-20T17:48:00.000Z,2026-02-20T17:53:59.999Z,1,1.191108,1.2960,0.1209,119.1108,6.5186,NY,-1
scalp_fade_3m_lim,BTCUSDT,3m,-1,TIME,2026-02-20T19:06:00.000Z,2026-02-20T20:08:59.999Z,20,-0.315344,0.5160,0.1950,-31.5344,10.7500,NY,1
scalp_fade_3m_lim,BTCUSDT,3m,-1,TIME,2026-02-20T20:57:00.000Z,2026-02-20T21:59:59.999Z,20,-0.788105,0.4852,0.4943,-78.8105,21.4803,NY,-1
scalp_fade_3m_lim,BTCUSDT,3m,-1,STOP,2026-02-20T22:24:00.000Z,2026-02-20T22:26:59.999Z,0,-1.090222,0.0004,0.8726,-109.0222,20.8513,LATE,-1
scalp_fade_3m_lim,BTCUSDT,3m,-1,TIME,2026-02-20T23:36:00.000Z,2026-02-21T00:38:59.999Z,20,0.123478,0.6540,0.1577,12.3478,20.4346,LATE,1
scalp_fade_3m_lim,BTCUSDT,3m,-1,TIME,2026-02-21T07:09:00.000Z,2026-02-21T08:11:59.999Z,20,-1.120145,0.1523,0.4820,-112.0145,34.9621,LONDON,-1
scalp_fade_3m_lim,BTCUSDT,3m,-1,STOP,2026-02-21T09:18:00.000Z,2026-02-21T09:23:59.999Z,1,-1.115254,0.1936,0.7581,-111.5254,26.6384,LONDON,1
scalp_fade_3m_lim,BTCUSDT,3m,-1,TARGET,2026-02-21T11:18:00.000Z,2026-02-21T11:32:59.999Z,4,0.664788,0.9052,0.2110,66.4788,17.5413,LONDON,-1
scalp_fade_3m_lim,BTCUSDT,3m,-1,STOP,2026-02-21T12:48:00.000Z,2026-02-21T12:53:59.999Z,1,-1.140626,0.0007,0.8559,-114.0626,32.5481,LONDON,-1
scalp_fade_3m_lim,BTCUSDT,3m,-1,STOP,2026-02-21T14:21:00.000Z,2026-02-21T14:23:59.999Z,0,-1.091959,0.2112,0.9716,-109.1959,21.2566,NY,1
scalp_fade_3m_lim,BTCUSDT,3m,-1,STOP,2026-02-21T15:33:00.000Z,2026-02-21T15:44:59.999Z,3,-1.107530,0.1298,1.1402,-110.7530,24.7366,NY,-1
scalp_fade_3m_lim,BTCUSDT,3m,-1,TARGET,2026-02-21T20:18:00.000Z,2026-02-21T20:41:59.999Z,7,0.745331,1.4226,0.2677,74.5331,15.8318,NY,1
scalp_fade_3m_lim,BTCUSDT,3m,1,STOP,2026-02-22T02:36:00.000Z,2026-02-22T02:59:59.999Z,7,-1.114772,0.0056,0.9889,-111.4772,26.4816,ASIA,1
scalp_fade_3m_lim,BTCUSDT,3m,1,STOP,2026-02-22T03:18:00.000Z,2026-02-22T03:20:59.999Z,0,-1.112811,0.0006,0.8367,-111.2811,26.4112,ASIA,-1
scalp_fade_3m_lim,BTCUSDT,3m,1,STOP,2026-02-22T07:54:00.000Z,2026-02-22T08:26:59.999Z,10,-1.159502,0.1612,0.7778,-115.9502,36.4995,LONDON,-1
scalp_fade_3m_lim,BTCUSDT,3m,1,TARGET,2026-02-22T10:18:00.000Z,2026-02-22T10:23:59.999Z,1,0.365587,0.8571,0.1246,36.5587,23.8762,LONDON,1
scalp_fade_3m_lim,BTCUSDT,3m,1,STOP,2026-02-22T13:06:00.000Z,2026-02-22T13:32:59.999Z,8,-1.120101,0.4034,0.6689,-112.0101,27.6453,NY,-1
scalp_fade_3m_lim,BTCUSDT,3m,1,STOP,2026-02-22T14:39:00.000Z,2026-02-22T14:44:59.999Z,1,-1.092945,0.0005,1.1178,-109.2945,21.7512,NY,1
scalp_fade_3m_lim,BTCUSDT,3m,1,TARGET,2026-02-22T22:12:00.000Z,2026-02-22T22:23:59.999Z,3,0.528885,1.2642,0.3682,52.8885,20.4293,LATE,1
scalp_fade_3m_lim,BTCUSDT,3m,1,STOP,2026-02-22T23:27:00.000Z,2026-02-23T00:26:59.999Z,19,-1.094137,0.7805,0.7395,-109.4137,21.2346,LATE,1
scalp_fade_3m_lim,BTCUSDT,3m,1,TIME,2026-02-23T03:33:00.000Z,2026-02-23T04:35:59.999Z,20,-0.366256,0.7865,0.2789,-36.6256,15.1668,ASIA,1
scalp_fade_3m_lim,BTCUSDT,3m,-1,TARGET,2026-02-23T13:45:00.000Z,2026-02-23T14:35:59.999Z,16,1.077757,1.4591,0.0810,107.7757,8.8214,NY,1
scalp_fade_3m_lim,BTCUSDT,3m,1,TARGET,2026-02-24T00:03:00.000Z,2026-02-24T00:17:59.999Z,4,0.978051,1.1622,0.0890,97.8051,10.9876,ASIA,1
scalp_fade_3m_lim,BTCUSDT,3m,1,STOP,2026-02-24T01:03:00.000Z,2026-02-24T01:11:59.999Z,2,-1.081129,0.0931,0.9960,-108.1129,18.9726,ASIA,1
scalp_fade_3m_lim,BTCUSDT,3m,1,TIME,2026-02-24T06:54:00.000Z,2026-02-24T07:56:59.999Z,20,-0.019174,1.0315,0.4923,-1.9174,15.0271,ASIA,1
scalp_fade_3m_lim,BTCUSDT,3m,1,TARGET,2026-02-24T08:06:00.000Z,2026-02-24T08:59:59.999Z,17,1.073035,1.1794,0.1808,107.3035,8.9543,LONDON,-1
scalp_fade_3m_lim,BTCUSDT,3m,1,TIME,2026-02-24T09:42:00.000Z,2026-02-24T10:44:59.999Z,20,-0.084411,0.5424,0.3367,-8.4411,14.9072,LONDON,-1
scalp_fade_3m_lim,BTCUSDT,3m,1,STOP,2026-02-24T11:15:00.000Z,2026-02-24T11:35:59.999Z,6,-1.101268,0.2427,0.7413,-110.1268,23.4376,LONDON,1
scalp_fade_3m_lim,BTCUSDT,3m,1,STOP,2026-02-24T12:03:00.000Z,2026-02-24T12:50:59.999Z,15,-1.095358,1.0243,0.6929,-109.5358,21.6810,LONDON,-1
scalp_fade_3m_lim,BTCUSDT,3m,1,TARGET,2026-02-24T14:33:00.000Z,2026-02-24T14:41:59.999Z,2,1.146131,1.5966,0.3578,114.6131,7.4618,NY,1
scalp_fade_3m_lim,BTCUSDT,3m,-1,STOP,2026-02-24T18:21:00.000Z,2026-02-24T19:02:59.999Z,13,-1.052545,0.0863,0.8732,-105.2545,11.7406,NY,-1
scalp_fade_3m_lim,BTCUSDT,3m,-1,TARGET,2026-02-24T20:33:00.000Z,2026-02-24T21:02:59.999Z,9,1.003075,1.3020,0.2395,100.3075,10.4098,NY,1
scalp_fade_3m_lim,BTCUSDT,3m,-1,TIME,2026-02-24T22:03:00.000Z,2026-02-24T23:05:59.999Z,20,0.672968,1.0505,0.3738,67.2968,18.0324,LATE,1
scalp_fade_3m_lim,BTCUSDT,3m,-1,TIME,2026-02-24T23:15:00.000Z,2026-02-25T00:17:59.999Z,20,0.096664,0.6117,0.6373,9.6664,16.3980,LATE,-1
scalp_fade_3m_lim,BTCUSDT,3m,-1,STOP,2026-02-25T01:03:00.000Z,2026-02-25T01:08:59.999Z,1,-1.080437,0.0177,0.7646,-108.0437,18.5289,ASIA,1
scalp_fade_3m_lim,BTCUSDT,3m,-1,TIME,2026-02-25T04:12:00.000Z,2026-02-25T05:14:59.999Z,20,0.233886,0.5644,0.4010,23.3886,12.2771,ASIA,-1
scalp_fade_3m_lim,BTCUSDT,3m,-1,STOP,2026-02-25T07:12:00.000Z,2026-02-25T07:17:59.999Z,1,-1.084844,0.0004,0.8590,-108.4844,19.5553,LONDON,-1
scalp_fade_3m_lim,BTCUSDT,3m,-1,TARGET,2026-02-25T10:48:00.000Z,2026-02-25T11:05:59.999Z,5,0.883539,1.3643,0.1470,88.3539,12.9365,LONDON,-1
scalp_fade_3m_lim,BTCUSDT,3m,-1,STOP,2026-02-25T11:39:00.000Z,2026-02-25T12:17:59.999Z,12,-1.097227,0.5534,0.8294,-109.7227,21.9389,LONDON,1
scalp_fade_3m_lim,BTCUSDT,3m,-1,STOP,2026-02-25T14:48:00.000Z,2026-02-25T15:05:59.999Z,5,-1.038558,0.2503,0.8991,-103.8558,8.7026,NY,1
scalp_fade_3m_lim,BTCUSDT,3m,-1,STOP,2026-02-25T18:06:00.000Z,2026-02-25T18:11:59.999Z,1,-1.046767,0.0934,0.9042,-104.6767,10.6867,NY,1
scalp_fade_3m_lim,BTCUSDT,3m,-1,STOP,2026-02-25T20:33:00.000Z,2026-02-25T21:35:59.999Z,20,-1.057603,1.0248,0.8822,-105.7603,12.7102,NY,-1
scalp_fade_3m_lim,BTCUSDT,3m,-1,STOP,2026-02-25T21:36:00.000Z,2026-02-25T21:38:59.999Z,0,-1.041224,0.1769,1.0680,-104.1224,9.4150,LATE,-1
scalp_fade_3m_lim,BTCUSDT,3m,-1,TARGET,2026-02-25T23:09:00.000Z,2026-02-25T23:41:59.999Z,10,1.246098,1.6933,0.0509,124.6098,5.3055,LATE,-1
scalp_fade_3m_lim,BTCUSDT,3m,-1,TIME,2026-02-26T02:45:00.000Z,2026-02-26T03:47:59.999Z,20,-0.597826,0.4331,0.5776,-59.7826,13.9460,ASIA,-1
scalp_fade_3m_lim,BTCUSDT,3m,-1,STOP,2026-02-26T04:03:00.000Z,2026-02-26T04:11:59.999Z,2,-1.092909,0.0004,1.6184,-109.2909,21.3895,ASIA,1
scalp_fade_3m_lim,BTCUSDT,3m,-1,TIME,2026-02-26T10:21:00.000Z,2026-02-26T11:23:59.999Z,20,0.662188,1.0520,0.0930,66.2188,18.2830,LONDON,1
scalp_fade_3m_lim,BTCUSDT,3m,1,TIME,2026-02-26T12:45:00.000Z,2026-02-26T13:47:59.999Z,20,-0.013813,0.5863,0.5272,-1.3813,18.1531,LONDON,-1
scalp_fade_3m_lim,BTCUSDT,3m,1,STOP,2026-02-26T14:33:00.000Z,2026-02-26T14:47:59.999Z,4,-1.051111,0.9856,1.5272,-105.1111,11.9786,NY,-1
scalp_fade_3m_lim,BTCUSDT,3m,1,STOP,2026-02-26T16:36:00.000Z,2026-02-26T16:59:59.999Z,7,-1.042210,0.4404,0.9901,-104.2210,9.8669,NY,1
scalp_fade_3m_lim,BTCUSDT,3m,1,TARGET,2026-02-26T18:09:00.000Z,2026-02-26T18:35:59.999Z,8,1.155423,2.0562,0.0198,115.5423,7.2523,NY,-1
scalp_fade_3m_lim,BTCUSDT,3m,1,TIME,2026-02-26T19:42:00.000Z,2026-02-26T20:44:59.999Z,20,-0.131546,0.9884,0.2881,-13.1546,12.1383,NY,1
scalp_fade_3m_lim,BTCUSDT,3m,1,TIME,2026-02-26T22:06:00.000Z,2026-02-26T23:08:59.999Z,20,-0.283712,0.9198,0.5430,-28.3712,21.3083,LATE,1
scalp_fade_3m_lim,BTCUSDT,3m,1,STOP,2026-02-26T23:42:00.000Z,2026-02-27T00:11:59.999Z,9,-1.093505,0.1950,0.8641,-109.3505,21.5238,LATE,1
scalp_fade_3m_lim,BTCUSDT,3m,1,STOP,2026-02-27T00:12:00.000Z,2026-02-27T00:38:59.999Z,8,-1.075852,0.2000,1.0918,-107.5852,17.5339,ASIA,-1
scalp_fade_3m_lim,BTCUSDT,3m,1,TARGET,2026-02-27T01:45:00.000Z,2026-02-27T02:20:59.999Z,11,1.076883,1.2155,0.1599,107.6883,8.8912,ASIA,1
scalp_fade_3m_lim,BTCUSDT,3m,1,STOP,2026-02-27T02:54:00.000Z,2026-02-27T03:05:59.999Z,3,-1.083210,0.0772,0.7536,-108.3210,19.4139,ASIA,1
scalp_fade_3m_lim,BTCUSDT,3m,-1,TIME,2026-02-27T05:03:00.000Z,2026-02-27T06:05:59.999Z,20,-0.150674,0.4376,0.3984,-15.0674,15.6193,ASIA,-1
scalp_fade_3m_lim,BTCUSDT,3m,-1,TARGET,2026-02-27T06:36:00.000Z,2026-02-27T07:29:59.999Z,17,0.946979,1.1156,0.4032,94.6979,11.5572,ASIA,-1
scalp_fade_3m_lim,BTCUSDT,3m,-1,STOP,2026-02-27T07:48:00.000Z,2026-02-27T08:08:59.999Z,6,-1.083487,0.0008,1.1817,-108.3487,19.0417,LONDON,-1
scalp_fade_3m_lim,BTCUSDT,3m,-1,STOP,2026-02-27T08:42:00.000Z,2026-02-27T08:47:59.999Z,1,-1.074027,0.0881,0.8623,-107.4027,17.0360,LONDON,1
scalp_fade_3m_lim,BTCUSDT,3m,-1,STOP,2026-02-27T09:06:00.000Z,2026-02-27T09:20:59.999Z,4,-1.079760,0.0077,0.9130,-107.9760,18.2577,LONDON,1
scalp_fade_3m_lim,BTCUSDT,3m,1,TARGET,2026-02-27T13:33:00.000Z,2026-02-27T13:53:59.999Z,6,1.136495,1.2288,0.7798,113.6495,7.6543,NY,1
scalp_fade_3m_lim,BTCUSDT,3m,1,STOP,2026-02-27T14:30:00.000Z,2026-02-27T14:44:59.999Z,4,-1.057725,0.5972,0.9548,-105.7725,13.5025,NY,1
scalp_fade_3m_lim,BTCUSDT,3m,1,STOP,2026-02-27T16:06:00.000Z,2026-02-27T16:50:59.999Z,14,-1.050973,0.6817,0.8732,-105.0973,11.7051,NY,-1
scalp_fade_3m_lim,BTCUSDT,3m,1,STOP,2026-02-27T21:33:00.000Z,2026-02-27T21:56:59.999Z,7,-1.093220,0.1505,1.0552,-109.3220,21.5466,LATE,1
scalp_fade_3m_lim,BTCUSDT,3m,-1,TIME,2026-02-28T01:21:00.000Z,2026-02-28T02:23:59.999Z,20,-0.626304,0.9070,0.3444,-62.6304,23.4120,ASIA,1
scalp_fade_3m_lim,BTCUSDT,3m,1,STOP,2026-02-28T04:30:00.000Z,2026-02-28T04:32:59.999Z,0,-1.095508,0.0498,0.9556,-109.5508,22.3916,ASIA,-1
scalp_fade_3m_lim,BTCUSDT,3m,1,STOP,2026-02-28T06:15:00.000Z,2026-02-28T06:17:59.999Z,0,-1.101635,0.0364,2.7652,-110.1635,23.8150,ASIA,-1
scalp_fade_3m_lim,BTCUSDT,3m,1,TIME,2026-02-28T09:39:00.000Z,2026-02-28T10:41:59.999Z,20,0.632118,1.2174,0.6784,63.2118,12.9758,LONDON,-1
scalp_fade_3m_lim,BTCUSDT,3m,1,STOP,2026-02-28T11:42:00.000Z,2026-02-28T11:56:59.999Z,4,-1.067691,0.2282,0.7794,-106.7691,15.7984,LONDON,1
scalp_fade_3m_lim,BTCUSDT,3m,1,TARGET,2026-02-28T13:03:00.000Z,2026-02-28T13:50:59.999Z,15,1.052824,3.3162,0.1058,105.2824,9.3831,NY,-1
scalp_fade_3m_lim,BTCUSDT,3m,-1,STOP,2026-02-28T17:27:00.000Z,2026-02-28T17:59:59.999Z,10,-1.075537,0.9518,1.9690,-107.5537,17.0691,NY,-1
scalp_fade_3m_lim,BTCUSDT,3m,-1,STOP,2026-02-28T18:33:00.000Z,2026-02-28T18:38:59.999Z,1,-1.060476,0.1536,1.1961,-106.0476,13.8796,NY,-1
scalp_fade_3m_lim,BTCUSDT,3m,-1,STOP,2026-02-28T21:39:00.000Z,2026-02-28T22:35:59.999Z,18,-1.046921,0.7021,1.3972,-104.6921,10.3579,LATE,-1
scalp_fade_3m_lim,BTCUSDT,3m,-1,TIME,2026-02-28T23:48:00.000Z,2026-03-01T00:50:59.999Z,20,0.474873,1.1263,0.3900,47.4873,13.8691,LATE,-1
scalp_fade_3m_lim,BTCUSDT,3m,-1,TIME,2026-03-01T04:42:00.000Z,2026-03-01T05:44:59.999Z,20,-0.159610,0.7496,0.5195,-15.9610,15.5990,ASIA,-1
scalp_fade_3m_lim,BTCUSDT,3m,-1,TIME,2026-03-01T07:36:00.000Z,2026-03-01T08:38:59.999Z,20,-0.521330,0.9342,0.5304,-52.1330,17.2052,LONDON,1
scalp_fade_3m_lim,BTCUSDT,3m,1,STOP,2026-03-01T12:48:00.000Z,2026-03-01T13:20:59.999Z,10,-1.077447,0.1547,0.9723,-107.7447,17.8256,LONDON,-1
scalp_fade_3m_lim,BTCUSDT,3m,1,TARGET,2026-03-01T13:21:00.000Z,2026-03-01T13:53:59.999Z,10,1.080224,4.0143,0.0685,108.0224,8.8240,NY,-1
scalp_fade_3m_lim,BTCUSDT,3m,1,TIME,2026-03-01T22:36:00.000Z,2026-03-01T23:38:59.999Z,20,0.565397,1.1594,0.5802,56.5397,7.6733,LATE,1
scalp_fade_3m_lim,BTCUSDT,3m,-1,STOP,2026-03-02T03:12:00.000Z,2026-03-02T03:38:59.999Z,8,-1.055661,0.3628,1.2200,-105.5661,12.5758,ASIA,-1
scalp_fade_3m_lim,BTCUSDT,3m,-1,TIME,2026-03-02T04:21:00.000Z,2026-03-02T05:23:59.999Z,20,-0.046419,0.7741,0.7401,-4.6419,16.2108,ASIA,-1
scalp_fade_3m_lim,BTCUSDT,3m,1,TARGET,2026-03-02T08:03:00.000Z,2026-03-02T08:50:59.999Z,15,1.088252,1.4679,0.7066,108.8252,8.6416,LONDON,-1
scalp_fade_3m_lim,BTCUSDT,3m,1,STOP,2026-03-02T11:03:00.000Z,2026-03-02T11:08:59.999Z,1,-1.077991,0.1519,0.7739,-107.7991,18.2844,LONDON,-1
scalp_fade_3m_lim,BTCUSDT,3m,1,TARGET,2026-03-02T11:09:00.000Z,2026-03-02T11:47:59.999Z,12,1.041665,1.3887,0.3648,104.1665,9.6261,LONDON,-1
scalp_fade_3m_lim,BTCUSDT,3m,1,STOP,2026-03-02T13:30:00.000Z,2026-03-02T13:41:59.999Z,3,-1.058973,0.3755,0.9243,-105.8973,13.8186,NY,-1
scalp_fade_3m_lim,BTCUSDT,3m,-1,TARGET,2026-03-02T20:03:00.000Z,2026-03-02T20:11:59.999Z,2,1.137555,1.7260,0.0893,113.7555,7.6037,NY,1
scalp_fade_3m_lim,BTCUSDT,3m,-1,STOP,2026-03-02T21:03:00.000Z,2026-03-02T21:47:59.999Z,14,-1.050777,0.2274,0.9375,-105.0777,11.3159,LATE,1
scalp_fade_3m_lim,BTCUSDT,3m,-1,TIME,2026-03-02T22:06:00.000Z,2026-03-02T23:08:59.999Z,20,-0.102828,0.9373,0.3091,-10.2828,17.2495,LATE,1
scalp_fade_3m_lim,BTCUSDT,3m,-1,STOP,2026-03-03T00:36:00.000Z,2026-03-03T01:14:59.999Z,12,-1.066334,0.1503,0.9221,-106.6334,14.9041,ASIA,1
scalp_fade_3m_lim,BTCUSDT,3m,-1,TARGET,2026-03-03T01:24:00.000Z,2026-03-03T02:02:59.999Z,12,1.142465,1.7242,0.1794,114.2465,7.4757,ASIA,1
scalp_fade_3m_lim,BTCUSDT,3m,1,STOP,2026-03-03T04:39:00.000Z,2026-03-03T04:50:59.999Z,3,-1.090891,0.1827,0.8197,-109.0891,21.1871,ASIA,-1
scalp_fade_3m_lim,BTCUSDT,3m,1,STOP,2026-03-03T05:36:00.000Z,2026-03-03T05:50:59.999Z,4,-1.061552,0.0003,1.1399,-106.1552,14.3842,ASIA,1
scalp_fade_3m_lim,BTCUSDT,3m,1,STOP,2026-03-03T08:15:00.000Z,2026-03-03T08:26:59.999Z,3,-1.060654,0.2857,0.9402,-106.0654,14.2065,LONDON,1
scalp_fade_3m_lim,BTCUSDT,3m,1,STOP,2026-03-03T14:36:00.000Z,2026-03-03T14:44:59.999Z,2,-1.037002,0.8185,0.8920,-103.7002,8.7644,NY,1
scalp_fade_3m_lim,BTCUSDT,3m,-1,TIME,2026-03-03T16:48:00.000Z,2026-03-03T17:50:59.999Z,20,-0.268824,0.6688,0.4278,-26.8824,6.0934,NY,1
scalp_fade_3m_lim,BTCUSDT,3m,-1,STOP,2026-03-03T18:18:00.000Z,2026-03-03T18:35:59.999Z,5,-1.042262,0.2553,0.9226,-104.2262,9.5582,NY,1
scalp_fade_3m_lim,BTCUSDT,3m,-1,TIME,2026-03-03T19:15:00.000Z,2026-03-03T20:17:59.999Z,20,0.591290,1.0155,0.5854,59.1290,10.3456,NY,-1
scalp_fade_3m_lim,BTCUSDT,3m,-1,TIME,2026-03-03T22:03:00.000Z,2026-03-03T23:05:59.999Z,20,-0.380664,0.5464,0.6651,-38.0664,16.0829,LATE,1
scalp_fade_3m_lim,BTCUSDT,3m,-1,STOP,2026-03-03T23:09:00.000Z,2026-03-03T23:11:59.999Z,0,-1.068811,0.1354,0.8283,-106.8811,15.8540,LATE,-1
scalp_fade_3m_lim,BTCUSDT,3m,-1,TARGET,2026-03-03T23:48:00.000Z,2026-03-04T00:14:59.999Z,8,1.077560,1.1846,0.1598,107.7560,8.8488,LATE,-1
scalp_fade_3m_lim,BTCUSDT,3m,-1,STOP,2026-03-04T01:12:00.000Z,2026-03-04T01:32:59.999Z,6,-1.060043,0.7515,1.0271,-106.0043,13.6375,ASIA,1
scalp_fade_3m_lim,BTCUSDT,3m,-1,TARGET,2026-03-04T03:15:00.000Z,2026-03-04T03:32:59.999Z,5,1.128557,1.6617,0.3476,112.8557,7.7854,ASIA,-1
scalp_fade_3m_lim,BTCUSDT,3m,1,TIME,2026-03-04T04:03:00.000Z,2026-03-04T05:05:59.999Z,20,0.003388,0.6408,0.6145,0.3388,11.7807,ASIA,-1
scalp_fade_3m_lim,BTCUSDT,3m,1,TARGET,2026-03-04T05:27:00.000Z,2026-03-04T05:41:59.999Z,4,1.105396,1.3695,0.1837,110.5396,8.3126,ASIA,1
scalp_fade_3m_lim,BTCUSDT,3m,-1,TIME,2026-03-04T10:51:00.000Z,2026-03-04T11:53:59.999Z,20,0.374769,1.1763,0.2126,37.4769,12.0468,LONDON,-1
scalp_fade_3m_lim,BTCUSDT,3m,-1,STOP,2026-03-04T12:42:00.000Z,2026-03-04T12:56:59.999Z,4,-1.059001,0.2241,0.8167,-105.9001,13.4525,LONDON,1
scalp_fade_3m_lim,BTCUSDT,3m,1,STOP,2026-03-05T07:06:00.000Z,2026-03-05T07:41:59.999Z,11,-1.065564,0.6816,0.8378,-106.5564,15.0905,LONDON,1
scalp_fade_3m_lim,BTCUSDT,3m,-1,TARGET,2026-03-05T12:48:00.000Z,2026-03-05T13:11:59.999Z,7,1.090998,1.1903,0.2429,109.0998,8.5694,LONDON,-1
scalp_fade_3m_lim,BTCUSDT,3m,1,STOP,2026-03-05T14:42:00.000Z,2026-03-05T15:11:59.999Z,9,-1.036349,1.0118,0.9888,-103.6349,8.4899,NY,-1
scalp_fade_3m_lim,BTCUSDT,3m,1,STOP,2026-03-05T17:12:00.000Z,2026-03-05T17:32:59.999Z,6,-1.043791,0.0407,0.9649,-104.3791,10.2498,NY,1
scalp_fade_3m_lim,BTCUSDT,3m,1,TIME,2026-03-05T19:33:00.000Z,2026-03-05T20:35:59.999Z,20,0.668703,1.0018,0.3562,66.8703,13.1043,NY,-1
scalp_fade_3m_lim,BTCUSDT,3m,1,TIME,2026-03-05T20:45:00.000Z,2026-03-05T21:47:59.999Z,20,0.004466,1.1764,0.3729,0.4466,14.7217,NY,1
scalp_fade_3m_lim,BTCUSDT,3m,1,TIME,2026-03-05T21:54:00.000Z,2026-03-05T22:56:59.999Z,20,0.484897,0.9702,0.1152,48.4897,14.7932,LATE,-1
scalp_fade_3m_lim,BTCUSDT,3m,1,STOP,2026-03-05T23:33:00.000Z,2026-03-05T23:35:59.999Z,0,-1.085995,0.0004,0.8986,-108.5995,20.1818,LATE,-1
scalp_fade_3m_lim,BTCUSDT,3m,1,STOP,2026-03-06T00:45:00.000Z,2026-03-06T01:26:59.999Z,13,-1.091218,0.4995,1.5587,-109.1218,20.8323,ASIA,-1
scalp_fade_3m_lim,BTCUSDT,3m,1,TARGET,2026-03-06T01:33:00.000Z,2026-03-06T01:50:59.999Z,5,1.170632,1.2806,0.0381,117.0632,6.9400,ASIA,1
scalp_fade_3m_lim,BTCUSDT,3m,1,TIME,2026-03-06T03:15:00.000Z,2026-03-06T04:17:59.999Z,20,-0.765055,0.6796,0.6142,-76.5055,17.4508,ASIA,1
scalp_fade_3m_lim,BTCUSDT,3m,1,TIME,2026-03-06T09:48:00.000Z,2026-03-06T10:50:59.999Z,20,-0.207852,1.0085,0.0536,-20.7852,14.6808,LONDON,-1
scalp_fade_3m_lim,BTCUSDT,3m,1,STOP,2026-03-06T10:57:00.000Z,2026-03-06T11:44:59.999Z,15,-1.082157,0.2939,0.8225,-108.2157,18.7068,LONDON,1
scalp_fade_3m_lim,BTCUSDT,3m,1,STOP,2026-03-06T11:45:00.000Z,2026-03-06T12:02:59.999Z,5,-1.080078,0.0322,1.1431,-108.0078,18.6138,LONDON,-1
scalp_fade_3m_lim,BTCUSDT,3m,1,STOP,2026-03-06T13:48:00.000Z,2026-03-06T13:56:59.999Z,2,-1.043039,0.2340,1.1688,-104.3039,10.1611,NY,1
scalp_fade_3m_lim,BTCUSDT,3m,1,STOP,2026-03-06T13:57:00.000Z,2026-03-06T14:02:59.999Z,1,-1.035364,0.0466,0.9736,-103.5364,8.4028,NY,1
scalp_fade_3m_lim,BTCUSDT,3m,1,STOP,2026-03-06T16:57:00.000Z,2026-03-06T17:38:59.999Z,13,-1.049960,0.6534,1.4564,-104.9960,11.4998,NY,-1
scalp_fade_3m_lim,BTCUSDT,3m,1,STOP,2026-03-06T18:54:00.000Z,2026-03-06T19:53:59.999Z,19,-1.064800,0.5836,0.9041,-106.4800,14.6782,NY,-1
scalp_fade_3m_lim,BTCUSDT,3m,1,STOP,2026-03-06T20:12:00.000Z,2026-03-06T20:29:59.999Z,5,-1.064082,0.3929,0.8115,-106.4082,14.9362,NY,-1
scalp_fade_3m_lim,BTCUSDT,3m,1,TIME,2026-03-06T20:42:00.000Z,2026-03-06T21:44:59.999Z,20,0.448154,0.7559,0.2067,44.8154,13.9359,NY,-1
scalp_fade_3m_lim,BTCUSDT,3m,1,STOP,2026-03-06T23:03:00.000Z,2026-03-06T23:53:59.999Z,16,-1.094844,0.3448,0.6950,-109.4844,21.5217,LATE,1
scalp_fade_3m_lim,BTCUSDT,3m,1,TARGET,2026-03-07T02:42:00.000Z,2026-03-07T02:59:59.999Z,5,0.857266,1.0656,0.0386,85.7266,13.5203,ASIA,-1
scalp_fade_3m_lim,BTCUSDT,3m,1,STOP,2026-03-07T03:21:00.000Z,2026-03-07T04:02:59.999Z,13,-1.078949,0.1349,1.1117,-107.8949,18.0570,ASIA,-1
scalp_fade_3m_lim,BTCUSDT,3m,1,TIME,2026-03-07T05:12:00.000Z,2026-03-07T06:14:59.999Z,20,-0.601467,0.6834,0.4263,-60.1467,23.8682,ASIA,1
scalp_fade_3m_lim,BTCUSDT,3m,1,STOP,2026-03-07T06:51:00.000Z,2026-03-07T06:53:59.999Z,0,-1.091756,0.1814,0.8402,-109.1756,21.5202,ASIA,-1
scalp_fade_3m_lim,BTCUSDT,3m,1,TARGET,2026-03-07T08:57:00.000Z,2026-03-07T09:14:59.999Z,5,0.891321,1.0577,0.2190,89.1321,12.8052,LONDON,1
scalp_fade_3m_lim,BTCUSDT,3m,1,STOP,2026-03-07T12:36:00.000Z,2026-03-07T12:44:59.999Z,2,-1.129828,0.0146,0.6179,-112.9828,30.2385,LONDON,-1
scalp_fade_3m_lim,BTCUSDT,3m,1,STOP,2026-03-07T13:21:00.000Z,2026-03-07T13:38:59.999Z,5,-1.110218,0.2576,0.7863,-111.0218,25.5434,NY,1
scalp_fade_3m_lim,BTCUSDT,3m,1,STOP,2026-03-07T13:39:00.000Z,2026-03-07T14:11:59.999Z,10,-1.095802,0.4276,1.2294,-109.5802,22.0027,NY,1
scalp_fade_3m_lim,BTCUSDT,3m,1,TIME,2026-03-07T16:18:00.000Z,2026-03-07T17:20:59.999Z,20,-0.003263,0.4874,0.4184,-0.3263,24.4180,NY,-1
scalp_fade_3m_lim,BTCUSDT,3m,1,STOP,2026-03-07T17:57:00.000Z,2026-03-07T17:59:59.999Z,0,-1.168921,0.0624,0.7635,-116.8921,39.4453,NY,1
scalp_fade_3m_lim,BTCUSDT,3m,1,STOP,2026-03-07T18:00:00.000Z,2026-03-07T18:02:59.999Z,0,-1.145126,0.0007,2.5040,-114.5126,33.9178,NY,1
scalp_fade_3m_lim,BTCUSDT,3m,1,STOP,2026-03-07T18:51:00.000Z,2026-03-07T19:20:59.999Z,9,-1.093132,0.0064,1.5453,-109.3132,21.4388,NY,-1
scalp_fade_3m_lim,BTCUSDT,3m,1,STOP,2026-03-07T21:51:00.000Z,2026-03-07T22:35:59.999Z,14,-1.098803,0.6092,1.0619,-109.8803,22.5023,LATE,-1
scalp_fade_3m_lim,BTCUSDT,3m,1,TIME,2026-03-07T22:48:00.000Z,2026-03-07T23:50:59.999Z,20,-0.599259,0.4819,0.5294,-59.9259,20.1128,LATE,-1
scalp_fade_3m_lim,BTCUSDT,3m,1,STOP,2026-03-08T01:30:00.000Z,2026-03-08T01:32:59.999Z,0,-1.103400,0.0005,0.7347,-110.3400,24.2249,ASIA,-1
scalp_fade_3m_lim,BTCUSDT,3m,1,STOP,2026-03-08T02:48:00.000Z,2026-03-08T02:50:59.999Z,0,-1.072748,0.1456,1.3498,-107.2748,17.1045,ASIA,-1
scalp_fade_3m_lim,BTCUSDT,3m,1,TIME,2026-03-08T02:51:00.000Z,2026-03-08T03:53:59.999Z,20,0.310198,0.6988,0.2568,31.0198,13.1786,ASIA,-1
scalp_fade_3m_lim,BTCUSDT,3m,1,STOP,2026-03-08T04:15:00.000Z,2026-03-08T04:47:59.999Z,10,-1.091612,0.3207,0.8997,-109.1612,21.0493,ASIA,1
scalp_fade_3m_lim,BTCUSDT,3m,-1,STOP,2026-03-08T08:36:00.000Z,2026-03-08T08:41:59.999Z,1,-1.104658,0.1409,0.8270,-110.4658,24.1705,LONDON,1
scalp_fade_3m_lim,BTCUSDT,3m,1,TIME,2026-03-08T14:42:00.000Z,2026-03-08T15:44:59.999Z,20,-0.366862,0.6181,0.4129,-36.6862,15.3681,NY,1
scalp_fade_3m_lim,BTCUSDT,3m,1,STOP,2026-03-08T15:48:00.000Z,2026-03-08T16:17:59.999Z,9,-1.084333,0.2477,0.7630,-108.4333,19.4321,NY,-1
scalp_fade_3m_lim,BTCUSDT,3m,1,STOP,2026-03-08T22:03:00.000Z,2026-03-08T22:05:59.999Z,0,-1.064000,0.0055,3.0877,-106.4000,15.0724,LATE,-1
scalp_fade_3m_lim,BTCUSDT,3m,1,STOP,2026-03-09T01:57:00.000Z,2026-03-09T02:17:59.999Z,6,-1.052801,0.2259,0.8408,-105.2801,12.3171,ASIA,1
scalp_fade_3m_lim,BTCUSDT,3m,-1,STOP,2026-03-09T04:54:00.000Z,2026-03-09T05:32:59.999Z,12,-1.076156,1.0056,0.8522,-107.6156,17.1408,ASIA,1
scalp_fade_3m_lim,BTCUSDT,3m,-1,STOP,2026-03-09T07:33:00.000Z,2026-03-09T07:59:59.999Z,8,-1.061058,0.1679,0.8236,-106.1058,13.8147,LONDON,-1
scalp_fade_3m_lim,BTCUSDT,3m,-1,TIME,2026-03-09T08:24:00.000Z,2026-03-09T09:26:59.999Z,20,-0.867129,0.4955,0.6728,-86.7129,12.5371,LONDON,1
scalp_fade_3m_lim,BTCUSDT,3m,-1,STOP,2026-03-09T13:27:00.000Z,2026-03-09T13:44:59.999Z,5,-1.047961,0.2952,1.3383,-104.7961,10.8747,NY,1
scalp_fade_3m_lim,BTCUSDT,3m,-1,TIME,2026-03-09T15:00:00.000Z,2026-03-09T16:02:59.999Z,20,0.419125,0.9425,0.2270,41.9125,10.7173,NY,1
scalp_fade_3m_lim,BTCUSDT,3m,-1,TIME,2026-03-09T16:30:00.000Z,2026-03-09T17:32:59.999Z,20,0.681916,1.1319,0.7864,68.1916,14.5808,NY,-1
scalp_fade_3m_lim,BTCUSDT,3m,-1,STOP,2026-03-09T19:18:00.000Z,2026-03-09T19:20:59.999Z,0,-1.074637,0.2934,1.2655,-107.4637,17.2138,NY,1
scalp_fade_3m_lim,BTCUSDT,3m,-1,STOP,2026-03-09T19:21:00.000Z,2026-03-09T19:23:59.999Z,0,-1.057149,0.0003,0.8145,-105.7149,13.1319,NY,1
scalp_fade_3m_lim,BTCUSDT,3m,-1,TIME,2026-03-09T19:45:00.000Z,2026-03-09T20:47:59.999Z,20,0.156298,0.3430,0.3419,15.6298,9.2898,NY,1
scalp_fade_3m_lim,BTCUSDT,3m,-1,TIME,2026-03-09T21:45:00.000Z,2026-03-09T22:47:59.999Z,20,0.477082,1.1558,0.3034,47.7082,15.7041,LATE,-1
scalp_fade_3m_lim,BTCUSDT,3m,-1,STOP,2026-03-10T01:48:00.000Z,2026-03-10T01:50:59.999Z,0,-1.067589,0.0003,0.9361,-106.7589,15.5688,ASIA,-1
scalp_fade_3m_lim,BTCUSDT,3m,-1,STOP,2026-03-10T01:51:00.000Z,2026-03-10T02:32:59.999Z,13,-1.060887,0.4294,1.7839,-106.0887,13.6363,ASIA,-1
scalp_fade_3m_lim,BTCUSDT,3m,-1,STOP,2026-03-10T06:27:00.000Z,2026-03-10T07:08:59.999Z,13,-1.079197,0.7835,0.8987,-107.9197,17.7972,ASIA,-1
scalp_fade_3m_lim,BTCUSDT,3m,-1,STOP,2026-03-10T07:09:00.000Z,2026-03-10T07:17:59.999Z,2,-1.060486,0.1876,0.8338,-106.0486,13.8533,LONDON,-1
scalp_fade_3m_lim,BTCUSDT,3m,-1,TIME,2026-03-10T08:09:00.000Z,2026-03-10T09:11:59.999Z,20,0.075149,0.6770,0.3953,7.5149,10.5707,LONDON,1
scalp_fade_3m_lim,BTCUSDT,3m,-1,TARGET,2026-03-10T11:06:00.000Z,2026-03-10T12:05:59.999Z,19,1.060808,1.2401,0.0665,106.0808,9.1674,LONDON,-1
scalp_fade_3m_lim,BTCUSDT,3m,1,STOP,2026-03-10T21:15:00.000Z,2026-03-10T21:38:59.999Z,7,-1.080026,0.3177,1.3948,-108.0026,18.5256,LATE,1
scalp_fade_3m_lim,BTCUSDT,3m,1,STOP,2026-03-11T02:12:00.000Z,2026-03-11T02:32:59.999Z,6,-1.087122,0.1037,0.7258,-108.7122,20.1918,ASIA,-1
scalp_fade_3m_lim,BTCUSDT,3m,1,STOP,2026-03-11T03:03:00.000Z,2026-03-11T03:20:59.999Z,5,-1.084205,0.0478,0.7896,-108.4205,19.5626,ASIA,1
scalp_fade_3m_lim,BTCUSDT,3m,1,STOP,2026-03-11T07:51:00.000Z,2026-03-11T08:23:59.999Z,10,-1.080316,0.1781,0.8160,-108.0316,18.4783,LONDON,-1
scalp_fade_3m_lim,BTCUSDT,3m,1,TARGET,2026-03-11T08:36:00.000Z,2026-03-11T08:38:59.999Z,0,0.945769,1.1117,0.0562,94.5769,11.6810,LONDON,1
scalp_fade_3m_lim,BTCUSDT,3m,1,STOP,2026-03-11T08:39:00.000Z,2026-03-11T09:38:59.999Z,19,-1.074017,0.3381,0.8650,-107.4017,16.7379,LONDON,1
scalp_fade_3m_lim,BTCUSDT,3m,1,TIME,2026-03-11T09:42:00.000Z,2026-03-11T10:44:59.999Z,20,0.078530,0.6532,0.6069,7.8530,16.2157,LONDON,1
scalp_fade_3m_lim,BTCUSDT,3m,-1,TIME,2026-03-11T14:03:00.000Z,2026-03-11T15:05:59.999Z,20,0.373067,1.1011,0.2915,37.3067,6.7331,NY,1
scalp_fade_3m_lim,BTCUSDT,3m,-1,STOP,2026-03-11T20:57:00.000Z,2026-03-11T20:59:59.999Z,0,-1.097847,0.0563,0.8283,-109.7847,22.6311,NY,1
scalp_fade_3m_lim,BTCUSDT,3m,1,TIME,2026-03-12T03:48:00.000Z,2026-03-12T04:50:59.999Z,20,-0.282596,1.1466,0.2147,-28.2596,16.1438,ASIA,1
scalp_fade_3m_lim,BTCUSDT,3m,-1,STOP,2026-03-12T09:48:00.000Z,2026-03-12T10:38:59.999Z,16,-1.047794,0.1326,1.0027,-104.7794,10.5968,LONDON,-1
scalp_fade_3m_lim,BTCUSDT,3m,-1,TARGET,2026-03-12T13:36:00.000Z,2026-03-12T13:47:59.999Z,3,1.154839,1.5753,0.3345,115.4839,7.2376,NY,-1
scalp_fade_3m_lim,BTCUSDT,3m,-1,TARGET,2026-03-12T14:03:00.000Z,2026-03-12T14:38:59.999Z,11,1.259101,1.4151,0.5921,125.9101,5.0309,NY,-1
scalp_fade_3m_lim,BTCUSDT,3m,-1,STOP,2026-03-12T21:03:00.000Z,2026-03-12T21:14:59.999Z,3,-1.097538,0.1151,0.8441,-109.7538,22.4190,LATE,-1
scalp_fade_3m_lim,BTCUSDT,3m,-1,TARGET,2026-03-12T21:57:00.000Z,2026-03-12T22:17:59.999Z,6,0.880072,1.1051,0.2140,88.0072,13.0052,LATE,1
scalp_fade_3m_lim,BTCUSDT,3m,-1,STOP,2026-03-12T23:03:00.000Z,2026-03-12T23:05:59.999Z,0,-1.085238,0.0004,0.8787,-108.5238,19.6881,LATE,-1
scalp_fade_3m_lim,BTCUSDT,3m,-1,TARGET,2026-03-13T01:45:00.000Z,2026-03-13T02:47:59.999Z,20,1.170965,1.2849,0.2472,117.0965,6.8599,ASIA,1
scalp_fade_3m_lim,BTCUSDT,3m,-1,STOP,2026-03-13T03:51:00.000Z,2026-03-13T03:56:59.999Z,1,-1.078250,0.0609,1.0300,-107.8250,18.0196,ASIA,1
scalp_fade_3m_lim,BTCUSDT,3m,-1,STOP,2026-03-13T05:27:00.000Z,2026-03-13T05:35:59.999Z,2,-1.083068,0.0267,0.7858,-108.3068,19.1021,ASIA,1
scalp_fade_3m_lim,BTCUSDT,3m,-1,STOP,2026-03-13T07:06:00.000Z,2026-03-13T07:50:59.999Z,14,-1.083182,0.1327,1.0279,-108.3182,18.6648,LONDON,1
scalp_fade_3m_lim,BTCUSDT,3m,-1,STOP,2026-03-13T12:06:00.000Z,2026-03-13T12:35:59.999Z,9,-1.084752,0.2570,0.9566,-108.4752,19.2150,LONDON,-1
scalp_fade_3m_lim,BTCUSDT,3m,-1,STOP,2026-03-13T12:48:00.000Z,2026-03-13T13:08:59.999Z,6,-1.058898,0.0003,0.8158,-105.8898,13.3735,LONDON,1
scalp_fade_3m_lim,BTCUSDT,3m,-1,STOP,2026-03-13T13:39:00.000Z,2026-03-13T13:47:59.999Z,2,-1.041709,0.0120,0.9682,-104.1709,9.4889,NY,1
scalp_fade_3m_lim,BTCUSDT,3m,1,STOP,2026-03-13T17:27:00.000Z,2026-03-13T17:41:59.999Z,4,-1.051604,0.0002,1.0748,-105.1604,12.0922,NY,1
scalp_fade_3m_lim,BTCUSDT,3m,1,STOP,2026-03-13T21:27:00.000Z,2026-03-13T21:29:59.999Z,0,-1.103320,0.0744,0.7891,-110.3320,24.2064,LATE,1
scalp_fade_3m_lim,BTCUSDT,3m,1,STOP,2026-03-13T21:39:00.000Z,2026-03-13T22:02:59.999Z,7,-1.085547,0.4312,1.6075,-108.5547,19.7898,LATE,1
scalp_fade_3m_lim,BTCUSDT,3m,1,TIME,2026-03-13T22:03:00.000Z,2026-03-13T23:05:59.999Z,20,-0.138806,0.4691,0.6543,-13.8806,14.7459,LATE,-1
scalp_fade_3m_lim,BTCUSDT,3m,1,STOP,2026-03-14T00:03:00.000Z,2026-03-14T00:44:59.999Z,13,-1.099983,0.8406,1.0017,-109.9983,22.8149,ASIA,1
scalp_fade_3m_lim,BTCUSDT,3m,1,STOP,2026-03-14T01:36:00.000Z,2026-03-14T01:38:59.999Z,0,-1.096547,0.1312,0.8001,-109.6547,22.6331,ASIA,-1
scalp_fade_3m_lim,BTCUSDT,3m,1,STOP,2026-03-14T04:54:00.000Z,2026-03-14T05:38:59.999Z,14,-1.094555,0.2982,0.7778,-109.4555,21.5435,ASIA,1
scalp_fade_3m_lim,BTCUSDT,3m,1,STOP,2026-03-14T09:33:00.000Z,2026-03-14T09:50:59.999Z,5,-1.102778,0.2079,0.9287,-110.2778,23.8328,LONDON,1
scalp_fade_3m_lim,BTCUSDT,3m,1,TIME,2026-03-14T09:54:00.000Z,2026-03-14T10:56:59.999Z,20,-0.287260,0.2517,0.6118,-28.7260,21.2249,LONDON,-1
scalp_fade_3m_lim,BTCUSDT,3m,1,TARGET,2026-03-14T12:36:00.000Z,2026-03-14T13:17:59.999Z,13,0.682853,1.0146,0.3024,68.2853,17.1378,LONDON,-1
scalp_fade_3m_lim,BTCUSDT,3m,1,STOP,2026-03-14T15:30:00.000Z,2026-03-14T15:32:59.999Z,0,-1.116674,0.0000,1.0289,-111.6674,27.3085,NY,-1
scalp_fade_3m_lim,BTCUSDT,3m,-1,STOP,2026-03-14T22:27:00.000Z,2026-03-14T23:02:59.999Z,11,-1.148925,0.3149,1.2979,-114.8925,33.7793,LATE,1
scalp_fade_3m_lim,BTCUSDT,3m,-1,STOP,2026-03-14T23:03:00.000Z,2026-03-14T23:08:59.999Z,1,-1.119197,0.1176,1.2428,-111.9197,27.5567,LATE,1
scalp_fade_3m_lim,BTCUSDT,3m,-1,STOP,2026-03-15T02:03:00.000Z,2026-03-15T02:47:59.999Z,14,-1.095166,0.7202,0.7874,-109.5166,21.3827,ASIA,1
scalp_fade_3m_lim,BTCUSDT,3m,-1,TARGET,2026-03-15T05:18:00.000Z,2026-03-15T05:56:59.999Z,12,0.939738,1.1374,0.1483,93.9738,11.7280,ASIA,-1
scalp_fade_3m_lim,BTCUSDT,3m,-1,TARGET,2026-03-15T07:12:00.000Z,2026-03-15T07:47:59.999Z,11,0.816327,0.9923,0.2670,81.6327,14.3213,LONDON,-1
scalp_fade_3m_lim,BTCUSDT,3m,-1,TARGET,2026-03-15T10:51:00.000Z,2026-03-15T11:26:59.999Z,11,0.681347,0.9993,0.0437,68.1347,17.1535,LONDON,1
scalp_fade_3m_lim,BTCUSDT,3m,-1,STOP,2026-03-15T11:45:00.000Z,2026-03-15T11:53:59.999Z,2,-1.119088,0.1158,0.7268,-111.9088,27.4744,LONDON,-1
scalp_fade_3m_lim,BTCUSDT,3m,1,TIME,2026-03-15T16:18:00.000Z,2026-03-15T17:20:59.999Z,20,0.100159,0.5946,0.4123,10.0159,22.1876,NY,-1
scalp_fade_3m_lim,BTCUSDT,3m,-1,STOP,2026-03-15T22:09:00.000Z,2026-03-15T22:41:59.999Z,10,-1.062169,0.7584,1.3670,-106.2169,14.0127,LATE,1
scalp_fade_3m_lim,BTCUSDT,3m,-1,TARGET,2026-03-16T07:03:00.000Z,2026-03-16T07:38:59.999Z,11,0.972949,1.5766,0.2839,97.2949,11.0350,LONDON,1
scalp_fade_3m_lim,BTCUSDT,3m,-1,TARGET,2026-03-16T08:03:00.000Z,2026-03-16T08:32:59.999Z,9,1.036806,1.3506,0.3836,103.6806,9.7015,LONDON,1
scalp_fade_3m_lim,BTCUSDT,3m,-1,STOP,2026-03-16T09:51:00.000Z,2026-03-16T10:05:59.999Z,4,-1.094479,0.3309,0.9273,-109.4479,21.6648,LONDON,1
scalp_fade_3m_lim,BTCUSDT,3m,-1,STOP,2026-03-16T10:51:00.000Z,2026-03-16T10:56:59.999Z,1,-1.073938,0.1072,0.9012,-107.3938,17.0151,LONDON,-1
scalp_fade_3m_lim,BTCUSDT,3m,-1,STOP,2026-03-16T12:03:00.000Z,2026-03-16T12:05:59.999Z,0,-1.096288,0.1178,0.8717,-109.6288,22.2671,LONDON,-1
scalp_fade_3m_lim,BTCUSDT,3m,-1,STOP,2026-03-16T12:18:00.000Z,2026-03-16T12:29:59.999Z,3,-1.073354,0.0778,1.0374,-107.3354,16.8095,LONDON,1
scalp_fade_3m_lim,BTCUSDT,3m,-1,STOP,2026-03-16T13:33:00.000Z,2026-03-16T13:35:59.999Z,0,-1.064868,0.1771,0.8211,-106.4868,14.9335,NY,-1
scalp_fade_3m_lim,BTCUSDT,3m,-1,TARGET,2026-03-16T13:45:00.000Z,2026-03-16T14:32:59.999Z,15,1.210932,1.7196,0.8271,121.0932,6.0337,NY,1
scalp_fade_3m_lim,BTCUSDT,3m,-1,STOP,2026-03-16T17:39:00.000Z,2026-03-16T18:08:59.999Z,9,-1.063875,0.4742,0.8301,-106.3875,14.4321,NY,-1
scalp_fade_3m_lim,BTCUSDT,3m,-1,TIME,2026-03-16T19:12:00.000Z,2026-03-16T20:14:59.999Z,20,0.325343,0.7011,0.2978,32.5343,11.8788,NY,1
scalp_fade_3m_lim,BTCUSDT,3m,-1,STOP,2026-03-17T00:06:00.000Z,2026-03-17T00:11:59.999Z,1,-1.070189,0.0197,1.7043,-107.0189,16.1420,ASIA,-1
scalp_fade_3m_lim,BTCUSDT,3m,-1,STOP,2026-03-17T00:27:00.000Z,2026-03-17T01:02:59.999Z,11,-1.048367,0.0726,0.9828,-104.8367,10.8349,ASIA,-1
scalp_fade_3m_lim,BTCUSDT,3m,1,STOP,2026-03-17T05:36:00.000Z,2026-03-17T05:44:59.999Z,2,-1.068359,0.0000,1.1783,-106.8359,16.0185,ASIA,1
scalp_fade_3m_lim,BTCUSDT,3m,1,TARGET,2026-03-17T06:45:00.000Z,2026-03-17T07:17:59.999Z,10,1.076970,1.2098,0.1819,107.6970,8.8922,ASIA,1
scalp_fade_3m_lim,BTCUSDT,3m,1,STOP,2026-03-17T09:00:00.000Z,2026-03-17T09:56:59.999Z,18,-1.080722,0.7482,1.2098,-108.0722,18.2731,LONDON,1
scalp_fade_3m_lim,BTCUSDT,3m,1,STOP,2026-03-17T12:24:00.000Z,2026-03-17T12:26:59.999Z,0,-1.072851,0.0003,0.7602,-107.2851,17.1285,LONDON,1
scalp_fade_3m_lim,BTCUSDT,3m,1,TIME,2026-03-17T12:27:00.000Z,2026-03-17T13:29:59.999Z,20,-0.581385,0.3492,0.4461,-58.1385,15.5234,LONDON,1
scalp_fade_3m_lim,BTCUSDT,3m,1,TARGET,2026-03-17T13:45:00.000Z,2026-03-17T14:47:59.999Z,20,1.208620,1.3623,0.7257,120.8620,6.1123,NY,-1
scalp_fade_3m_lim,BTCUSDT,3m,-1,TARGET,2026-03-17T19:21:00.000Z,2026-03-17T20:05:59.999Z,14,0.999118,1.1359,0.3045,99.9118,10.4756,NY,1
scalp_fade_3m_lim,BTCUSDT,3m,-1,TARGET,2026-03-17T21:36:00.000Z,2026-03-17T22:29:59.999Z,17,0.891737,1.2917,0.6151,89.1737,12.7140,LATE,1
scalp_fade_3m_lim,BTCUSDT,3m,1,STOP,2026-03-18T11:12:00.000Z,2026-03-18T11:26:59.999Z,4,-1.080183,0.1541,0.7738,-108.0183,18.6765,LONDON,-1
scalp_fade_3m_lim,BTCUSDT,3m,1,STOP,2026-03-18T13:36:00.000Z,2026-03-18T13:53:59.999Z,5,-1.056255,0.2961,0.8983,-105.6255,13.1366,NY,1
scalp_fade_3m_lim,BTCUSDT,3m,1,TARGET,2026-03-18T16:57:00.000Z,2026-03-18T17:38:59.999Z,13,1.071050,1.1722,0.3064,107.1050,9.0075,NY,-1
scalp_fade_3m_lim,BTCUSDT,3m,1,STOP,2026-03-18T22:03:00.000Z,2026-03-18T22:11:59.999Z,2,-1.086941,0.0859,0.7780,-108.6941,20.3171,LATE,1
scalp_fade_3m_lim,BTCUSDT,3m,1,STOP,2026-03-19T00:03:00.000Z,2026-03-19T00:35:59.999Z,10,-1.104873,0.6016,0.7009,-110.4873,24.0670,ASIA,1
scalp_fade_3m_lim,BTCUSDT,3m,1,TIME,2026-03-19T00:36:00.000Z,2026-03-19T01:38:59.999Z,20,-0.342780,0.2055,0.4423,-34.2780,17.5181,ASIA,1
scalp_fade_3m_lim,BTCUSDT,3m,1,TIME,2026-03-19T02:03:00.000Z,2026-03-19T03:05:59.999Z,20,-0.005125,1.0264,0.1259,-0.5125,19.9904,ASIA,1
scalp_fade_3m_lim,BTCUSDT,3m,1,TARGET,2026-03-19T08:42:00.000Z,2026-03-19T09:23:59.999Z,13,1.044392,1.2596,0.5894,104.4392,9.5658,LONDON,1
scalp_fade_3m_lim,BTCUSDT,3m,1,STOP,2026-03-19T11:03:00.000Z,2026-03-19T11:11:59.999Z,2,-1.094969,0.0208,0.7271,-109.4969,22.1742,LONDON,-1
scalp_fade_3m_lim,BTCUSDT,3m,1,STOP,2026-03-19T11:36:00.000Z,2026-03-19T12:05:59.999Z,9,-1.090026,0.0975,1.7252,-109.0026,20.7305,LONDON,-1
scalp_fade_3m_lim,BTCUSDT,3m,1,STOP,2026-03-19T15:21:00.000Z,2026-03-19T15:44:59.999Z,7,-1.044798,0.0812,1.0354,-104.4798,10.4595,NY,-1
scalp_fade_3m_lim,BTCUSDT,3m,1,TARGET,2026-03-19T18:30:00.000Z,2026-03-19T19:02:59.999Z,10,1.025812,1.2933,0.2849,102.5812,9.9647,NY,1
scalp_fade_3m_lim,BTCUSDT,3m,-1,STOP,2026-03-20T07:24:00.000Z,2026-03-20T07:41:59.999Z,5,-1.073210,0.3694,1.0116,-107.3210,16.7070,LONDON,1
scalp_fade_3m_lim,BTCUSDT,3m,-1,TARGET,2026-03-20T11:18:00.000Z,2026-03-20T11:41:59.999Z,7,1.019509,1.1525,0.3789,101.9509,10.0713,LONDON,1
scalp_fade_3m_lim,BTCUSDT,3m,1,STOP,2026-03-20T12:27:00.000Z,2026-03-20T12:41:59.999Z,4,-1.080640,0.0122,0.8462,-108.0640,18.7817,LONDON,-1
scalp_fade_3m_lim,BTCUSDT,3m,1,STOP,2026-03-20T13:33:00.000Z,2026-03-20T14:02:59.999Z,9,-1.051206,0.8474,0.8993,-105.1206,11.8779,NY,-1
scalp_fade_3m_lim,BTCUSDT,3m,1,TIME,2026-03-20T14:12:00.000Z,2026-03-20T15:14:59.999Z,20,-0.435230,0.6706,0.7989,-43.5230,9.0816,NY,-1
scalp_fade_3m_lim,BTCUSDT,3m,1,STOP,2026-03-20T18:24:00.000Z,2026-03-20T18:32:59.999Z,2,-1.065349,0.1963,0.8039,-106.5349,15.3221,NY,1
scalp_fade_3m_lim,BTCUSDT,3m,1,TARGET,2026-03-20T19:36:00.000Z,2026-03-20T19:56:59.999Z,6,1.102797,1.3747,0.1708,110.2797,8.3617,NY,1
scalp_fade_3m_lim,BTCUSDT,3m,1,STOP,2026-03-20T20:21:00.000Z,2026-03-20T20:38:59.999Z,5,-1.069112,0.1803,0.8042,-106.9112,16.0927,NY,1
scalp_fade_3m_lim,BTCUSDT,3m,-1,STOP,2026-03-21T00:15:00.000Z,2026-03-21T00:20:59.999Z,1,-1.105427,0.0783,1.2265,-110.5427,24.3496,ASIA,1
scalp_fade_3m_lim,BTCUSDT,3m,-1,TARGET,2026-03-21T01:36:00.000Z,2026-03-21T02:02:59.999Z,8,0.821966,0.9694,0.1139,82.1966,14.2170,ASIA,1
scalp_fade_3m_lim,BTCUSDT,3m,-1,STOP,2026-03-21T04:03:00.000Z,2026-03-21T04:26:59.999Z,7,-1.144140,0.0752,0.7704,-114.4140,32.9557,ASIA,-1
scalp_fade_3m_lim,BTCUSDT,3m,-1,STOP,2026-03-21T06:03:00.000Z,2026-03-21T06:26:59.999Z,7,-1.141456,0.1795,0.6155,-114.1456,32.3382,ASIA,1
scalp_fade_3m_lim,BTCUSDT,3m,-1,STOP,2026-03-21T06:36:00.000Z,2026-03-21T07:26:59.999Z,16,-1.138806,0.1923,0.7535,-113.8806,31.1536,ASIA,1
scalp_fade_3m_lim,BTCUSDT,3m,-1,TARGET,2026-03-21T07:36:00.000Z,2026-03-21T08:17:59.999Z,13,0.660975,0.8625,0.0708,66.0975,17.5694,LONDON,-1
scalp_fade_3m_lim,BTCUSDT,3m,-1,TIME,2026-03-21T10:09:00.000Z,2026-03-21T11:11:59.999Z,20,0.003877,0.6601,0.0695,0.3877,30.1190,LONDON,1
scalp_fade_3m_lim,BTCUSDT,3m,-1,STOP,2026-03-21T13:33:00.000Z,2026-03-21T14:11:59.999Z,12,-1.154668,0.4253,1.0787,-115.4668,35.0184,NY,-1
scalp_fade_3m_lim,BTCUSDT,3m,1,STOP,2026-03-21T21:15:00.000Z,2026-03-21T21:53:59.999Z,12,-1.128345,0.2008,0.6303,-112.8345,29.2897,LATE,1
scalp_fade_3m_lim,BTCUSDT,3m,1,TIME,2026-03-21T22:03:00.000Z,2026-03-21T23:05:59.999Z,20,-0.824597,0.5111,0.5185,-82.4597,30.1511,LATE,-1
scalp_fade_3m_lim,BTCUSDT,3m,1,TARGET,2026-03-22T01:39:00.000Z,2026-03-22T02:29:59.999Z,16,1.087231,1.8177,0.0631,108.7231,8.6602,ASIA,-1
scalp_fade_3m_lim,BTCUSDT,3m,1,TIME,2026-03-22T04:24:00.000Z,2026-03-22T05:26:59.999Z,20,-0.574312,0.5372,0.4517,-57.4312,19.2520,ASIA,1
scalp_fade_3m_lim,BTCUSDT,3m,1,STOP,2026-03-22T07:09:00.000Z,2026-03-22T07:41:59.999Z,10,-1.127750,0.2417,1.1983,-112.7750,29.2733,LONDON,1
scalp_fade_3m_lim,BTCUSDT,3m,1,STOP,2026-03-22T11:18:00.000Z,2026-03-22T11:26:59.999Z,2,-1.117552,0.2572,1.4539,-111.7552,27.3985,LONDON,-1
scalp_fade_3m_lim,BTCUSDT,3m,1,STOP,2026-03-22T11:27:00.000Z,2026-03-22T11:41:59.999Z,4,-1.088385,0.1889,0.8244,-108.8385,20.5662,LONDON,-1
scalp_fade_3m_lim,BTCUSDT,3m,1,STOP,2026-03-22T17:24:00.000Z,2026-03-22T17:38:59.999Z,4,-1.125494,0.3314,0.6701,-112.5494,29.1153,NY,1
scalp_fade_3m_lim,BTCUSDT,3m,1,STOP,2026-03-22T18:33:00.000Z,2026-03-22T18:35:59.999Z,0,-1.123753,0.0006,1.0975,-112.3753,28.9529,NY,-1
scalp_fade_3m_lim,BTCUSDT,3m,1,TIME,2026-03-22T19:48:00.000Z,2026-03-22T20:50:59.999Z,20,-0.152399,1.0408,0.3727,-15.2399,18.6128,NY,-1
scalp_fade_3m_lim,BTCUSDT,3m,1,STOP,2026-03-22T23:48:00.000Z,2026-03-22T23:53:59.999Z,1,-1.076801,0.0618,0.7891,-107.6801,18.0086,LATE,-1
scalp_fade_3m_lim,BTCUSDT,3m,1,TARGET,2026-03-23T02:15:00.000Z,2026-03-23T02:26:59.999Z,3,1.076604,1.3257,0.1787,107.6604,8.9203,ASIA,-1
scalp_fade_3m_lim,BTCUSDT,3m,1,TARGET,2026-03-23T04:09:00.000Z,2026-03-23T04:53:59.999Z,14,0.947019,1.3240,0.1305,94.7019,11.6014,ASIA,-1
scalp_fade_3m_lim,BTCUSDT,3m,-1,STOP,2026-03-23T10:51:00.000Z,2026-03-23T11:05:59.999Z,4,-1.074729,0.1462,5.3270,-107.4729,17.0930,LONDON,-1
scalp_fade_3m_lim,BTCUSDT,3m,-1,STOP,2026-03-23T11:06:00.000Z,2026-03-23T11:08:59.999Z,0,-1.034083,0.0852,1.7614,-103.4083,7.7484,LONDON,-1
scalp_fade_3m_lim,BTCUSDT,3m,-1,STOP,2026-03-23T13:33:00.000Z,2026-03-23T13:38:59.999Z,1,-1.057990,0.0177,1.1290,-105.7990,13.3006,NY,1
scalp_fade_3m_lim,BTCUSDT,3m,-1,STOP,2026-03-23T16:48:00.000Z,2026-03-23T17:38:59.999Z,16,-1.050773,0.7915,0.8586,-105.0773,11.2695,NY,1
scalp_fade_3m_lim,BTCUSDT,3m,-1,TARGET,2026-03-23T22:48:00.000Z,2026-03-23T23:20:59.999Z,10,0.979278,1.1077,0.3563,97.9278,10.9058,LATE,-1
scalp_fade_3m_lim,BTCUSDT,3m,-1,STOP,2026-03-23T23:27:00.000Z,2026-03-23T23:56:59.999Z,9,-1.080409,0.2925,1.1697,-108.0409,18.2201,LATE,1
scalp_fade_3m_lim,BTCUSDT,3m,1,TIME,2026-03-24T03:06:00.000Z,2026-03-24T04:08:59.999Z,20,0.376719,1.0110,0.4319,37.6719,19.5952,ASIA,-1
scalp_fade_3m_lim,BTCUSDT,3m,1,TIME,2026-03-24T05:21:00.000Z,2026-03-24T06:23:59.999Z,20,0.469401,0.9090,0.4217,46.9401,18.7338,ASIA,-1
scalp_fade_3m_lim,BTCUSDT,3m,-1,STOP,2026-03-24T09:18:00.000Z,2026-03-24T09:41:59.999Z,7,-1.083601,0.1365,0.8338,-108.3601,19.0289,LONDON,1
scalp_fade_3m_lim,BTCUSDT,3m,-1,TARGET,2026-03-24T10:18:00.000Z,2026-03-24T11:20:59.999Z,20,0.917945,1.0726,0.3913,91.7945,12.1532,LONDON,1
scalp_fade_3m_lim,BTCUSDT,3m,-1,STOP,2026-03-24T11:36:00.000Z,2026-03-24T11:44:59.999Z,2,-1.085471,0.0004,0.7898,-108.5471,19.6606,LONDON,-1
scalp_fade_3m_lim,BTCUSDT,3m,1,TIME,2026-03-24T14:54:00.000Z,2026-03-24T15:56:59.999Z,20,-0.122534,0.6825,0.3524,-12.2534,8.8964,NY,-1
scalp_fade_3m_lim,BTCUSDT,3m,1,TARGET,2026-03-24T17:57:00.000Z,2026-03-24T18:38:59.999Z,13,1.163836,1.3729,0.1842,116.3836,7.0642,NY,-1
scalp_fade_3m_lim,BTCUSDT,3m,1,TARGET,2026-03-24T19:33:00.000Z,2026-03-24T20:20:59.999Z,15,0.976641,1.2602,0.5875,97.6641,10.9776,NY,-1
scalp_fade_3m_lim,BTCUSDT,3m,-1,STOP,2026-03-25T00:33:00.000Z,2026-03-25T00:41:59.999Z,2,-1.078129,0.0000,0.9278,-107.8129,17.9540,ASIA,-1
scalp_fade_3m_lim,BTCUSDT,3m,-1,STOP,2026-03-25T03:33:00.000Z,2026-03-25T04:11:59.999Z,12,-1.090791,0.2445,0.9116,-109.0791,20.4733,ASIA,-1
scalp_fade_3m_lim,BTCUSDT,3m,-1,TARGET,2026-03-25T06:18:00.000Z,2026-03-25T07:02:59.999Z,14,0.901609,1.0447,0.3547,90.1609,12.5196,ASIA,-1
scalp_fade_3m_lim,BTCUSDT,3m,-1,STOP,2026-03-25T08:21:00.000Z,2026-03-25T08:32:59.999Z,3,-1.081358,0.1543,0.9061,-108.1358,18.6660,LONDON,-1
scalp_fade_3m_lim,BTCUSDT,3m,-1,STOP,2026-03-25T09:57:00.000Z,2026-03-25T09:59:59.999Z,0,-1.097766,0.0005,0.7398,-109.7766,22.6122,LONDON,-1
scalp_fade_3m_lim,BTCUSDT,3m,-1,STOP,2026-03-25T10:00:00.000Z,2026-03-25T10:47:59.999Z,15,-1.091229,0.2069,1.2203,-109.1229,20.4485,LONDON,-1
scalp_fade_3m_lim,BTCUSDT,3m,-1,TIME,2026-03-25T12:57:00.000Z,2026-03-25T13:59:59.999Z,20,0.291518,0.6691,0.3658,29.1518,11.3168,LONDON,-1
scalp_fade_3m_lim,BTCUSDT,3m,1,TIME,2026-03-25T19:57:00.000Z,2026-03-25T20:59:59.999Z,20,0.388501,0.9195,0.5738,38.8501,17.4332,NY,1
scalp_fade_3m_lim,BTCUSDT,3m,-1,TIME,2026-03-26T00:18:00.000Z,2026-03-26T01:20:59.999Z,20,0.066862,0.9245,0.4586,6.6862,21.5575,ASIA,-1
scalp_fade_3m_lim,BTCUSDT,3m,1,STOP,2026-03-26T04:12:00.000Z,2026-03-26T05:05:59.999Z,17,-1.109175,0.5584,0.7088,-110.9175,24.6943,ASIA,1
scalp_fade_3m_lim,BTCUSDT,3m,1,STOP,2026-03-26T07:06:00.000Z,2026-03-26T07:20:59.999Z,4,-1.090670,0.1552,0.7218,-109.0670,21.0925,LONDON,1
scalp_fade_3m_lim,BTCUSDT,3m,1,STOP,2026-03-26T08:06:00.000Z,2026-03-26T08:14:59.999Z,2,-1.098449,0.3453,0.7492,-109.8449,22.9794,LONDON,-1
scalp_fade_3m_lim,BTCUSDT,3m,1,STOP,2026-03-26T08:45:00.000Z,2026-03-26T09:32:59.999Z,15,-1.091132,0.9683,1.4706,-109.1132,20.7290,LONDON,1
scalp_fade_3m_lim,BTCUSDT,3m,1,TIME,2026-03-26T09:33:00.000Z,2026-03-26T10:35:59.999Z,20,-0.201580,0.3685,0.6093,-20.1580,14.5278,LONDON,1
scalp_fade_3m_lim,BTCUSDT,3m,1,STOP,2026-03-26T11:12:00.000Z,2026-03-26T11:23:59.999Z,3,-1.086070,0.1079,0.8213,-108.6070,20.0741,LONDON,-1
scalp_fade_3m_lim,BTCUSDT,3m,1,STOP,2026-03-26T13:33:00.000Z,2026-03-26T13:35:59.999Z,0,-1.100334,0.0248,0.8634,-110.0334,23.5126,NY,1
scalp_fade_3m_lim,BTCUSDT,3m,1,TARGET,2026-03-26T13:39:00.000Z,2026-03-26T13:47:59.999Z,2,1.025350,1.7955,0.3925,102.5350,10.0006,NY,-1
scalp_fade_3m_lim,BTCUSDT,3m,1,STOP,2026-03-26T15:00:00.000Z,2026-03-26T15:11:59.999Z,3,-1.051444,0.0564,0.9975,-105.1444,12.0803,NY,-1
scalp_fade_3m_lim,BTCUSDT,3m,1,TIME,2026-03-26T16:21:00.000Z,2026-03-26T17:23:59.999Z,20,-0.317752,0.1238,0.6538,-31.7752,15.6086,NY,1
scalp_fade_3m_lim,BTCUSDT,3m,1,STOP,2026-03-26T17:42:00.000Z,2026-03-26T17:50:59.999Z,2,-1.085191,0.1688,1.2377,-108.5191,19.9122,NY,1
scalp_fade_3m_lim,BTCUSDT,3m,1,TARGET,2026-03-26T20:00:00.000Z,2026-03-26T20:11:59.999Z,3,1.009299,3.0736,0.4674,100.9299,10.3345,NY,1
scalp_fade_3m_lim,BTCUSDT,3m,1,STOP,2026-03-26T22:15:00.000Z,2026-03-26T22:26:59.999Z,3,-1.075803,0.0754,1.4214,-107.5803,17.7039,LATE,-1
scalp_fade_3m_lim,BTCUSDT,3m,1,STOP,2026-03-26T23:15:00.000Z,2026-03-26T23:29:59.999Z,4,-1.088261,0.1410,0.8113,-108.8261,20.5376,LATE,1
scalp_fade_3m_lim,BTCUSDT,3m,1,STOP,2026-03-27T00:03:00.000Z,2026-03-27T00:38:59.999Z,11,-1.098243,0.9060,1.3611,-109.8243,22.5123,ASIA,-1
scalp_fade_3m_lim,BTCUSDT,3m,1,TIME,2026-03-27T00:42:00.000Z,2026-03-27T01:44:59.999Z,20,0.149885,0.6253,0.5699,14.9885,16.0702,ASIA,-1
scalp_fade_3m_lim,BTCUSDT,3m,1,STOP,2026-03-27T07:36:00.000Z,2026-03-27T07:41:59.999Z,1,-1.084981,0.0909,0.8886,-108.4981,19.9049,LONDON,-1
scalp_fade_3m_lim,BTCUSDT,3m,1,STOP,2026-03-27T13:33:00.000Z,2026-03-27T13:38:59.999Z,1,-1.064329,0.0642,1.4262,-106.4329,15.1175,NY,1
scalp_fade_3m_lim,BTCUSDT,3m,1,STOP,2026-03-27T13:45:00.000Z,2026-03-27T13:56:59.999Z,3,-1.048940,0.1752,1.0326,-104.8940,11.5021,NY,-1
scalp_fade_3m_lim,BTCUSDT,3m,1,STOP,2026-03-27T17:21:00.000Z,2026-03-27T17:35:59.999Z,4,-1.059776,0.0082,0.8330,-105.9776,13.9749,NY,1
scalp_fade_3m_lim,BTCUSDT,3m,1,TIME,2026-03-27T20:27:00.000Z,2026-03-27T21:29:59.999Z,20,0.547880,1.0377,0.4691,54.7880,18.2338,NY,1
scalp_fade_3m_lim,BTCUSDT,3m,1,STOP,2026-03-27T22:00:00.000Z,2026-03-27T22:08:59.999Z,2,-1.112911,0.0736,0.7443,-111.2911,26.3249,LATE,-1
scalp_fade_3m_lim,BTCUSDT,3m,1,TARGET,2026-03-27T22:36:00.000Z,2026-03-27T23:23:59.999Z,15,0.791157,1.0968,0.3135,79.1157,14.8598,LATE,-1
scalp_fade_3m_lim,BTCUSDT,3m,-1,STOP,2026-03-28T05:45:00.000Z,2026-03-28T06:02:59.999Z,5,-1.136648,0.1181,0.5764,-113.6648,31.3609,ASIA,1
scalp_fade_3m_lim,BTCUSDT,3m,-1,STOP,2026-03-28T06:03:00.000Z,2026-03-28T06:17:59.999Z,4,-1.130261,0.0922,0.9236,-113.0261,29.9473,ASIA,1
scalp_fade_3m_lim,BTCUSDT,3m,1,TARGET,2026-03-28T12:06:00.000Z,2026-03-28T12:14:59.999Z,2,0.554978,1.1854,0.2123,55.4978,19.8875,LONDON,1
scalp_fade_3m_lim,BTCUSDT,3m,-1,STOP,2026-03-28T13:27:00.000Z,2026-03-28T13:32:59.999Z,1,-1.129065,0.0827,1.5304,-112.9065,29.8552,NY,1
scalp_fade_3m_lim,BTCUSDT,3m,-1,TIME,2026-03-28T18:42:00.000Z,2026-03-28T19:44:59.999Z,20,0.026606,0.7640,0.1659,2.6606,28.0217,NY,1
scalp_fade_3m_lim,BTCUSDT,3m,-1,STOP,2026-03-28T19:57:00.000Z,2026-03-28T20:02:59.999Z,1,-1.148922,0.0243,0.7545,-114.8922,34.4803,NY,-1
scalp_fade_3m_lim,BTCUSDT,3m,-1,TARGET,2026-03-28T20:36:00.000Z,2026-03-28T21:11:59.999Z,11,0.673785,0.8625,0.3166,67.3785,17.3122,NY,1
scalp_fade_3m_lim,BTCUSDT,3m,-1,TIME,2026-03-29T03:54:00.000Z,2026-03-29T04:56:59.999Z,20,0.445108,0.9489,0.1620,44.5108,25.3403,ASIA,1
scalp_fade_3m_lim,BTCUSDT,3m,-1,STOP,2026-03-29T05:51:00.000Z,2026-03-29T06:05:59.999Z,4,-1.112729,0.2297,0.7217,-111.2729,25.8890,ASIA,-1
scalp_fade_3m_lim,BTCUSDT,3m,1,TIME,2026-03-29T08:00:00.000Z,2026-03-29T09:02:59.999Z,20,-0.067317,0.6962,0.4529,-6.7317,29.1890,LONDON,1
scalp_fade_3m_lim,BTCUSDT,3m,1,STOP,2026-03-29T09:06:00.000Z,2026-03-29T09:35:59.999Z,9,-1.135608,0.3788,0.7717,-113.5608,31.1250,LONDON,1
scalp_fade_3m_lim,BTCUSDT,3m,1,STOP,2026-03-29T09:36:00.000Z,2026-03-29T10:11:59.999Z,11,-1.115441,0.2476,0.6331,-111.5441,26.4183,LONDON,-1
scalp_fade_3m_lim,BTCUSDT,3m,-1,TARGET,2026-03-29T12:18:00.000Z,2026-03-29T13:08:59.999Z,16,0.798441,1.3092,0.4340,79.8441,14.6725,LONDON,1
scalp_fade_3m_lim,BTCUSDT,3m,1,STOP,2026-03-29T19:36:00.000Z,2026-03-29T19:59:59.999Z,7,-1.124413,0.0006,0.7282,-112.4413,28.6891,NY,1
scalp_fade_3m_lim,BTCUSDT,3m,-1,STOP,2026-03-30T02:45:00.000Z,2026-03-30T02:47:59.999Z,0,-1.060592,0.1391,1.3817,-106.0592,13.9356,ASIA,-1
scalp_fade_3m_lim,BTCUSDT,3m,-1,STOP,2026-03-30T07:51:00.000Z,2026-03-30T07:59:59.999Z,2,-1.088305,0.0627,0.8692,-108.8305,20.3195,LONDON,-1
scalp_fade_3m_lim,BTCUSDT,3m,-1,STOP,2026-03-30T10:51:00.000Z,2026-03-30T11:14:59.999Z,7,-1.126193,0.2145,0.5991,-112.6193,28.8270,LONDON,-1
scalp_fade_3m_lim,BTCUSDT,3m,-1,TARGET,2026-03-30T13:27:00.000Z,2026-03-30T13:50:59.999Z,7,1.054215,1.2575,0.2409,105.4215,9.3422,NY,1
scalp_fade_3m_lim,BTCUSDT,3m,-1,TIME,2026-03-30T14:57:00.000Z,2026-03-30T15:59:59.999Z,20,-0.015365,0.6962,0.4722,-1.5365,11.0361,NY,-1
scalp_fade_3m_lim,BTCUSDT,3m,1,TARGET,2026-03-30T21:06:00.000Z,2026-03-30T21:11:59.999Z,1,0.732370,1.0592,0.0740,73.2370,16.1641,LATE,1
scalp_fade_3m_lim,BTCUSDT,3m,1,TARGET,2026-03-30T23:03:00.000Z,2026-03-30T23:59:59.999Z,18,0.976566,1.1562,0.4573,97.6566,10.9684,LATE,-1
scalp_fade_3m_lim,BTCUSDT,3m,-1,STOP,2026-03-31T05:24:00.000Z,2026-03-31T05:53:59.999Z,9,-1.079300,0.1360,0.7560,-107.9300,17.9661,ASIA,-1
scalp_fade_3m_lim,BTCUSDT,3m,1,TARGET,2026-03-31T10:42:00.000Z,2026-03-31T11:17:59.999Z,11,1.042390,1.9350,0.1889,104.2390,9.6140,LONDON,-1
scalp_fade_3m_lim,BTCUSDT,3m,1,TARGET,2026-03-31T12:51:00.000Z,2026-03-31T13:38:59.999Z,15,1.086949,1.2018,0.1712,108.6949,8.6689,LONDON,1
scalp_fade_3m_lim,BTCUSDT,3m,-1,STOP,2026-03-31T16:39:00.000Z,2026-03-31T16:41:59.999Z,0,-1.051712,0.0903,1.7005,-105.1712,11.8630,NY,1
scalp_fade_3m_lim,BTCUSDT,3m,-1,STOP,2026-03-31T20:03:00.000Z,2026-03-31T20:11:59.999Z,2,-1.071199,0.1341,0.8407,-107.1199,16.3433,NY,-1
scalp_fade_3m_lim,BTCUSDT,3m,-1,TIME,2026-03-31T23:09:00.000Z,2026-04-01T00:11:59.999Z,20,0.436444,0.8025,0.4663,43.6444,18.8071,LATE,-1
scalp_fade_3m_lim,BTCUSDT,3m,-1,TARGET,2026-04-01T00:51:00.000Z,2026-04-01T01:35:59.999Z,14,1.053644,1.5942,0.3768,105.3644,9.3327,ASIA,-1
scalp_fade_3m_lim,BTCUSDT,3m,-1,STOP,2026-04-01T04:15:00.000Z,2026-04-01T04:41:59.999Z,8,-1.087544,0.1571,0.8036,-108.7544,19.8952,ASIA,1
scalp_fade_3m_lim,BTCUSDT,3m,-1,STOP,2026-04-01T05:15:00.000Z,2026-04-01T05:26:59.999Z,3,-1.074781,0.1697,1.3078,-107.4781,17.1405,ASIA,1
scalp_fade_3m_lim,BTCUSDT,3m,-1,TIME,2026-04-01T10:48:00.000Z,2026-04-01T11:50:59.999Z,20,-0.888390,0.4680,0.6404,-88.8390,21.3882,LONDON,1
scalp_fade_3m_lim,BTCUSDT,3m,-1,TARGET,2026-04-01T12:45:00.000Z,2026-04-01T13:02:59.999Z,5,1.144810,1.2736,0.3710,114.4810,7.4437,LONDON,-1
scalp_fade_3m_lim,BTCUSDT,3m,-1,STOP,2026-04-01T16:36:00.000Z,2026-04-01T17:05:59.999Z,9,-1.071357,0.0000,1.2836,-107.1357,16.1463,NY,-1
scalp_fade_3m_lim,BTCUSDT,3m,1,TIME,2026-04-01T19:51:00.000Z,2026-04-01T20:53:59.999Z,20,0.045789,0.3867,0.6180,4.5789,17.3498,NY,1
scalp_fade_3m_lim,BTCUSDT,3m,1,STOP,2026-04-01T22:03:00.000Z,2026-04-01T22:20:59.999Z,5,-1.087629,0.2237,0.8629,-108.7629,20.3499,LATE,1
scalp_fade_3m_lim,BTCUSDT,3m,1,TARGET,2026-04-01T23:39:00.000Z,2026-04-02T00:41:59.999Z,20,0.897443,1.6133,0.4567,89.7443,12.6146,LATE,-1
scalp_fade_3m_lim,BTCUSDT,3m,1,TARGET,2026-04-02T01:06:00.000Z,2026-04-02T01:11:59.999Z,1,1.239527,1.4071,0.0750,123.9527,5.5005,ASIA,1
scalp_fade_3m_lim,BTCUSDT,3m,1,STOP,2026-04-02T01:12:00.000Z,2026-04-02T01:20:59.999Z,2,-1.032320,0.0147,1.2908,-103.2320,7.6812,ASIA,1
scalp_fade_3m_lim,BTCUSDT,3m,1,TIME,2026-04-02T05:06:00.000Z,2026-04-02T06:08:59.999Z,20,0.320669,1.0411,0.4401,32.0669,19.2069,ASIA,-1
scalp_fade_3m_lim,BTCUSDT,3m,1,STOP,2026-04-02T08:18:00.000Z,2026-04-02T08:38:59.999Z,6,-1.102095,0.0979,0.9330,-110.2095,23.6273,LONDON,1
scalp_fade_3m_lim,BTCUSDT,3m,1,STOP,2026-04-02T09:42:00.000Z,2026-04-02T10:11:59.999Z,9,-1.097339,0.3138,1.0563,-109.7339,22.3981,LONDON,-1
scalp_fade_3m_lim,BTCUSDT,3m,1,STOP,2026-04-02T13:33:00.000Z,2026-04-02T13:35:59.999Z,0,-1.062174,0.0000,0.8062,-106.2174,14.6483,NY,-1
scalp_fade_3m_lim,BTCUSDT,3m,-1,TIME,2026-04-02T20:18:00.000Z,2026-04-02T21:20:59.999Z,20,-0.172145,1.0655,0.6136,-17.2145,19.7863,NY,1
scalp_fade_3m_lim,BTCUSDT,3m,-1,STOP,2026-04-02T22:33:00.000Z,2026-04-02T23:05:59.999Z,10,-1.104038,0.1603,0.6689,-110.4038,23.5854,LATE,-1
scalp_fade_3m_lim,BTCUSDT,3m,-1,TARGET,2026-04-02T23:06:00.000Z,2026-04-02T23:47:59.999Z,13,0.868308,1.0504,0.1812,86.8308,13.2219,LATE,1
scalp_fade_3m_lim,BTCUSDT,3m,-1,TARGET,2026-04-03T00:03:00.000Z,2026-04-03T00:11:59.999Z,2,0.717286,1.0660,0.3562,71.7286,16.4480,ASIA,1
scalp_fade_3m_lim,BTCUSDT,3m,1,STOP,2026-04-03T01:36:00.000Z,2026-04-03T01:41:59.999Z,1,-1.083941,0.0456,1.1238,-108.3941,19.6639,ASIA,1
scalp_fade_3m_lim,BTCUSDT,3m,1,STOP,2026-04-03T04:36:00.000Z,2026-04-03T05:20:59.999Z,14,-1.103669,0.6835,0.7044,-110.3669,23.6009,ASIA,1
scalp_fade_3m_lim,BTCUSDT,3m,1,TIME,2026-04-03T05:51:00.000Z,2026-04-03T06:53:59.999Z,20,0.147007,0.7526,0.5473,14.7007,20.8296,ASIA,1
scalp_fade_3m_lim,BTCUSDT,3m,-1,STOP,2026-04-03T10:48:00.000Z,2026-04-03T11:23:59.999Z,11,-1.121682,0.0153,0.7858,-112.1682,27.5634,LONDON,-1
scalp_fade_3m_lim,BTCUSDT,3m,1,TARGET,2026-04-03T13:57:00.000Z,2026-04-03T14:23:59.999Z,8,0.902843,1.0507,0.0470,90.2843,12.5509,NY,-1
scalp_fade_3m_lim,BTCUSDT,3m,-1,TIME,2026-04-03T15:24:00.000Z,2026-04-03T16:26:59.999Z,20,-0.880533,0.4810,0.4645,-88.0533,24.9939,NY,1
scalp_fade_3m_lim,BTCUSDT,3m,-1,TIME,2026-04-03T18:21:00.000Z,2026-04-03T19:23:59.999Z,20,-0.144664,0.8262,0.1206,-14.4664,29.0970,NY,-1
scalp_fade_3m_lim,BTCUSDT,3m,1,TIME,2026-04-03T19:27:00.000Z,2026-04-03T20:29:59.999Z,20,-0.091641,0.7464,0.2236,-9.1641,31.8739,NY,-1
scalp_fade_3m_lim,BTCUSDT,3m,-1,STOP,2026-04-03T21:15:00.000Z,2026-04-03T21:59:59.999Z,14,-1.159358,0.2960,0.5184,-115.9358,35.9405,LATE,1
scalp_fade_3m_lim,BTCUSDT,3m,-1,TIME,2026-04-03T22:03:00.000Z,2026-04-03T23:05:59.999Z,20,-0.457822,0.6566,0.1947,-45.7822,33.9066,LATE,1
scalp_fade_3m_lim,BTCUSDT,3m,-1,STOP,2026-04-03T23:33:00.000Z,2026-04-03T23:59:59.999Z,8,-1.155226,0.4205,0.5574,-115.5226,35.4333,LATE,-1
scalp_fade_3m_lim,BTCUSDT,3m,1,TIME,2026-04-04T02:42:00.000Z,2026-04-04T03:44:59.999Z,20,-0.698428,0.5831,0.3081,-69.8428,40.8058,ASIA,1
scalp_fade_3m_lim,BTCUSDT,3m,1,TARGET,2026-04-04T04:15:00.000Z,2026-04-04T04:29:59.999Z,4,0.259831,0.6050,0.2684,25.9831,26.0742,ASIA,-1
scalp_fade_3m_lim,BTCUSDT,3m,-1,STOP,2026-04-04T06:00:00.000Z,2026-04-04T06:11:59.999Z,3,-1.181312,0.0000,0.5333,-118.1312,41.8506,ASIA,1
scalp_fade_3m_lim,BTCUSDT,3m,-1,TARGET,2026-04-04T08:24:00.000Z,2026-04-04T08:53:59.999Z,9,0.518137,0.8199,0.3330,51.8137,20.5915,LONDON,1
scalp_fade_3m_lim,BTCUSDT,3m,-1,STOP,2026-04-04T10:39:00.000Z,2026-04-04T10:50:59.999Z,3,-1.158503,0.1332,1.2195,-115.8503,36.5599,LONDON,1
scalp_fade_3m_lim,BTCUSDT,3m,-1,TARGET,2026-04-04T13:39:00.000Z,2026-04-04T14:41:59.999Z,20,0.620752,1.4682,0.1477,62.0752,18.3707,NY,1
scalp_fade_3m_lim,BTCUSDT,3m,1,STOP,2026-04-05T05:15:00.000Z,2026-04-05T05:23:59.999Z,2,-1.163834,0.1389,0.5751,-116.3834,38.1054,ASIA,1
scalp_fade_3m_lim,BTCUSDT,3m,1,STOP,2026-04-05T05:51:00.000Z,2026-04-05T05:53:59.999Z,0,-1.160562,0.0760,0.7085,-116.0562,37.5036,ASIA,-1
scalp_fade_3m_lim,BTCUSDT,3m,1,STOP,2026-04-05T11:27:00.000Z,2026-04-05T12:05:59.999Z,12,-1.154315,0.0000,0.7435,-115.4315,35.1758,LONDON,1
scalp_fade_3m_lim,BTCUSDT,3m,1,TARGET,2026-04-05T15:06:00.000Z,2026-04-05T15:11:59.999Z,1,0.564984,0.7828,0.2994,56.4984,19.6836,NY,1
scalp_fade_3m_lim,BTCUSDT,3m,-1,STOP,2026-04-05T19:15:00.000Z,2026-04-05T19:20:59.999Z,1,-1.135481,0.1162,0.8503,-113.5481,31.3498,NY,-1
scalp_fade_3m_lim,BTCUSDT,3m,-1,TARGET,2026-04-05T22:03:00.000Z,2026-04-05T22:23:59.999Z,6,0.985819,1.4025,0.3728,98.5819,10.7827,LATE,1
scalp_fade_3m_lim,BTCUSDT,3m,-1,STOP,2026-04-06T02:06:00.000Z,2026-04-06T02:11:59.999Z,1,-1.085536,0.4870,1.6311,-108.5536,19.7166,ASIA,-1
scalp_fade_3m_lim,BTCUSDT,3m,-1,TIME,2026-04-06T02:12:00.000Z,2026-04-06T03:14:59.999Z,20,-0.142546,0.1873,0.6860,-14.2546,13.4312,ASIA,-1
scalp_fade_3m_lim,BTCUSDT,3m,-1,TIME,2026-04-06T04:36:00.000Z,2026-04-06T05:38:59.999Z,20,-0.948809,0.2489,0.5938,-94.8809,25.1189,ASIA,-1
scalp_fade_3m_lim,BTCUSDT,3m,-1,STOP,2026-04-06T06:09:00.000Z,2026-04-06T06:14:59.999Z,1,-1.111816,0.0005,0.7359,-111.1816,25.8377,ASIA,-1
scalp_fade_3m_lim,BTCUSDT,3m,-1,TIME,2026-04-06T06:51:00.000Z,2026-04-06T07:53:59.999Z,20,-0.939996,0.9098,0.6120,-93.9996,19.7227,ASIA,-1
scalp_fade_3m_lim,BTCUSDT,3m,-1,STOP,2026-04-06T13:51:00.000Z,2026-04-06T14:02:59.999Z,3,-1.067670,0.4365,0.8342,-106.7670,15.4910,NY,1
scalp_fade_3m_lim,BTCUSDT,3m,-1,STOP,2026-04-06T14:42:00.000Z,2026-04-06T15:44:59.999Z,20,-1.049218,0.3597,0.8958,-104.9218,10.8313,NY,-1
scalp_fade_3m_lim,BTCUSDT,3m,-1,STOP,2026-04-06T18:12:00.000Z,2026-04-06T18:29:59.999Z,5,-1.073335,0.2001,0.8648,-107.3335,16.7360,NY,-1
scalp_fade_3m_lim,BTCUSDT,3m,1,STOP,2026-04-07T01:24:00.000Z,2026-04-07T01:50:59.999Z,8,-1.068810,0.3142,0.8873,-106.8810,15.9248,ASIA,-1
scalp_fade_3m_lim,BTCUSDT,3m,1,STOP,2026-04-07T04:06:00.000Z,2026-04-07T04:20:59.999Z,4,-1.120069,0.0296,0.8151,-112.0069,27.8655,ASIA,1
scalp_fade_3m_lim,BTCUSDT,3m,1,TARGET,2026-04-07T12:21:00.000Z,2026-04-07T13:08:59.999Z,15,1.056348,1.2033,0.1772,105.6348,9.3094,LONDON,1
scalp_fade_3m_lim,BTCUSDT,3m,1,STOP,2026-04-07T13:33:00.000Z,2026-04-07T13:47:59.999Z,4,-1.079066,0.2803,0.8286,-107.9066,18.4191,NY,1
scalp_fade_3m_lim,BTCUSDT,3m,1,STOP,2026-04-07T14:24:00.000Z,2026-04-07T15:02:59.999Z,12,-1.053912,0.2387,0.8379,-105.3912,12.4189,NY,-1
scalp_fade_3m_lim,BTCUSDT,3m,-1,STOP,2026-04-07T19:18:00.000Z,2026-04-07T19:20:59.999Z,0,-1.085763,0.1835,1.2489,-108.5763,19.8105,NY,-1
scalp_fade_3m_lim,BTCUSDT,3m,-1,STOP,2026-04-07T19:21:00.000Z,2026-04-07T19:47:59.999Z,8,-1.068139,0.7116,0.8871,-106.8139,15.4404,NY,-1
scalp_fade_3m_lim,BTCUSDT,3m,-1,STOP,2026-04-07T19:48:00.000Z,2026-04-07T20:02:59.999Z,4,-1.058637,0.3726,1.3944,-105.8637,13.3682,NY,1
scalp_fade_3m_lim,BTCUSDT,3m,-1,TIME,2026-04-08T00:03:00.000Z,2026-04-08T01:05:59.999Z,20,0.798242,1.1744,0.0431,79.8242,9.7452,ASIA,1
scalp_fade_3m_lim,BTCUSDT,3m,-1,TARGET,2026-04-08T02:09:00.000Z,2026-04-08T02:35:59.999Z,8,1.039612,1.4388,0.1670,103.9612,9.6458,ASIA,1
scalp_fade_3m_lim,BTCUSDT,3m,-1,STOP,2026-04-08T04:03:00.000Z,2026-04-08T04:05:59.999Z,0,-1.122974,0.2114,1.1101,-112.2974,28.4957,ASIA,1
scalp_fade_3m_lim,BTCUSDT,3m,-1,STOP,2026-04-08T08:03:00.000Z,2026-04-08T08:35:59.999Z,10,-1.112051,0.1876,0.6519,-111.2051,25.4176,LONDON,-1
scalp_fade_3m_lim,BTCUSDT,3m,-1,STOP,2026-04-08T11:54:00.000Z,2026-04-08T12:35:59.999Z,13,-1.091085,0.5394,0.8154,-109.1085,20.4986,LONDON,1
scalp_fade_3m_lim,BTCUSDT,3m,1,STOP,2026-04-09T00:57:00.000Z,2026-04-09T01:08:59.999Z,3,-1.074334,0.1535,1.2672,-107.4334,17.3647,ASIA,-1
scalp_fade_3m_lim,BTCUSDT,3m,1,TIME,2026-04-09T03:09:00.000Z,2026-04-09T04:11:59.999Z,20,-0.604986,0.1944,0.6738,-60.4986,21.1144,ASIA,1
scalp_fade_3m_lim,BTCUSDT,3m,1,TIME,2026-04-09T05:51:00.000Z,2026-04-09T06:53:59.999Z,20,-0.264307,0.8764,0.5895,-26.4307,26.1194,ASIA,-1
scalp_fade_3m_lim,BTCUSDT,3m,1,STOP,2026-04-09T07:45:00.000Z,2026-04-09T08:11:59.999Z,8,-1.112690,0.1517,0.7278,-111.2690,25.9518,LONDON,-1
scalp_fade_3m_lim,BTCUSDT,3m,-1,TARGET,2026-04-09T12:30:00.000Z,2026-04-09T13:32:59.999Z,20,0.933008,1.2769,0.3467,93.3008,11.8381,LONDON,1
scalp_fade_3m_lim,BTCUSDT,3m,-1,STOP,2026-04-09T19:09:00.000Z,2026-04-09T19:50:59.999Z,13,-1.077046,1.0784,0.8599,-107.7046,17.3083,NY,1
scalp_fade_3m_lim,BTCUSDT,3m,-1,STOP,2026-04-09T20:00:00.000Z,2026-04-09T20:26:59.999Z,8,-1.069042,0.3430,0.8049,-106.9042,15.6478,NY,-1
scalp_fade_3m_lim,BTCUSDT,3m,-1,TARGET,2026-04-09T22:33:00.000Z,2026-04-09T22:59:59.999Z,8,1.190692,1.3484,0.0802,119.0692,6.4727,LATE,1
scalp_fade_3m_lim,BTCUSDT,3m,-1,STOP,2026-04-10T01:33:00.000Z,2026-04-10T01:38:59.999Z,1,-1.064131,0.0469,0.8270,-106.4131,14.7309,ASIA,1
scalp_fade_3m_lim,BTCUSDT,3m,1,TARGET,2026-04-10T08:48:00.000Z,2026-04-10T09:20:59.999Z,10,0.892031,1.2350,0.3618,89.2031,12.7693,LONDON,1
scalp_fade_3m_lim,BTCUSDT,3m,-1,STOP,2026-04-10T12:03:00.000Z,2026-04-10T12:23:59.999Z,6,-1.105215,0.3928,0.8446,-110.5215,24.0505,LONDON,-1
scalp_fade_3m_lim,BTCUSDT,3m,-1,STOP,2026-04-10T12:30:00.000Z,2026-04-10T12:32:59.999Z,0,-1.075978,0.4691,1.1515,-107.5978,17.5266,LONDON,-1
scalp_fade_3m_lim,BTCUSDT,3m,-1,TIME,2026-04-10T12:33:00.000Z,2026-04-10T13:35:59.999Z,20,0.754950,1.0681,0.1766,75.4950,13.1068,LONDON,-1
scalp_fade_3m_lim,BTCUSDT,3m,-1,STOP,2026-04-10T14:45:00.000Z,2026-04-10T15:26:59.999Z,13,-1.053239,0.3957,1.0149,-105.3239,11.8983,NY,1
scalp_fade_3m_lim,BTCUSDT,3m,-1,STOP,2026-04-10T16:36:00.000Z,2026-04-10T16:59:59.999Z,7,-1.063033,0.2736,0.9118,-106.3033,14.2975,NY,1
scalp_fade_3m_lim,BTCUSDT,3m,-1,STOP,2026-04-10T18:21:00.000Z,2026-04-10T19:11:59.999Z,16,-1.083991,0.5151,0.7468,-108.3991,18.7725,NY,1
scalp_fade_3m_lim,BTCUSDT,3m,-1,STOP,2026-04-10T19:51:00.000Z,2026-04-10T19:59:59.999Z,2,-1.092905,0.0643,0.7422,-109.2905,21.3885,NY,1
scalp_fade_3m_lim,BTCUSDT,3m,-1,STOP,2026-04-10T20:24:00.000Z,2026-04-10T20:32:59.999Z,2,-1.086962,0.1307,1.3184,-108.6962,20.0073,NY,1
scalp_fade_3m_lim,BTCUSDT,3m,-1,TIME,2026-04-10T20:45:00.000Z,2026-04-10T21:47:59.999Z,20,0.156221,0.9802,0.5715,15.6221,16.0816,NY,1
scalp_fade_3m_lim,BTCUSDT,3m,-1,TARGET,2026-04-10T22:06:00.000Z,2026-04-10T22:35:59.999Z,9,0.924747,1.0648,0.1625,92.4747,12.0543,LATE,-1
scalp_fade_3m_lim,BTCUSDT,3m,1,TIME,2026-04-11T06:36:00.000Z,2026-04-11T07:38:59.999Z,20,-0.216384,0.7035,0.0540,-21.6384,31.9313,ASIA,-1
scalp_fade_3m_lim,BTCUSDT,3m,-1,STOP,2026-04-11T11:51:00.000Z,2026-04-11T11:56:59.999Z,1,-1.192404,0.0665,0.4765,-119.2404,44.6080,LONDON,-1
scalp_fade_3m_lim,BTCUSDT,3m,1,TARGET,2026-04-11T14:39:00.000Z,2026-04-11T15:17:59.999Z,12,0.652410,1.5774,0.3156,65.2410,17.7812,NY,1
scalp_fade_3m_lim,BTCUSDT,3m,-1,TARGET,2026-04-11T21:36:00.000Z,2026-04-11T22:38:59.999Z,20,0.829521,1.0097,0.6410,82.9521,14.0031,LATE,-1
scalp_fade_3m_lim,BTCUSDT,3m,1,STOP,2026-04-12T01:06:00.000Z,2026-04-12T01:35:59.999Z,9,-1.111488,0.5325,4.4591,-111.1488,25.6246,ASIA,1
scalp_fade_3m_lim,BTCUSDT,3m,1,STOP,2026-04-12T01:36:00.000Z,2026-04-12T01:41:59.999Z,1,-1.054356,0.0648,0.8942,-105.4356,12.8055,ASIA,-1
scalp_fade_3m_lim,BTCUSDT,3m,1,TIME,2026-04-12T02:18:00.000Z,2026-04-12T03:20:59.999Z,20,-0.629553,0.0665,0.5201,-62.9553,10.0207,ASIA,-1
scalp_fade_3m_lim,BTCUSDT,3m,1,TARGET,2026-04-12T04:54:00.000Z,2026-04-12T05:26:59.999Z,10,0.832955,1.0278,0.2502,83.2955,14.0078,ASIA,-1
scalp_fade_3m_lim,BTCUSDT,3m,1,TARGET,2026-04-12T08:03:00.000Z,2026-04-12T08:41:59.999Z,12,0.527650,0.7837,0.3172,52.7650,20.3950,LONDON,1
scalp_fade_3m_lim,BTCUSDT,3m,1,STOP,2026-04-12T12:54:00.000Z,2026-04-12T13:02:59.999Z,2,-1.084292,0.1578,1.0353,-108.4292,19.7044,LONDON,-1
scalp_fade_3m_lim,BTCUSDT,3m,-1,TIME,2026-04-13T02:27:00.000Z,2026-04-13T03:29:59.999Z,20,0.316420,0.9249,0.3620,31.6420,22.2639,ASIA,1
scalp_fade_3m_lim,BTCUSDT,3m,1,TARGET,2026-04-13T10:45:00.000Z,2026-04-13T11:44:59.999Z,19,0.795046,0.9883,0.3334,79.5046,14.7591,LONDON,-1
scalp_fade_3m_lim,BTCUSDT,3m,1,TARGET,2026-04-13T12:03:00.000Z,2026-04-13T12:08:59.999Z,1,0.758713,1.2632,0.1035,75.8713,15.6102,LONDON,-1
scalp_fade_3m_lim,BTCUSDT,3m,1,TARGET,2026-04-13T12:36:00.000Z,2026-04-13T12:53:59.999Z,5,0.866736,1.6741,0.3288,86.6736,13.3214,LONDON,1
scalp_fade_3m_lim,BTCUSDT,3m,-1,STOP,2026-04-13T16:09:00.000Z,2026-04-13T16:20:59.999Z,3,-1.059441,0.0000,0.9035,-105.9441,13.5824,NY,-1
scalp_fade_3m_lim,BTCUSDT,3m,-1,TIME,2026-04-13T17:12:00.000Z,2026-04-13T18:14:59.999Z,20,0.215289,0.7994,0.5899,21.5289,13.1609,NY,1
scalp_fade_3m_lim,BTCUSDT,3m,-1,STOP,2026-04-13T19:18:00.000Z,2026-04-13T19:23:59.999Z,1,-1.082992,0.0222,1.4442,-108.2992,19.1240,NY,1
scalp_fade_3m_lim,BTCUSDT,3m,-1,STOP,2026-04-13T21:36:00.000Z,2026-04-13T21:41:59.999Z,1,-1.109849,0.1217,0.8153,-110.9849,25.3795,LATE,1
scalp_fade_3m_lim,BTCUSDT,3m,-1,TIME,2026-04-14T08:48:00.000Z,2026-04-14T09:50:59.999Z,20,0.412072,0.9252,0.6355,41.2072,20.0194,LONDON,1
scalp_fade_3m_lim,BTCUSDT,3m,-1,STOP,2026-04-14T13:33:00.000Z,2026-04-14T13:38:59.999Z,1,-1.076067,0.0000,0.8449,-107.6067,17.5110,NY,1
scalp_fade_3m_lim,BTCUSDT,3m,1,STOP,2026-04-14T22:21:00.000Z,2026-04-14T22:32:59.999Z,3,-1.073603,0.2057,0.7878,-107.3603,17.1960,LATE,1
scalp_fade_3m_lim,BTCUSDT,3m,1,TARGET,2026-04-14T23:54:00.000Z,2026-04-15T00:05:59.999Z,3,0.953220,2.1283,0.0695,95.3220,11.5129,LATE,-1
scalp_fade_3m_lim,BTCUSDT,3m,-1,TARGET,2026-04-15T01:57:00.000Z,2026-04-15T02:32:59.999Z,11,0.959611,1.5507,0.3352,95.9611,11.3149,ASIA,-1
scalp_fade_3m_lim,BTCUSDT,3m,1,STOP,2026-04-15T07:06:00.000Z,2026-04-15T07:17:59.999Z,3,-1.115661,0.8395,1.4392,-111.5661,26.9054,LONDON,-1
scalp_fade_3m_lim,BTCUSDT,3m,1,TARGET,2026-04-15T07:51:00.000Z,2026-04-15T08:35:59.999Z,14,0.997128,1.6161,0.1343,99.7128,10.5523,LONDON,-1
scalp_fade_3m_lim,BTCUSDT,3m,1,STOP,2026-04-15T10:18:00.000Z,2026-04-15T10:32:59.999Z,4,-1.099956,0.1029,0.8725,-109.9956,23.2319,LONDON,1
scalp_fade_3m_lim,BTCUSDT,3m,-1,TARGET,2026-04-15T15:15:00.000Z,2026-04-15T15:32:59.999Z,5,1.142608,1.7540,0.0747,114.2608,7.4900,NY,1
scalp_fade_3m_lim,BTCUSDT,3m,-1,STOP,2026-04-15T21:42:00.000Z,2026-04-15T22:05:59.999Z,7,-1.093273,0.2575,1.2547,-109.3273,21.2540,LATE,-1
scalp_fade_3m_lim,BTCUSDT,3m,-1,TARGET,2026-04-16T00:33:00.000Z,2026-04-16T01:08:59.999Z,11,0.988282,1.1148,0.4080,98.8282,10.7133,ASIA,-1
scalp_fade_3m_lim,BTCUSDT,3m,-1,STOP,2026-04-16T04:09:00.000Z,2026-04-16T04:44:59.999Z,11,-1.102234,0.3117,1.0082,-110.2234,23.1258,ASIA,-1
scalp_fade_3m_lim,BTCUSDT,3m,1,STOP,2026-04-16T13:39:00.000Z,2026-04-16T13:50:59.999Z,3,-1.073092,0.1902,1.0418,-107.3092,17.0781,NY,-1
scalp_fade_3m_lim,BTCUSDT,3m,-1,STOP,2026-04-16T23:06:00.000Z,2026-04-16T23:38:59.999Z,10,-1.099537,0.3081,0.8758,-109.9537,22.5563,LATE,-1
scalp_fade_3m_lim,BTCUSDT,3m,-1,TARGET,2026-04-17T00:33:00.000Z,2026-04-17T01:23:59.999Z,16,0.873977,1.8251,0.1878,87.3977,13.0902,ASIA,-1
scalp_fade_3m_lim,BTCUSDT,3m,1,STOP,2026-04-17T05:06:00.000Z,2026-04-17T05:11:59.999Z,1,-1.125049,0.0285,0.6770,-112.5049,29.1934,ASIA,1
scalp_fade_3m_lim,BTCUSDT,3m,-1,STOP,2026-04-17T07:57:00.000Z,2026-04-17T08:08:59.999Z,3,-1.117146,0.0539,0.7296,-111.7146,26.9672,LONDON,1
scalp_fade_3m_lim,BTCUSDT,3m,-1,STOP,2026-04-17T08:27:00.000Z,2026-04-17T08:35:59.999Z,2,-1.094599,0.0649,1.2824,-109.4599,21.7822,LONDON,1
scalp_fade_3m_lim,BTCUSDT,3m,-1,TIME,2026-04-17T21:45:00.000Z,2026-04-17T22:47:59.999Z,20,-0.175367,0.5279,0.4451,-17.5367,23.1308,LATE,1
scalp_fade_3m_lim,BTCUSDT,3m,-1,TARGET,2026-04-18T02:39:00.000Z,2026-04-18T03:32:59.999Z,17,0.828760,1.2448,0.1849,82.8760,14.0328,ASIA,-1
scalp_fade_3m_lim,BTCUSDT,3m,1,TIME,2026-04-18T05:36:00.000Z,2026-04-18T06:38:59.999Z,20,-0.646875,0.5246,0.4594,-64.6875,31.4047,ASIA,-1
scalp_fade_3m_lim,BTCUSDT,3m,1,STOP,2026-04-18T10:03:00.000Z,2026-04-18T10:47:59.999Z,14,-1.092849,0.3226,0.8039,-109.2849,21.1583,LONDON,1
scalp_fade_3m_lim,BTCUSDT,3m,1,STOP,2026-04-18T16:03:00.000Z,2026-04-18T16:17:59.999Z,4,-1.099959,0.5838,1.0674,-109.9959,23.2326,NY,-1
scalp_fade_3m_lim,BTCUSDT,3m,1,STOP,2026-04-18T16:18:00.000Z,2026-04-18T16:20:59.999Z,0,-1.077918,0.6487,0.7894,-107.7918,18.3056,NY,1
scalp_fade_3m_lim,BTCUSDT,3m,1,STOP,2026-04-18T16:24:00.000Z,2026-04-18T17:14:59.999Z,16,-1.063365,0.2061,0.7976,-106.3365,14.4440,NY,1
scalp_fade_3m_lim,BTCUSDT,3m,1,TARGET,2026-04-18T20:03:00.000Z,2026-04-18T20:44:59.999Z,13,0.721475,0.8950,0.1322,72.1475,16.3289,NY,-1
scalp_fade_3m_lim,BTCUSDT,3m,1,STOP,2026-04-18T21:15:00.000Z,2026-04-18T21:20:59.999Z,1,-1.119235,0.1637,0.6617,-111.9235,27.8454,LATE,1
scalp_fade_3m_lim,BTCUSDT,3m,1,TARGET,2026-04-18T22:06:00.000Z,2026-04-18T22:50:59.999Z,14,0.731651,1.1502,0.3224,73.1651,16.1105,LATE,1
scalp_fade_3m_lim,BTCUSDT,3m,1,TIME,2026-04-19T07:45:00.000Z,2026-04-19T08:47:59.999Z,20,-0.170145,0.4150,0.3953,-17.0145,18.8821,LONDON,-1
scalp_fade_3m_lim,BTCUSDT,3m,1,STOP,2026-04-19T09:09:00.000Z,2026-04-19T09:23:59.999Z,4,-1.126258,0.0742,0.9924,-112.6258,29.2914,LONDON,1
scalp_fade_3m_lim,BTCUSDT,3m,1,STOP,2026-04-19T20:03:00.000Z,2026-04-19T20:44:59.999Z,13,-1.091781,0.3927,1.2888,-109.1781,20.9596,NY,1
scalp_fade_3m_lim,BTCUSDT,3m,1,STOP,2026-04-19T21:51:00.000Z,2026-04-19T21:53:59.999Z,0,-1.092327,0.0839,1.1351,-109.2327,21.6527,LATE,1
scalp_fade_3m_lim,BTCUSDT,3m,1,STOP,2026-04-20T04:36:00.000Z,2026-04-20T05:08:59.999Z,10,-1.132779,0.7581,0.9568,-113.2779,30.4179,ASIA,1
scalp_fade_3m_lim,BTCUSDT,3m,-1,STOP,2026-04-20T09:09:00.000Z,2026-04-20T09:23:59.999Z,4,-1.075955,0.2010,0.7986,-107.5955,17.3769,LONDON,-1
scalp_fade_3m_lim,BTCUSDT,3m,-1,STOP,2026-04-20T11:27:00.000Z,2026-04-20T12:11:59.999Z,14,-1.090387,0.4962,0.7630,-109.0387,20.2990,LONDON,-1
scalp_fade_3m_lim,BTCUSDT,3m,-1,STOP,2026-04-20T13:36:00.000Z,2026-04-20T14:26:59.999Z,16,-1.059447,0.7644,1.2425,-105.9447,13.2288,NY,-1
scalp_fade_3m_lim,BTCUSDT,3m,-1,TIME,2026-04-20T15:24:00.000Z,2026-04-20T16:26:59.999Z,20,0.018198,0.2224,0.7061,1.8198,10.4378,NY,-1
scalp_fade_3m_lim,BTCUSDT,3m,-1,STOP,2026-04-20T17:03:00.000Z,2026-04-20T17:11:59.999Z,2,-1.072669,0.1700,0.7777,-107.2669,16.6850,NY,-1
scalp_fade_3m_lim,BTCUSDT,3m,-1,TARGET,2026-04-20T22:03:00.000Z,2026-04-20T23:05:59.999Z,20,0.879003,1.3550,0.5034,87.9003,12.9679,LATE,-1
scalp_fade_3m_lim,BTCUSDT,3m,-1,STOP,2026-04-21T00:06:00.000Z,2026-04-21T00:35:59.999Z,9,-1.109157,0.6586,0.7333,-110.9157,24.8064,ASIA,1
scalp_fade_3m_lim,BTCUSDT,3m,-1,STOP,2026-04-21T00:48:00.000Z,2026-04-21T01:08:59.999Z,6,-1.084787,0.3698,0.9493,-108.4787,19.3415,ASIA,1
scalp_fade_3m_lim,BTCUSDT,3m,1,TARGET,2026-04-21T04:21:00.000Z,2026-04-21T04:59:59.999Z,12,0.727058,1.0624,0.1205,72.7058,16.2173,ASIA,1
scalp_fade_3m_lim,BTCUSDT,3m,-1,TIME,2026-04-21T09:03:00.000Z,2026-04-21T10:05:59.999Z,20,-0.377056,0.7060,0.3085,-37.7056,13.9658,LONDON,1
scalp_fade_3m_lim,BTCUSDT,3m,-1,STOP,2026-04-21T10:45:00.000Z,2026-04-21T10:50:59.999Z,1,-1.101053,0.0783,1.0186,-110.1053,23.3307,LONDON,-1
scalp_fade_3m_lim,BTCUSDT,3m,-1,TARGET,2026-04-21T12:33:00.000Z,2026-04-21T12:41:59.999Z,2,0.894787,2.1583,0.4468,89.4787,12.7126,LONDON,-1
scalp_fade_3m_lim,BTCUSDT,3m,1,STOP,2026-04-21T13:45:00.000Z,2026-04-21T14:05:59.999Z,6,-1.060950,0.1419,0.8343,-106.0950,14.1868,NY,1
scalp_fade_3m_lim,BTCUSDT,3m,1,STOP,2026-04-21T14:57:00.000Z,2026-04-21T15:05:59.999Z,2,-1.049464,0.0002,1.1779,-104.9464,11.6473,NY,1
scalp_fade_3m_lim,BTCUSDT,3m,1,TIME,2026-04-21T18:18:00.000Z,2026-04-21T19:20:59.999Z,20,0.179297,0.6981,0.6817,17.9297,14.9926,NY,-1
scalp_fade_3m_lim,BTCUSDT,3m,-1,TIME,2026-04-22T00:39:00.000Z,2026-04-22T01:41:59.999Z,20,-0.146743,0.6622,0.4635,-14.6743,19.9339,ASIA,-1
scalp_fade_3m_lim,BTCUSDT,3m,-1,STOP,2026-04-22T02:06:00.000Z,2026-04-22T02:11:59.999Z,1,-1.100724,0.1688,2.4048,-110.0724,23.2540,ASIA,1
scalp_fade_3m_lim,BTCUSDT,3m,-1,STOP,2026-04-22T02:12:00.000Z,2026-04-22T02:17:59.999Z,1,-1.067553,0.4032,0.9736,-106.7553,15.5281,ASIA,1
scalp_fade_3m_lim,BTCUSDT,3m,-1,STOP,2026-04-22T05:18:00.000Z,2026-04-22T05:23:59.999Z,1,-1.069386,0.2151,0.8647,-106.9386,15.9550,ASIA,1
scalp_fade_3m_lim,BTCUSDT,3m,-1,TIME,2026-04-22T07:45:00.000Z,2026-04-22T08:47:59.999Z,20,-0.077030,0.5338,0.5972,-7.7030,21.2445,LONDON,-1
scalp_fade_3m_lim,BTCUSDT,3m,-1,STOP,2026-04-22T11:12:00.000Z,2026-04-22T11:32:59.999Z,6,-1.101938,0.0808,0.7228,-110.1938,23.2950,LONDON,1
scalp_fade_3m_lim,BTCUSDT,3m,-1,STOP,2026-04-22T13:12:00.000Z,2026-04-22T13:32:59.999Z,6,-1.082897,0.0520,1.2756,-108.2897,18.9058,NY,-1
scalp_fade_3m_lim,BTCUSDT,3m,-1,STOP,2026-04-22T13:33:00.000Z,2026-04-22T13:47:59.999Z,4,-1.069747,0.3104,1.1420,-106.9747,15.9399,NY,1
scalp_fade_3m_lim,BTCUSDT,3m,-1,TIME,2026-04-22T17:54:00.000Z,2026-04-22T18:56:59.999Z,20,-0.506746,0.4291,0.6951,-50.6746,17.9597,NY,-1
scalp_fade_3m_lim,BTCUSDT,3m,-1,STOP,2026-04-22T21:33:00.000Z,2026-04-22T21:44:59.999Z,3,-1.138783,0.0313,0.5747,-113.8783,31.9858,LATE,-1
scalp_fade_3m_lim,BTCUSDT,3m,-1,TARGET,2026-04-22T22:06:00.000Z,2026-04-22T22:29:59.999Z,7,0.801597,0.9633,0.4572,80.1597,14.6496,LATE,1
scalp_fade_3m_lim,BTCUSDT,3m,1,STOP,2026-04-23T00:06:00.000Z,2026-04-23T00:11:59.999Z,1,-1.087410,0.1318,1.0957,-108.7410,20.4680,ASIA,-1
scalp_fade_3m_lim,BTCUSDT,3m,1,TIME,2026-04-23T00:21:00.000Z,2026-04-23T01:23:59.999Z,20,-0.443211,0.7047,0.2429,-44.3211,10.6774,ASIA,-1
scalp_fade_3m_lim,BTCUSDT,3m,1,STOP,2026-04-23T07:39:00.000Z,2026-04-23T08:08:59.999Z,9,-1.111892,0.2847,0.8990,-111.1892,25.7168,LONDON,-1
scalp_fade_3m_lim,BTCUSDT,3m,1,TIME,2026-04-23T10:06:00.000Z,2026-04-23T11:08:59.999Z,20,-0.017380,0.2390,0.4076,-1.7380,10.2015,LONDON,1
scalp_fade_3m_lim,BTCUSDT,3m,1,TIME,2026-04-23T12:48:00.000Z,2026-04-23T13:50:59.999Z,20,-0.750874,0.8922,0.5715,-75.0874,17.5498,LONDON,1
scalp_fade_3m_lim,BTCUSDT,3m,1,TARGET,2026-04-23T13:51:00.000Z,2026-04-23T14:29:59.999Z,12,1.062912,1.3308,0.4341,106.2912,9.1810,NY,1
scalp_fade_3m_lim,BTCUSDT,3m,-1,TIME,2026-04-23T15:48:00.000Z,2026-04-23T16:50:59.999Z,20,-0.244806,0.2832,0.4383,-24.4806,13.8904,NY,1
scalp_fade_3m_lim,BTCUSDT,3m,1,TIME,2026-04-23T17:54:00.000Z,2026-04-23T18:56:59.999Z,20,0.103532,0.8442,0.1781,10.3532,8.8265,NY,-1
scalp_fade_3m_lim,BTCUSDT,3m,1,TARGET,2026-04-23T19:51:00.000Z,2026-04-23T20:44:59.999Z,17,1.007018,1.1348,0.2645,100.7018,10.3351,NY,-1
scalp_fade_3m_lim,BTCUSDT,3m,-1,STOP,2026-04-23T22:03:00.000Z,2026-04-23T22:08:59.999Z,1,-1.107434,0.0572,0.8581,-110.7434,24.8171,LATE,1
scalp_fade_3m_lim,BTCUSDT,3m,1,STOP,2026-04-24T07:54:00.000Z,2026-04-24T07:56:59.999Z,0,-1.127285,0.1146,0.7194,-112.7285,29.7733,LONDON,-1
scalp_fade_3m_lim,BTCUSDT,3m,1,TARGET,2026-04-24T07:57:00.000Z,2026-04-24T08:17:59.999Z,6,0.792639,1.4431,0.2605,79.2639,14.8725,LONDON,-1
scalp_fade_3m_lim,BTCUSDT,3m,-1,TIME,2026-04-24T14:39:00.000Z,2026-04-24T15:41:59.999Z,20,0.332942,1.1156,0.2894,33.2942,15.0973,NY,-1
scalp_fade_3m_lim,BTCUSDT,3m,1,TIME,2026-04-24T18:15:00.000Z,2026-04-24T19:17:59.999Z,20,0.012927,0.7598,0.6697,1.2927,19.2528,NY,-1
scalp_fade_3m_lim,BTCUSDT,3m,1,TIME,2026-04-24T19:33:00.000Z,2026-04-24T20:35:59.999Z,20,-0.515059,0.3122,0.6355,-51.5059,24.8408,NY,-1
scalp_fade_3m_lim,BTCUSDT,3m,1,TIME,2026-04-24T21:15:00.000Z,2026-04-24T22:17:59.999Z,20,-0.526913,0.3622,0.4132,-52.6913,27.4100,LATE,-1
scalp_fade_3m_lim,BTCUSDT,3m,1,STOP,2026-04-25T06:57:00.000Z,2026-04-25T07:02:59.999Z,1,-1.176695,0.0592,0.6920,-117.6695,41.1657,ASIA,-1
scalp_fade_3m_lim,BTCUSDT,3m,-1,TARGET,2026-04-25T10:45:00.000Z,2026-04-25T11:23:59.999Z,12,0.560156,1.1497,0.1248,56.0156,19.6899,LONDON,1
scalp_fade_3m_lim,BTCUSDT,3m,-1,TIME,2026-04-25T14:15:00.000Z,2026-04-25T15:17:59.999Z,20,-0.542434,0.3265,0.3456,-54.2434,32.4548,NY,1
scalp_fade_3m_lim,BTCUSDT,3m,1,TIME,2026-04-25T18:03:00.000Z,2026-04-25T19:05:59.999Z,20,-0.745880,0.4586,0.2790,-74.5880,29.8612,NY,-1
scalp_fade_3m_lim,BTCUSDT,3m,-1,STOP,2026-04-25T23:06:00.000Z,2026-04-25T23:38:59.999Z,10,-1.163639,0.0623,0.4952,-116.3639,37.2124,LATE,1
scalp_fade_3m_lim,BTCUSDT,3m,-1,TARGET,2026-04-26T00:03:00.000Z,2026-04-26T00:05:59.999Z,0,0.421310,0.7551,0.2327,42.1310,22.6916,ASIA,1
scalp_fade_3m_lim,BTCUSDT,3m,-1,TIME,2026-04-26T02:15:00.000Z,2026-04-26T03:17:59.999Z,20,-0.473685,0.6398,0.1541,-47.3685,36.2147,ASIA,-1
scalp_fade_3m_lim,BTCUSDT,3m,1,TARGET,2026-04-26T04:00:00.000Z,2026-04-26T04:14:59.999Z,4,0.448749,0.7547,0.0778,44.8749,22.1059,ASIA,-1
scalp_fade_3m_lim,BTCUSDT,3m,1,TARGET,2026-04-26T04:33:00.000Z,2026-04-26T04:44:59.999Z,3,0.385073,0.6617,0.1052,38.5073,23.4511,ASIA,1
scalp_fade_3m_lim,BTCUSDT,3m,-1,STOP,2026-04-26T07:54:00.000Z,2026-04-26T07:56:59.999Z,0,-1.167532,0.0349,0.4810,-116.7532,38.8957,LONDON,-1
scalp_fade_3m_lim,BTCUSDT,3m,-1,TIME,2026-04-26T09:54:00.000Z,2026-04-26T10:56:59.999Z,20,-0.654079,0.2924,0.4160,-65.4079,37.4737,LONDON,-1
scalp_fade_3m_lim,BTCUSDT,3m,-1,TIME,2026-04-26T14:21:00.000Z,2026-04-26T15:23:59.999Z,20,-0.367388,0.6229,0.2552,-36.7388,25.7402,NY,1
scalp_fade_3m_lim,BTCUSDT,3m,-1,STOP,2026-04-26T18:09:00.000Z,2026-04-26T18:14:59.999Z,1,-1.145700,0.2893,0.6144,-114.5700,33.7299,NY,1
scalp_fade_3m_lim,BTCUSDT,3m,-1,STOP,2026-04-26T18:15:00.000Z,2026-04-26T18:17:59.999Z,0,-1.121778,0.1196,1.2746,-112.1778,28.2166,NY,1
scalp_fade_3m_lim,BTCUSDT,3m,-1,STOP,2026-04-26T20:30:00.000Z,2026-04-26T20:32:59.999Z,0,-1.136678,0.0006,0.5489,-113.6678,31.6943,NY,-1
scalp_fade_3m_lim,BTCUSDT,3m,-1,TIME,2026-04-26T21:57:00.000Z,2026-04-26T22:59:59.999Z,20,0.184614,1.0476,0.6438,18.4614,10.2451,LATE,-1
scalp_fade_3m_lim,BTCUSDT,3m,-1,STOP,2026-04-26T23:33:00.000Z,2026-04-26T23:50:59.999Z,5,-1.062646,0.2544,1.3692,-106.2646,14.2667,LATE,-1
scalp_fade_3m_lim,BTCUSDT,3m,-1,TIME,2026-04-27T03:39:00.000Z,2026-04-27T04:41:59.999Z,20,0.044457,0.9496,0.2353,4.4457,25.2596,ASIA,1
scalp_fade_3m_lim,BTCUSDT,3m,1,TIME,2026-04-27T07:48:00.000Z,2026-04-27T08:50:59.999Z,20,-0.156718,0.4814,0.6098,-15.6718,26.2190,LONDON,1
scalp_fade_3m_lim,BTCUSDT,3m,1,STOP,2026-04-27T12:03:00.000Z,2026-04-27T12:41:59.999Z,12,-1.142972,0.7363,0.6499,-114.2972,32.6048,LONDON,-1
scalp_fade_3m_lim,BTCUSDT,3m,1,TARGET,2026-04-27T12:45:00.000Z,2026-04-27T13:41:59.999Z,18,0.804088,1.0485,0.6083,80.4088,14.5749,LONDON,-1
scalp_fade_3m_lim,BTCUSDT,3m,1,TARGET,2026-04-27T13:48:00.000Z,2026-04-27T14:35:59.999Z,15,1.062297,1.1832,0.3275,106.2297,9.1848,NY,1
scalp_fade_3m_lim,BTCUSDT,3m,1,STOP,2026-04-27T14:54:00.000Z,2026-04-27T15:05:59.999Z,3,-1.062691,0.1765,1.6352,-106.2691,14.6767,NY,1
scalp_fade_3m_lim,BTCUSDT,3m,1,STOP,2026-04-27T19:27:00.000Z,2026-04-27T19:32:59.999Z,1,-1.110171,0.0528,1.3457,-111.0171,25.7444,NY,1
scalp_fade_3m_lim,BTCUSDT,3m,-1,TARGET,2026-04-28T00:54:00.000Z,2026-04-28T01:44:59.999Z,16,0.952147,1.0979,0.2359,95.2147,11.4527,ASIA,-1
scalp_fade_3m_lim,BTCUSDT,3m,1,STOP,2026-04-28T04:21:00.000Z,2026-04-28T04:26:59.999Z,1,-1.120420,0.0540,0.6571,-112.0420,28.1203,ASIA,1
scalp_fade_3m_lim,BTCUSDT,3m,1,TARGET,2026-04-28T04:36:00.000Z,2026-04-28T05:05:59.999Z,9,0.790725,1.0370,0.0514,79.0725,14.8980,ASIA,-1
scalp_fade_3m_lim,BTCUSDT,3m,1,STOP,2026-04-28T06:39:00.000Z,2026-04-28T06:44:59.999Z,1,-1.104091,0.1439,0.9114,-110.4091,24.3349,ASIA,-1
scalp_fade_3m_lim,BTCUSDT,3m,1,STOP,2026-04-28T12:21:00.000Z,2026-04-28T13:11:59.999Z,16,-1.087017,0.5953,1.2577,-108.7017,19.7620,LONDON,-1
scalp_fade_3m_lim,BTCUSDT,3m,1,STOP,2026-04-28T13:30:00.000Z,2026-04-28T14:17:59.999Z,15,-1.088337,0.8615,1.1611,-108.8337,20.0993,NY,1
scalp_fade_3m_lim,BTCUSDT,3m,-1,TARGET,2026-04-28T21:57:00.000Z,2026-04-28T22:56:59.999Z,19,0.728313,0.9324,0.2918,72.8313,16.1257,LATE,-1
scalp_fade_3m_lim,BTCUSDT,3m,-1,TIME,2026-04-28T23:15:00.000Z,2026-04-29T00:17:59.999Z,20,-0.439423,0.5975,0.2742,-43.9423,32.3392,LATE,-1
scalp_fade_3m_lim,BTCUSDT,3m,-1,TARGET,2026-04-29T11:36:00.000Z,2026-04-29T12:14:59.999Z,12,0.767999,1.6582,0.3185,76.7999,15.3303,LONDON,-1
scalp_fade_3m_lim,BTCUSDT,3m,1,TARGET,2026-04-29T17:27:00.000Z,2026-04-29T18:02:59.999Z,11,0.981031,1.2456,0.4301,98.1031,10.9000,NY,1
scalp_fade_3m_lim,BTCUSDT,3m,1,STOP,2026-04-29T18:06:00.000Z,2026-04-29T18:08:59.999Z,0,-1.068130,0.0763,1.3338,-106.8130,16.0318,NY,1
scalp_fade_3m_lim,BTCUSDT,3m,1,TARGET,2026-04-29T19:33:00.000Z,2026-04-29T20:05:59.999Z,10,1.026571,1.2178,0.2096,102.6571,9.9488,NY,1
scalp_fade_3m_lim,BTCUSDT,3m,1,TIME,2026-04-29T22:03:00.000Z,2026-04-29T23:05:59.999Z,20,-0.418584,0.6181,0.2663,-41.8584,24.6622,LATE,1
scalp_fade_3m_lim,BTCUSDT,3m,1,STOP,2026-04-30T04:06:00.000Z,2026-04-30T04:32:59.999Z,8,-1.101462,0.2426,1.0876,-110.1462,23.3861,ASIA,1
scalp_fade_3m_lim,BTCUSDT,3m,-1,TIME,2026-04-30T08:24:00.000Z,2026-04-30T09:26:59.999Z,20,-0.688759,0.1592,0.6243,-68.8759,26.2386,LONDON,1
scalp_fade_3m_lim,BTCUSDT,3m,-1,TARGET,2026-04-30T09:30:00.000Z,2026-04-30T10:20:59.999Z,16,0.839637,0.9973,0.6194,83.9637,13.8095,LONDON,1
scalp_fade_3m_lim,BTCUSDT,3m,-1,STOP,2026-04-30T10:36:00.000Z,2026-04-30T11:14:59.999Z,12,-1.118421,0.5274,0.8039,-111.8421,26.7648,LONDON,-1
scalp_fade_3m_lim,BTCUSDT,3m,-1,STOP,2026-04-30T13:36:00.000Z,2026-04-30T13:41:59.999Z,1,-1.100725,0.1753,1.3382,-110.0725,23.2543,NY,-1
scalp_fade_3m_lim,BTCUSDT,3m,-1,STOP,2026-04-30T19:09:00.000Z,2026-04-30T19:32:59.999Z,7,-1.112669,0.0000,0.6371,-111.2669,25.7161,NY,1
scalp_fade_3m_lim,BTCUSDT,3m,-1,TARGET,2026-04-30T21:00:00.000Z,2026-04-30T21:23:59.999Z,7,0.554855,0.8113,0.2875,55.4855,19.8336,LATE,1
scalp_fade_3m_lim,BTCUSDT,3m,-1,STOP,2026-04-30T23:30:00.000Z,2026-05-01T00:05:59.999Z,11,-1.138671,0.2281,0.8471,-113.8671,31.4397,LATE,-1
scalp_fade_3m_lim,BTCUSDT,3m,-1,STOP,2026-05-01T07:21:00.000Z,2026-05-01T08:14:59.999Z,17,-1.111497,0.6718,0.7452,-111.1497,24.9350,LONDON,-1
scalp_fade_3m_lim,BTCUSDT,3m,-1,STOP,2026-05-01T10:21:00.000Z,2026-05-01T10:23:59.999Z,0,-1.129484,0.0255,0.7137,-112.9484,30.0151,LONDON,1
scalp_fade_3m_lim,BTCUSDT,3m,-1,STOP,2026-05-01T12:15:00.000Z,2026-05-01T12:23:59.999Z,2,-1.090351,0.0382,0.8704,-109.0351,20.7949,LONDON,-1
scalp_fade_3m_lim,BTCUSDT,3m,-1,STOP,2026-05-01T13:42:00.000Z,2026-05-01T13:53:59.999Z,3,-1.066032,0.1418,1.6718,-106.6032,15.1111,NY,1
scalp_fade_3m_lim,BTCUSDT,3m,-1,TARGET,2026-05-01T16:03:00.000Z,2026-05-01T17:05:59.999Z,20,1.105520,1.2502,0.2219,110.5520,8.2290,NY,1
scalp_fade_3m_lim,BTCUSDT,3m,-1,STOP,2026-05-01T17:18:00.000Z,2026-05-01T17:41:59.999Z,7,-1.085083,0.4719,0.8316,-108.5083,19.3700,NY,-1
scalp_fade_3m_lim,BTCUSDT,3m,-1,TIME,2026-05-01T18:33:00.000Z,2026-05-01T19:35:59.999Z,20,0.316895,0.8360,0.2189,31.6895,22.2032,NY,1
scalp_fade_3m_lim,BTCUSDT,3m,-1,STOP,2026-05-02T03:27:00.000Z,2026-05-02T03:35:59.999Z,2,-1.136029,0.0023,1.0213,-113.6029,31.4120,ASIA,-1
scalp_fade_3m_lim,BTCUSDT,3m,-1,TARGET,2026-05-02T21:39:00.000Z,2026-05-02T22:05:59.999Z,8,0.991624,1.1488,0.0514,99.1624,10.6537,LATE,1
scalp_fade_3m_lim,BTCUSDT,3m,-1,TARGET,2026-05-02T23:15:00.000Z,2026-05-03T00:11:59.999Z,18,0.730916,0.9494,0.4448,73.0916,16.0765,LATE,1
scalp_fade_3m_lim,BTCUSDT,3m,1,TIME,2026-05-03T02:12:00.000Z,2026-05-03T03:14:59.999Z,20,-0.892057,0.0723,0.4534,-89.2057,29.0486,ASIA,1
scalp_fade_3m_lim,BTCUSDT,3m,1,STOP,2026-05-03T04:48:00.000Z,2026-05-03T04:50:59.999Z,0,-1.190045,0.0008,0.3700,-119.0045,44.3524,ASIA,1
scalp_fade_3m_lim,BTCUSDT,3m,-1,TIME,2026-05-03T14:03:00.000Z,2026-05-03T15:05:59.999Z,20,-0.907045,0.7105,0.5066,-90.7045,31.8514,NY,-1
scalp_fade_3m_lim,BTCUSDT,3m,-1,STOP,2026-05-03T19:33:00.000Z,2026-05-03T19:35:59.999Z,0,-1.173698,0.0000,0.8805,-117.3698,40.3348,NY,1
scalp_fade_3m_lim,BTCUSDT,3m,-1,TIME,2026-05-03T20:51:00.000Z,2026-05-03T21:53:59.999Z,20,0.179528,0.9506,0.5848,17.9528,20.2982,NY,1
scalp_fade_3m_lim,BTCUSDT,3m,-1,STOP,2026-05-03T22:03:00.000Z,2026-05-03T22:14:59.999Z,3,-1.083913,0.6876,0.9610,-108.3913,19.2586,LATE,-1
scalp_fade_3m_lim,BTCUSDT,3m,-1,TARGET,2026-05-04T05:00:00.000Z,2026-05-04T05:20:59.999Z,6,0.951369,1.1661,0.2512,95.1369,11.5067,ASIA,-1
scalp_fade_3m_lim,BTCUSDT,3m,-1,TARGET,2026-05-04T07:45:00.000Z,2026-05-04T08:02:59.999Z,5,0.806127,0.9546,0.2375,80.6127,14.5640,LONDON,-1
scalp_fade_3m_lim,BTCUSDT,3m,1,STOP,2026-05-04T13:00:00.000Z,2026-05-04T13:02:59.999Z,0,-1.104736,0.0000,1.1721,-110.4736,24.5352,NY,1
scalp_fade_3m_lim,BTCUSDT,3m,1,STOP,2026-05-04T13:39:00.000Z,2026-05-04T14:05:59.999Z,8,-1.073896,0.3911,0.8896,-107.3896,17.0871,NY,-1
scalp_fade_3m_lim,BTCUSDT,3m,-1,TIME,2026-05-04T16:21:00.000Z,2026-05-04T17:23:59.999Z,20,-0.537144,0.4456,0.4287,-53.7144,9.3735,NY,1
scalp_fade_3m_lim,BTCUSDT,3m,-1,TIME,2026-05-04T18:03:00.000Z,2026-05-04T19:05:59.999Z,20,0.488679,1.0184,0.1409,48.8679,13.5783,NY,1
scalp_fade_3m_lim,BTCUSDT,3m,-1,TIME,2026-05-04T20:00:00.000Z,2026-05-04T21:02:59.999Z,20,-0.498860,0.7718,0.4773,-49.8860,25.1619,NY,1
scalp_fade_3m_lim,BTCUSDT,3m,-1,STOP,2026-05-04T21:03:00.000Z,2026-05-04T21:23:59.999Z,6,-1.113403,0.2053,0.9121,-111.3403,25.9380,LATE,-1
scalp_fade_3m_lim,BTCUSDT,3m,-1,STOP,2026-05-05T05:06:00.000Z,2026-05-05T05:26:59.999Z,6,-1.110061,0.1141,1.5647,-111.0061,25.1675,ASIA,-1
scalp_fade_3m_lim,BTCUSDT,3m,-1,STOP,2026-05-05T07:03:00.000Z,2026-05-05T07:23:59.999Z,6,-1.120937,0.2508,0.7153,-112.0937,27.6747,LONDON,-1
scalp_fade_3m_lim,BTCUSDT,3m,-1,TARGET,2026-05-05T13:33:00.000Z,2026-05-05T14:17:59.999Z,14,1.067949,1.3706,0.6340,106.7949,9.0328,NY,1
scalp_fade_3m_lim,BTCUSDT,3m,-1,TARGET,2026-05-05T16:06:00.000Z,2026-05-05T16:32:59.999Z,8,0.936655,1.1027,0.1672,93.6655,11.8082,NY,1
scalp_fade_3m_lim,BTCUSDT,3m,-1,STOP,2026-05-05T18:09:00.000Z,2026-05-05T18:14:59.999Z,1,-1.110740,0.1193,0.9558,-111.0740,25.5871,NY,1
scalp_fade_3m_lim,BTCUSDT,3m,-1,STOP,2026-05-05T19:18:00.000Z,2026-05-05T19:44:59.999Z,8,-1.120083,0.1700,0.6150,-112.0083,27.3655,NY,-1
scalp_fade_3m_lim,BTCUSDT,3m,-1,TIME,2026-05-05T20:03:00.000Z,2026-05-05T21:05:59.999Z,20,-0.626031,0.7059,0.4931,-62.6031,23.8571,NY,1
scalp_fade_3m_lim,BTCUSDT,3m,1,TARGET,2026-05-06T00:03:00.000Z,2026-05-06T00:11:59.999Z,2,0.899211,1.1656,0.0913,89.9211,12.6519,ASIA,-1
scalp_fade_3m_lim,BTCUSDT,3m,-1,STOP,2026-05-06T09:33:00.000Z,2026-05-06T10:14:59.999Z,13,-1.079646,0.3385,0.8597,-107.9646,17.8992,LONDON,-1
scalp_fade_3m_lim,BTCUSDT,3m,1,TIME,2026-05-06T17:18:00.000Z,2026-05-06T18:20:59.999Z,20,-0.044915,0.4661,0.4984,-4.4915,17.8610,NY,-1
scalp_fade_3m_lim,BTCUSDT,3m,1,TIME,2026-05-06T20:33:00.000Z,2026-05-06T21:35:59.999Z,20,0.232733,0.7049,0.1592,23.2733,20.8496,NY,1
scalp_fade_3m_lim,BTCUSDT,3m,1,STOP,2026-05-06T22:03:00.000Z,2026-05-06T22:08:59.999Z,1,-1.122005,0.0821,0.6949,-112.2005,28.4877,LATE,1
scalp_fade_3m_lim,BTCUSDT,3m,1,TIME,2026-05-07T01:12:00.000Z,2026-05-07T02:14:59.999Z,20,-0.775652,0.7052,0.5239,-77.5652,18.0432,ASIA,-1
scalp_fade_3m_lim,BTCUSDT,3m,1,TIME,2026-05-07T02:33:00.000Z,2026-05-07T03:35:59.999Z,20,-0.764247,0.4475,0.6918,-76.4247,21.1177,ASIA,-1
scalp_fade_3m_lim,BTCUSDT,3m,1,STOP,2026-05-07T03:45:00.000Z,2026-05-07T03:59:59.999Z,4,-1.116190,0.1349,0.7814,-111.6190,26.9719,ASIA,-1
scalp_fade_3m_lim,BTCUSDT,3m,1,TARGET,2026-05-07T04:15:00.000Z,2026-05-07T05:14:59.999Z,19,0.858345,1.3050,0.1037,85.8345,13.4360,ASIA,-1
scalp_fade_3m_lim,BTCUSDT,3m,1,STOP,2026-05-07T06:06:00.000Z,2026-05-07T06:11:59.999Z,1,-1.138305,0.1442,0.6923,-113.8305,32.2662,ASIA,-1
scalp_fade_3m_lim,BTCUSDT,3m,-1,TARGET,2026-05-07T07:51:00.000Z,2026-05-07T08:38:59.999Z,15,0.787467,1.1654,0.3581,78.7467,14.9073,LONDON,1
scalp_fade_3m_lim,BTCUSDT,3m,1,TIME,2026-05-07T10:48:00.000Z,2026-05-07T11:50:59.999Z,20,-0.578603,0.8488,0.2084,-57.8603,22.0163,LONDON,-1
scalp_fade_3m_lim,BTCUSDT,3m,1,TARGET,2026-05-07T11:51:00.000Z,2026-05-07T12:05:59.999Z,4,0.781021,0.9843,0.1417,78.1021,15.1263,LONDON,1
scalp_fade_3m_lim,BTCUSDT,3m,1,TARGET,2026-05-07T17:27:00.000Z,2026-05-07T17:56:59.999Z,9,1.076481,1.4406,0.2504,107.6481,8.9054,NY,1
scalp_fade_3m_lim,BTCUSDT,3m,1,TARGET,2026-05-07T19:54:00.000Z,2026-05-07T20:02:59.999Z,2,0.927879,1.0891,0.1390,92.7879,12.0493,NY,-1
scalp_fade_3m_lim,BTCUSDT,3m,1,STOP,2026-05-07T20:36:00.000Z,2026-05-07T20:38:59.999Z,0,-1.110168,0.0005,0.7789,-111.0168,25.7971,NY,1
scalp_fade_3m_lim,BTCUSDT,3m,1,TIME,2026-05-07T22:36:00.000Z,2026-05-07T23:38:59.999Z,20,0.355651,0.7927,0.0525,35.5651,20.8054,LATE,-1
scalp_fade_3m_lim,BTCUSDT,3m,1,STOP,2026-05-08T00:30:00.000Z,2026-05-08T00:47:59.999Z,5,-1.103549,0.0864,0.7411,-110.3549,24.0101,ASIA,1
scalp_fade_3m_lim,BTCUSDT,3m,1,STOP,2026-05-08T02:36:00.000Z,2026-05-08T03:02:59.999Z,8,-1.086617,0.0756,1.0912,-108.6617,19.9939,ASIA,-1
scalp_fade_3m_lim,BTCUSDT,3m,1,STOP,2026-05-08T06:48:00.000Z,2026-05-08T07:08:59.999Z,6,-1.113842,0.2152,1.0115,-111.3842,26.3225,ASIA,-1
scalp_fade_3m_lim,BTCUSDT,3m,-1,TIME,2026-05-08T09:30:00.000Z,2026-05-08T10:32:59.999Z,20,-0.553002,0.6133,0.5612,-55.3002,24.4896,LONDON,1
scalp_fade_3m_lim,BTCUSDT,3m,-1,TARGET,2026-05-08T12:33:00.000Z,2026-05-08T13:08:59.999Z,11,0.952785,1.3034,0.1889,95.2785,11.4581,LONDON,1
scalp_fade_3m_lim,BTCUSDT,3m,-1,STOP,2026-05-08T18:00:00.000Z,2026-05-08T18:20:59.999Z,6,-1.087031,0.0226,0.7679,-108.7031,19.8588,NY,-1
scalp_fade_3m_lim,BTCUSDT,3m,-1,TIME,2026-05-08T20:00:00.000Z,2026-05-08T21:02:59.999Z,20,-0.274813,0.4797,0.5253,-27.4813,26.0807,NY,-1
scalp_fade_3m_lim,BTCUSDT,3m,-1,STOP,2026-05-08T21:36:00.000Z,2026-05-08T22:02:59.999Z,8,-1.135046,0.3605,0.8131,-113.5046,30.8005,LATE,1
scalp_fade_3m_lim,BTCUSDT,3m,-1,STOP,2026-05-09T00:51:00.000Z,2026-05-09T01:11:59.999Z,6,-1.170256,0.0327,0.4531,-117.0256,39.0437,ASIA,1
scalp_fade_3m_lim,BTCUSDT,3m,-1,STOP,2026-05-09T01:24:00.000Z,2026-05-09T01:32:59.999Z,2,-1.159788,0.0598,0.7117,-115.9788,36.9345,ASIA,1
scalp_fade_3m_lim,BTCUSDT,3m,-1,TIME,2026-05-09T02:03:00.000Z,2026-05-09T03:05:59.999Z,20,-0.915050,0.2140,0.4793,-91.5050,30.7395,ASIA,1
scalp_fade_3m_lim,BTCUSDT,3m,1,TARGET,2026-05-09T07:51:00.000Z,2026-05-09T08:05:59.999Z,4,0.640995,0.9472,0.1536,64.0995,18.0676,LONDON,1
scalp_fade_3m_lim,BTCUSDT,3m,-1,TIME,2026-05-09T12:24:00.000Z,2026-05-09T13:26:59.999Z,20,-0.683935,0.3436,0.3252,-68.3935,38.3571,LONDON,1
scalp_fade_3m_lim,BTCUSDT,3m,-1,TARGET,2026-05-09T13:57:00.000Z,2026-05-09T14:26:59.999Z,9,0.404694,0.6888,0.3977,40.4694,22.9734,NY,-1
scalp_fade_3m_lim,BTCUSDT,3m,-1,STOP,2026-05-09T14:45:00.000Z,2026-05-09T15:32:59.999Z,15,-1.136520,0.5727,0.8416,-113.6520,30.6990,NY,1
scalp_fade_3m_lim,BTCUSDT,3m,-1,STOP,2026-05-09T18:00:00.000Z,2026-05-09T18:26:59.999Z,8,-1.124778,0.1090,1.2519,-112.4778,28.4433,NY,1
scalp_fade_3m_lim,BTCUSDT,3m,-1,TARGET,2026-05-09T22:42:00.000Z,2026-05-09T23:29:59.999Z,15,0.539446,0.8310,0.4547,53.9446,20.1045,LATE,-1
scalp_fade_3m_lim,BTCUSDT,3m,-1,TARGET,2026-05-10T00:12:00.000Z,2026-05-10T01:02:59.999Z,16,0.575658,0.7768,0.4181,57.5658,19.3394,ASIA,1
scalp_fade_3m_lim,BTCUSDT,3m,-1,TARGET,2026-05-10T05:24:00.000Z,2026-05-10T05:50:59.999Z,8,0.389805,0.7308,0.1039,38.9805,23.2936,ASIA,-1
scalp_fade_3m_lim,BTCUSDT,3m,-1,STOP,2026-05-10T10:21:00.000Z,2026-05-10T11:02:59.999Z,13,-1.130917,0.0919,0.9898,-113.0917,29.5503,LONDON,1
scalp_fade_3m_lim,BTCUSDT,3m,-1,TIME,2026-05-10T13:42:00.000Z,2026-05-10T14:44:59.999Z,20,-0.312858,0.5603,0.2752,-31.2858,34.8708,NY,1
scalp_fade_3m_lim,BTCUSDT,3m,-1,STOP,2026-05-10T14:54:00.000Z,2026-05-10T15:05:59.999Z,3,-1.116597,0.1613,0.7327,-111.6597,26.8398,NY,-1
scalp_fade_3m_lim,BTCUSDT,3m,-1,STOP,2026-05-10T15:09:00.000Z,2026-05-10T15:41:59.999Z,10,-1.102201,0.1722,1.0207,-110.2201,23.1655,NY,-1
scalp_fade_3m_lim,BTCUSDT,3m,-1,STOP,2026-05-10T17:48:00.000Z,2026-05-10T17:53:59.999Z,1,-1.118787,0.2676,0.9809,-111.8787,27.4614,NY,-1
scalp_fade_3m_lim,BTCUSDT,3m,-1,STOP,2026-05-10T19:12:00.000Z,2026-05-10T19:23:59.999Z,3,-1.116235,0.0610,0.6842,-111.6235,26.7559,NY,-1
scalp_fade_3m_lim,BTCUSDT,3m,1,TARGET,2026-05-10T21:54:00.000Z,2026-05-10T22:02:59.999Z,2,0.968714,1.5511,0.3781,96.8714,11.1910,LATE,1
scalp_fade_3m_lim,BTCUSDT,3m,-1,TARGET,2026-05-11T00:00:00.000Z,2026-05-11T00:17:59.999Z,5,1.021528,1.6713,0.5272,102.1528,10.0355,ASIA,-1
scalp_fade_3m_lim,BTCUSDT,3m,1,TARGET,2026-05-11T05:45:00.000Z,2026-05-11T06:11:59.999Z,8,0.704893,1.0244,0.2211,70.4893,16.7035,ASIA,1
scalp_fade_3m_lim,BTCUSDT,3m,1,STOP,2026-05-11T07:51:00.000Z,2026-05-11T08:11:59.999Z,6,-1.117141,0.1920,0.6508,-111.7141,27.0795,LONDON,-1
scalp_fade_3m_lim,BTCUSDT,3m,1,TARGET,2026-05-11T08:30:00.000Z,2026-05-11T08:44:59.999Z,4,0.793204,0.9789,0.1027,79.3204,14.8704,LONDON,-1
scalp_fade_3m_lim,BTCUSDT,3m,-1,STOP,2026-05-11T11:54:00.000Z,2026-05-11T12:26:59.999Z,10,-1.136467,0.5152,1.0223,-113.6467,30.9998,LONDON,1
scalp_fade_3m_lim,BTCUSDT,3m,-1,TARGET,2026-05-11T13:03:00.000Z,2026-05-11T13:35:59.999Z,10,0.870984,1.4217,0.5476,87.0984,13.1788,NY,1
scalp_fade_3m_lim,BTCUSDT,3m,-1,TIME,2026-05-11T19:45:00.000Z,2026-05-11T20:47:59.999Z,20,0.116876,0.8537,0.3198,11.6876,19.5838,NY,1
scalp_fade_3m_lim,BTCUSDT,3m,-1,TARGET,2026-05-12T00:03:00.000Z,2026-05-12T00:20:59.999Z,5,0.701408,0.9267,0.1694,70.1408,16.7656,ASIA,-1
scalp_fade_3m_lim,BTCUSDT,3m,1,TIME,2026-05-12T01:54:00.000Z,2026-05-12T02:56:59.999Z,20,-0.267288,0.3068,0.4060,-26.7288,15.0654,ASIA,-1
scalp_fade_3m_lim,BTCUSDT,3m,1,STOP,2026-05-12T03:45:00.000Z,2026-05-12T03:47:59.999Z,0,-1.142829,0.0000,0.8142,-114.2829,33.3842,ASIA,-1
scalp_fade_3m_lim,BTCUSDT,3m,1,TARGET,2026-05-12T03:48:00.000Z,2026-05-12T04:38:59.999Z,16,0.705391,0.8806,0.5416,70.5391,16.6494,ASIA,-1
scalp_fade_3m_lim,BTCUSDT,3m,1,STOP,2026-05-12T09:06:00.000Z,2026-05-12T09:23:59.999Z,5,-1.129658,0.1132,0.5862,-112.9658,30.0130,LONDON,-1
scalp_fade_3m_lim,BTCUSDT,3m,1,TARGET,2026-05-12T11:12:00.000Z,2026-05-12T12:11:59.999Z,19,0.808055,1.1888,0.5661,80.8055,14.4872,LONDON,-1
scalp_fade_3m_lim,BTCUSDT,3m,1,STOP,2026-05-12T13:48:00.000Z,2026-05-12T13:59:59.999Z,3,-1.079084,0.2281,0.9803,-107.9084,18.4613,NY,-1
scalp_fade_3m_lim,BTCUSDT,3m,-1,TARGET,2026-05-12T23:03:00.000Z,2026-05-12T23:38:59.999Z,11,0.652534,1.0856,0.1890,65.2534,17.7581,LATE,1
scalp_fade_3m_lim,BTCUSDT,3m,-1,TIME,2026-05-13T04:36:00.000Z,2026-05-13T05:38:59.999Z,20,0.284689,0.8166,0.2079,28.4689,28.3697,ASIA,-1
scalp_fade_3m_lim,BTCUSDT,3m,-1,TARGET,2026-05-13T06:30:00.000Z,2026-05-13T07:23:59.999Z,17,0.721217,1.0663,0.0498,72.1217,16.2849,ASIA,-1
scalp_fade_3m_lim,BTCUSDT,3m,-1,STOP,2026-05-13T08:42:00.000Z,2026-05-13T09:02:59.999Z,6,-1.115751,0.1206,0.7350,-111.5751,26.4793,LONDON,1
scalp_fade_3m_lim,BTCUSDT,3m,1,STOP,2026-05-13T21:03:00.000Z,2026-05-13T21:08:59.999Z,1,-1.136594,0.1065,0.9534,-113.6594,31.8697,LATE,1
scalp_fade_3m_lim,BTCUSDT,3m,1,STOP,2026-05-13T23:12:00.000Z,2026-05-13T23:35:59.999Z,7,-1.120261,0.2801,0.7062,-112.0261,27.7384,LATE,1
scalp_fade_3m_lim,BTCUSDT,3m,1,STOP,2026-05-14T02:18:00.000Z,2026-05-14T02:50:59.999Z,10,-1.118580,0.4681,1.0383,-111.8580,27.1866,ASIA,-1
scalp_fade_3m_lim,BTCUSDT,3m,-1,TARGET,2026-05-14T10:12:00.000Z,2026-05-14T10:41:59.999Z,9,0.866397,1.1025,0.2199,86.6397,13.2795,LONDON,-1
scalp_fade_3m_lim,BTCUSDT,3m,-1,TIME,2026-05-14T17:00:00.000Z,2026-05-14T18:02:59.999Z,20,0.432384,1.1776,0.2996,43.2384,10.7201,NY,-1
scalp_fade_3m_lim,BTCUSDT,3m,-1,STOP,2026-05-14T22:06:00.000Z,2026-05-14T22:47:59.999Z,13,-1.121277,0.1295,0.7241,-112.1277,27.3595,LATE,-1
scalp_fade_3m_lim,BTCUSDT,3m,-1,STOP,2026-05-15T00:09:00.000Z,2026-05-15T00:14:59.999Z,1,-1.112453,0.0442,0.8397,-111.2453,25.9859,ASIA,1
scalp_fade_3m_lim,BTCUSDT,3m,1,STOP,2026-05-15T04:45:00.000Z,2026-05-15T04:56:59.999Z,3,-1.104425,0.1308,0.6701,-110.4425,24.3115,ASIA,-1
scalp_fade_3m_lim,BTCUSDT,3m,1,STOP,2026-05-15T05:33:00.000Z,2026-05-15T05:38:59.999Z,1,-1.076964,0.1448,0.7794,-107.6964,18.0463,ASIA,-1
scalp_fade_3m_lim,BTCUSDT,3m,1,STOP,2026-05-15T12:03:00.000Z,2026-05-15T12:08:59.999Z,1,-1.117095,0.1167,0.6248,-111.7095,27.3495,LONDON,-1
scalp_fade_3m_lim,BTCUSDT,3m,1,STOP,2026-05-15T12:12:00.000Z,2026-05-15T12:17:59.999Z,1,-1.099627,0.0004,0.7581,-109.9627,23.3001,LONDON,-1
scalp_fade_3m_lim,BTCUSDT,3m,1,STOP,2026-05-15T12:24:00.000Z,2026-05-15T12:53:59.999Z,9,-1.094892,0.2238,0.7529,-109.4892,21.8401,LONDON,-1
scalp_fade_3m_lim,BTCUSDT,3m,1,TIME,2026-05-15T16:12:00.000Z,2026-05-15T17:14:59.999Z,20,0.004937,0.9149,0.0745,0.4937,20.8371,NY,1
scalp_fade_3m_lim,BTCUSDT,3m,1,STOP,2026-05-15T21:48:00.000Z,2026-05-15T21:59:59.999Z,3,-1.128411,0.0556,0.9805,-112.8411,29.8490,LATE,-1
scalp_fade_3m_lim,BTCUSDT,3m,1,TIME,2026-05-15T23:21:00.000Z,2026-05-16T00:23:59.999Z,20,-0.027505,0.6923,0.1202,-2.7505,34.6570,LATE,1
scalp_fade_3m_lim,BTCUSDT,3m,1,STOP,2026-05-16T00:45:00.000Z,2026-05-16T00:59:59.999Z,4,-1.151003,0.1347,0.5611,-115.1003,34.9923,ASIA,-1
scalp_fade_3m_lim,BTCUSDT,3m,1,STOP,2026-05-16T04:06:00.000Z,2026-05-16T04:32:59.999Z,8,-1.145924,0.1347,0.7348,-114.5924,33.5458,ASIA,-1
scalp_fade_3m_lim,BTCUSDT,3m,1,TIME,2026-05-16T10:36:00.000Z,2026-05-16T11:38:59.999Z,20,0.310470,0.7684,0.3674,31.0470,17.7625,LONDON,-1
scalp_fade_3m_lim,BTCUSDT,3m,1,STOP,2026-05-16T13:33:00.000Z,2026-05-16T13:38:59.999Z,1,-1.121526,0.0005,0.6205,-112.1526,28.3766,NY,-1
scalp_fade_3m_lim,BTCUSDT,3m,1,TIME,2026-05-16T16:42:00.000Z,2026-05-16T17:44:59.999Z,20,-0.027998,0.7936,0.3507,-2.7998,28.9879,NY,-1
scalp_fade_3m_lim,BTCUSDT,3m,1,TIME,2026-05-16T21:00:00.000Z,2026-05-16T22:02:59.999Z,20,-1.127729,0.4440,0.3677,-112.7729,40.5509,LATE,-1
scalp_fade_3m_lim,BTCUSDT,3m,1,STOP,2026-05-16T23:51:00.000Z,2026-05-17T00:47:59.999Z,18,-1.173128,0.6348,0.5342,-117.3128,38.9664,LATE,-1
scalp_fade_3m_lim,BTCUSDT,3m,-1,TARGET,2026-05-17T08:03:00.000Z,2026-05-17T08:41:59.999Z,12,0.505147,0.8591,0.1015,50.5147,20.8437,LONDON,1
scalp_fade_3m_lim,BTCUSDT,3m,1,TIME,2026-05-17T15:18:00.000Z,2026-05-17T16:20:59.999Z,20,0.162985,0.9168,0.1671,16.2985,27.0629,NY,1
scalp_fade_3m_lim,BTCUSDT,3m,1,STOP,2026-05-17T16:57:00.000Z,2026-05-17T17:02:59.999Z,1,-1.130714,0.0638,0.6902,-113.0714,30.5065,NY,1
scalp_fade_3m_lim,BTCUSDT,3m,1,TARGET,2026-05-17T18:21:00.000Z,2026-05-17T18:53:59.999Z,10,0.750749,0.9192,0.1556,75.0749,15.7312,NY,1
scalp_fade_3m_lim,BTCUSDT,3m,1,TARGET,2026-05-18T04:24:00.000Z,2026-05-18T04:59:59.999Z,11,0.855206,1.0824,0.2636,85.5206,13.5369,ASIA,1
scalp_fade_3m_lim,BTCUSDT,3m,1,STOP,2026-05-18T05:18:00.000Z,2026-05-18T06:08:59.999Z,16,-1.108928,0.5434,1.1588,-110.8928,24.6884,ASIA,1
scalp_fade_3m_lim,BTCUSDT,3m,1,TIME,2026-05-18T06:18:00.000Z,2026-05-18T07:20:59.999Z,20,-0.628071,0.5029,0.6935,-62.8071,18.8503,ASIA,-1
scalp_fade_3m_lim,BTCUSDT,3m,-1,STOP,2026-05-18T12:30:00.000Z,2026-05-18T12:35:59.999Z,1,-1.081766,0.1532,0.9614,-108.1766,18.8385,LONDON,1
scalp_fade_3m_lim,BTCUSDT,3m,1,TARGET,2026-05-18T16:09:00.000Z,2026-05-18T16:20:59.999Z,3,1.036713,1.2292,0.0552,103.6713,9.7585,NY,1
scalp_fade_3m_lim,BTCUSDT,3m,1,TARGET,2026-05-18T17:00:00.000Z,2026-05-18T17:50:59.999Z,16,1.018539,1.1334,0.1491,101.8539,10.0974,NY,-1
scalp_fade_3m_lim,BTCUSDT,3m,1,TARGET,2026-05-19T04:03:00.000Z,2026-05-19T04:11:59.999Z,2,0.759693,1.0410,0.0913,75.9693,15.5845,ASIA,1
scalp_fade_3m_lim,BTCUSDT,3m,1,TARGET,2026-05-19T04:24:00.000Z,2026-05-19T04:53:59.999Z,9,0.853757,1.0037,0.1145,85.3757,13.5762,ASIA,1
scalp_fade_3m_lim,BTCUSDT,3m,1,STOP,2026-05-19T05:15:00.000Z,2026-05-19T05:20:59.999Z,1,-1.124911,0.0000,0.6423,-112.4911,29.1613,ASIA,-1
scalp_fade_3m_lim,BTCUSDT,3m,1,TARGET,2026-05-19T05:33:00.000Z,2026-05-19T06:32:59.999Z,19,0.853713,1.0739,0.1496,85.3713,13.5328,ASIA,-1
scalp_fade_3m_lim,BTCUSDT,3m,-1,STOP,2026-05-19T06:39:00.000Z,2026-05-19T07:17:59.999Z,12,-1.112640,0.3469,0.6452,-111.2640,25.4483,ASIA,1
scalp_fade_3m_lim,BTCUSDT,3m,1,TARGET,2026-05-19T10:39:00.000Z,2026-05-19T10:59:59.999Z,6,0.844903,1.2980,0.5115,84.4903,13.7754,LONDON,1
scalp_fade_3m_lim,BTCUSDT,3m,1,STOP,2026-05-19T11:21:00.000Z,2026-05-19T11:41:59.999Z,6,-1.098891,0.0009,0.6944,-109.8891,22.8921,LONDON,1
scalp_fade_3m_lim,BTCUSDT,3m,1,STOP,2026-05-19T13:06:00.000Z,2026-05-19T13:23:59.999Z,5,-1.114978,0.3231,0.7441,-111.4978,26.6379,NY,1
scalp_fade_3m_lim,BTCUSDT,3m,1,TARGET,2026-05-19T13:27:00.000Z,2026-05-19T13:38:59.999Z,3,0.989886,1.5759,0.0966,98.9886,10.7425,NY,-1
scalp_fade_3m_lim,BTCUSDT,3m,1,STOP,2026-05-19T13:45:00.000Z,2026-05-19T14:20:59.999Z,11,-1.064940,0.8314,1.0244,-106.4940,14.9487,NY,-1
scalp_fade_3m_lim,BTCUSDT,3m,1,TIME,2026-05-19T15:27:00.000Z,2026-05-19T16:29:59.999Z,20,0.270407,0.8243,0.0871,27.0407,17.8777,NY,-1
scalp_fade_3m_lim,BTCUSDT,3m,-1,TARGET,2026-05-19T21:30:00.000Z,2026-05-19T22:02:59.999Z,10,0.443401,1.5734,0.3104,44.3401,22.1534,LATE,1
scalp_fade_3m_lim,BTCUSDT,3m,-1,TARGET,2026-05-20T00:03:00.000Z,2026-05-20T00:08:59.999Z,1,0.655301,1.0194,0.0572,65.5301,17.7583,ASIA,1
scalp_fade_3m_lim,BTCUSDT,3m,1,TIME,2026-05-20T00:33:00.000Z,2026-05-20T01:35:59.999Z,20,-0.678553,0.7868,0.6489,-67.8553,20.8878,ASIA,-1
scalp_fade_3m_lim,BTCUSDT,3m,1,TIME,2026-05-20T03:00:00.000Z,2026-05-20T04:02:59.999Z,20,0.078662,0.6724,0.3857,7.8662,25.6956,ASIA,-1
scalp_fade_3m_lim,BTCUSDT,3m,1,TARGET,2026-05-20T04:39:00.000Z,2026-05-20T05:11:59.999Z,10,0.676523,2.9736,0.1103,67.6523,17.2873,ASIA,1
scalp_fade_3m_lim,BTCUSDT,3m,-1,TIME,2026-05-20T07:33:00.000Z,2026-05-20T08:35:59.999Z,20,-0.413106,0.7642,0.2249,-41.3106,26.2386,LONDON,1
scalp_fade_3m_lim,BTCUSDT,3m,-1,STOP,2026-05-20T12:03:00.000Z,2026-05-20T12:35:59.999Z,10,-1.140085,0.4933,0.6212,-114.0085,31.8270,LONDON,-1
scalp_fade_3m_lim,BTCUSDT,3m,-1,STOP,2026-05-20T14:18:00.000Z,2026-05-20T15:17:59.999Z,19,-1.052025,0.2199,1.0167,-105.2025,11.4832,NY,-1
scalp_fade_3m_lim,BTCUSDT,3m,-1,TIME,2026-05-20T15:18:00.000Z,2026-05-20T16:20:59.999Z,20,0.797561,1.1440,0.3337,79.7561,14.2346,NY,1
scalp_fade_3m_lim,BTCUSDT,3m,-1,STOP,2026-05-20T17:15:00.000Z,2026-05-20T17:29:59.999Z,4,-1.086845,0.1760,0.9676,-108.6845,19.8976,NY,-1
scalp_fade_3m_lim,BTCUSDT,3m,-1,STOP,2026-05-20T19:21:00.000Z,2026-05-20T19:41:59.999Z,6,-1.113974,0.0806,0.6533,-111.3974,26.0696,NY,-1
scalp_fade_3m_lim,BTCUSDT,3m,-1,TIME,2026-05-20T20:18:00.000Z,2026-05-20T21:20:59.999Z,20,-0.346077,0.7124,0.5661,-34.6077,22.9871,NY,1
scalp_fade_3m_lim,BTCUSDT,3m,-1,TIME,2026-05-21T01:21:00.000Z,2026-05-21T02:23:59.999Z,20,-0.855149,0.4201,0.5875,-85.5149,19.2935,ASIA,1
scalp_fade_3m_lim,BTCUSDT,3m,1,TIME,2026-05-21T10:27:00.000Z,2026-05-21T11:29:59.999Z,20,0.115199,0.9448,0.1528,11.5199,19.2993,LONDON,-1
scalp_fade_3m_lim,BTCUSDT,3m,1,STOP,2026-05-21T12:06:00.000Z,2026-05-21T12:23:59.999Z,5,-1.120005,0.0391,0.6599,-112.0005,27.7936,LONDON,1
scalp_fade_3m_lim,BTCUSDT,3m,1,STOP,2026-05-21T13:33:00.000Z,2026-05-21T13:38:59.999Z,1,-1.101626,0.2257,1.2290,-110.1626,23.7635,NY,-1
scalp_fade_3m_lim,BTCUSDT,3m,1,TARGET,2026-05-21T16:21:00.000Z,2026-05-21T17:11:59.999Z,16,0.927720,1.5144,0.6912,92.7720,11.9976,NY,1
scalp_fade_3m_lim,BTCUSDT,3m,1,TARGET,2026-05-22T01:36:00.000Z,2026-05-22T01:47:59.999Z,3,0.798198,1.1152,0.0410,79.8198,14.7703,ASIA,-1
scalp_fade_3m_lim,BTCUSDT,3m,-1,STOP,2026-05-22T02:27:00.000Z,2026-05-22T03:05:59.999Z,12,-1.126734,0.2739,0.7553,-112.6734,28.6576,ASIA,1
scalp_fade_3m_lim,BTCUSDT,3m,-1,STOP,2026-05-22T03:54:00.000Z,2026-05-22T04:08:59.999Z,4,-1.150947,0.0950,0.6485,-115.0947,34.7356,ASIA,1
scalp_fade_3m_lim,BTCUSDT,3m,-1,TARGET,2026-05-22T04:21:00.000Z,2026-05-22T04:41:59.999Z,6,0.553409,0.8877,0.1943,55.3409,19.8705,ASIA,1
scalp_fade_3m_lim,BTCUSDT,3m,1,STOP,2026-05-22T06:45:00.000Z,2026-05-22T06:56:59.999Z,3,-1.139932,0.2366,0.6689,-113.9932,32.5087,ASIA,-1
scalp_fade_3m_lim,BTCUSDT,3m,1,STOP,2026-05-22T08:12:00.000Z,2026-05-22T08:35:59.999Z,7,-1.132827,0.7126,1.1874,-113.2827,30.6156,LONDON,-1
scalp_fade_3m_lim,BTCUSDT,3m,1,TIME,2026-05-22T08:36:00.000Z,2026-05-22T09:38:59.999Z,20,-0.464636,0.3579,0.3944,-46.4636,22.7045,LONDON,-1
scalp_fade_3m_lim,BTCUSDT,3m,1,STOP,2026-05-22T10:18:00.000Z,2026-05-22T11:20:59.999Z,20,-1.154876,0.5950,0.6754,-115.4876,34.7399,LONDON,1
scalp_fade_3m_lim,BTCUSDT,3m,1,STOP,2026-05-22T13:24:00.000Z,2026-05-22T13:32:59.999Z,2,-1.117772,0.0284,0.8716,-111.7772,27.4495,NY,1
scalp_fade_3m_lim,BTCUSDT,3m,1,STOP,2026-05-22T17:18:00.000Z,2026-05-22T17:23:59.999Z,1,-1.120283,0.1019,0.8294,-112.0283,28.0886,NY,1
scalp_fade_3m_lim,BTCUSDT,3m,1,STOP,2026-05-22T23:48:00.000Z,2026-05-23T00:32:59.999Z,14,-1.094248,0.5698,1.0565,-109.4248,21.4743,LATE,1
scalp_fade_3m_lim,BTCUSDT,3m,1,STOP,2026-05-23T05:48:00.000Z,2026-05-23T06:38:59.999Z,16,-1.178652,0.0826,0.5209,-117.8652,40.3649,ASIA,-1
scalp_fade_3m_lim,BTCUSDT,3m,1,STOP,2026-05-23T07:03:00.000Z,2026-05-23T07:08:59.999Z,1,-1.158564,0.0765,0.8118,-115.8564,36.9626,LONDON,-1
scalp_fade_3m_lim,BTCUSDT,3m,1,STOP,2026-05-23T07:39:00.000Z,2026-05-23T07:47:59.999Z,2,-1.114525,0.1157,1.9053,-111.4525,26.6983,LONDON,-1
scalp_fade_3m_lim,BTCUSDT,3m,-1,TARGET,2026-05-23T16:51:00.000Z,2026-05-23T17:47:59.999Z,18,0.633486,0.9482,0.1357,63.3486,18.1161,NY,-1
scalp_fade_3m_lim,BTCUSDT,3m,-1,STOP,2026-05-23T18:03:00.000Z,2026-05-23T18:05:59.999Z,0,-1.142286,0.0749,0.5930,-114.2286,33.0033,NY,1
scalp_fade_3m_lim,BTCUSDT,3m,-1,STOP,2026-05-23T18:06:00.000Z,2026-05-23T18:14:59.999Z,2,-1.129193,0.1228,1.3953,-112.9193,29.8231,NY,1
scalp_fade_3m_lim,BTCUSDT,3m,-1,STOP,2026-05-23T20:33:00.000Z,2026-05-23T20:38:59.999Z,1,-1.076053,0.3097,1.5748,-107.6053,17.5079,NY,1
scalp_fade_3m_lim,BTCUSDT,3m,-1,STOP,2026-05-24T00:03:00.000Z,2026-05-24T00:47:59.999Z,14,-1.106971,0.3781,1.0694,-110.6971,24.0599,ASIA,1
scalp_fade_3m_lim,BTCUSDT,3m,-1,TIME,2026-05-24T00:48:00.000Z,2026-05-24T01:50:59.999Z,20,-0.255712,0.7352,0.0453,-25.5712,23.4305,ASIA,-1
scalp_fade_3m_lim,BTCUSDT,3m,-1,TARGET,2026-05-24T03:06:00.000Z,2026-05-24T03:41:59.999Z,11,0.724308,0.8931,0.3379,72.4308,16.2521,ASIA,-1
scalp_fade_3m_lim,BTCUSDT,3m,-1,STOP,2026-05-24T05:51:00.000Z,2026-05-24T06:50:59.999Z,19,-1.153177,0.5110,1.0551,-115.3177,34.1930,ASIA,-1
scalp_fade_3m_lim,BTCUSDT,3m,-1,STOP,2026-05-24T10:03:00.000Z,2026-05-24T10:29:59.999Z,8,-1.134497,0.2275,3.8228,-113.4497,30.6744,LONDON,-1
scalp_fade_3m_lim,BTCUSDT,3m,1,STOP,2026-05-24T20:33:00.000Z,2026-05-24T21:29:59.999Z,18,-1.118521,0.4453,0.9935,-111.8521,26.7377,NY,1
scalp_fade_3m_lim,BTCUSDT,3m,-1,TIME,2026-05-25T00:51:00.000Z,2026-05-25T01:53:59.999Z,20,0.048305,0.7467,0.2560,4.8305,22.1080,ASIA,-1
scalp_fade_3m_lim,BTCUSDT,3m,-1,STOP,2026-05-25T02:06:00.000Z,2026-05-25T02:08:59.999Z,0,-1.093931,0.0004,1.3071,-109.3931,21.7169,ASIA,-1
scalp_fade_3m_lim,BTCUSDT,3m,-1,STOP,2026-05-25T06:09:00.000Z,2026-05-25T06:11:59.999Z,0,-1.125907,0.6244,1.1333,-112.5907,29.1802,ASIA,1
scalp_fade_3m_lim,BTCUSDT,3m,-1,TIME,2026-05-25T06:12:00.000Z,2026-05-25T07:14:59.999Z,20,-0.123811,0.6999,0.5183,-12.3811,20.9257,ASIA,1
scalp_fade_3m_lim,BTCUSDT,3m,-1,TIME,2026-05-25T12:30:00.000Z,2026-05-25T13:32:59.999Z,20,-0.384163,0.6559,0.3475,-38.4163,31.1609,LONDON,-1
scalp_fade_3m_lim,BTCUSDT,3m,-1,STOP,2026-05-25T14:06:00.000Z,2026-05-25T14:26:59.999Z,6,-1.124216,0.2367,0.7111,-112.4216,28.4307,NY,-1
scalp_fade_3m_lim,BTCUSDT,3m,-1,TIME,2026-05-25T15:18:00.000Z,2026-05-25T16:20:59.999Z,20,0.186585,0.6397,0.2838,18.6585,20.1463,NY,1
scalp_fade_3m_lim,BTCUSDT,3m,1,TARGET,2026-05-25T22:03:00.000Z,2026-05-25T22:14:59.999Z,3,0.693926,0.9414,0.0877,69.3926,16.9613,LATE,1
scalp_fade_3m_lim,BTCUSDT,3m,1,STOP,2026-05-26T00:03:00.000Z,2026-05-26T00:17:59.999Z,4,-1.136404,0.1183,0.6805,-113.6404,31.6289,ASIA,1
scalp_fade_3m_lim,BTCUSDT,3m,1,STOP,2026-05-26T02:15:00.000Z,2026-05-26T02:44:59.999Z,9,-1.103860,0.0610,0.7907,-110.3860,23.8851,ASIA,1
scalp_fade_3m_lim,BTCUSDT,3m,1,TARGET,2026-05-26T09:42:00.000Z,2026-05-26T10:20:59.999Z,12,0.748539,1.2316,0.5927,74.8539,15.7672,LONDON,-1
scalp_fade_3m_lim,BTCUSDT,3m,-1,STOP,2026-05-26T13:48:00.000Z,2026-05-26T13:50:59.999Z,0,-1.078988,0.0003,1.4086,-107.8988,18.2292,NY,1
scalp_fade_3m_lim,BTCUSDT,3m,1,STOP,2026-05-26T22:06:00.000Z,2026-05-26T22:50:59.999Z,14,-1.108466,0.2148,0.7698,-110.8466,24.6838,LATE,-1
scalp_fade_3m_lim,BTCUSDT,3m,1,STOP,2026-05-27T01:21:00.000Z,2026-05-27T02:20:59.999Z,19,-1.111269,0.5888,0.8523,-111.1269,25.0636,ASIA,1
scalp_fade_3m_lim,BTCUSDT,3m,1,TIME,2026-05-27T15:45:00.000Z,2026-05-27T16:47:59.999Z,20,-0.512192,0.6999,0.6668,-51.2192,16.0727,NY,1
scalp_fade_3m_lim,BTCUSDT,3m,1,STOP,2026-05-28T03:12:00.000Z,2026-05-28T03:17:59.999Z,1,-1.082251,0.2125,0.9445,-108.2251,19.2722,ASIA,1
scalp_fade_3m_lim,BTCUSDT,3m,1,STOP,2026-05-28T05:33:00.000Z,2026-05-28T06:35:59.999Z,20,-1.094123,0.3263,0.8085,-109.4123,21.1892,ASIA,-1
scalp_fade_3m_lim,BTCUSDT,3m,1,STOP,2026-05-28T10:21:00.000Z,2026-05-28T10:26:59.999Z,1,-1.119855,0.0022,0.6903,-111.9855,27.9893,LONDON,1
scalp_fade_3m_lim,BTCUSDT,3m,1,STOP,2026-05-28T10:51:00.000Z,2026-05-28T11:11:59.999Z,6,-1.111959,0.0257,0.6956,-111.1959,25.8905,LONDON,1
scalp_fade_3m_lim,BTCUSDT,3m,-1,TIME,2026-05-29T08:03:00.000Z,2026-05-29T09:05:59.999Z,20,-0.523689,0.2871,0.6501,-52.3689,22.3721,LONDON,1
scalp_fade_3m_lim,BTCUSDT,3m,1,STOP,2026-05-29T22:51:00.000Z,2026-05-29T23:23:59.999Z,10,-1.122912,0.3662,0.7264,-112.2912,28.1723,LATE,1
scalp_fade_3m_lim,BTCUSDT,3m,1,TARGET,2026-05-30T05:03:00.000Z,2026-05-30T05:05:59.999Z,0,0.799827,1.6929,0.1240,79.9827,14.7506,ASIA,-1
scalp_fade_3m_lim,BTCUSDT,3m,1,TARGET,2026-05-30T06:12:00.000Z,2026-05-30T06:32:59.999Z,6,0.553673,0.8517,0.0811,55.3673,19.8888,ASIA,1
scalp_fade_3m_lim,BTCUSDT,3m,1,TIME,2026-05-30T07:54:00.000Z,2026-05-30T08:56:59.999Z,20,-0.883777,0.2693,0.1747,-88.3777,40.8387,LONDON,-1
scalp_fade_3m_lim,BTCUSDT,3m,1,TARGET,2026-05-30T08:57:00.000Z,2026-05-30T09:17:59.999Z,6,0.257055,0.6297,0.0755,25.7055,26.1154,LONDON,-1
scalp_fade_3m_lim,BTCUSDT,3m,-1,STOP,2026-05-30T12:21:00.000Z,2026-05-30T12:32:59.999Z,3,-1.199603,0.2091,0.5853,-119.9603,46.0933,LONDON,1
scalp_fade_3m_lim,BTCUSDT,3m,-1,STOP,2026-05-30T13:42:00.000Z,2026-05-30T13:53:59.999Z,3,-1.146019,0.0007,0.5533,-114.6019,33.6643,NY,1
scalp_fade_3m_lim,BTCUSDT,3m,-1,TIME,2026-05-30T15:54:00.000Z,2026-05-30T16:56:59.999Z,20,-0.436646,0.4047,0.1780,-43.6646,28.6914,NY,-1
scalp_fade_3m_lim,BTCUSDT,3m,-1,STOP,2026-05-30T17:18:00.000Z,2026-05-30T17:23:59.999Z,1,-1.167184,0.2267,0.7002,-116.7184,38.7337,NY,1
scalp_fade_3m_lim,BTCUSDT,3m,-1,TARGET,2026-05-30T19:39:00.000Z,2026-05-30T20:05:59.999Z,8,0.456396,0.7121,0.3857,45.6396,21.8950,NY,1
scalp_fade_3m_lim,BTCUSDT,3m,-1,STOP,2026-05-30T21:00:00.000Z,2026-05-30T21:44:59.999Z,14,-1.184675,0.1891,0.6742,-118.4675,41.6819,LATE,-1
scalp_fade_3m_lim,BTCUSDT,3m,-1,TARGET,2026-05-30T23:03:00.000Z,2026-05-30T23:14:59.999Z,3,0.592118,0.9313,0.1349,59.2118,19.0758,LATE,-1
scalp_fade_3m_lim,BTCUSDT,3m,-1,STOP,2026-05-31T00:51:00.000Z,2026-05-31T00:59:59.999Z,2,-1.143999,0.1072,0.5476,-114.3999,33.2646,ASIA,1
scalp_fade_3m_lim,BTCUSDT,3m,-1,TARGET,2026-05-31T01:33:00.000Z,2026-05-31T02:29:59.999Z,18,0.847071,1.0159,0.2999,84.7071,13.6449,ASIA,1
scalp_fade_3m_lim,BTCUSDT,3m,-1,STOP,2026-05-31T02:57:00.000Z,2026-05-31T03:26:59.999Z,9,-1.108102,0.1367,0.6641,-110.8102,24.5646,ASIA,-1
scalp_fade_3m_lim,BTCUSDT,3m,-1,TIME,2026-05-31T04:21:00.000Z,2026-05-31T05:23:59.999Z,20,-0.693964,0.2792,0.3201,-69.3964,37.2691,ASIA,-1
scalp_fade_3m_lim,BTCUSDT,3m,-1,TARGET,2026-05-31T06:33:00.000Z,2026-05-31T07:05:59.999Z,10,0.441969,0.7958,0.1589,44.1969,22.1835,ASIA,-1
scalp_fade_3m_lim,BTCUSDT,3m,1,STOP,2026-05-31T09:54:00.000Z,2026-05-31T10:20:59.999Z,8,-1.142009,0.0696,0.6911,-114.2009,32.6513,LONDON,1
scalp_fade_3m_lim,BTCUSDT,3m,1,TIME,2026-05-31T12:03:00.000Z,2026-05-31T13:05:59.999Z,20,-0.715025,0.6979,0.1911,-71.5025,34.4181,LONDON,1
scalp_fade_3m_lim,BTCUSDT,3m,1,TIME,2026-05-31T18:03:00.000Z,2026-05-31T19:05:59.999Z,20,-0.806107,0.5194,0.4151,-80.6107,34.4148,NY,1
scalp_fade_3m_lim,BTCUSDT,3m,1,STOP,2026-05-31T19:06:00.000Z,2026-05-31T19:26:59.999Z,6,-1.155334,0.0648,1.1014,-115.5334,35.8425,NY,-1
scalp_fade_3m_lim,BTCUSDT,3m,1,TARGET,2026-06-01T02:09:00.000Z,2026-06-01T02:44:59.999Z,11,1.007583,1.4014,0.1791,100.7583,10.3435,ASIA,1
scalp_fade_3m_lim,BTCUSDT,3m,1,STOP,2026-06-01T06:51:00.000Z,2026-06-01T07:26:59.999Z,11,-1.078640,0.0608,0.9920,-107.8640,18.0602,ASIA,-1
scalp_fade_3m_lim,BTCUSDT,3m,1,TARGET,2026-06-01T08:42:00.000Z,2026-06-01T09:26:59.999Z,14,0.963051,1.1204,0.5092,96.3051,11.2657,LONDON,-1
scalp_fade_3m_lim,BTCUSDT,3m,1,STOP,2026-06-01T09:54:00.000Z,2026-06-01T10:17:59.999Z,7,-1.097318,0.0004,0.7772,-109.7318,22.4851,LONDON,-1
scalp_fade_3m_lim,BTCUSDT,3m,1,TIME,2026-06-01T14:00:00.000Z,2026-06-01T15:02:59.999Z,20,-0.297488,0.2903,0.4850,-29.7488,7.8135,NY,-1
scalp_fade_3m_lim,BTCUSDT,3m,1,STOP,2026-06-02T00:06:00.000Z,2026-06-02T00:26:59.999Z,6,-1.084944,0.0174,0.7255,-108.4944,19.6920,ASIA,1
scalp_fade_3m_lim,BTCUSDT,3m,1,STOP,2026-06-02T04:09:00.000Z,2026-06-02T05:05:59.999Z,18,-1.097069,0.8928,1.1806,-109.7069,21.9338,ASIA,1
scalp_fade_3m_lim,BTCUSDT,3m,1,STOP,2026-06-02T06:54:00.000Z,2026-06-02T07:02:59.999Z,2,-1.060287,0.0434,1.0593,-106.0287,14.1510,ASIA,-1
scalp_fade_3m_lim,BTCUSDT,3m,1,STOP,2026-06-02T08:30:00.000Z,2026-06-02T08:50:59.999Z,6,-1.070395,0.2092,0.8059,-107.0395,16.3540,LONDON,-1
scalp_fade_3m_lim,BTCUSDT,3m,1,TIME,2026-06-02T10:24:00.000Z,2026-06-02T11:26:59.999Z,20,-0.536500,0.5444,0.3937,-53.6500,16.5365,LONDON,-1
scalp_fade_3m_lim,BTCUSDT,3m,1,STOP,2026-06-02T12:06:00.000Z,2026-06-02T12:35:59.999Z,9,-1.081529,0.5272,0.9406,-108.1529,18.7928,LONDON,1
scalp_fade_3m_lim,BTCUSDT,3m,1,TIME,2026-06-02T16:39:00.000Z,2026-06-02T17:41:59.999Z,20,-0.442667,0.6719,0.6538,-44.2667,13.1348,NY,1
scalp_fade_3m_lim,BTCUSDT,3m,1,STOP,2026-06-03T02:57:00.000Z,2026-06-03T03:20:59.999Z,7,-1.063987,0.0939,0.9126,-106.3987,14.8532,ASIA,-1
scalp_fade_3m_lim,BTCUSDT,3m,-1,TIME,2026-06-03T07:18:00.000Z,2026-06-03T08:20:59.999Z,20,0.305716,0.7260,0.1841,30.5716,13.7998,LONDON,1
scalp_fade_3m_lim,BTCUSDT,3m,-1,TARGET,2026-06-03T08:33:00.000Z,2026-06-03T09:17:59.999Z,14,0.951133,1.0740,0.3389,95.1133,11.4815,LONDON,-1
scalp_fade_3m_lim,BTCUSDT,3m,-1,TIME,2026-06-03T12:33:00.000Z,2026-06-03T13:35:59.999Z,20,0.179574,0.8921,0.4995,17.9574,15.6060,LONDON,-1
scalp_fade_3m_lim,BTCUSDT,3m,1,TIME,2026-06-03T13:39:00.000Z,2026-06-03T14:41:59.999Z,20,-0.461581,0.2258,0.8137,-46.1581,11.5812,NY,-1
scalp_fade_3m_lim,BTCUSDT,3m,1,STOP,2026-06-03T15:30:00.000Z,2026-06-03T15:38:59.999Z,2,-1.051176,0.2086,1.0286,-105.1176,12.0433,NY,-1
scalp_fade_3m_lim,BTCUSDT,3m,1,TIME,2026-06-03T18:18:00.000Z,2026-06-03T19:20:59.999Z,20,0.211521,1.1385,0.0862,21.1521,13.1154,NY,1
scalp_fade_3m_lim,BTCUSDT,3m,1,STOP,2026-06-03T19:48:00.000Z,2026-06-03T19:53:59.999Z,1,-1.069471,0.1020,1.0728,-106.9471,16.3096,NY,-1
scalp_fade_3m_lim,BTCUSDT,3m,1,STOP,2026-06-04T05:03:00.000Z,2026-06-04T05:08:59.999Z,1,-1.052920,0.0477,0.9230,-105.2920,12.4728,ASIA,-1
scalp_fade_3m_lim,BTCUSDT,3m,1,STOP,2026-06-04T07:33:00.000Z,2026-06-04T08:02:59.999Z,9,-1.049032,0.4891,0.9900,-104.9032,11.3820,LONDON,-1
scalp_fade_3m_lim,BTCUSDT,3m,1,STOP,2026-06-04T08:33:00.000Z,2026-06-04T09:23:59.999Z,16,-1.042715,0.6483,0.9537,-104.2715,9.8013,LONDON,-1
scalp_fade_3m_lim,BTCUSDT,3m,1,STOP,2026-06-04T09:48:00.000Z,2026-06-04T10:29:59.999Z,13,-1.043563,0.5523,1.2532,-104.3563,10.0526,LONDON,1
scalp_fade_3m_lim,BTCUSDT,3m,1,TARGET,2026-06-04T11:39:00.000Z,2026-06-04T12:23:59.999Z,14,1.249668,2.0117,0.2694,124.9668,5.2649,LONDON,-1
scalp_fade_3m_lim,BTCUSDT,3m,1,TARGET,2026-06-04T13:21:00.000Z,2026-06-04T13:35:59.999Z,4,1.244870,1.4053,0.2464,124.4870,5.3829,NY,1
scalp_fade_3m_lim,BTCUSDT,3m,-1,TIME,2026-06-04T15:06:00.000Z,2026-06-04T16:08:59.999Z,20,0.613618,0.9794,0.6140,61.3618,9.7585,NY,-1
scalp_fade_3m_lim,BTCUSDT,3m,-1,TARGET,2026-06-04T16:39:00.000Z,2026-06-04T17:20:59.999Z,13,1.194491,1.3393,0.4089,119.4491,6.3824,NY,-1
scalp_fade_3m_lim,BTCUSDT,3m,1,TARGET,2026-06-04T22:06:00.000Z,2026-06-04T23:05:59.999Z,19,1.213213,1.3365,0.2522,121.3213,6.0183,LATE,-1
scalp_fade_3m_lim,BTCUSDT,3m,-1,TARGET,2026-06-05T00:21:00.000Z,2026-06-05T00:59:59.999Z,12,1.145618,1.3819,0.3327,114.5618,7.4096,ASIA,1
scalp_fade_3m_lim,BTCUSDT,3m,1,STOP,2026-06-05T05:39:00.000Z,2026-06-05T05:47:59.999Z,2,-1.045628,0.2307,1.2573,-104.5628,10.7600,ASIA,1
scalp_fade_3m_lim,BTCUSDT,3m,1,STOP,2026-06-05T12:09:00.000Z,2026-06-05T12:38:59.999Z,9,-1.040141,0.8281,1.0313,-104.0141,9.3546,LONDON,-1
scalp_fade_3m_lim,BTCUSDT,3m,1,STOP,2026-06-05T13:39:00.000Z,2026-06-05T13:50:59.999Z,3,-1.034493,0.1466,1.1064,-103.4493,8.1669,NY,1
scalp_fade_3m_lim,BTCUSDT,3m,1,STOP,2026-06-05T15:51:00.000Z,2026-06-05T16:11:59.999Z,6,-1.027384,0.1664,1.0793,-102.7384,6.4855,NY,-1
scalp_fade_3m_lim,BTCUSDT,3m,-1,TIME,2026-06-05T22:18:00.000Z,2026-06-05T23:20:59.999Z,20,0.905745,1.2157,0.8510,90.5745,9.8845,LATE,-1
scalp_fade_3m_lim,BTCUSDT,3m,-1,TIME,2026-06-06T00:03:00.000Z,2026-06-06T01:05:59.999Z,20,-0.437097,0.2220,0.6906,-43.7097,10.1011,ASIA,1
scalp_fade_3m_lim,BTCUSDT,3m,1,STOP,2026-06-06T04:06:00.000Z,2026-06-06T04:14:59.999Z,2,-1.047512,0.0236,1.2109,-104.7512,11.1956,ASIA,1
scalp_fade_3m_lim,BTCUSDT,3m,1,TIME,2026-06-06T06:45:00.000Z,2026-06-06T07:47:59.999Z,20,0.403491,1.2195,0.3752,40.3491,11.9671,ASIA,-1
scalp_fade_3m_lim,BTCUSDT,3m,-1,TARGET,2026-06-06T09:00:00.000Z,2026-06-06T09:50:59.999Z,16,1.095426,1.3337,0.2027,109.5426,8.4513,LONDON,1
scalp_fade_3m_lim,BTCUSDT,3m,1,TIME,2026-06-06T12:24:00.000Z,2026-06-06T13:26:59.999Z,20,-0.134135,1.1809,0.7622,-13.4135,14.4238,LONDON,1
scalp_fade_3m_lim,BTCUSDT,3m,1,TIME,2026-06-06T13:48:00.000Z,2026-06-06T14:50:59.999Z,20,0.208911,0.5213,0.3238,20.8911,14.0315,NY,-1
scalp_fade_3m_lim,BTCUSDT,3m,1,TIME,2026-06-06T16:27:00.000Z,2026-06-06T17:29:59.999Z,20,-0.040804,0.7901,0.5254,-4.0804,13.5154,NY,1
scalp_fade_3m_lim,BTCUSDT,3m,1,STOP,2026-06-06T17:48:00.000Z,2026-06-06T18:20:59.999Z,10,-1.066107,0.0890,0.8543,-106.6107,15.2449,NY,-1
scalp_fade_3m_lim,BTCUSDT,3m,1,TIME,2026-06-06T20:03:00.000Z,2026-06-06T21:05:59.999Z,20,0.403271,0.9703,0.2394,40.3271,20.3173,NY,-1
scalp_fade_3m_lim,BTCUSDT,3m,1,TIME,2026-06-06T22:24:00.000Z,2026-06-06T23:26:59.999Z,20,-0.096099,0.6081,0.6906,-9.6099,16.0576,LATE,-1
scalp_fade_3m_lim,BTCUSDT,3m,-1,STOP,2026-06-07T02:48:00.000Z,2026-06-07T03:20:59.999Z,10,-1.074158,0.1862,1.3373,-107.4158,16.7537,ASIA,-1
scalp_fade_3m_lim,BTCUSDT,3m,-1,TIME,2026-06-07T05:24:00.000Z,2026-06-07T06:26:59.999Z,20,-0.121142,0.8470,0.1767,-12.1142,13.2137,ASIA,-1
scalp_fade_3m_lim,BTCUSDT,3m,-1,STOP,2026-06-07T08:42:00.000Z,2026-06-07T08:47:59.999Z,1,-1.064757,0.0883,1.2444,-106.4757,14.8768,LONDON,1
scalp_fade_3m_lim,BTCUSDT,3m,-1,STOP,2026-06-07T11:09:00.000Z,2026-06-07T11:38:59.999Z,9,-1.077278,0.1534,0.8298,-107.7278,17.5028,LONDON,-1
scalp_fade_3m_lim,BTCUSDT,3m,1,TIME,2026-06-07T14:48:00.000Z,2026-06-07T15:50:59.999Z,20,0.312828,0.8725,0.5402,31.2828,12.4635,NY,1
scalp_fade_3m_lim,BTCUSDT,3m,1,TARGET,2026-06-07T16:09:00.000Z,2026-06-07T16:26:59.999Z,5,1.074975,1.3673,0.0447,107.4975,8.9487,NY,1
scalp_fade_3m_lim,BTCUSDT,3m,-1,TIME,2026-06-07T17:06:00.000Z,2026-06-07T18:08:59.999Z,20,-0.410870,0.3476,0.5317,-41.0870,15.0765,NY,-1
scalp_fade_3m_lim,BTCUSDT,3m,1,TARGET,2026-06-07T21:42:00.000Z,2026-06-07T22:14:59.999Z,10,1.080545,7.4521,0.2569,108.0545,8.8173,LATE,-1
scalp_fade_3m_lim,BTCUSDT,3m,-1,STOP,2026-06-08T02:51:00.000Z,2026-06-08T03:11:59.999Z,6,-1.059208,0.4980,1.0006,-105.9208,13.4451,ASIA,-1
scalp_fade_3m_lim,BTCUSDT,3m,-1,TIME,2026-06-08T07:18:00.000Z,2026-06-08T08:20:59.999Z,20,-0.001212,0.2742,0.7067,-0.1212,13.9641,LONDON,-1
scalp_fade_3m_lim,BTCUSDT,3m,-1,STOP,2026-06-08T11:12:00.000Z,2026-06-08T11:23:59.999Z,3,-1.062572,0.0489,1.0254,-106.2572,14.3086,LONDON,-1
scalp_fade_3m_lim,BTCUSDT,3m,-1,STOP,2026-06-08T14:18:00.000Z,2026-06-08T14:59:59.999Z,13,-1.045439,0.0986,0.9113,-104.5439,10.1257,NY,1
scalp_fade_3m_lim,BTCUSDT,3m,-1,TIME,2026-06-08T15:18:00.000Z,2026-06-08T16:20:59.999Z,20,-0.316067,0.7207,0.7452,-31.6067,12.2120,NY,1
scalp_fade_3m_lim,BTCUSDT,3m,-1,TIME,2026-06-08T18:33:00.000Z,2026-06-08T19:35:59.999Z,20,-0.107948,0.9393,0.0874,-10.7948,16.5474,NY,-1
scalp_fade_3m_lim,BTCUSDT,3m,1,STOP,2026-06-08T23:18:00.000Z,2026-06-08T23:32:59.999Z,4,-1.059596,0.0391,0.8792,-105.9596,13.9336,LATE,-1
scalp_fade_3m_lim,BTCUSDT,3m,-1,TIME,2026-06-09T06:09:00.000Z,2026-06-09T07:11:59.999Z,20,-0.430750,0.6608,0.4807,-43.0750,17.8103,ASIA,-1
scalp_fade_3m_lim,BTCUSDT,3m,1,STOP,2026-06-09T09:21:00.000Z,2026-06-09T09:35:59.999Z,4,-1.081750,0.2433,1.2390,-108.1750,19.0373,LONDON,1
scalp_fade_3m_lim,BTCUSDT,3m,1,TIME,2026-06-09T10:09:00.000Z,2026-06-09T11:11:59.999Z,20,-0.540527,0.8394,0.4095,-54.0527,19.4086,LONDON,-1
scalp_fade_3m_lim,BTCUSDT,3m,1,STOP,2026-06-09T13:45:00.000Z,2026-06-09T14:05:59.999Z,6,-1.053056,0.3037,0.9046,-105.3056,12.3757,NY,-1
scalp_fade_3m_lim,BTCUSDT,3m,1,TARGET,2026-06-09T16:39:00.000Z,2026-06-09T16:59:59.999Z,6,1.243546,1.3500,0.2742,124.3546,5.4071,NY,-1
scalp_fade_3m_lim,BTCUSDT,3m,1,TARGET,2026-06-09T19:42:00.000Z,2026-06-09T20:14:59.999Z,10,1.084433,1.4005,0.2083,108.4433,8.7358,NY,1
scalp_fade_3m_lim,BTCUSDT,3m,1,TARGET,2026-06-10T06:33:00.000Z,2026-06-10T06:47:59.999Z,4,1.033521,1.3171,0.2019,103.3521,9.8224,ASIA,1
scalp_fade_3m_lim,BTCUSDT,3m,1,STOP,2026-06-10T08:33:00.000Z,2026-06-10T08:44:59.999Z,3,-1.069530,0.1031,0.9118,-106.9530,16.2558,LONDON,-1
scalp_fade_3m_lim,BTCUSDT,3m,1,TIME,2026-06-10T11:06:00.000Z,2026-06-10T12:08:59.999Z,20,-0.340341,0.4642,0.7203,-34.0341,12.5173,LONDON,1
scalp_fade_3m_lim,BTCUSDT,3m,-1,STOP,2026-06-10T13:33:00.000Z,2026-06-10T13:38:59.999Z,1,-1.057245,0.1803,1.5100,-105.7245,13.1272,NY,-1
scalp_fade_3m_lim,BTCUSDT,3m,-1,STOP,2026-06-10T15:00:00.000Z,2026-06-10T15:47:59.999Z,15,-1.044420,0.8043,0.9217,-104.4420,9.8544,NY,-1
scalp_fade_3m_lim,BTCUSDT,3m,-1,STOP,2026-06-10T15:51:00.000Z,2026-06-10T15:53:59.999Z,0,-1.043428,0.0000,0.8997,-104.3428,9.9294,NY,1
scalp_fade_3m_lim,BTCUSDT,3m,-1,TIME,2026-06-10T19:51:00.000Z,2026-06-10T20:53:59.999Z,20,0.561074,1.0313,0.2577,56.1074,14.9805,NY,1
scalp_fade_3m_lim,BTCUSDT,3m,1,STOP,2026-06-10T21:51:00.000Z,2026-06-10T22:20:59.999Z,9,-1.058130,0.0028,0.8457,-105.8130,13.4569,LATE,1
scalp_fade_3m_lim,BTCUSDT,3m,-1,STOP,2026-06-11T02:57:00.000Z,2026-06-11T03:35:59.999Z,12,-1.081000,0.7783,1.6345,-108.1000,18.2437,ASIA,-1
scalp_fade_3m_lim,BTCUSDT,3m,-1,STOP,2026-06-11T06:09:00.000Z,2026-06-11T06:14:59.999Z,1,-1.094407,0.0436,0.8376,-109.4407,21.7828,ASIA,-1
scalp_fade_3m_lim,BTCUSDT,3m,-1,STOP,2026-06-11T08:03:00.000Z,2026-06-11T08:14:59.999Z,3,-1.113557,0.1069,0.7040,-111.3557,26.1347,LONDON,1
scalp_fade_3m_lim,BTCUSDT,3m,-1,STOP,2026-06-11T08:45:00.000Z,2026-06-11T08:50:59.999Z,1,-1.116329,0.0177,1.2849,-111.6329,26.8887,LONDON,1
scalp_fade_3m_lim,BTCUSDT,3m,-1,TARGET,2026-06-11T12:12:00.000Z,2026-06-11T12:23:59.999Z,3,1.014847,1.9984,0.1180,101.4847,10.1827,LONDON,-1
scalp_fade_3m_lim,BTCUSDT,3m,-1,STOP,2026-06-11T19:15:00.000Z,2026-06-11T19:32:59.999Z,5,-1.070516,0.0004,1.3744,-107.0516,16.0847,NY,-1
scalp_fade_3m_lim,BTCUSDT,3m,-1,STOP,2026-06-11T22:00:00.000Z,2026-06-11T22:05:59.999Z,1,-1.106248,0.1091,0.6813,-110.6248,24.5408,LATE,1
scalp_fade_3m_lim,BTCUSDT,3m,-1,STOP,2026-06-11T23:33:00.000Z,2026-06-11T23:41:59.999Z,2,-1.104118,0.1089,1.4069,-110.4118,23.9948,LATE,-1
scalp_fade_3m_lim,BTCUSDT,3m,-1,TIME,2026-06-12T02:30:00.000Z,2026-06-12T03:32:59.999Z,20,0.039510,0.9924,0.4173,3.9510,20.5148,ASIA,1
scalp_fade_3m_lim,BTCUSDT,3m,-1,STOP,2026-06-12T04:18:00.000Z,2026-06-12T04:32:59.999Z,4,-1.085451,0.0807,0.9375,-108.5451,19.5749,ASIA,-1
scalp_fade_3m_lim,BTCUSDT,3m,1,TIME,2026-06-12T07:03:00.000Z,2026-06-12T08:05:59.999Z,20,0.144744,0.5949,0.5926,14.4744,20.1064,LONDON,-1
scalp_fade_3m_lim,BTCUSDT,3m,-1,TARGET,2026-06-12T11:42:00.000Z,2026-06-12T12:23:59.999Z,13,0.904678,1.1124,0.5183,90.4678,12.4593,LONDON,-1
scalp_fade_3m_lim,BTCUSDT,3m,-1,TIME,2026-06-12T16:15:00.000Z,2026-06-12T17:17:59.999Z,20,-0.287626,0.2564,0.6505,-28.7626,11.3745,NY,-1
scalp_fade_3m_lim,BTCUSDT,3m,-1,TIME,2026-06-12T18:12:00.000Z,2026-06-12T19:14:59.999Z,20,0.501494,1.0029,0.0626,50.1494,17.5687,NY,-1
scalp_fade_3m_lim,BTCUSDT,3m,-1,TARGET,2026-06-12T19:39:00.000Z,2026-06-12T20:26:59.999Z,15,0.960879,1.0795,0.0514,96.0879,11.2735,NY,-1
scalp_fade_3m_lim,BTCUSDT,3m,1,TIME,2026-06-12T22:03:00.000Z,2026-06-12T23:05:59.999Z,20,-0.763995,0.8332,0.3527,-76.3995,24.5437,LATE,-1
scalp_fade_3m_lim,BTCUSDT,3m,-1,STOP,2026-06-13T12:27:00.000Z,2026-06-13T12:35:59.999Z,2,-1.157945,0.2143,0.5011,-115.7945,36.5060,LONDON,-1
scalp_fade_3m_lim,BTCUSDT,3m,-1,STOP,2026-06-13T15:03:00.000Z,2026-06-13T15:05:59.999Z,0,-1.146308,0.1193,0.5797,-114.6308,33.9418,NY,1
scalp_fade_3m_lim,BTCUSDT,3m,-1,TARGET,2026-06-13T15:12:00.000Z,2026-06-13T16:05:59.999Z,17,0.797166,1.6217,0.5102,79.7166,14.6944,NY,1
scalp_fade_3m_lim,BTCUSDT,3m,-1,STOP,2026-06-13T18:21:00.000Z,2026-06-13T18:26:59.999Z,1,-1.130316,0.0007,0.9957,-113.0316,30.1466,NY,-1
scalp_fade_3m_lim,BTCUSDT,3m,-1,STOP,2026-06-13T19:36:00.000Z,2026-06-13T19:50:59.999Z,4,-1.120700,0.3019,0.6070,-112.0700,27.7340,NY,1
scalp_fade_3m_lim,BTCUSDT,3m,-1,STOP,2026-06-13T21:09:00.000Z,2026-06-13T21:41:59.999Z,10,-1.166152,0.5564,3.4652,-116.6152,37.7869,LATE,1
scalp_fade_3m_lim,BTCUSDT,3m,-1,TARGET,2026-06-13T23:18:00.000Z,2026-06-13T23:50:59.999Z,10,0.660428,0.9608,0.5517,66.0428,17.5982,LATE,-1
scalp_fade_3m_lim,BTCUSDT,3m,-1,STOP,2026-06-14T00:24:00.000Z,2026-06-14T00:47:59.999Z,7,-1.124360,0.2194,0.6029,-112.4360,28.4054,ASIA,-1
scalp_fade_3m_lim,BTCUSDT,3m,-1,TIME,2026-06-14T01:42:00.000Z,2026-06-14T02:44:59.999Z,20,-0.015253,0.5424,0.2889,-1.5253,27.5260,ASIA,1
scalp_fade_3m_lim,BTCUSDT,3m,-1,TARGET,2026-06-14T03:51:00.000Z,2026-06-14T04:41:59.999Z,16,0.526754,0.8676,0.4567,52.6754,20.3638,ASIA,-1
scalp_fade_3m_lim,BTCUSDT,3m,-1,STOP,2026-06-14T09:36:00.000Z,2026-06-14T09:41:59.999Z,1,-1.124812,0.0217,0.8908,-112.4812,28.8648,LONDON,-1
scalp_fade_3m_lim,BTCUSDT,3m,-1,STOP,2026-06-14T10:15:00.000Z,2026-06-14T10:23:59.999Z,2,-1.130322,0.1058,0.5816,-113.0322,30.0856,LONDON,-1
scalp_fade_3m_lim,BTCUSDT,3m,1,STOP,2026-06-14T14:24:00.000Z,2026-06-14T14:29:59.999Z,1,-1.108134,0.0360,0.6823,-110.8134,25.2722,NY,-1
scalp_fade_3m_lim,BTCUSDT,3m,1,STOP,2026-06-14T16:48:00.000Z,2026-06-14T16:50:59.999Z,0,-1.122434,0.0269,0.8400,-112.2434,28.6465,NY,1
scalp_fade_3m_lim,BTCUSDT,3m,1,TIME,2026-06-14T17:39:00.000Z,2026-06-14T18:41:59.999Z,20,-0.356724,0.5726,0.4570,-35.6724,22.1324,NY,-1
scalp_fade_3m_lim,BTCUSDT,3m,-1,STOP,2026-06-15T01:39:00.000Z,2026-06-15T02:17:59.999Z,12,-1.084297,0.6850,0.7560,-108.4297,18.9945,ASIA,-1
scalp_fade_3m_lim,BTCUSDT,3m,-1,STOP,2026-06-15T10:06:00.000Z,2026-06-15T10:56:59.999Z,16,-1.117622,0.1209,1.5861,-111.7622,26.3687,LONDON,-1
scalp_fade_3m_lim,BTCUSDT,3m,-1,STOP,2026-06-15T12:33:00.000Z,2026-06-15T12:41:59.999Z,2,-1.082184,0.0004,0.7487,-108.2184,18.8967,LONDON,1
scalp_fade_3m_lim,BTCUSDT,3m,-1,STOP,2026-06-15T15:33:00.000Z,2026-06-15T15:38:59.999Z,1,-1.093424,0.1748,0.9706,-109.3424,21.5538,NY,1
scalp_fade_3m_lim,BTCUSDT,3m,1,STOP,2026-06-15T22:15:00.000Z,2026-06-15T22:26:59.999Z,3,-1.109603,0.3120,1.4247,-110.9603,25.5069,LATE,-1
scalp_fade_3m_lim,BTCUSDT,3m,1,TIME,2026-06-15T22:48:00.000Z,2026-06-15T23:50:59.999Z,20,0.068008,0.4253,0.4290,6.8008,17.5445,LATE,-1
scalp_fade_3m_lim,BTCUSDT,3m,1,TARGET,2026-06-16T00:24:00.000Z,2026-06-16T00:41:59.999Z,5,0.764521,0.9530,0.3713,76.4521,15.4678,ASIA,1
scalp_fade_3m_lim,BTCUSDT,3m,1,STOP,2026-06-16T01:09:00.000Z,2026-06-16T02:11:59.999Z,20,-1.098252,0.4860,0.8690,-109.8252,22.1102,ASIA,1
scalp_fade_3m_lim,BTCUSDT,3m,1,STOP,2026-06-16T02:12:00.000Z,2026-06-16T02:26:59.999Z,4,-1.095246,0.0307,0.8585,-109.5246,22.1468,ASIA,-1
scalp_fade_3m_lim,BTCUSDT,3m,1,STOP,2026-06-16T04:30:00.000Z,2026-06-16T04:32:59.999Z,0,-1.099402,0.0005,0.8858,-109.9402,23.2962,ASIA,1
scalp_fade_3m_lim,BTCUSDT,3m,-1,STOP,2026-06-16T08:24:00.000Z,2026-06-16T08:32:59.999Z,2,-1.089442,0.0000,0.7873,-108.9442,20.5837,LONDON,1
scalp_fade_3m_lim,BTCUSDT,3m,-1,TARGET,2026-06-16T10:21:00.000Z,2026-06-16T10:59:59.999Z,12,0.931029,1.1087,0.2527,93.1029,11.9107,LONDON,-1
scalp_fade_3m_lim,BTCUSDT,3m,-1,STOP,2026-06-16T12:00:00.000Z,2026-06-16T12:17:59.999Z,5,-1.103585,0.4378,0.9809,-110.3585,23.7235,LONDON,-1
scalp_fade_3m_lim,BTCUSDT,3m,1,STOP,2026-06-16T14:09:00.000Z,2026-06-16T14:20:59.999Z,3,-1.059641,0.1785,1.2574,-105.9641,13.9726,NY,1
scalp_fade_3m_lim,BTCUSDT,3m,1,TIME,2026-06-16T15:24:00.000Z,2026-06-16T16:26:59.999Z,20,-0.369978,0.7599,0.3020,-36.9978,15.5559,NY,-1
scalp_fade_3m_lim,BTCUSDT,3m,1,TARGET,2026-06-16T17:03:00.000Z,2026-06-16T17:50:59.999Z,15,0.874688,1.0219,0.3534,87.4688,13.1115,NY,-1
scalp_fade_3m_lim,BTCUSDT,3m,1,STOP,2026-06-16T18:24:00.000Z,2026-06-16T19:02:59.999Z,12,-1.074582,0.1528,0.9341,-107.4582,17.1038,NY,1
scalp_fade_3m_lim,BTCUSDT,3m,1,STOP,2026-06-16T19:33:00.000Z,2026-06-16T19:53:59.999Z,6,-1.089275,0.0839,0.7082,-108.9275,20.6859,NY,-1
scalp_fade_3m_lim,BTCUSDT,3m,1,TIME,2026-06-16T20:00:00.000Z,2026-06-16T21:02:59.999Z,20,0.319247,0.9126,0.4312,31.9247,21.5906,NY,-1
scalp_fade_3m_lim,BTCUSDT,3m,1,TIME,2026-06-16T21:18:00.000Z,2026-06-16T22:20:59.999Z,20,-0.187601,0.6694,0.6468,-18.7601,24.7014,LATE,1
scalp_fade_3m_lim,BTCUSDT,3m,1,STOP,2026-06-17T00:54:00.000Z,2026-06-17T01:20:59.999Z,8,-1.111650,0.6223,0.9662,-111.1650,25.7141,ASIA,1
scalp_fade_3m_lim,BTCUSDT,3m,1,STOP,2026-06-17T07:21:00.000Z,2026-06-17T07:53:59.999Z,10,-1.090187,0.4093,1.1707,-109.0187,20.7248,LONDON,-1
scalp_fade_3m_lim,BTCUSDT,3m,1,STOP,2026-06-17T08:00:00.000Z,2026-06-17T08:17:59.999Z,5,-1.066174,0.1548,0.8815,-106.6174,15.4172,LONDON,-1
scalp_fade_3m_lim,BTCUSDT,3m,1,TARGET,2026-06-17T13:24:00.000Z,2026-06-17T13:38:59.999Z,4,0.958276,1.4390,0.3955,95.8276,11.4029,NY,1
scalp_fade_3m_lim,BTCUSDT,3m,-1,TARGET,2026-06-17T17:54:00.000Z,2026-06-17T18:02:59.999Z,2,1.064461,2.6857,0.2330,106.4461,9.1419,NY,-1
scalp_fade_3m_lim,BTCUSDT,3m,1,STOP,2026-06-18T09:27:00.000Z,2026-06-18T10:05:59.999Z,12,-1.098235,0.1426,0.8901,-109.8235,22.4649,LONDON,-1
scalp_fade_3m_lim,BTCUSDT,3m,1,STOP,2026-06-18T13:33:00.000Z,2026-06-18T13:38:59.999Z,1,-1.081979,0.0578,1.0217,-108.1979,19.2091,NY,1
scalp_fade_3m_lim,BTCUSDT,3m,1,STOP,2026-06-18T15:00:00.000Z,2026-06-18T15:17:59.999Z,5,-1.049038,0.0323,1.3780,-104.9038,11.4773,NY,1
scalp_fade_3m_lim,BTCUSDT,3m,1,STOP,2026-06-18T22:03:00.000Z,2026-06-18T22:17:59.999Z,4,-1.102117,0.0826,0.7007,-110.2117,23.7298,LATE,-1
scalp_fade_3m_lim,BTCUSDT,3m,1,TIME,2026-06-18T23:09:00.000Z,2026-06-19T00:11:59.999Z,20,-0.023258,0.9389,0.3710,-2.3258,23.7120,LATE,-1
scalp_fade_3m_lim,BTCUSDT,3m,1,STOP,2026-06-19T02:39:00.000Z,2026-06-19T03:14:59.999Z,11,-1.103723,0.5475,1.1983,-110.3723,23.7571,ASIA,-1
scalp_fade_3m_lim,BTCUSDT,3m,1,STOP,2026-06-19T07:33:00.000Z,2026-06-19T07:38:59.999Z,1,-1.096081,0.0416,1.2611,-109.6081,22.4781,LONDON,-1
scalp_fade_3m_lim,BTCUSDT,3m,1,TIME,2026-06-19T07:54:00.000Z,2026-06-19T08:56:59.999Z,20,-0.539445,0.8927,0.2898,-53.9445,20.4207,LONDON,-1
scalp_fade_3m_lim,BTCUSDT,3m,1,STOP,2026-06-19T09:06:00.000Z,2026-06-19T09:11:59.999Z,1,-1.092802,0.0701,0.8765,-109.2802,21.7180,LONDON,-1
scalp_fade_3m_lim,BTCUSDT,3m,1,TIME,2026-06-19T09:42:00.000Z,2026-06-19T10:44:59.999Z,20,-0.500446,0.6171,0.5391,-50.0446,21.1484,LONDON,-1
scalp_fade_3m_lim,BTCUSDT,3m,1,STOP,2026-06-19T12:42:00.000Z,2026-06-19T12:47:59.999Z,1,-1.092261,0.1256,0.9951,-109.2261,21.5925,LONDON,-1
scalp_fade_3m_lim,BTCUSDT,3m,-1,TIME,2026-06-19T14:27:00.000Z,2026-06-19T15:29:59.999Z,20,0.383674,0.8012,0.5524,38.3674,14.7193,NY,1
scalp_fade_3m_lim,BTCUSDT,3m,-1,TIME,2026-06-19T15:42:00.000Z,2026-06-19T16:44:59.999Z,20,-0.406570,0.5877,0.7235,-40.6570,18.8408,NY,-1
scalp_fade_3m_lim,BTCUSDT,3m,-1,STOP,2026-06-19T23:51:00.000Z,2026-06-19T23:56:59.999Z,1,-1.153376,0.0433,2.9604,-115.3376,35.5178,LATE,-1
scalp_fade_3m_lim,BTCUSDT,3m,-1,TIME,2026-06-19T23:57:00.000Z,2026-06-20T00:59:59.999Z,20,0.181903,0.8461,0.6275,18.1903,20.3471,LATE,-1
scalp_fade_3m_lim,BTCUSDT,3m,-1,TARGET,2026-06-20T07:48:00.000Z,2026-06-20T08:02:59.999Z,4,0.671056,1.8185,0.1703,67.1056,17.4094,LONDON,1
scalp_fade_3m_lim,BTCUSDT,3m,-1,TIME,2026-06-20T11:24:00.000Z,2026-06-20T12:26:59.999Z,20,-0.657250,0.3323,0.4619,-65.7250,27.2574,LONDON,1
scalp_fade_3m_lim,BTCUSDT,3m,-1,TIME,2026-06-20T16:24:00.000Z,2026-06-20T17:26:59.999Z,20,0.278579,0.8609,0.2053,27.8579,22.1967,NY,-1
scalp_fade_3m_lim,BTCUSDT,3m,-1,TARGET,2026-06-20T17:33:00.000Z,2026-06-20T17:35:59.999Z,0,0.867868,1.6329,0.1961,86.7868,13.2879,NY,-1
scalp_fade_3m_lim,BTCUSDT,3m,-1,TIME,2026-06-20T19:12:00.000Z,2026-06-20T20:14:59.999Z,20,-1.014102,0.3371,0.5503,-101.4102,29.0106,NY,-1
scalp_fade_3m_lim,BTCUSDT,3m,-1,STOP,2026-06-20T21:36:00.000Z,2026-06-20T21:44:59.999Z,2,-1.146797,0.0008,0.8853,-114.6797,33.9149,LATE,-1
scalp_fade_3m_lim,BTCUSDT,3m,-1,TIME,2026-06-21T00:51:00.000Z,2026-06-21T01:53:59.999Z,20,-0.399211,0.5970,0.1235,-39.9211,33.0876,ASIA,1
scalp_fade_3m_lim,BTCUSDT,3m,-1,STOP,2026-06-21T03:12:00.000Z,2026-06-21T03:17:59.999Z,1,-1.189587,0.0596,0.4189,-118.9587,43.9518,ASIA,1
scalp_fade_3m_lim,BTCUSDT,3m,-1,STOP,2026-06-21T06:24:00.000Z,2026-06-21T06:41:59.999Z,5,-1.176717,0.2680,0.5514,-117.6717,40.6167,ASIA,-1
scalp_fade_3m_lim,BTCUSDT,3m,-1,STOP,2026-06-21T11:00:00.000Z,2026-06-21T11:02:59.999Z,0,-1.116722,0.0000,0.6653,-111.6722,27.0366,LONDON,1
scalp_fade_3m_lim,BTCUSDT,3m,1,TIME,2026-06-21T13:33:00.000Z,2026-06-21T14:35:59.999Z,20,-0.928467,0.4741,0.5049,-92.8467,27.6436,NY,1
scalp_fade_3m_lim,BTCUSDT,3m,1,TARGET,2026-06-21T18:03:00.000Z,2026-06-21T18:32:59.999Z,9,0.732060,1.1801,0.5318,73.2060,16.1283,NY,-1
scalp_fade_3m_lim,BTCUSDT,3m,-1,TARGET,2026-06-21T20:06:00.000Z,2026-06-21T20:14:59.999Z,2,0.615298,0.8353,0.1760,61.5298,18.5943,NY,1
scalp_fade_3m_lim,BTCUSDT,3m,1,TIME,2026-06-21T22:18:00.000Z,2026-06-21T23:20:59.999Z,20,-0.181428,0.4746,0.5843,-18.1428,16.4185,LATE,-1
scalp_fade_3m_lim,BTCUSDT,3m,1,STOP,2026-06-21T23:30:00.000Z,2026-06-21T23:32:59.999Z,0,-1.084363,0.1235,0.9990,-108.4363,19.8028,LATE,1
scalp_fade_3m_lim,BTCUSDT,3m,-1,STOP,2026-06-22T07:06:00.000Z,2026-06-22T07:14:59.999Z,2,-1.100108,0.2581,0.7801,-110.0108,23.0627,LONDON,1
scalp_fade_3m_lim,BTCUSDT,3m,-1,STOP,2026-06-22T10:00:00.000Z,2026-06-22T10:08:59.999Z,2,-1.131512,0.1284,0.9134,-113.1512,30.3622,LONDON,-1
scalp_fade_3m_lim,BTCUSDT,3m,-1,STOP,2026-06-22T11:06:00.000Z,2026-06-22T11:26:59.999Z,6,-1.106470,0.4670,0.8850,-110.6470,24.3398,LONDON,1
scalp_fade_3m_lim,BTCUSDT,3m,-1,STOP,2026-06-22T13:33:00.000Z,2026-06-22T13:38:59.999Z,1,-1.067310,0.3793,0.8699,-106.7310,15.4714,NY,-1
scalp_fade_3m_lim,BTCUSDT,3m,1,STOP,2026-06-23T00:03:00.000Z,2026-06-23T00:20:59.999Z,5,-1.113726,0.2859,0.7003,-111.3726,26.3500,ASIA,-1
scalp_fade_3m_lim,BTCUSDT,3m,1,STOP,2026-06-23T01:36:00.000Z,2026-06-23T01:50:59.999Z,4,-1.087566,0.1941,0.8178,-108.7566,20.3774,ASIA,1
scalp_fade_3m_lim,BTCUSDT,3m,1,TIME,2026-06-23T03:03:00.000Z,2026-06-23T04:05:59.999Z,20,-0.528048,0.1388,0.6118,-52.8048,23.5502,ASIA,1
scalp_fade_3m_lim,BTCUSDT,3m,1,STOP,2026-06-23T08:00:00.000Z,2026-06-23T08:14:59.999Z,4,-1.081145,0.2898,1.0467,-108.1145,18.8981,LONDON,-1
scalp_fade_3m_lim,BTCUSDT,3m,1,TARGET,2026-06-23T09:42:00.000Z,2026-06-23T10:05:59.999Z,7,0.849765,1.0861,0.3086,84.9765,13.6689,LONDON,1
scalp_fade_3m_lim,BTCUSDT,3m,1,STOP,2026-06-23T15:00:00.000Z,2026-06-23T15:26:59.999Z,8,-1.053312,0.0497,0.8574,-105.3312,12.3835,NY,1
scalp_fade_3m_lim,BTCUSDT,3m,1,STOP,2026-06-23T17:33:00.000Z,2026-06-23T17:56:59.999Z,7,-1.079403,0.6781,0.8676,-107.9403,18.3831,NY,-1
scalp_fade_3m_lim,BTCUSDT,3m,1,TARGET,2026-06-23T19:51:00.000Z,2026-06-23T20:02:59.999Z,3,0.913900,1.0568,0.0608,91.3900,12.3391,NY,1
scalp_fade_3m_lim,BTCUSDT,3m,-1,STOP,2026-06-23T23:48:00.000Z,2026-06-24T00:11:59.999Z,7,-1.099129,0.1259,0.9647,-109.9129,22.6012,LATE,1
scalp_fade_3m_lim,BTCUSDT,3m,-1,TIME,2026-06-24T01:12:00.000Z,2026-06-24T02:14:59.999Z,20,0.048330,0.8219,0.6110,4.8330,17.8264,ASIA,1
scalp_fade_3m_lim,BTCUSDT,3m,-1,STOP,2026-06-24T04:33:00.000Z,2026-06-24T05:20:59.999Z,15,-1.101773,0.4538,0.7071,-110.1773,22.8350,ASIA,-1
scalp_fade_3m_lim,BTCUSDT,3m,-1,TARGET,2026-06-24T09:15:00.000Z,2026-06-24T10:11:59.999Z,18,0.853397,1.1268,0.0415,85.3397,13.5124,LONDON,1
scalp_fade_3m_lim,BTCUSDT,3m,1,STOP,2026-06-24T10:45:00.000Z,2026-06-24T10:53:59.999Z,2,-1.106895,0.0268,0.8063,-110.6895,24.9333,LONDON,-1
scalp_fade_3m_lim,BTCUSDT,3m,1,STOP,2026-06-24T15:24:00.000Z,2026-06-24T15:32:59.999Z,2,-1.053544,0.0805,0.8335,-105.3544,12.5911,NY,-1
scalp_fade_3m_lim,BTCUSDT,3m,-1,STOP,2026-06-24T23:24:00.000Z,2026-06-25T00:08:59.999Z,14,-1.092884,0.3898,0.8010,-109.2884,20.8652,LATE,1
scalp_fade_3m_lim,BTCUSDT,3m,-1,TARGET,2026-06-25T00:24:00.000Z,2026-06-25T00:47:59.999Z,7,1.008345,1.1745,0.0711,100.8345,10.3059,ASIA,1
scalp_fade_3m_lim,BTCUSDT,3m,-1,TIME,2026-06-25T02:21:00.000Z,2026-06-25T03:23:59.999Z,20,-0.039303,0.9951,0.2456,-3.9303,19.5476,ASIA,-1
scalp_fade_3m_lim,BTCUSDT,3m,-1,STOP,2026-06-25T07:06:00.000Z,2026-06-25T07:17:59.999Z,3,-1.088304,0.2769,0.8185,-108.8304,20.2771,LONDON,1
scalp_fade_3m_lim,BTCUSDT,3m,1,STOP,2026-06-25T12:57:00.000Z,2026-06-25T13:32:59.999Z,11,-1.057351,0.6817,0.8526,-105.7351,13.2252,LONDON,1
scalp_fade_3m_lim,BTCUSDT,3m,1,STOP,2026-06-25T13:33:00.000Z,2026-06-25T13:41:59.999Z,2,-1.050325,0.4896,1.6887,-105.0325,11.8465,NY,-1
scalp_fade_3m_lim,BTCUSDT,3m,1,STOP,2026-06-25T16:33:00.000Z,2026-06-25T16:47:59.999Z,4,-1.043093,0.0325,0.8962,-104.3093,10.1314,NY,1
scalp_fade_3m_lim,BTCUSDT,3m,1,TARGET,2026-06-25T17:12:00.000Z,2026-06-25T18:02:59.999Z,16,1.186387,1.3023,0.0539,118.6387,6.5855,NY,-1
scalp_fade_3m_lim,BTCUSDT,3m,1,STOP,2026-06-25T19:03:00.000Z,2026-06-25T19:26:59.999Z,7,-1.062669,0.0934,0.7996,-106.2669,14.5514,NY,-1
scalp_fade_3m_lim,BTCUSDT,3m,1,TARGET,2026-06-25T19:57:00.000Z,2026-06-25T20:02:59.999Z,1,1.068301,1.3374,0.2315,106.8301,9.1007,NY,-1
scalp_fade_3m_lim,BTCUSDT,3m,1,STOP,2026-06-26T01:03:00.000Z,2026-06-26T01:05:59.999Z,0,-1.074707,0.0008,1.0766,-107.4707,17.5597,ASIA,-1
scalp_fade_3m_lim,BTCUSDT,3m,-1,TIME,2026-06-26T05:27:00.000Z,2026-06-26T06:29:59.999Z,20,-0.819862,0.6602,0.7418,-81.9862,14.4497,ASIA,1
scalp_fade_3m_lim,BTCUSDT,3m,1,TIME,2026-06-26T11:06:00.000Z,2026-06-26T12:08:59.999Z,20,-0.435546,0.0923,0.7911,-43.5546,12.3154,LONDON,-1
scalp_fade_3m_lim,BTCUSDT,3m,1,STOP,2026-06-26T12:39:00.000Z,2026-06-26T12:41:59.999Z,0,-1.044786,0.0008,0.8530,-104.4786,10.6092,LONDON,1
scalp_fade_3m_lim,BTCUSDT,3m,1,STOP,2026-06-26T12:48:00.000Z,2026-06-26T13:20:59.999Z,10,-1.032166,0.0783,1.7468,-103.2166,7.5206,LONDON,1
scalp_fade_3m_lim,BTCUSDT,3m,1,TARGET,2026-06-26T13:33:00.000Z,2026-06-26T13:56:59.999Z,7,1.286915,1.6837,0.5072,128.6915,4.4953,NY,-1
scalp_fade_3m_lim,BTCUSDT,3m,1,TARGET,2026-06-26T14:39:00.000Z,2026-06-26T15:26:59.999Z,15,1.251771,1.5222,0.6351,125.1771,5.2192,NY,1
scalp_fade_3m_lim,BTCUSDT,3m,1,TARGET,2026-06-26T22:06:00.000Z,2026-06-26T22:56:59.999Z,16,0.984901,1.1131,0.0888,98.4901,10.8012,LATE,1
scalp_fade_3m_lim,BTCUSDT,3m,-1,STOP,2026-06-27T02:06:00.000Z,2026-06-27T02:14:59.999Z,2,-1.135221,0.1122,1.0022,-113.5221,31.2242,ASIA,-1
scalp_fade_3m_lim,BTCUSDT,3m,-1,TIME,2026-06-27T03:03:00.000Z,2026-06-27T04:05:59.999Z,20,-0.588487,0.9362,0.5151,-58.8487,19.8874,ASIA,1
scalp_fade_3m_lim,BTCUSDT,3m,-1,STOP,2026-06-27T06:33:00.000Z,2026-06-27T06:47:59.999Z,4,-1.107475,0.3973,0.9352,-110.7475,24.6730,ASIA,-1
scalp_fade_3m_lim,BTCUSDT,3m,-1,TIME,2026-06-27T11:48:00.000Z,2026-06-27T12:50:59.999Z,20,-0.425270,0.5446,0.2076,-42.5270,23.1422,LONDON,-1
scalp_fade_3m_lim,BTCUSDT,3m,-1,STOP,2026-06-27T14:39:00.000Z,2026-06-27T15:08:59.999Z,9,-1.110267,0.0573,0.8275,-111.0267,25.0607,NY,1
scalp_fade_3m_lim,BTCUSDT,3m,-1,STOP,2026-06-27T15:09:00.000Z,2026-06-27T15:11:59.999Z,0,-1.115631,0.0000,1.5972,-111.5631,26.7817,NY,1
scalp_fade_3m_lim,BTCUSDT,3m,1,TIME,2026-06-27T23:15:00.000Z,2026-06-28T00:17:59.999Z,20,0.171247,0.5365,0.4407,17.1247,19.4650,LATE,1
scalp_fade_3m_lim,BTCUSDT,3m,1,TARGET,2026-06-28T01:06:00.000Z,2026-06-28T01:26:59.999Z,6,0.809576,1.2239,0.2803,80.9576,14.5170,ASIA,-1
scalp_fade_3m_lim,BTCUSDT,3m,1,STOP,2026-06-28T02:21:00.000Z,2026-06-28T02:23:59.999Z,0,-1.114237,0.0509,0.9036,-111.4237,26.7423,ASIA,1
scalp_fade_3m_lim,BTCUSDT,3m,1,STOP,2026-06-28T04:00:00.000Z,2026-06-28T04:32:59.999Z,10,-1.146907,0.2870,0.7891,-114.6907,33.6331,ASIA,1
scalp_fade_3m_lim,BTCUSDT,3m,1,STOP,2026-06-28T04:33:00.000Z,2026-06-28T05:05:59.999Z,10,-1.128312,0.6785,0.9558,-112.8312,29.4013,ASIA,1
scalp_fade_3m_lim,BTCUSDT,3m,1,TARGET,2026-06-28T06:21:00.000Z,2026-06-28T07:02:59.999Z,13,0.914385,1.2766,0.2467,91.4385,12.2887,ASIA,1
scalp_fade_3m_lim,BTCUSDT,3m,-1,STOP,2026-06-28T09:06:00.000Z,2026-06-28T09:11:59.999Z,1,-1.108213,0.0006,0.6731,-110.8213,24.9984,LONDON,1
scalp_fade_3m_lim,BTCUSDT,3m,1,STOP,2026-06-28T14:18:00.000Z,2026-06-28T15:08:59.999Z,16,-1.105260,0.8060,0.8640,-110.5260,23.8636,NY,1
scalp_fade_3m_lim,BTCUSDT,3m,1,STOP,2026-06-28T15:09:00.000Z,2026-06-28T15:53:59.999Z,14,-1.094338,0.8640,0.7860,-109.4338,21.4945,NY,-1
scalp_fade_3m_lim,BTCUSDT,3m,1,STOP,2026-06-28T19:36:00.000Z,2026-06-28T19:47:59.999Z,3,-1.081969,0.1257,1.1994,-108.1969,19.1273,NY,-1
scalp_fade_3m_lim,BTCUSDT,3m,1,TARGET,2026-06-28T19:57:00.000Z,2026-06-28T20:17:59.999Z,6,1.021580,1.3551,0.0507,102.1580,10.0666,NY,-1
scalp_fade_3m_lim,BTCUSDT,3m,1,STOP,2026-06-28T21:45:00.000Z,2026-06-28T21:47:59.999Z,0,-1.114760,0.1702,1.2267,-111.4760,26.8638,LATE,-1
scalp_fade_3m_lim,BTCUSDT,3m,1,STOP,2026-06-28T21:48:00.000Z,2026-06-28T21:53:59.999Z,1,-1.088707,0.0665,0.8709,-108.8707,20.7688,LATE,-1
scalp_fade_3m_lim,BTCUSDT,3m,1,TIME,2026-06-28T22:21:00.000Z,2026-06-28T23:23:59.999Z,20,0.161998,0.7617,0.7917,16.1998,10.5316,LATE,-1
scalp_fade_3m_lim,BTCUSDT,3m,1,STOP,2026-06-29T00:03:00.000Z,2026-06-29T00:32:59.999Z,9,-1.060090,0.9260,1.4001,-106.0090,13.9038,ASIA,1
scalp_fade_3m_lim,BTCUSDT,3m,1,TARGET,2026-06-29T02:24:00.000Z,2026-06-29T02:44:59.999Z,6,1.194191,1.4108,0.0550,119.4191,6.4432,ASIA,-1
scalp_fade_3m_lim,BTCUSDT,3m,-1,STOP,2026-06-29T05:45:00.000Z,2026-06-29T06:02:59.999Z,5,-1.067401,0.0544,1.1376,-106.7401,15.3652,ASIA,1
scalp_fade_3m_lim,BTCUSDT,3m,-1,STOP,2026-06-29T09:30:00.000Z,2026-06-29T10:02:59.999Z,10,-1.069596,0.1860,1.0038,-106.9596,15.7107,LONDON,1
scalp_fade_3m_lim,BTCUSDT,3m,-1,STOP,2026-06-29T12:00:00.000Z,2026-06-29T12:02:59.999Z,0,-1.078688,1.6176,0.8485,-107.8688,18.1593,LONDON,-1
scalp_fade_3m_lim,BTCUSDT,3m,-1,STOP,2026-06-29T12:03:00.000Z,2026-06-29T12:05:59.999Z,0,-1.050994,0.2705,1.1009,-105.0994,11.6954,LONDON,-1
scalp_fade_3m_lim,BTCUSDT,3m,-1,TIME,2026-06-29T19:45:00.000Z,2026-06-29T20:47:59.999Z,20,0.132341,0.5190,0.4132,13.2341,18.0269,NY,1
scalp_fade_3m_lim,BTCUSDT,3m,-1,TIME,2026-06-29T22:15:00.000Z,2026-06-29T23:17:59.999Z,20,0.195702,0.6617,0.3529,19.5702,22.1935,LATE,1
scalp_fade_3m_lim,BTCUSDT,3m,1,TIME,2026-06-30T01:39:00.000Z,2026-06-30T02:41:59.999Z,20,0.482162,0.8439,0.3449,48.2162,17.5119,ASIA,1
scalp_fade_3m_lim,BTCUSDT,3m,1,STOP,2026-06-30T07:39:00.000Z,2026-06-30T08:23:59.999Z,14,-1.092170,0.2897,0.7522,-109.2170,21.0052,LONDON,1
scalp_fade_3m_lim,BTCUSDT,3m,1,STOP,2026-06-30T11:00:00.000Z,2026-06-30T11:26:59.999Z,8,-1.112826,0.6000,0.7724,-111.2826,25.9828,LONDON,-1
scalp_fade_3m_lim,BTCUSDT,3m,1,TARGET,2026-06-30T13:33:00.000Z,2026-06-30T14:02:59.999Z,9,1.203593,2.3222,0.5098,120.3593,6.2397,NY,-1
scalp_fade_3m_lim,BTCUSDT,3m,1,STOP,2026-06-30T14:39:00.000Z,2026-06-30T15:08:59.999Z,9,-1.039716,0.7685,0.9112,-103.9716,9.2578,NY,1
scalp_fade_3m_lim,BTCUSDT,3m,1,STOP,2026-06-30T21:06:00.000Z,2026-06-30T21:11:59.999Z,1,-1.094346,0.0807,0.9801,-109.4346,22.0759,LATE,1
scalp_fade_3m_lim,BTCUSDT,3m,1,TIME,2026-06-30T21:12:00.000Z,2026-06-30T22:14:59.999Z,20,0.445217,0.8845,0.2945,44.5217,19.6542,LATE,1
scalp_fade_3m_lim,BTCUSDT,3m,1,STOP,2026-07-01T00:33:00.000Z,2026-07-01T01:08:59.999Z,11,-1.067845,0.5670,0.9335,-106.7845,15.6085,ASIA,1
scalp_fade_3m_lim,BTCUSDT,3m,1,TARGET,2026-07-01T01:24:00.000Z,2026-07-01T01:41:59.999Z,5,1.235123,1.7084,0.2503,123.5123,5.5858,ASIA,1
scalp_fade_3m_lim,BTCUSDT,3m,-1,STOP,2026-07-01T03:39:00.000Z,2026-07-01T03:53:59.999Z,4,-1.072574,0.3155,0.8386,-107.2574,16.5943,ASIA,-1
scalp_fade_3m_lim,BTCUSDT,3m,1,STOP,2026-07-01T11:12:00.000Z,2026-07-01T11:56:59.999Z,14,-1.096625,0.2749,0.8488,-109.6625,22.0107,LONDON,-1
scalp_fade_3m_lim,BTCUSDT,3m,1,STOP,2026-07-01T12:03:00.000Z,2026-07-01T12:14:59.999Z,3,-1.090410,0.3165,0.8980,-109.0410,21.0759,LONDON,1
scalp_fade_3m_lim,BTCUSDT,3m,1,TARGET,2026-07-01T12:36:00.000Z,2026-07-01T13:02:59.999Z,8,1.037680,1.3145,0.5317,103.7680,9.7223,LONDON,-1
scalp_fade_3m_lim,BTCUSDT,3m,-1,TARGET,2026-07-01T16:30:00.000Z,2026-07-01T17:05:59.999Z,11,1.101642,1.2086,0.1331,110.1642,8.3348,NY,-1
scalp_fade_3m_lim,BTCUSDT,3m,-1,TIME,2026-07-01T17:21:00.000Z,2026-07-01T18:23:59.999Z,20,-0.360339,0.3359,0.5357,-36.0339,16.2652,NY,-1
scalp_fade_3m_lim,BTCUSDT,3m,-1,TARGET,2026-07-01T19:21:00.000Z,2026-07-01T19:59:59.999Z,12,0.970272,1.1694,0.2283,97.0272,11.0875,NY,-1
scalp_fade_3m_lim,BTCUSDT,3m,-1,TARGET,2026-07-02T05:12:00.000Z,2026-07-02T05:47:59.999Z,11,0.984008,1.1740,0.2880,98.4008,10.8030,ASIA,-1
scalp_fade_3m_lim,BTCUSDT,3m,-1,STOP,2026-07-02T09:09:00.000Z,2026-07-02T09:23:59.999Z,4,-1.096523,0.2383,0.8930,-109.6523,22.1378,LONDON,1
scalp_fade_3m_lim,BTCUSDT,3m,-1,STOP,2026-07-02T11:57:00.000Z,2026-07-02T12:32:59.999Z,11,-1.094822,0.7174,1.5031,-109.4822,21.4346,LONDON,1
scalp_fade_3m_lim,BTCUSDT,3m,-1,STOP,2026-07-02T12:33:00.000Z,2026-07-02T13:08:59.999Z,11,-1.060994,0.7015,0.8189,-106.0994,13.7161,LONDON,1
scalp_fade_3m_lim,BTCUSDT,3m,-1,STOP,2026-07-02T13:33:00.000Z,2026-07-02T13:38:59.999Z,1,-1.045992,0.0269,0.8711,-104.5992,10.5062,NY,1
scalp_fade_3m_lim,BTCUSDT,3m,-1,TARGET,2026-07-02T19:51:00.000Z,2026-07-02T19:59:59.999Z,2,0.929830,1.1815,0.1869,92.9830,11.9752,NY,-1
scalp_fade_3m_lim,BTCUSDT,3m,-1,TIME,2026-07-02T21:00:00.000Z,2026-07-02T22:02:59.999Z,20,-0.324118,0.2675,0.3809,-32.4118,20.8088,LATE,-1
scalp_fade_3m_lim,BTCUSDT,3m,-1,TARGET,2026-07-03T02:09:00.000Z,2026-07-03T02:29:59.999Z,6,0.882202,1.0230,0.3953,88.2202,12.9604,ASIA,1
scalp_fade_3m_lim,BTCUSDT,3m,1,TARGET,2026-07-03T04:48:00.000Z,2026-07-03T05:20:59.999Z,10,0.833021,1.2391,0.3331,83.3021,14.0064,ASIA,-1
scalp_fade_3m_lim,BTCUSDT,3m,-1,STOP,2026-07-03T09:48:00.000Z,2026-07-03T10:44:59.999Z,18,-1.100310,0.4737,1.4765,-110.0310,22.3684,LONDON,-1
scalp_fade_3m_lim,BTCUSDT,3m,-1,STOP,2026-07-03T11:03:00.000Z,2026-07-03T11:53:59.999Z,16,-1.091419,0.2303,0.8373,-109.1419,20.4502,LONDON,-1
scalp_fade_3m_lim,BTCUSDT,3m,-1,STOP,2026-07-03T13:42:00.000Z,2026-07-03T13:53:59.999Z,3,-1.096432,0.4731,0.7829,-109.6432,22.1624,NY,1
scalp_fade_3m_lim,BTCUSDT,3m,-1,STOP,2026-07-03T14:42:00.000Z,2026-07-03T14:56:59.999Z,4,-1.067998,0.1748,0.8040,-106.7998,15.5351,NY,-1
scalp_fade_3m_lim,BTCUSDT,3m,-1,STOP,2026-07-03T16:54:00.000Z,2026-07-03T17:05:59.999Z,3,-1.106857,0.1497,0.8247,-110.6857,24.5806,NY,1
scalp_fade_3m_lim,BTCUSDT,3m,-1,STOP,2026-07-03T19:00:00.000Z,2026-07-03T19:17:59.999Z,5,-1.139195,0.4413,0.7133,-113.9195,31.9494,NY,1
scalp_fade_3m_lim,BTCUSDT,3m,-1,STOP,2026-07-03T19:18:00.000Z,2026-07-03T20:08:59.999Z,16,-1.112996,0.6505,1.3618,-111.2996,25.3239,NY,1
scalp_fade_3m_lim,BTCUSDT,3m,-1,STOP,2026-07-03T23:18:00.000Z,2026-07-04T00:08:59.999Z,16,-1.132339,0.5548,1.8099,-113.2339,29.6928,LATE,-1
scalp_fade_3m_lim,BTCUSDT,3m,-1,TARGET,2026-07-04T00:09:00.000Z,2026-07-04T01:02:59.999Z,17,0.950824,1.6641,0.3774,95.0824,11.4766,ASIA,1
scalp_fade_3m_lim,BTCUSDT,3m,-1,STOP,2026-07-04T03:33:00.000Z,2026-07-04T03:35:59.999Z,0,-1.134569,0.0007,1.2196,-113.4569,31.2019,ASIA,1
scalp_fade_3m_lim,BTCUSDT,3m,1,TARGET,2026-07-04T10:51:00.000Z,2026-07-04T11:17:59.999Z,8,0.409344,0.6634,0.1594,40.9344,22.9035,LONDON,1
scalp_fade_3m_lim,BTCUSDT,3m,-1,STOP,2026-07-04T14:57:00.000Z,2026-07-04T15:05:59.999Z,2,-1.135627,0.0371,0.6249,-113.5627,31.3186,NY,-1
scalp_fade_3m_lim,BTCUSDT,3m,-1,STOP,2026-07-04T19:03:00.000Z,2026-07-04T19:29:59.999Z,8,-1.111253,0.6603,0.8679,-111.1253,25.3384,NY,-1
scalp_fade_3m_lim,BTCUSDT,3m,-1,STOP,2026-07-04T21:12:00.000Z,2026-07-04T21:14:59.999Z,0,-1.127603,0.0007,0.7252,-112.7603,29.5761,LATE,1
scalp_fade_3m_lim,BTCUSDT,3m,-1,STOP,2026-07-04T21:15:00.000Z,2026-07-04T21:32:59.999Z,5,-1.115679,0.0012,0.6319,-111.5679,26.5171,LATE,1
scalp_fade_3m_lim,BTCUSDT,3m,-1,TARGET,2026-07-04T23:45:00.000Z,2026-07-05T00:02:59.999Z,5,0.795137,1.1020,0.1747,79.5137,14.7951,LATE,-1
scalp_fade_3m_lim,BTCUSDT,3m,-1,TARGET,2026-07-05T00:42:00.000Z,2026-07-05T00:56:59.999Z,4,0.762793,1.5559,0.0756,76.2793,15.4801,ASIA,1
scalp_fade_3m_lim,BTCUSDT,3m,1,TARGET,2026-07-05T03:21:00.000Z,2026-07-05T04:23:59.999Z,20,0.718342,0.9272,0.4001,71.8342,16.3571,ASIA,-1
scalp_fade_3m_lim,BTCUSDT,3m,1,TIME,2026-07-05T06:00:00.000Z,2026-07-05T07:02:59.999Z,20,-0.184592,0.5653,0.4876,-18.4592,29.6944,ASIA,-1
scalp_fade_3m_lim,BTCUSDT,3m,1,TARGET,2026-07-05T07:12:00.000Z,2026-07-05T07:35:59.999Z,7,0.495046,0.9533,0.4397,49.5046,21.1126,LONDON,1
scalp_fade_3m_lim,BTCUSDT,3m,1,TARGET,2026-07-05T12:18:00.000Z,2026-07-05T12:26:59.999Z,2,0.597677,0.8734,0.1015,59.7677,18.9900,LONDON,-1
scalp_fade_3m_lim,BTCUSDT,3m,1,TARGET,2026-07-05T13:30:00.000Z,2026-07-05T13:47:59.999Z,5,0.707457,0.8820,0.1096,70.7457,16.6661,NY,1
scalp_fade_3m_lim,BTCUSDT,3m,1,STOP,2026-07-05T14:06:00.000Z,2026-07-05T14:35:59.999Z,9,-1.129571,0.1676,0.5775,-112.9571,29.7484,NY,1
scalp_fade_3m_lim,BTCUSDT,3m,1,STOP,2026-07-05T15:42:00.000Z,2026-07-05T16:29:59.999Z,15,-1.102146,0.1896,0.7008,-110.2146,23.2102,NY,1
scalp_fade_3m_lim,BTCUSDT,3m,-1,TIME,2026-07-05T23:27:00.000Z,2026-07-06T00:29:59.999Z,20,0.766213,1.0572,0.1425,76.6213,14.5621,LATE,1
scalp_fade_3m_lim,BTCUSDT,3m,1,STOP,2026-07-06T12:00:00.000Z,2026-07-06T12:02:59.999Z,0,-1.070963,0.0230,1.7078,-107.0963,16.6899,LONDON,1
scalp_fade_3m_lim,BTCUSDT,3m,-1,TIME,2026-07-06T18:06:00.000Z,2026-07-06T19:08:59.999Z,20,-0.114046,0.3953,0.6685,-11.4046,16.8925,NY,-1
scalp_fade_3m_lim,BTCUSDT,3m,-1,STOP,2026-07-06T19:15:00.000Z,2026-07-06T19:20:59.999Z,1,-1.095034,0.0564,0.6874,-109.5034,21.9289,NY,-1
scalp_fade_3m_lim,BTCUSDT,3m,-1,TARGET,2026-07-06T19:51:00.000Z,2026-07-06T20:02:59.999Z,3,0.872260,1.1244,0.1961,87.2260,13.1823,NY,1
scalp_fade_3m_lim,BTCUSDT,3m,-1,TARGET,2026-07-06T23:03:00.000Z,2026-07-06T23:41:59.999Z,12,0.908077,1.0901,0.2496,90.8077,12.3921,LATE,-1
scalp_fade_3m_lim,BTCUSDT,3m,-1,STOP,2026-07-07T00:21:00.000Z,2026-07-07T00:26:59.999Z,1,-1.098188,0.0005,0.8869,-109.8188,22.6633,ASIA,-1
scalp_fade_3m_lim,BTCUSDT,3m,-1,TARGET,2026-07-07T01:48:00.000Z,2026-07-07T02:26:59.999Z,12,1.035459,1.6356,0.0472,103.5459,9.7202,ASIA,-1
scalp_fade_3m_lim,BTCUSDT,3m,1,STOP,2026-07-07T04:15:00.000Z,2026-07-07T04:50:59.999Z,11,-1.110248,0.5815,0.7319,-111.0248,25.2389,ASIA,-1
scalp_fade_3m_lim,BTCUSDT,3m,1,STOP,2026-07-07T08:15:00.000Z,2026-07-07T08:32:59.999Z,5,-1.098975,0.2656,0.7197,-109.8975,22.9585,LONDON,-1
scalp_fade_3m_lim,BTCUSDT,3m,1,TARGET,2026-07-07T11:03:00.000Z,2026-07-07T11:47:59.999Z,14,0.832177,1.4665,0.3057,83.2177,14.0058,LONDON,-1
scalp_fade_3m_lim,BTCUSDT,3m,1,TARGET,2026-07-07T14:36:00.000Z,2026-07-07T14:53:59.999Z,5,1.245628,1.4106,0.3954,124.5628,5.3652,NY,-1
scalp_fade_3m_lim,BTCUSDT,3m,-1,TARGET,2026-07-07T18:21:00.000Z,2026-07-07T18:50:59.999Z,9,0.919803,1.4964,0.1648,91.9803,12.1581,NY,-1
scalp_fade_3m_lim,BTCUSDT,3m,-1,TARGET,2026-07-07T21:03:00.000Z,2026-07-07T21:17:59.999Z,4,0.828826,1.2215,0.5673,82.8826,14.0914,LATE,-1
scalp_fade_3m_lim,BTCUSDT,3m,1,STOP,2026-07-08T03:39:00.000Z,2026-07-08T03:50:59.999Z,3,-1.095449,0.0005,0.8255,-109.5449,22.2394,ASIA,1
scalp_fade_3m_lim,BTCUSDT,3m,1,STOP,2026-07-08T04:36:00.000Z,2026-07-08T04:38:59.999Z,0,-1.101907,0.0468,0.6845,-110.1907,23.8781,ASIA,-1
scalp_fade_3m_lim,BTCUSDT,3m,1,STOP,2026-07-08T06:27:00.000Z,2026-07-08T06:41:59.999Z,4,-1.088931,0.3501,0.7826,-108.8931,20.6918,ASIA,-1
scalp_fade_3m_lim,BTCUSDT,3m,1,STOP,2026-07-08T08:18:00.000Z,2026-07-08T08:29:59.999Z,3,-1.060384,0.3757,1.0485,-106.0384,14.1442,LONDON,1
scalp_fade_3m_lim,BTCUSDT,3m,1,TIME,2026-07-08T10:03:00.000Z,2026-07-08T11:05:59.999Z,20,0.363359,0.8174,0.4188,36.3359,18.6039,LONDON,1
scalp_fade_3m_lim,BTCUSDT,3m,1,STOP,2026-07-08T13:36:00.000Z,2026-07-08T13:50:59.999Z,4,-1.069242,0.4487,1.2328,-106.9242,16.1557,NY,-1
scalp_fade_3m_lim,BTCUSDT,3m,1,STOP,2026-07-08T14:54:00.000Z,2026-07-08T15:14:59.999Z,6,-1.051238,0.3897,0.8827,-105.1238,11.9586,NY,1
scalp_fade_3m_lim,BTCUSDT,3m,1,TIME,2026-07-08T15:39:00.000Z,2026-07-08T16:41:59.999Z,20,0.777866,1.1526,0.4671,77.7866,15.0686,NY,-1
scalp_fade_3m_lim,BTCUSDT,3m,-1,STOP,2026-07-09T00:33:00.000Z,2026-07-09T01:11:59.999Z,12,-1.101521,0.9864,2.1377,-110.1521,22.9166,ASIA,-1
scalp_fade_3m_lim,BTCUSDT,3m,-1,TARGET,2026-07-09T01:33:00.000Z,2026-07-09T01:47:59.999Z,4,1.096109,1.2947,0.0225,109.6109,8.4703,ASIA,-1
scalp_fade_3m_lim,BTCUSDT,3m,1,TARGET,2026-07-09T03:21:00.000Z,2026-07-09T04:08:59.999Z,15,0.988795,1.1248,0.0818,98.8795,10.7232,ASIA,1
scalp_fade_3m_lim,BTCUSDT,3m,-1,STOP,2026-07-09T11:54:00.000Z,2026-07-09T12:08:59.999Z,4,-1.105943,0.5302,0.7525,-110.5943,24.3182,LONDON,-1
scalp_fade_3m_lim,BTCUSDT,3m,-1,TARGET,2026-07-09T12:09:00.000Z,2026-07-09T12:29:59.999Z,6,0.985653,1.1173,0.0357,98.5653,10.7862,LONDON,1
scalp_fade_3m_lim,BTCUSDT,3m,-1,TARGET,2026-07-09T12:36:00.000Z,2026-07-09T12:47:59.999Z,3,1.074713,1.2604,0.5415,107.4713,8.9233,LONDON,-1
scalp_fade_3m_lim,BTCUSDT,3m,-1,STOP,2026-07-09T13:39:00.000Z,2026-07-09T13:53:59.999Z,4,-1.059081,0.2285,1.5543,-105.9081,13.4709,NY,1
scalp_fade_3m_lim,BTCUSDT,3m,-1,TARGET,2026-07-09T22:21:00.000Z,2026-07-09T23:17:59.999Z,18,0.785762,1.3276,0.5490,78.5762,14.9283,LATE,1
scalp_fade_3m_lim,BTCUSDT,3m,-1,TIME,2026-07-09T23:27:00.000Z,2026-07-10T00:29:59.999Z,20,0.419720,0.9635,0.2437,41.9720,20.9610,LATE,1
scalp_fade_3m_lim,BTCUSDT,3m,-1,TIME,2026-07-10T04:36:00.000Z,2026-07-10T05:38:59.999Z,20,-0.490041,0.6039,0.5237,-49.0041,19.9965,ASIA,1
scalp_fade_3m_lim,BTCUSDT,3m,-1,STOP,2026-07-10T07:18:00.000Z,2026-07-10T08:02:59.999Z,14,-1.125027,0.1452,0.7763,-112.5027,28.1546,LONDON,-1
scalp_fade_3m_lim,BTCUSDT,3m,-1,STOP,2026-07-10T11:48:00.000Z,2026-07-10T12:14:59.999Z,8,-1.110225,0.7373,0.8740,-111.0225,25.1023,LONDON,-1
scalp_fade_3m_lim,BTCUSDT,3m,-1,TIME,2026-07-10T12:21:00.000Z,2026-07-10T13:23:59.999Z,20,0.364489,0.9752,0.3716,36.4489,18.8814,LONDON,-1
scalp_fade_3m_lim,BTCUSDT,3m,-1,STOP,2026-07-10T13:39:00.000Z,2026-07-10T13:47:59.999Z,2,-1.087129,0.3414,0.9612,-108.7129,20.0459,NY,-1
scalp_fade_3m_lim,BTCUSDT,3m,1,TIME,2026-07-10T17:12:00.000Z,2026-07-10T18:14:59.999Z,20,-0.775579,0.1384,0.6973,-77.5579,19.1501,NY,1
scalp_fade_3m_lim,BTCUSDT,3m,1,STOP,2026-07-10T20:00:00.000Z,2026-07-10T20:20:59.999Z,6,-1.115779,0.0527,1.3749,-111.5779,26.7669,NY,1
scalp_fade_3m_lim,BTCUSDT,3m,1,STOP,2026-07-10T20:24:00.000Z,2026-07-10T20:26:59.999Z,0,-1.087614,0.0005,0.7784,-108.7614,20.5580,NY,1
scalp_fade_3m_lim,BTCUSDT,3m,-1,STOP,2026-07-10T22:54:00.000Z,2026-07-10T22:56:59.999Z,0,-1.154677,0.0000,0.6501,-115.4677,35.8952,LATE,1
scalp_fade_3m_lim,BTCUSDT,3m,-1,TIME,2026-07-11T03:21:00.000Z,2026-07-11T04:23:59.999Z,20,-0.477440,0.6156,0.1646,-47.7440,31.0634,ASIA,1
scalp_fade_3m_lim,BTCUSDT,3m,-1,TIME,2026-07-11T04:33:00.000Z,2026-07-11T05:35:59.999Z,20,-1.060398,0.4544,0.4146,-106.0398,37.2608,ASIA,-1
scalp_fade_3m_lim,BTCUSDT,3m,-1,STOP,2026-07-11T05:57:00.000Z,2026-07-11T06:23:59.999Z,8,-1.163509,0.4502,0.7542,-116.3509,37.3349,ASIA,1
scalp_fade_3m_lim,BTCUSDT,3m,-1,TIME,2026-07-11T07:30:00.000Z,2026-07-11T08:32:59.999Z,20,-0.947720,0.5678,0.4440,-94.7720,37.5996,LONDON,-1
scalp_fade_3m_lim,BTCUSDT,3m,-1,TARGET,2026-07-11T15:12:00.000Z,2026-07-11T15:38:59.999Z,8,0.757823,4.6060,0.1445,75.7823,15.5642,NY,1
scalp_fade_3m_lim,BTCUSDT,3m,-1,TARGET,2026-07-11T22:12:00.000Z,2026-07-11T22:20:59.999Z,2,0.515526,0.9642,0.0667,51.5526,20.6939,LATE,-1
scalp_fade_3m_lim,BTCUSDT,3m,1,STOP,2026-07-12T04:21:00.000Z,2026-07-12T04:35:59.999Z,4,-1.122381,0.1211,1.1600,-112.2381,28.3981,ASIA,1
scalp_fade_3m_lim,BTCUSDT,3m,1,STOP,2026-07-12T06:00:00.000Z,2026-07-12T06:02:59.999Z,0,-1.161890,0.0000,0.6766,-116.1890,37.8120,ASIA,-1
scalp_fade_3m_lim,BTCUSDT,3m,1,STOP,2026-07-12T08:48:00.000Z,2026-07-12T09:17:59.999Z,9,-1.141940,0.3651,0.9351,-114.1940,32.5690,LONDON,1
scalp_fade_3m_lim,BTCUSDT,3m,-1,STOP,2026-07-12T19:51:00.000Z,2026-07-12T19:53:59.999Z,0,-1.177163,0.0000,0.4812,-117.7163,41.1435,NY,-1
scalp_fade_3m_lim,BTCUSDT,3m,-1,TARGET,2026-07-12T21:12:00.000Z,2026-07-12T21:20:59.999Z,2,0.395049,0.7911,0.0634,39.5049,23.2293,LATE,1
scalp_fade_3m_lim,BTCUSDT,3m,1,TARGET,2026-07-12T23:48:00.000Z,2026-07-13T00:05:59.999Z,5,0.822336,1.6716,0.1463,82.2336,14.2538,LATE,-1
scalp_fade_3m_lim,BTCUSDT,3m,1,STOP,2026-07-13T00:39:00.000Z,2026-07-13T00:41:59.999Z,0,-1.058121,0.0003,1.0834,-105.8121,13.7068,ASIA,1
scalp_fade_3m_lim,BTCUSDT,3m,1,STOP,2026-07-13T00:48:00.000Z,2026-07-13T01:35:59.999Z,15,-1.046121,0.3854,1.0158,-104.6121,10.5884,ASIA,1
scalp_fade_3m_lim,BTCUSDT,3m,1,STOP,2026-07-13T02:18:00.000Z,2026-07-13T03:08:59.999Z,16,-1.060211,0.1306,1.2116,-106.0211,13.7349,ASIA,-1
scalp_fade_3m_lim,BTCUSDT,3m,1,TARGET,2026-07-13T07:03:00.000Z,2026-07-13T07:23:59.999Z,6,0.734531,1.1326,0.0666,73.4531,16.0923,LONDON,1
scalp_fade_3m_lim,BTCUSDT,3m,1,STOP,2026-07-13T09:51:00.000Z,2026-07-13T10:41:59.999Z,16,-1.175541,0.5090,1.3633,-117.5541,39.6655,LONDON,1
scalp_fade_3m_lim,BTCUSDT,3m,1,STOP,2026-07-13T10:42:00.000Z,2026-07-13T10:59:59.999Z,5,-1.134622,0.1934,0.6254,-113.4622,31.1543,LONDON,1
scalp_fade_3m_lim,BTCUSDT,3m,1,STOP,2026-07-13T12:03:00.000Z,2026-07-13T12:08:59.999Z,1,-1.120576,0.0006,0.8446,-112.0576,28.1564,LONDON,-1
scalp_fade_3m_lim,BTCUSDT,3m,1,TIME,2026-07-13T13:42:00.000Z,2026-07-13T14:44:59.999Z,20,0.656921,1.1357,0.7636,65.6921,13.7231,NY,-1
scalp_fade_3m_lim,BTCUSDT,3m,1,TIME,2026-07-13T20:18:00.000Z,2026-07-13T21:20:59.999Z,20,-0.494032,0.7556,0.5647,-49.4032,25.9174,NY,1
scalp_fade_3m_lim,BTCUSDT,3m,1,STOP,2026-07-13T22:00:00.000Z,2026-07-13T22:59:59.999Z,19,-1.099718,0.8559,0.7828,-109.9718,22.4820,LATE,-1
scalp_fade_3m_lim,BTCUSDT,3m,-1,STOP,2026-07-14T03:30:00.000Z,2026-07-14T04:02:59.999Z,10,-1.104535,0.2192,0.6852,-110.4535,23.6991,ASIA,-1
scalp_fade_3m_lim,BTCUSDT,3m,-1,STOP,2026-07-14T08:27:00.000Z,2026-07-14T08:38:59.999Z,3,-1.120396,0.0808,0.7382,-112.0396,27.7209,LONDON,-1
scalp_fade_3m_lim,BTCUSDT,3m,-1,TIME,2026-07-14T19:21:00.000Z,2026-07-14T20:23:59.999Z,20,0.446552,0.9244,0.4945,44.6552,24.7292,NY,-1
scalp_fade_3m_lim,BTCUSDT,3m,-1,TIME,2026-07-14T22:21:00.000Z,2026-07-14T23:23:59.999Z,20,0.106951,0.8269,0.4447,10.6951,15.2123,LATE,1
scalp_fade_3m_lim,BTCUSDT,3m,-1,TARGET,2026-07-15T00:06:00.000Z,2026-07-15T00:35:59.999Z,9,0.790222,1.0155,0.2867,79.0222,14.8788,ASIA,1
scalp_fade_3m_lim,BTCUSDT,3m,-1,TARGET,2026-07-15T01:24:00.000Z,2026-07-15T02:20:59.999Z,18,0.817007,1.0940,0.3249,81.7007,14.2742,ASIA,-1
scalp_fade_3m_lim,BTCUSDT,3m,-1,STOP,2026-07-15T03:09:00.000Z,2026-07-15T03:32:59.999Z,7,-1.139297,0.2820,0.6174,-113.9297,31.8417,ASIA,-1
scalp_fade_3m_lim,BTCUSDT,3m,-1,STOP,2026-07-15T03:42:00.000Z,2026-07-15T03:53:59.999Z,3,-1.111030,0.2163,0.7689,-111.1030,25.5486,ASIA,1
scalp_fade_3m_lim,BTCUSDT,3m,-1,STOP,2026-07-15T05:33:00.000Z,2026-07-15T05:56:59.999Z,7,-1.119002,0.1294,0.7232,-111.9002,27.1729,ASIA,1
scalp_fade_3m_lim,BTCUSDT,3m,-1,TARGET,2026-07-15T10:06:00.000Z,2026-07-15T10:23:59.999Z,5,0.802147,0.9586,0.1817,80.2147,14.6477,LONDON,1
scalp_fade_3m_lim,BTCUSDT,3m,1,TARGET,2026-07-15T12:06:00.000Z,2026-07-15T12:32:59.999Z,8,0.620449,2.7685,0.5183,62.0449,18.4750,LONDON,-1
scalp_fade_3m_lim,BTCUSDT,3m,-1,STOP,2026-07-15T12:39:00.000Z,2026-07-15T12:53:59.999Z,4,-1.071872,0.1904,1.6572,-107.1872,16.4319,LONDON,1
scalp_fade_3m_lim,BTCUSDT,3m,1,TARGET,2026-07-15T19:33:00.000Z,2026-07-15T20:32:59.999Z,19,0.832479,1.0667,0.1044,83.2479,13.9767,NY,-1
scalp_fade_3m_lim,BTCUSDT,3m,1,STOP,2026-07-15T22:57:00.000Z,2026-07-15T23:41:59.999Z,14,-1.119194,0.4306,0.7046,-111.9194,27.1055,LATE,1
scalp_fade_3m_lim,BTCUSDT,3m,1,TARGET,2026-07-16T04:51:00.000Z,2026-07-16T05:14:59.999Z,7,0.644648,1.1657,0.1230,64.4648,17.9732,ASIA,-1
scalp_fade_3m_lim,BTCUSDT,3m,1,TIME,2026-07-16T08:45:00.000Z,2026-07-16T09:47:59.999Z,20,-0.431644,0.3042,0.4607,-43.1644,16.5532,LONDON,-1
scalp_fade_3m_lim,BTCUSDT,3m,1,TARGET,2026-07-16T11:18:00.000Z,2026-07-16T11:47:59.999Z,9,0.721314,0.8933,0.0688,72.1314,16.3537,LONDON,-1
scalp_fade_3m_lim,BTCUSDT,3m,1,TARGET,2026-07-16T13:06:00.000Z,2026-07-16T13:23:59.999Z,5,0.908985,1.1292,0.0708,90.8985,12.4343,NY,-1
scalp_fade_3m_lim,BTCUSDT,3m,1,TIME,2026-07-16T21:09:00.000Z,2026-07-16T22:11:59.999Z,20,-0.529229,0.6269,0.2410,-52.9229,33.4956,LATE,-1
scalp_fade_3m_lim,BTCUSDT,3m,1,STOP,2026-07-16T22:18:00.000Z,2026-07-16T22:23:59.999Z,1,-1.124235,0.0369,0.6327,-112.4235,29.0045,LATE,1
scalp_fade_3m_lim,BTCUSDT,3m,1,STOP,2026-07-16T22:36:00.000Z,2026-07-16T22:53:59.999Z,5,-1.100964,0.1804,0.8095,-110.0964,23.4159,LATE,1
scalp_fade_3m_lim,BTCUSDT,3m,1,STOP,2026-07-17T01:21:00.000Z,2026-07-17T01:47:59.999Z,8,-1.080934,0.5473,1.1597,-108.0934,18.6952,ASIA,-1
scalp_fade_3m_lim,BTCUSDT,3m,1,STOP,2026-07-17T03:48:00.000Z,2026-07-17T04:20:59.999Z,10,-1.108195,0.1017,1.4825,-110.8195,24.8230,ASIA,-1
scalp_fade_3m_lim,BTCUSDT,3m,1,STOP,2026-07-17T07:36:00.000Z,2026-07-17T08:02:59.999Z,8,-1.101269,0.4469,0.7345,-110.1269,23.3419,LONDON,-1
scalp_fade_3m_lim,BTCUSDT,3m,1,TARGET,2026-07-17T11:21:00.000Z,2026-07-17T11:38:59.999Z,5,0.587567,1.5850,0.0783,58.7567,19.1836,LONDON,1
scalp_fade_3m_lim,BTCUSDT,3m,1,STOP,2026-07-17T15:06:00.000Z,2026-07-17T15:14:59.999Z,2,-1.065647,0.0367,0.8324,-106.5647,15.3909,NY,1
scalp_fade_3m_lim,BTCUSDT,3m,-1,STOP,2026-07-17T16:24:00.000Z,2026-07-17T16:47:59.999Z,7,-1.071221,0.0892,1.0255,-107.1221,16.1810,NY,1
scalp_fade_3m_lim,BTCUSDT,3m,-1,TIME,2026-07-18T00:15:00.000Z,2026-07-18T01:17:59.999Z,20,-0.378989,0.5777,0.4173,-37.8989,34.5204,ASIA,1
scalp_fade_3m_lim,BTCUSDT,3m,-1,TIME,2026-07-18T01:24:00.000Z,2026-07-18T02:26:59.999Z,20,-0.872548,0.5452,0.2587,-87.2548,38.8847,ASIA,-1
scalp_fade_3m_lim,BTCUSDT,3m,-1,TIME,2026-07-18T02:39:00.000Z,2026-07-18T03:41:59.999Z,20,-0.445656,0.4579,0.1627,-44.5656,38.5424,ASIA,1
scalp_fade_3m_lim,BTCUSDT,3m,-1,TIME,2026-07-18T03:57:00.000Z,2026-07-18T04:59:59.999Z,20,-0.602601,0.4797,0.2788,-60.2601,42.0418,ASIA,-1
scalp_fade_3m_lim,BTCUSDT,3m,-1,TIME,2026-07-18T05:48:00.000Z,2026-07-18T06:50:59.999Z,20,-0.820207,0.3504,0.2805,-82.0207,43.4735,ASIA,1
scalp_fade_3m_lim,BTCUSDT,3m,-1,TARGET,2026-07-18T08:30:00.000Z,2026-07-18T09:17:59.999Z,15,0.245171,0.5216,0.0934,24.5171,26.2710,LONDON,-1
scalp_fade_3m_lim,BTCUSDT,3m,-1,TIME,2026-07-18T15:48:00.000Z,2026-07-18T16:50:59.999Z,20,-1.066997,0.2114,0.4611,-106.6997,34.5123,NY,-1
scalp_fade_3m_lim,BTCUSDT,3m,-1,STOP,2026-07-18T16:54:00.000Z,2026-07-18T17:20:59.999Z,8,-1.126989,0.0167,1.1608,-112.6989,28.9508,NY,1
scalp_fade_3m_lim,BTCUSDT,3m,-1,STOP,2026-07-18T20:09:00.000Z,2026-07-18T20:14:59.999Z,1,-1.148982,0.0008,0.6133,-114.8982,34.4943,NY,1
scalp_fade_3m_lim,BTCUSDT,3m,-1,TIME,2026-07-18T23:18:00.000Z,2026-07-19T00:20:59.999Z,20,-0.970607,0.0604,0.4493,-97.0607,30.4357,LATE,-1
scalp_fade_3m_lim,BTCUSDT,3m,-1,STOP,2026-07-19T02:03:00.000Z,2026-07-19T02:05:59.999Z,0,-1.203824,0.0000,0.7111,-120.3824,47.3664,ASIA,1
scalp_fade_3m_lim,BTCUSDT,3m,-1,STOP,2026-07-19T02:06:00.000Z,2026-07-19T02:08:59.999Z,0,-1.177990,0.0009,1.2699,-117.7990,41.3367,ASIA,-1
scalp_fade_3m_lim,BTCUSDT,3m,-1,STOP,2026-07-19T05:03:00.000Z,2026-07-19T05:17:59.999Z,4,-1.167438,0.1173,0.5389,-116.7438,38.5526,ASIA,-1
scalp_fade_3m_lim,BTCUSDT,3m,-1,STOP,2026-07-19T06:45:00.000Z,2026-07-19T07:41:59.999Z,18,-1.192322,0.4370,0.5140,-119.2322,43.0676,ASIA,1
scalp_fade_3m_lim,BTCUSDT,3m,-1,TARGET,2026-07-19T07:51:00.000Z,2026-07-19T08:20:59.999Z,9,0.359361,0.6900,0.0601,35.9361,23.9252,LONDON,-1
scalp_fade_3m_lim,BTCUSDT,3m,1,TARGET,2026-07-19T10:06:00.000Z,2026-07-19T10:38:59.999Z,10,0.544359,0.7820,0.0947,54.4359,20.0581,LONDON,-1
scalp_fade_3m_lim,BTCUSDT,3m,1,STOP,2026-07-19T10:57:00.000Z,2026-07-19T11:02:59.999Z,1,-1.148383,0.0000,0.7205,-114.8383,34.6026,LONDON,1
scalp_fade_3m_lim,BTCUSDT,3m,1,TIME,2026-07-19T12:27:00.000Z,2026-07-19T13:29:59.999Z,20,-0.079800,0.7322,0.3190,-7.9800,27.2066,LONDON,-1
scalp_fade_3m_lim,BTCUSDT,3m,1,TARGET,2026-07-19T22:06:00.000Z,2026-07-19T22:17:59.999Z,3,1.009976,1.7661,0.2787,100.9976,10.3203,LATE,-1
scalp_fade_3m_lim,BTCUSDT,3m,-1,STOP,2026-07-20T00:06:00.000Z,2026-07-20T00:11:59.999Z,1,-1.086216,0.0000,1.0349,-108.6216,19.8749,ASIA,-1
scalp_fade_3m_lim,BTCUSDT,3m,-1,TARGET,2026-07-20T00:24:00.000Z,2026-07-20T00:53:59.999Z,9,1.078842,1.6021,0.2107,107.8842,8.8189,ASIA,-1
scalp_fade_3m_lim,BTCUSDT,3m,-1,TIME,2026-07-20T02:03:00.000Z,2026-07-20T03:05:59.999Z,20,-0.044960,1.0166,0.2196,-4.4960,14.4488,ASIA,-1
scalp_fade_3m_lim,BTCUSDT,3m,1,STOP,2026-07-20T08:36:00.000Z,2026-07-20T08:38:59.999Z,0,-1.108407,0.0226,1.7968,-110.8407,25.3880,LONDON,1
scalp_fade_3m_lim,BTCUSDT,3m,1,TARGET,2026-07-20T08:39:00.000Z,2026-07-20T09:35:59.999Z,18,1.005109,1.1857,0.1878,100.5109,10.3716,LONDON,1
scalp_fade_3m_lim,BTCUSDT,3m,-1,TIME,2026-07-20T12:06:00.000Z,2026-07-20T13:08:59.999Z,20,0.171536,0.8000,0.0689,17.1536,14.3947,LONDON,1
scalp_fade_3m_lim,BTCUSDT,3m,-1,TARGET,2026-07-20T13:36:00.000Z,2026-07-20T13:47:59.999Z,3,0.990787,1.2642,0.3890,99.0787,10.6888,NY,1
scalp_fade_3m_lim,BTCUSDT,3m,-1,TARGET,2026-07-20T21:33:00.000Z,2026-07-20T22:02:59.999Z,9,0.705801,1.4890,0.2518,70.5801,16.6513,LATE,1
scalp_fade_3m_lim,BTCUSDT,3m,-1,STOP,2026-07-20T23:06:00.000Z,2026-07-20T23:20:59.999Z,4,-1.145922,0.3367,0.5734,-114.5922,33.5724,LATE,-1
scalp_fade_3m_lim,BTCUSDT,3m,-1,STOP,2026-07-20T23:57:00.000Z,2026-07-21T00:20:59.999Z,7,-1.123379,0.5647,0.7404,-112.3379,28.1799,LATE,1
scalp_fade_3m_lim,BTCUSDT,3m,-1,STOP,2026-07-21T00:21:00.000Z,2026-07-21T00:41:59.999Z,6,-1.093896,0.1198,0.8258,-109.3896,21.4414,ASIA,1
scalp_fade_3m_lim,BTCUSDT,3m,-1,STOP,2026-07-21T03:54:00.000Z,2026-07-21T04:05:59.999Z,3,-1.112549,0.0930,0.8961,-111.2549,25.9009,ASIA,1
scalp_fade_3m_lim,BTCUSDT,3m,-1,TARGET,2026-07-21T10:12:00.000Z,2026-07-21T10:53:59.999Z,13,0.804733,0.9882,0.3230,80.4733,14.5550,LONDON,1
scalp_fade_3m_lim,BTCUSDT,3m,-1,STOP,2026-07-21T12:09:00.000Z,2026-07-21T12:20:59.999Z,3,-1.124188,0.1138,0.6089,-112.4188,28.6005,LONDON,1
scalp_fade_3m_lim,BTCUSDT,3m,-1,STOP,2026-07-21T13:36:00.000Z,2026-07-21T13:50:59.999Z,4,-1.093376,0.8677,0.7185,-109.3376,21.4094,NY,1
scalp_fade_3m_lim,BTCUSDT,3m,-1,STOP,2026-07-21T13:51:00.000Z,2026-07-21T14:05:59.999Z,4,-1.071116,0.1728,0.9040,-107.1116,16.2567,NY,-1
scalp_fade_3m_lim,BTCUSDT,3m,-1,TIME,2026-07-21T14:24:00.000Z,2026-07-21T15:26:59.999Z,20,-0.053951,0.2527,0.6238,-5.3951,14.5409,NY,-1
scalp_fade_3m_lim,BTCUSDT,3m,1,TARGET,2026-07-21T19:15:00.000Z,2026-07-21T19:41:59.999Z,8,0.827746,1.0154,0.0836,82.7746,14.1263,NY,1
scalp_fade_3m_lim,BTCUSDT,3m,-1,TIME,2026-07-21T20:00:00.000Z,2026-07-21T21:02:59.999Z,20,0.149954,0.7628,0.3476,14.9954,28.7847,NY,1
scalp_fade_3m_lim,BTCUSDT,3m,-1,TARGET,2026-07-21T21:51:00.000Z,2026-07-21T22:20:59.999Z,9,0.566618,1.2939,0.1602,56.6618,19.5736,LATE,-1
scalp_fade_3m_lim,BTCUSDT,3m,1,TARGET,2026-07-21T23:03:00.000Z,2026-07-21T23:29:59.999Z,8,0.642664,1.1413,0.0842,64.2664,18.0089,LATE,-1
scalp_fade_3m_lim,BTCUSDT,3m,1,TARGET,2026-07-22T03:57:00.000Z,2026-07-22T04:17:59.999Z,6,0.761221,0.9205,0.2631,76.1221,15.5320,ASIA,1
scalp_fade_3m_lim,BTCUSDT,3m,1,STOP,2026-07-22T05:06:00.000Z,2026-07-22T05:17:59.999Z,3,-1.129795,0.1042,0.6254,-112.9795,30.1685,ASIA,1
scalp_fade_3m_lim,BTCUSDT,3m,1,TARGET,2026-07-22T13:33:00.000Z,2026-07-22T13:38:59.999Z,1,0.855347,1.1268,0.0506,85.5347,13.5784,NY,-1
scalp_fade_3m_lim,BTCUSDT,3m,1,TIME,2026-07-22T14:18:00.000Z,2026-07-22T15:20:59.999Z,20,0.521220,0.8188,0.5329,52.1220,13.4471,NY,1
scalp_fade_3m_lim,BTCUSDT,3m,1,TIME,2026-07-23T04:18:00.000Z,2026-07-23T05:20:59.999Z,20,-0.397701,0.5591,0.4801,-39.7701,28.5956,ASIA,1
scalp_fade_3m_lim,BTCUSDT,3m,1,TARGET,2026-07-23T05:24:00.000Z,2026-07-23T05:32:59.999Z,2,0.668554,1.1508,0.0466,66.8554,17.5002,ASIA,-1
scalp_fade_3m_lim,BTCUSDT,3m,1,STOP,2026-07-23T07:03:00.000Z,2026-07-23T07:11:59.999Z,2,-1.130327,0.1513,2.5293,-113.0327,30.3540,LONDON,-1
scalp_fade_3m_lim,BTCUSDT,3m,1,STOP,2026-07-23T11:54:00.000Z,2026-07-23T12:08:59.999Z,4,-1.138122,0.1069,0.5430,-113.8122,32.0247,LONDON,-1
scalp_fade_3m_lim,BTCUSDT,3m,1,TIME,2026-07-23T13:57:00.000Z,2026-07-23T14:59:59.999Z,20,-0.576700,0.5980,0.5720,-57.6700,13.4190,NY,-1
scalp_fade_3m_lim,BTCUSDT,3m,-1,TARGET,2026-07-23T23:12:00.000Z,2026-07-23T23:56:59.999Z,14,0.606892,0.8955,0.3304,60.6892,18.6973,LATE,1
scalp_fade_3m_lim,BTCUSDT,3m,1,STOP,2026-07-24T11:36:00.000Z,2026-07-24T11:47:59.999Z,3,-1.120743,0.2301,0.7089,-112.0743,28.0788,LONDON,1
scalp_fade_3m_lim,BTCUSDT,3m,1,STOP,2026-07-24T12:30:00.000Z,2026-07-24T12:47:59.999Z,5,-1.095234,0.1742,0.7729,-109.5234,22.0985,LONDON,1
scalp_fade_3m_lim,BTCUSDT,3m,1,TIME,2026-07-24T19:57:00.000Z,2026-07-24T20:59:59.999Z,20,-0.754874,0.6601,0.4120,-75.4874,31.0242,NY,1
scalp_fade_3m_lim,BTCUSDT,3m,1,TIME,2026-07-24T21:06:00.000Z,2026-07-24T22:08:59.999Z,20,-0.964111,0.1294,0.4768,-96.4111,33.7495,LATE,-1
scalp_fade_3m_lim,BTCUSDT,3m,1,TARGET,2026-07-25T02:48:00.000Z,2026-07-25T03:29:59.999Z,13,0.279517,0.5733,0.2786,27.9517,25.5851,ASIA,-1
scalp_fade_3m_lim,BTCUSDT,3m,-1,TIME,2026-07-25T19:18:00.000Z,2026-07-25T20:20:59.999Z,20,-0.466389,0.5410,0.2945,-46.6389,38.6966,NY,1
scalp_fade_3m_lim,BTCUSDT,3m,-1,TIME,2026-07-25T22:48:00.000Z,2026-07-25T23:50:59.999Z,20,-0.827901,0.0009,0.3727,-82.7901,39.8091,LATE,1
scalp_fade_3m_lim,BTCUSDT,3m,-1,STOP,2026-07-26T02:30:00.000Z,2026-07-26T02:56:59.999Z,8,-1.181306,0.4971,0.4384,-118.1306,41.4206,ASIA,-1
scalp_fade_3m_lim,BTCUSDT,3m,-1,TIME,2026-07-26T15:18:00.000Z,2026-07-26T16:20:59.999Z,20,-0.535039,0.3330,0.5719,-53.5039,27.4925,NY,1
scalp_fade_3m_lim,BTCUSDT,3m,-1,STOP,2026-07-26T18:39:00.000Z,2026-07-26T18:53:59.999Z,4,-1.187747,0.0611,0.6624,-118.7747,43.2536,NY,-1
scalp_fade_3m_lim,BTCUSDT,3m,-1,STOP,2026-07-26T21:15:00.000Z,2026-07-26T21:20:59.999Z,1,-1.190911,0.0010,0.5784,-119.0911,44.2603,LATE,1
scalp_fade_3m_lim,BTCUSDT,3m,-1,STOP,2026-07-27T03:06:00.000Z,2026-07-27T03:44:59.999Z,12,-1.106699,0.1998,0.7511,-110.6699,24.0956,ASIA,1
scalp_fade_3m_lim,BTCUSDT,3m,-1,STOP,2026-07-27T04:06:00.000Z,2026-07-27T04:20:59.999Z,4,-1.137625,0.5719,0.6957,-113.7625,31.6519,ASIA,1
scalp_fade_3m_lim,BTCUSDT,3m,-1,STOP,2026-07-27T05:42:00.000Z,2026-07-27T05:59:59.999Z,5,-1.134637,0.2023,0.7892,-113.4637,30.8963,ASIA,1
scalp_fade_3m_lim,BTCUSDT,3m,1,STOP,2026-07-27T12:15:00.000Z,2026-07-27T12:32:59.999Z,5,-1.105021,0.3229,1.0363,-110.5021,24.3485,LONDON,1
scalp_fade_3m_lim,BTCUSDT,3m,1,STOP,2026-07-27T18:33:00.000Z,2026-07-27T18:41:59.999Z,2,-1.117877,0.0006,0.7927,-111.7877,27.4739,NY,-1
scalp_fade_3m_lim,BTCUSDT,3m,1,STOP,2026-07-27T21:03:00.000Z,2026-07-27T21:17:59.999Z,4,-1.147253,0.0729,0.7255,-114.7253,34.1283,LATE,-1
scalp_fade_3m_lim,BTCUSDT,3m,1,STOP,2026-07-27T21:57:00.000Z,2026-07-27T22:02:59.999Z,1,-1.142504,0.0007,1.3078,-114.2504,33.2398,LATE,-1
scalp_fade_3m_lim,BTCUSDT,3m,1,STOP,2026-07-28T02:24:00.000Z,2026-07-28T02:44:59.999Z,6,-1.101262,0.1337,0.7654,-110.1262,23.4361,ASIA,-1
scalp_fade_3m_lim,BTCUSDT,3m,1,TARGET,2026-07-28T08:54:00.000Z,2026-07-28T09:32:59.999Z,12,0.677268,0.8555,0.1775,67.7268,17.2604,LONDON,-1
scalp_fade_3m_lim,BTCUSDT,3m,1,TIME,2026-07-28T11:42:00.000Z,2026-07-28T12:44:59.999Z,20,-0.086538,0.6141,0.2326,-8.6538,21.5959,LONDON,1
scalp_fade_3m_lim,BTCUSDT,3m,1,STOP,2026-07-28T13:12:00.000Z,2026-07-28T13:26:59.999Z,4,-1.106785,0.0761,0.8261,-110.6785,24.8052,NY,-1
scalp_fade_3m_lim,BTCUSDT,3m,1,TARGET,2026-07-28T15:06:00.000Z,2026-07-28T15:23:59.999Z,5,1.068628,1.8184,0.0308,106.8628,9.0819,NY,1
scalp_fade_3m_lim,BTCUSDT,3m,-1,TIME,2026-07-28T18:03:00.000Z,2026-07-28T19:05:59.999Z,20,-0.726786,0.5090,0.3434,-72.6786,20.4362,NY,-1
scalp_fade_3m_lim,BTCUSDT,3m,-1,STOP,2026-07-28T19:33:00.000Z,2026-07-28T20:02:59.999Z,9,-1.111019,0.7678,0.9241,-111.1019,25.2330,NY,1
scalp_fade_3m_lim,BTCUSDT,3m,-1,TARGET,2026-07-28T21:36:00.000Z,2026-07-28T22:32:59.999Z,18,0.650962,1.0647,0.3734,65.0962,17.7503,LATE,-1
scalp_fade_3m_lim,BTCUSDT,3m,-1,STOP,2026-07-29T08:45:00.000Z,2026-07-29T08:47:59.999Z,0,-1.123544,0.0006,0.5992,-112.3544,28.6289,LONDON,-1
scalp_fade_3m_lim,BTCUSDT,3m,-1,TARGET,2026-07-29T11:21:00.000Z,2026-07-29T12:17:59.999Z,18,0.755085,1.4631,0.3020,75.5085,15.5705,LONDON,-1
scalp_fade_3m_lim,BTCUSDT,3m,-1,STOP,2026-07-29T13:33:00.000Z,2026-07-29T13:47:59.999Z,4,-1.086475,0.9880,0.7461,-108.6475,19.8119,NY,-1
scalp_fade_3m_lim,BTCUSDT,3m,-1,TARGET,2026-07-29T14:00:00.000Z,2026-07-29T14:26:59.999Z,8,1.189596,1.3706,0.1347,118.9596,6.4957,NY,1
scalp_fade_3m_lim,BTCUSDT,3m,1,TARGET,2026-07-29T18:33:00.000Z,2026-07-29T18:44:59.999Z,3,1.209235,1.3528,0.0760,120.9235,6.1334,NY,1
scalp_fade_3m_lim,BTCUSDT,3m,1,STOP,2026-07-30T00:33:00.000Z,2026-07-30T00:44:59.999Z,3,-1.093320,0.0619,0.8494,-109.3320,21.7479,ASIA,1
scalp_fade_3m_lim,BTCUSDT,3m,1,TARGET,2026-07-30T01:06:00.000Z,2026-07-30T01:35:59.999Z,9,0.972461,1.2743,0.3203,97.2461,11.0868,ASIA,1
scalp_fade_3m_lim,BTCUSDT,3m,-1,TIME,2026-07-30T03:18:00.000Z,2026-07-30T04:20:59.999Z,20,0.396766,0.8924,0.0634,39.6766,22.0839,ASIA,-1
scalp_fade_3m_lim,BTCUSDT,3m,-1,TIME,2026-07-30T05:33:00.000Z,2026-07-30T06:35:59.999Z,20,0.168949,0.6499,0.2617,16.8949,21.1656,ASIA,-1
scalp_fade_3m_lim,BTCUSDT,3m,-1,TARGET,2026-07-30T13:03:00.000Z,2026-07-30T13:38:59.999Z,11,0.785402,1.0031,0.3866,78.5402,14.9702,NY,-1
scalp_fade_3m_lim,BTCUSDT,3m,-1,TARGET,2026-07-30T13:45:00.000Z,2026-07-30T14:08:59.999Z,7,0.975359,1.1459,0.7029,97.5359,10.9989,NY,-1
scalp_fade_3m_lim,BTCUSDT,3m,-1,TARGET,2026-07-30T17:21:00.000Z,2026-07-30T18:17:59.999Z,18,0.794907,1.0634,0.2938,79.4907,14.7369,NY,-1
scalp_fade_3m_lim,BTCUSDT,3m,-1,TIME,2026-07-30T20:03:00.000Z,2026-07-30T21:05:59.999Z,20,0.264132,0.8840,0.0363,26.4132,24.2503,NY,-1
scalp_fade_3m_lim,BTCUSDT,3m,-1,STOP,2026-07-30T22:03:00.000Z,2026-07-30T22:08:59.999Z,1,-1.136597,0.0070,1.3478,-113.6597,31.6096,LATE,-1
scalp_fade_3m_lim,BTCUSDT,3m,-1,STOP,2026-07-31T01:03:00.000Z,2026-07-31T01:08:59.999Z,1,-1.092847,0.1383,0.8844,-109.2847,21.4194,ASIA,-1
scalp_fade_3m_lim,BTCUSDT,3m,1,STOP,2026-07-31T06:42:00.000Z,2026-07-31T06:47:59.999Z,1,-1.124155,0.0000,0.7977,-112.4155,28.9861,ASIA,-1
scalp_fade_3m_lim,BTCUSDT,3m,1,STOP,2026-07-31T13:33:00.000Z,2026-07-31T13:41:59.999Z,2,-1.089738,0.6203,0.8175,-108.9738,20.9643,NY,1
scalp_fade_3m_lim,BTCUSDT,3m,1,TIME,2026-07-31T19:06:00.000Z,2026-07-31T20:08:59.999Z,20,-0.758217,0.1329,0.6191,-75.8217,23.0635,NY,-1
scalp_fade_3m_lim,BTCUSDT,3m,1,STOP,2026-07-31T20:42:00.000Z,2026-07-31T21:02:59.999Z,6,-1.140193,0.0993,1.1316,-114.0193,32.3685,NY,-1
scalp_fade_3m_lim,BTCUSDT,3m,1,TIME,2026-07-31T22:36:00.000Z,2026-07-31T23:38:59.999Z,20,-0.196399,0.6858,0.0739,-19.6399,32.2314,LATE,-1
scalp_fade_3m_lim,BTCUSDT,3m,1,TARGET,2026-08-01T01:27:00.000Z,2026-08-01T02:14:59.999Z,15,0.502831,0.8406,0.1212,50.2831,20.8945,ASIA,1
scalp_fade_3m_lim,BTCUSDT,3m,1,STOP,2026-08-01T03:12:00.000Z,2026-08-01T03:17:59.999Z,1,-1.175320,0.0000,0.4414,-117.5320,40.8469,ASIA,1
scalp_fade_3m_lim,BTCUSDT,3m,1,STOP,2026-08-01T17:12:00.000Z,2026-08-01T17:14:59.999Z,0,-1.149123,0.0000,0.5269,-114.9123,34.8463,NY,-1
scalp_fade_3m_lim,BTCUSDT,3m,-1,TIME,2026-08-02T02:09:00.000Z,2026-08-02T03:11:59.999Z,20,-0.342333,0.2385,0.6470,-34.2333,17.2966,ASIA,-1
scalp_fade_3m_lim,BTCUSDT,3m,-1,STOP,2026-08-02T03:21:00.000Z,2026-08-02T03:23:59.999Z,0,-1.114861,0.0006,0.6809,-111.4861,26.6022,ASIA,-1
scalp_fade_3m_lim,BTCUSDT,3m,-1,STOP,2026-08-02T07:48:00.000Z,2026-08-02T08:11:59.999Z,7,-1.200125,0.1309,0.3907,-120.0125,45.8348,LONDON,1
scalp_fade_3m_lim,BTCUSDT,3m,1,STOP,2026-08-02T11:21:00.000Z,2026-08-02T11:23:59.999Z,0,-1.157722,0.0000,0.5432,-115.7722,36.8438,LONDON,-1
scalp_fade_3m_lim,BTCUSDT,3m,1,STOP,2026-08-02T11:42:00.000Z,2026-08-02T11:53:59.999Z,3,-1.134540,0.1218,1.0456,-113.4540,31.2638,LONDON,-1
scalp_fade_3m_lim,BTCUSDT,3m,1,TIME,2026-08-02T11:54:00.000Z,2026-08-02T12:56:59.999Z,20,-0.233657,0.9004,0.4666,-23.3657,23.7533,LONDON,-1
scalp_fade_3m_lim,BTCUSDT,3m,1,TARGET,2026-08-02T14:03:00.000Z,2026-08-02T14:38:59.999Z,11,0.515979,0.9621,0.1137,51.5979,20.6462,NY,1
scalp_fade_3m_lim,BTCUSDT,3m,1,TARGET,2026-08-02T16:03:00.000Z,2026-08-02T16:11:59.999Z,2,0.393708,0.6384,0.0673,39.3708,23.2773,NY,-1
scalp_fade_3m_lim,BTCUSDT,3m,-1,STOP,2026-08-02T18:36:00.000Z,2026-08-02T18:38:59.999Z,0,-1.165863,0.0009,0.6680,-116.5863,38.5061,NY,1
scalp_fade_3m_lim,BTCUSDT,3m,-1,STOP,2026-08-02T21:42:00.000Z,2026-08-02T21:44:59.999Z,0,-1.134357,0.0000,1.5408,-113.4357,31.1525,LATE,1
scalp_fade_3m_lim,BTCUSDT,3m,-1,TIME,2026-08-02T23:21:00.000Z,2026-08-03T00:23:59.999Z,20,0.046579,0.5518,0.6594,4.6579,23.0639,LATE,-1
scalp_fade_3m_lim,BTCUSDT,3m,1,STOP,2026-08-03T05:51:00.000Z,2026-08-03T06:38:59.999Z,15,-1.125011,0.2953,0.8638,-112.5011,28.3615,ASIA,-1
scalp_fade_3m_lim,BTCUSDT,3m,1,STOP,2026-08-03T07:36:00.000Z,2026-08-03T07:59:59.999Z,7,-1.126070,0.0345,0.6546,-112.6070,29.0685,LONDON,-1
scalp_fade_3m_lim,BTCUSDT,3m,1,STOP,2026-08-03T08:09:00.000Z,2026-08-03T08:23:59.999Z,4,-1.116032,0.1856,1.3261,-111.6032,26.9356,LONDON,-1
scalp_fade_3m_lim,BTCUSDT,3m,1,STOP,2026-08-03T10:33:00.000Z,2026-08-03T10:50:59.999Z,5,-1.125117,0.0020,0.6631,-112.5117,28.9690,LONDON,-1
scalp_fade_3m_lim,BTCUSDT,3m,1,TARGET,2026-08-03T13:33:00.000Z,2026-08-03T13:38:59.999Z,1,1.023766,1.4012,0.0252,102.3766,10.0371,NY,1
scalp_fade_3m_lim,BTCUSDT,3m,-1,TIME,2026-08-03T15:45:00.000Z,2026-08-03T16:47:59.999Z,20,-0.482886,0.4836,0.5423,-48.2886,15.4201,NY,1
scalp_fade_3m_lim,BTCUSDT,3m,-1,STOP,2026-08-03T17:24:00.000Z,2026-08-03T17:26:59.999Z,0,-1.099917,0.4879,0.7339,-109.9917,23.1140,NY,1
scalp_fade_3m_lim,BTCUSDT,3m,-1,TARGET,2026-08-03T18:15:00.000Z,2026-08-03T18:47:59.999Z,10,0.852638,1.0628,0.1057,85.2638,13.5639,NY,1
scalp_fade_3m_lim,BTCUSDT,3m,-1,TIME,2026-08-03T19:45:00.000Z,2026-08-03T20:47:59.999Z,20,-0.129508,0.7430,0.3952,-12.9508,24.0509,NY,1
scalp_fade_3m_lim,BTCUSDT,3m,1,STOP,2026-08-04T00:12:00.000Z,2026-08-04T00:17:59.999Z,1,-1.140664,0.0007,0.8279,-114.0664,32.8132,ASIA,-1
scalp_fade_3m_lim,BTCUSDT,3m,1,STOP,2026-08-04T10:03:00.000Z,2026-08-04T10:17:59.999Z,4,-1.152739,0.0000,0.8978,-115.2739,35.3922,LONDON,1
scalp_fade_3m_lim,BTCUSDT,3m,1,TARGET,2026-08-04T10:24:00.000Z,2026-08-04T10:44:59.999Z,6,0.638642,1.2996,0.2465,63.8642,18.1052,LONDON,1
scalp_fade_3m_lim,BTCUSDT,3m,-1,STOP,2026-08-04T11:45:00.000Z,2026-08-04T12:38:59.999Z,17,-1.106744,0.4658,0.9796,-110.6744,23.8636,LONDON,1
scalp_fade_3m_lim,BTCUSDT,3m,-1,STOP,2026-08-04T13:06:00.000Z,2026-08-04T13:38:59.999Z,10,-1.111090,0.7370,0.7072,-111.1090,25.1977,NY,-1
scalp_fade_3m_lim,BTCUSDT,3m,-1,TARGET,2026-08-04T13:39:00.000Z,2026-08-04T13:56:59.999Z,5,1.010980,1.1654,0.6042,101.0980,10.2573,NY,1
scalp_fade_3m_lim,BTCUSDT,3m,-1,STOP,2026-08-04T14:06:00.000Z,2026-08-04T14:41:59.999Z,11,-1.058166,0.7884,0.8968,-105.8166,13.0709,NY,1
scalp_fade_3m_lim,BTCUSDT,3m,-1,TIME,2026-08-04T15:45:00.000Z,2026-08-04T16:47:59.999Z,20,0.349313,0.9219,0.3959,34.9313,17.7040,NY,1
scalp_fade_3m_lim,BTCUSDT,3m,-1,STOP,2026-08-04T17:03:00.000Z,2026-08-04T17:08:59.999Z,1,-1.100005,0.1234,0.6926,-110.0005,23.0866,NY,-1
scalp_fade_3m_lim,BTCUSDT,3m,-1,TARGET,2026-08-04T19:42:00.000Z,2026-08-04T20:02:59.999Z,6,0.841225,1.1593,0.5027,84.1225,13.8216,NY,1
scalp_fade_3m_lim,BTCUSDT,3m,-1,STOP,2026-08-04T23:06:00.000Z,2026-08-04T23:08:59.999Z,0,-1.141166,0.0196,1.4987,-114.1166,32.7417,LATE,1
scalp_fade_3m_lim,BTCUSDT,3m,-1,TARGET,2026-08-05T00:33:00.000Z,2026-08-05T00:50:59.999Z,5,0.739766,0.9663,0.3346,73.9766,15.9592,ASIA,-1
scalp_fade_3m_lim,BTCUSDT,3m,-1,STOP,2026-08-05T04:33:00.000Z,2026-08-05T05:05:59.999Z,10,-1.133771,0.6376,0.6856,-113.3771,30.3835,ASIA,1
scalp_fade_3m_lim,BTCUSDT,3m,1,TIME,2026-08-05T08:42:00.000Z,2026-08-05T09:44:59.999Z,20,-0.506734,0.2543,0.4500,-50.6734,27.3650,LONDON,1
scalp_fade_3m_lim,BTCUSDT,3m,1,STOP,2026-08-05T10:15:00.000Z,2026-08-05T10:17:59.999Z,0,-1.140522,0.0000,0.5935,-114.0522,32.8483,LONDON,-1
scalp_fade_3m_lim,BTCUSDT,3m,1,TIME,2026-08-05T10:48:00.000Z,2026-08-05T11:50:59.999Z,20,-0.438938,0.4494,0.3698,-43.8938,27.4399,LONDON,-1
scalp_fade_3m_lim,BTCUSDT,3m,-1,TIME,2026-08-05T15:18:00.000Z,2026-08-05T16:20:59.999Z,20,-0.653841,0.4847,0.6892,-65.3841,15.1060,NY,1
scalp_fade_3m_lim,BTCUSDT,3m,-1,TIME,2026-08-05T17:39:00.000Z,2026-08-05T18:41:59.999Z,20,-0.595078,0.4103,0.4477,-59.5078,25.6847,NY,-1
scalp_fade_3m_lim,BTCUSDT,3m,-1,TARGET,2026-08-05T20:21:00.000Z,2026-08-05T21:02:59.999Z,13,0.841422,1.5828,0.2178,84.1422,13.7857,NY,1
scalp_fade_3m_lim,BTCUSDT,3m,-1,TARGET,2026-08-05T23:24:00.000Z,2026-08-05T23:47:59.999Z,7,0.640888,1.1406,0.1534,64.0888,18.0261,LATE,-1
scalp_fade_3m_lim,BTCUSDT,3m,-1,TARGET,2026-08-06T00:24:00.000Z,2026-08-06T01:23:59.999Z,19,0.740798,1.0037,0.1105,74.0798,15.8644,ASIA,-1
scalp_fade_3m_lim,BTCUSDT,3m,1,TARGET,2026-08-06T03:33:00.000Z,2026-08-06T04:17:59.999Z,14,0.496934,0.8721,0.3811,49.6934,21.0247,ASIA,-1
scalp_fade_3m_lim,BTCUSDT,3m,-1,STOP,2026-08-06T07:06:00.000Z,2026-08-06T07:14:59.999Z,2,-1.156086,0.0739,0.7894,-115.6086,36.0740,LONDON,-1
scalp_fade_3m_lim,BTCUSDT,3m,1,STOP,2026-08-06T12:03:00.000Z,2026-08-06T12:11:59.999Z,2,-1.144592,0.0619,0.6267,-114.4592,33.6540,LONDON,1
scalp_fade_3m_lim,BTCUSDT,3m,1,TARGET,2026-08-06T13:39:00.000Z,2026-08-06T14:11:59.999Z,10,0.945309,1.1362,0.0678,94.5309,11.6524,NY,-1
scalp_fade_3m_lim,BTCUSDT,3m,1,STOP,2026-08-06T21:18:00.000Z,2026-08-06T22:02:59.999Z,14,-1.152331,0.1888,0.6587,-115.2331,34.5861,LATE,-1
scalp_fade_3m_lim,BTCUSDT,3m,1,TARGET,2026-08-07T00:15:00.000Z,2026-08-07T01:05:59.999Z,16,0.673509,1.1797,0.4610,67.3509,17.3165,ASIA,-1
scalp_fade_3m_lim,BTCUSDT,3m,1,TARGET,2026-08-07T01:42:00.000Z,2026-08-07T02:17:59.999Z,11,0.816448,1.1463,0.5514,81.6448,14.3492,ASIA,1